canonical_project_id,paimana_project_code,legacy_ocms_code,identity_source,identity_confidence,collision_flag
L-N04000073,,N04000073,LEGACY_OCMS_ID,0.95,0
L-N04000074,,N04000074,LEGACY_OCMS_ID,0.95,0
L-N04000075,,N04000075,LEGACY_OCMS_ID,0.95,0
L-N04000076,,N04000076,LEGACY_OCMS_ID,0.95,0
L-N04000077,,N04000077,LEGACY_OCMS_ID,0.95,0
L-N04000079,,N04000079,LEGACY_OCMS_ID,0.95,0
L-N04000080,,N04000080,LEGACY_OCMS_ID,0.95,0
L-N04000081,,N04000081,LEGACY_OCMS_ID,0.95,0
L-N04000085,,N04000085,LEGACY_OCMS_ID,0.95,0
L-N04000086,,N04000086,LEGACY_OCMS_ID,0.95,0
L-N04000087,,N04000087,LEGACY_OCMS_ID,0.95,0
L-N04000088,,N04000088,LEGACY_OCMS_ID,0.95,0
L-N04000089,,N04000089,LEGACY_OCMS_ID,0.95,0
L-N04000090,,N04000090,LEGACY_OCMS_ID,0.95,0
L-N04000092,,N04000092,LEGACY_OCMS_ID,0.95,0
L-N04000093,,N04000093,LEGACY_OCMS_ID,0.95,0
L-N04000094,,N04000094,LEGACY_OCMS_ID,0.95,0
L-N04000096,,N04000096,LEGACY_OCMS_ID,0.95,0
L-N04000098,,N04000098,LEGACY_OCMS_ID,0.95,0
L-N04000102,,N04000102,LEGACY_OCMS_ID,0.95,0
L-N06000008,,N06000008,LEGACY_OCMS_ID,0.95,0
L-N06000104,,N06000104,LEGACY_OCMS_ID,0.95,0
L-N06000117,,N06000117,LEGACY_OCMS_ID,0.95,0
L-N06000126,,N06000126,LEGACY_OCMS_ID,0.95,0
L-N06000161,,N06000161,LEGACY_OCMS_ID,0.95,0
L-N06000162,,N06000162,LEGACY_OCMS_ID,0.95,0
L-N06000189,,N06000189,LEGACY_OCMS_ID,0.95,0
L-N06000198,,N06000198,LEGACY_OCMS_ID,0.95,0
L-N06000210,,N06000210,LEGACY_OCMS_ID,0.95,0
L-N06000231,,N06000231,LEGACY_OCMS_ID,0.95,0
L-N06000248,,N06000248,LEGACY_OCMS_ID,0.95,0
L-N07000001,,N07000001,LEGACY_OCMS_ID,0.95,0
L-N10000011,,N10000011,LEGACY_OCMS_ID,0.95,0
L-N10000017,,N10000017,LEGACY_OCMS_ID,0.95,0
L-N12000122,,N12000122,LEGACY_OCMS_ID,0.95,0
L-N12000125,,N12000125,LEGACY_OCMS_ID,0.95,0
L-N16000235,,N16000235,LEGACY_OCMS_ID,0.95,0
L-N16000239,,N16000239,LEGACY_OCMS_ID,0.95,0
L-N16000343,,N16000343,LEGACY_OCMS_ID,0.95,0
L-N16000358,,N16000358,LEGACY_OCMS_ID,0.95,0
L-N16000361,,N16000361,LEGACY_OCMS_ID,0.95,0
L-N16000369,,N16000369,LEGACY_OCMS_ID,0.95,0
L-N16000378,,N16000378,LEGACY_OCMS_ID,0.95,0
L-N16000382,,N16000382,LEGACY_OCMS_ID,0.95,0
L-N16000392,,N16000392,LEGACY_OCMS_ID,0.95,0
L-N16000411,,N16000411,LEGACY_OCMS_ID,0.95,0
L-N16000413,,N16000413,LEGACY_OCMS_ID,0.95,0
L-N16000423,,N16000423,LEGACY_OCMS_ID,0.95,0
L-N16000426,,N16000426,LEGACY_OCMS_ID,0.95,0
L-N16000429,,N16000429,LEGACY_OCMS_ID,0.95,0
L-N16000436,,N16000436,LEGACY_OCMS_ID,0.95,0
L-N16000440,,N16000440,LEGACY_OCMS_ID,0.95,0
L-N16000442,,N16000442,LEGACY_OCMS_ID,0.95,0
L-N16000446,,N16000446,LEGACY_OCMS_ID,0.95,0
L-N16000452,,N16000452,LEGACY_OCMS_ID,0.95,0
L-N16000486,,N16000486,LEGACY_OCMS_ID,0.95,0
L-N16000496,,N16000496,LEGACY_OCMS_ID,0.95,0
L-N16000499,,N16000499,LEGACY_OCMS_ID,0.95,0
L-N16000500,,N16000500,LEGACY_OCMS_ID,0.95,0
L-N16000502,,N16000502,LEGACY_OCMS_ID,0.95,0
L-N16000507,,N16000507,LEGACY_OCMS_ID,0.95,0
L-N16000508,,N16000508,LEGACY_OCMS_ID,0.95,0
L-N16000535,,N16000535,LEGACY_OCMS_ID,0.95,0
L-N18000142,,N18000142,LEGACY_OCMS_ID,0.95,0
L-N18000177,,N18000177,LEGACY_OCMS_ID,0.95,0
L-N18000264,,N18000264,LEGACY_OCMS_ID,0.95,0
L-N18000272,,N18000272,LEGACY_OCMS_ID,0.95,0
L-N18000286,,N18000286,LEGACY_OCMS_ID,0.95,0
L-N18000293,,N18000293,LEGACY_OCMS_ID,0.95,0
L-N18000295,,N18000295,LEGACY_OCMS_ID,0.95,0
L-N18000296,,N18000296,LEGACY_OCMS_ID,0.95,0
L-N18000319,,N18000319,LEGACY_OCMS_ID,0.95,0
L-N18000320,,N18000320,LEGACY_OCMS_ID,0.95,0
L-N18000321,,N18000321,LEGACY_OCMS_ID,0.95,0
L-N18000322,,N18000322,LEGACY_OCMS_ID,0.95,0
L-N18000328,,N18000328,LEGACY_OCMS_ID,0.95,0
L-N18000330,,N18000330,LEGACY_OCMS_ID,0.95,0
L-N18000331,,N18000331,LEGACY_OCMS_ID,0.95,0
L-N18000332,,N18000332,LEGACY_OCMS_ID,0.95,0
L-N18000335,,N18000335,LEGACY_OCMS_ID,0.95,0
L-N18000338,,N18000338,LEGACY_OCMS_ID,0.95,0
L-N18000343,,N18000343,LEGACY_OCMS_ID,0.95,0
L-N18000345,,N18000345,LEGACY_OCMS_ID,0.95,0
L-N18000346,,N18000346,LEGACY_OCMS_ID,0.95,0
L-N18000347,,N18000347,LEGACY_OCMS_ID,0.95,0
L-N18000348,,N18000348,LEGACY_OCMS_ID,0.95,0
L-N18000349,,N18000349,LEGACY_OCMS_ID,0.95,0
L-N18000350,,N18000350,LEGACY_OCMS_ID,0.95,0
L-N18000351,,N18000351,LEGACY_OCMS_ID,0.95,0
L-N18000353,,N18000353,LEGACY_OCMS_ID,0.95,0
L-N18000354,,N18000354,LEGACY_OCMS_ID,0.95,0
L-N18000355,,N18000355,LEGACY_OCMS_ID,0.95,0
L-N18000356,,N18000356,LEGACY_OCMS_ID,0.95,0
L-N18000357,,N18000357,LEGACY_OCMS_ID,0.95,0
L-N18000358,,N18000358,LEGACY_OCMS_ID,0.95,0
L-N18000359,,N18000359,LEGACY_OCMS_ID,0.95,0
L-N18000360,,N18000360,LEGACY_OCMS_ID,0.95,0
L-N18000361,,N18000361,LEGACY_OCMS_ID,0.95,0
L-N18000365,,N18000365,LEGACY_OCMS_ID,0.95,0
L-N18000366,,N18000366,LEGACY_OCMS_ID,0.95,0
L-N18000368,,N18000368,LEGACY_OCMS_ID,0.95,0
L-N18000370,,N18000370,LEGACY_OCMS_ID,0.95,0
L-N18000372,,N18000372,LEGACY_OCMS_ID,0.95,0
L-N18000376,,N18000376,LEGACY_OCMS_ID,0.95,0
L-N18000406,,N18000406,LEGACY_OCMS_ID,0.95,0
L-N18000418,,N18000418,LEGACY_OCMS_ID,0.95,0
L-N21000027,,N21000027,LEGACY_OCMS_ID,0.95,0
L-N21000029,,N21000029,LEGACY_OCMS_ID,0.95,0
L-N22000087,,N22000087,LEGACY_OCMS_ID,0.95,0
L-N22000100,,N22000100,LEGACY_OCMS_ID,0.95,0
L-N22000171,,N22000171,LEGACY_OCMS_ID,0.95,0
L-N22000183,,N22000183,LEGACY_OCMS_ID,0.95,0
L-N22000274,,N22000274,LEGACY_OCMS_ID,0.95,0
L-N22000349,,N22000349,LEGACY_OCMS_ID,0.95,0
L-N22000401,,N22000401,LEGACY_OCMS_ID,0.95,0
L-N22000417,,N22000417,LEGACY_OCMS_ID,0.95,0
L-N22000418,,N22000418,LEGACY_OCMS_ID,0.95,0
L-N22000419,,N22000419,LEGACY_OCMS_ID,0.95,0
L-N22000470,,N22000470,LEGACY_OCMS_ID,0.95,0
L-N22000485,,N22000485,LEGACY_OCMS_ID,0.95,0
L-N22000502,,N22000502,LEGACY_OCMS_ID,0.95,0
L-N22000504,,N22000504,LEGACY_OCMS_ID,0.95,0
L-N22000505,,N22000505,LEGACY_OCMS_ID,0.95,0
L-N22000510,,N22000510,LEGACY_OCMS_ID,0.95,0
L-N22000511,,N22000511,LEGACY_OCMS_ID,0.95,0
L-N22000515,,N22000515,LEGACY_OCMS_ID,0.95,0
L-N22000518,,N22000518,LEGACY_OCMS_ID,0.95,0
L-N22000519,,N22000519,LEGACY_OCMS_ID,0.95,0
L-N22000522,,N22000522,LEGACY_OCMS_ID,0.95,0
L-N22000523,,N22000523,LEGACY_OCMS_ID,0.95,0
L-N22000525,,N22000525,LEGACY_OCMS_ID,0.95,0
L-N22000526,,N22000526,LEGACY_OCMS_ID,0.95,0
L-N22000528,,N22000528,LEGACY_OCMS_ID,0.95,0
L-N22000533,,N22000533,LEGACY_OCMS_ID,0.95,0
L-N22000537,,N22000537,LEGACY_OCMS_ID,0.95,0
L-N22000547,,N22000547,LEGACY_OCMS_ID,0.95,0
L-N22000548,,N22000548,LEGACY_OCMS_ID,0.95,0
L-N22000555,,N22000555,LEGACY_OCMS_ID,0.95,0
L-N22000556,,N22000556,LEGACY_OCMS_ID,0.95,0
L-N22000566,,N22000566,LEGACY_OCMS_ID,0.95,0
L-N22000568,,N22000568,LEGACY_OCMS_ID,0.95,0
L-N22000570,,N22000570,LEGACY_OCMS_ID,0.95,0
L-N22000571,,N22000571,LEGACY_OCMS_ID,0.95,0
L-N22000589,,N22000589,LEGACY_OCMS_ID,0.95,0
L-N22000591,,N22000591,LEGACY_OCMS_ID,0.95,0
L-N22000594,,N22000594,LEGACY_OCMS_ID,0.95,0
L-N22000596,,N22000596,LEGACY_OCMS_ID,0.95,0
L-N22000599,,N22000599,LEGACY_OCMS_ID,0.95,0
L-N22000600,,N22000600,LEGACY_OCMS_ID,0.95,0
L-N22000605,,N22000605,LEGACY_OCMS_ID,0.95,0
L-N22000609,,N22000609,LEGACY_OCMS_ID,0.95,0
L-N22000610,,N22000610,LEGACY_OCMS_ID,0.95,0
L-N22000612,,N22000612,LEGACY_OCMS_ID,0.95,0
L-N22000613,,N22000613,LEGACY_OCMS_ID,0.95,0
L-N22000614,,N22000614,LEGACY_OCMS_ID,0.95,0
L-N22000616,,N22000616,LEGACY_OCMS_ID,0.95,0
L-N22000618,,N22000618,LEGACY_OCMS_ID,0.95,0
L-N22000625,,N22000625,LEGACY_OCMS_ID,0.95,0
L-N22000628,,N22000628,LEGACY_OCMS_ID,0.95,0
L-N22000630,,N22000630,LEGACY_OCMS_ID,0.95,0
L-N22000632,,N22000632,LEGACY_OCMS_ID,0.95,0
L-N24000165,,N24000165,LEGACY_OCMS_ID,0.95,0
L-N24000245,,N24000245,LEGACY_OCMS_ID,0.95,0
L-N24000247,,N24000247,LEGACY_OCMS_ID,0.95,0
L-N24000248,,N24000248,LEGACY_OCMS_ID,0.95,0
L-N24000301,,N24000301,LEGACY_OCMS_ID,0.95,0
L-N24000332,,N24000332,LEGACY_OCMS_ID,0.95,0
L-N24000334,,N24000334,LEGACY_OCMS_ID,0.95,0
L-N24000463,,N24000463,LEGACY_OCMS_ID,0.95,0
L-N24000465,,N24000465,LEGACY_OCMS_ID,0.95,0
L-N24000488,,N24000488,LEGACY_OCMS_ID,0.95,0
L-N24000531,,N24000531,LEGACY_OCMS_ID,0.95,0
L-N24000552,,N24000552,LEGACY_OCMS_ID,0.95,0
L-N24000556,,N24000556,LEGACY_OCMS_ID,0.95,0
L-N24000559,,N24000559,LEGACY_OCMS_ID,0.95,0
L-N24000560,,N24000560,LEGACY_OCMS_ID,0.95,0
L-N24000564,,N24000564,LEGACY_OCMS_ID,0.95,0
L-N24000567,,N24000567,LEGACY_OCMS_ID,0.95,0
L-N24000570,,N24000570,LEGACY_OCMS_ID,0.95,0
L-N24000576,,N24000576,LEGACY_OCMS_ID,0.95,0
L-N24000578,,N24000578,LEGACY_OCMS_ID,0.95,0
L-N24000603,,N24000603,LEGACY_OCMS_ID,0.95,0
L-N24000649,,N24000649,LEGACY_OCMS_ID,0.95,0
L-N24000655,,N24000655,LEGACY_OCMS_ID,0.95,0
L-N24000659,,N24000659,LEGACY_OCMS_ID,0.95,0
L-N24000683,,N24000683,LEGACY_OCMS_ID,0.95,0
L-N24000685,,N24000685,LEGACY_OCMS_ID,0.95,0
L-N24000686,,N24000686,LEGACY_OCMS_ID,0.95,0
L-N24000688,,N24000688,LEGACY_OCMS_ID,0.95,0
L-N24000697,,N24000697,LEGACY_OCMS_ID,0.95,0
L-N24000704,,N24000704,LEGACY_OCMS_ID,0.95,0
L-N24000709,,N24000709,LEGACY_OCMS_ID,0.95,0
L-N24000736,,N24000736,LEGACY_OCMS_ID,0.95,0
L-N24000741,,N24000741,LEGACY_OCMS_ID,0.95,0
L-N24000742,,N24000742,LEGACY_OCMS_ID,0.95,0
L-N24000743,,N24000743,LEGACY_OCMS_ID,0.95,0
L-N24000745,,N24000745,LEGACY_OCMS_ID,0.95,0
L-N24000749,,N24000749,LEGACY_OCMS_ID,0.95,0
L-N24000752,,N24000752,LEGACY_OCMS_ID,0.95,0
L-N24000753,,N24000753,LEGACY_OCMS_ID,0.95,0
L-N24000756,,N24000756,LEGACY_OCMS_ID,0.95,0
L-N24000767,,N24000767,LEGACY_OCMS_ID,0.95,0
L-N24000768,,N24000768,LEGACY_OCMS_ID,0.95,0
L-N24000771,,N24000771,LEGACY_OCMS_ID,0.95,0
L-N24000772,,N24000772,LEGACY_OCMS_ID,0.95,0
L-N24000773,,N24000773,LEGACY_OCMS_ID,0.95,0
L-N24000774,,N24000774,LEGACY_OCMS_ID,0.95,0
L-N24000776,,N24000776,LEGACY_OCMS_ID,0.95,0
L-N24000777,,N24000777,LEGACY_OCMS_ID,0.95,0
L-N24000778,,N24000778,LEGACY_OCMS_ID,0.95,0
L-N24000780,,N24000780,LEGACY_OCMS_ID,0.95,0
L-N24000782,,N24000782,LEGACY_OCMS_ID,0.95,0
L-N24000796,,N24000796,LEGACY_OCMS_ID,0.95,0
L-N24000798,,N24000798,LEGACY_OCMS_ID,0.95,0
L-N24000821,,N24000821,LEGACY_OCMS_ID,0.95,0
L-N24000851,,N24000851,LEGACY_OCMS_ID,0.95,0
L-N24000858,,N24000858,LEGACY_OCMS_ID,0.95,0
L-N24000859,,N24000859,LEGACY_OCMS_ID,0.95,0
L-N24000880,,N24000880,LEGACY_OCMS_ID,0.95,0
L-N24000885,,N24000885,LEGACY_OCMS_ID,0.95,0
L-N24000907,,N24000907,LEGACY_OCMS_ID,0.95,0
L-N24000909,,N24000909,LEGACY_OCMS_ID,0.95,0
L-N24000910,,N24000910,LEGACY_OCMS_ID,0.95,0
L-N24000912,,N24000912,LEGACY_OCMS_ID,0.95,0
L-N24000914,,N24000914,LEGACY_OCMS_ID,0.95,0
L-N24000917,,N24000917,LEGACY_OCMS_ID,0.95,0
L-N24000925,,N24000925,LEGACY_OCMS_ID,0.95,0
L-N24000931,,N24000931,LEGACY_OCMS_ID,0.95,0
L-N24000941,,N24000941,LEGACY_OCMS_ID,0.95,0
L-N24000948,,N24000948,LEGACY_OCMS_ID,0.95,0
L-N24000980,,N24000980,LEGACY_OCMS_ID,0.95,0
L-N24000982,,N24000982,LEGACY_OCMS_ID,0.95,0
L-N24000984,,N24000984,LEGACY_OCMS_ID,0.95,0
L-N24000986,,N24000986,LEGACY_OCMS_ID,0.95,0
L-N24000990,,N24000990,LEGACY_OCMS_ID,0.95,0
L-N24000993,,N24000993,LEGACY_OCMS_ID,0.95,0
L-N24000998,,N24000998,LEGACY_OCMS_ID,0.95,0
L-N24001003,,N24001003,LEGACY_OCMS_ID,0.95,0
L-N24001008,,N24001008,LEGACY_OCMS_ID,0.95,0
L-N24001013,,N24001013,LEGACY_OCMS_ID,0.95,0
L-N24001017,,N24001017,LEGACY_OCMS_ID,0.95,0
L-N24001018,,N24001018,LEGACY_OCMS_ID,0.95,0
L-N24001021,,N24001021,LEGACY_OCMS_ID,0.95,0
L-N24001022,,N24001022,LEGACY_OCMS_ID,0.95,0
L-N24001027,,N24001027,LEGACY_OCMS_ID,0.95,0
L-N24001039,,N24001039,LEGACY_OCMS_ID,0.95,0
L-N24001046,,N24001046,LEGACY_OCMS_ID,0.95,0
L-N24001050,,N24001050,LEGACY_OCMS_ID,0.95,0
L-N24001058,,N24001058,LEGACY_OCMS_ID,0.95,0
L-N24001069,,N24001069,LEGACY_OCMS_ID,0.95,0
L-N24001078,,N24001078,LEGACY_OCMS_ID,0.95,0
L-N24001079,,N24001079,LEGACY_OCMS_ID,0.95,0
L-N24001080,,N24001080,LEGACY_OCMS_ID,0.95,0
L-N24001081,,N24001081,LEGACY_OCMS_ID,0.95,0
L-N24001090,,N24001090,LEGACY_OCMS_ID,0.95,0
L-N24001092,,N24001092,LEGACY_OCMS_ID,0.95,0
L-N24001095,,N24001095,LEGACY_OCMS_ID,0.95,0
L-N24001097,,N24001097,LEGACY_OCMS_ID,0.95,0
L-N24001099,,N24001099,LEGACY_OCMS_ID,0.95,0
L-N24001101,,N24001101,LEGACY_OCMS_ID,0.95,0
L-N24001102,,N24001102,LEGACY_OCMS_ID,0.95,0
L-N24001111,,N24001111,LEGACY_OCMS_ID,0.95,0
L-N24001114,,N24001114,LEGACY_OCMS_ID,0.95,0
L-N24001124,,N24001124,LEGACY_OCMS_ID,0.95,0
L-N24001125,,N24001125,LEGACY_OCMS_ID,0.95,0
L-N24001127,,N24001127,LEGACY_OCMS_ID,0.95,0
L-N24001130,,N24001130,LEGACY_OCMS_ID,0.95,0
L-N24001138,,N24001138,LEGACY_OCMS_ID,0.95,0
L-N24001156,,N24001156,LEGACY_OCMS_ID,0.95,0
L-N24001157,,N24001157,LEGACY_OCMS_ID,0.95,0
L-N24001158,,N24001158,LEGACY_OCMS_ID,0.95,0
L-N24001159,,N24001159,LEGACY_OCMS_ID,0.95,0
L-N24001160,,N24001160,LEGACY_OCMS_ID,0.95,0
L-N24001161,,N24001161,LEGACY_OCMS_ID,0.95,0
L-N24001162,,N24001162,LEGACY_OCMS_ID,0.95,0
L-N24001164,,N24001164,LEGACY_OCMS_ID,0.95,0
L-N24001165,,N24001165,LEGACY_OCMS_ID,0.95,0
L-N24001166,,N24001166,LEGACY_OCMS_ID,0.95,0
L-N24001168,,N24001168,LEGACY_OCMS_ID,0.95,0
L-N24001172,,N24001172,LEGACY_OCMS_ID,0.95,0
L-N24001173,,N24001173,LEGACY_OCMS_ID,0.95,0
L-N24001179,,N24001179,LEGACY_OCMS_ID,0.95,0
L-N24001180,,N24001180,LEGACY_OCMS_ID,0.95,0
L-N24001216,,N24001216,LEGACY_OCMS_ID,0.95,0
L-N24001217,,N24001217,LEGACY_OCMS_ID,0.95,0
L-N24001221,,N24001221,LEGACY_OCMS_ID,0.95,0
L-N24001222,,N24001222,LEGACY_OCMS_ID,0.95,0
L-N24001241,,N24001241,LEGACY_OCMS_ID,0.95,0
L-N24001244,,N24001244,LEGACY_OCMS_ID,0.95,0
L-N24001254,,N24001254,LEGACY_OCMS_ID,0.95,0
L-N24001259,,N24001259,LEGACY_OCMS_ID,0.95,0
L-N24001271,,N24001271,LEGACY_OCMS_ID,0.95,0
L-N24001272,,N24001272,LEGACY_OCMS_ID,0.95,0
L-N24001273,,N24001273,LEGACY_OCMS_ID,0.95,0
L-N24001276,,N24001276,LEGACY_OCMS_ID,0.95,0
L-N24001277,,N24001277,LEGACY_OCMS_ID,0.95,0
L-N24001286,,N24001286,LEGACY_OCMS_ID,0.95,0
L-N24001291,,N24001291,LEGACY_OCMS_ID,0.95,0
L-N24001292,,N24001292,LEGACY_OCMS_ID,0.95,0
L-N24001293,,N24001293,LEGACY_OCMS_ID,0.95,0
L-N24001303,,N24001303,LEGACY_OCMS_ID,0.95,0
L-N24001309,,N24001309,LEGACY_OCMS_ID,0.95,0
L-N24001317,,N24001317,LEGACY_OCMS_ID,0.95,0
L-N24001322,,N24001322,LEGACY_OCMS_ID,0.95,0
L-N24001325,,N24001325,LEGACY_OCMS_ID,0.95,0
L-N24001339,,N24001339,LEGACY_OCMS_ID,0.95,0
L-N24001342,,N24001342,LEGACY_OCMS_ID,0.95,0
L-N24001343,,N24001343,LEGACY_OCMS_ID,0.95,0
L-N24001353,,N24001353,LEGACY_OCMS_ID,0.95,0
L-N24001355,,N24001355,LEGACY_OCMS_ID,0.95,0
L-N24001356,,N24001356,LEGACY_OCMS_ID,0.95,0
L-N24001360,,N24001360,LEGACY_OCMS_ID,0.95,0
L-N24001361,,N24001361,LEGACY_OCMS_ID,0.95,0
L-N24001363,,N24001363,LEGACY_OCMS_ID,0.95,0
L-N24001366,,N24001366,LEGACY_OCMS_ID,0.95,0
L-N24001370,,N24001370,LEGACY_OCMS_ID,0.95,0
L-N24001372,,N24001372,LEGACY_OCMS_ID,0.95,0
L-N24001374,,N24001374,LEGACY_OCMS_ID,0.95,0
L-N24001377,,N24001377,LEGACY_OCMS_ID,0.95,0
L-N24001378,,N24001378,LEGACY_OCMS_ID,0.95,0
L-N24001379,,N24001379,LEGACY_OCMS_ID,0.95,0
L-N24001381,,N24001381,LEGACY_OCMS_ID,0.95,0
L-N24001382,,N24001382,LEGACY_OCMS_ID,0.95,0
L-N24001383,,N24001383,LEGACY_OCMS_ID,0.95,0
L-N24001387,,N24001387,LEGACY_OCMS_ID,0.95,0
L-N24001388,,N24001388,LEGACY_OCMS_ID,0.95,0
L-N24001389,,N24001389,LEGACY_OCMS_ID,0.95,0
L-N24001391,,N24001391,LEGACY_OCMS_ID,0.95,0
L-N24001397,,N24001397,LEGACY_OCMS_ID,0.95,0
L-N24001401,,N24001401,LEGACY_OCMS_ID,0.95,0
L-N24001402,,N24001402,LEGACY_OCMS_ID,0.95,0
L-N24001404,,N24001404,LEGACY_OCMS_ID,0.95,0
L-N24001405,,N24001405,LEGACY_OCMS_ID,0.95,0
L-N24001408,,N24001408,LEGACY_OCMS_ID,0.95,0
L-N24001424,,N24001424,LEGACY_OCMS_ID,0.95,0
L-N24001426,,N24001426,LEGACY_OCMS_ID,0.95,0
L-N24001427,,N24001427,LEGACY_OCMS_ID,0.95,0
L-N24001428,,N24001428,LEGACY_OCMS_ID,0.95,0
L-N24001430,,N24001430,LEGACY_OCMS_ID,0.95,0
L-N24001432,,N24001432,LEGACY_OCMS_ID,0.95,0
L-N24001439,,N24001439,LEGACY_OCMS_ID,0.95,0
L-N24001440,,N24001440,LEGACY_OCMS_ID,0.95,0
L-N24001448,,N24001448,LEGACY_OCMS_ID,0.95,0
L-N24001451,,N24001451,LEGACY_OCMS_ID,0.95,0
L-N24001453,,N24001453,LEGACY_OCMS_ID,0.95,0
L-N24001455,,N24001455,LEGACY_OCMS_ID,0.95,0
L-N24001456,,N24001456,LEGACY_OCMS_ID,0.95,0
L-N24001464,,N24001464,LEGACY_OCMS_ID,0.95,0
L-N24001467,,N24001467,LEGACY_OCMS_ID,0.95,0
L-N24001468,,N24001468,LEGACY_OCMS_ID,0.95,0
L-N24001472,,N24001472,LEGACY_OCMS_ID,0.95,0
L-N24001475,,N24001475,LEGACY_OCMS_ID,0.95,0
L-N24001480,,N24001480,LEGACY_OCMS_ID,0.95,0
L-N24001488,,N24001488,LEGACY_OCMS_ID,0.95,0
L-N24001501,,N24001501,LEGACY_OCMS_ID,0.95,0
L-N24001503,,N24001503,LEGACY_OCMS_ID,0.95,0
L-N24001505,,N24001505,LEGACY_OCMS_ID,0.95,0
L-N24001516,,N24001516,LEGACY_OCMS_ID,0.95,0
L-N24001523,,N24001523,LEGACY_OCMS_ID,0.95,0
L-N24001524,,N24001524,LEGACY_OCMS_ID,0.95,0
L-N24001525,,N24001525,LEGACY_OCMS_ID,0.95,0
L-N24001529,,N24001529,LEGACY_OCMS_ID,0.95,0
L-N24001532,,N24001532,LEGACY_OCMS_ID,0.95,0
L-N24001533,,N24001533,LEGACY_OCMS_ID,0.95,0
L-N24001534,,N24001534,LEGACY_OCMS_ID,0.95,0
L-N24001536,,N24001536,LEGACY_OCMS_ID,0.95,0
L-N24001538,,N24001538,LEGACY_OCMS_ID,0.95,0
L-N24001539,,N24001539,LEGACY_OCMS_ID,0.95,0
L-N24001540,,N24001540,LEGACY_OCMS_ID,0.95,0
L-N24001541,,N24001541,LEGACY_OCMS_ID,0.95,0
L-N24001542,,N24001542,LEGACY_OCMS_ID,0.95,0
L-N24001553,,N24001553,LEGACY_OCMS_ID,0.95,0
L-N24001559,,N24001559,LEGACY_OCMS_ID,0.95,0
L-N24001561,,N24001561,LEGACY_OCMS_ID,0.95,0
L-N24001566,,N24001566,LEGACY_OCMS_ID,0.95,0
L-N24001569,,N24001569,LEGACY_OCMS_ID,0.95,0
L-N24001571,,N24001571,LEGACY_OCMS_ID,0.95,0
L-N24001573,,N24001573,LEGACY_OCMS_ID,0.95,0
L-N24001594,,N24001594,LEGACY_OCMS_ID,0.95,0
L-N24001600,,N24001600,LEGACY_OCMS_ID,0.95,0
L-N24001603,,N24001603,LEGACY_OCMS_ID,0.95,0
L-N24001604,,N24001604,LEGACY_OCMS_ID,0.95,0
L-N24001610,,N24001610,LEGACY_OCMS_ID,0.95,0
L-N24001616,,N24001616,LEGACY_OCMS_ID,0.95,0
L-N24001618,,N24001618,LEGACY_OCMS_ID,0.95,0
L-N24001623,,N24001623,LEGACY_OCMS_ID,0.95,0
L-N24001624,,N24001624,LEGACY_OCMS_ID,0.95,0
L-N24001625,,N24001625,LEGACY_OCMS_ID,0.95,0
L-N24001636,,N24001636,LEGACY_OCMS_ID,0.95,0
L-N24001641,,N24001641,LEGACY_OCMS_ID,0.95,0
L-N24001650,,N24001650,LEGACY_OCMS_ID,0.95,0
L-N24001654,,N24001654,LEGACY_OCMS_ID,0.95,0
L-N24001662,,N24001662,LEGACY_OCMS_ID,0.95,0
L-N24001663,,N24001663,LEGACY_OCMS_ID,0.95,0
L-N24001666,,N24001666,LEGACY_OCMS_ID,0.95,0
L-N24001670,,N24001670,LEGACY_OCMS_ID,0.95,0
L-N24001671,,N24001671,LEGACY_OCMS_ID,0.95,0
L-N24001673,,N24001673,LEGACY_OCMS_ID,0.95,0
L-N24001675,,N24001675,LEGACY_OCMS_ID,0.95,0
L-N24001683,,N24001683,LEGACY_OCMS_ID,0.95,0
L-N24001684,,N24001684,LEGACY_OCMS_ID,0.95,0
L-N24001686,,N24001686,LEGACY_OCMS_ID,0.95,0
L-N24001691,,N24001691,LEGACY_OCMS_ID,0.95,0
L-N24001692,,N24001692,LEGACY_OCMS_ID,0.95,0
L-N24001696,,N24001696,LEGACY_OCMS_ID,0.95,0
L-N24001698,,N24001698,LEGACY_OCMS_ID,0.95,0
L-N24001701,,N24001701,LEGACY_OCMS_ID,0.95,0
L-N24001704,,N24001704,LEGACY_OCMS_ID,0.95,0
L-N24001705,,N24001705,LEGACY_OCMS_ID,0.95,0
L-N24001708,,N24001708,LEGACY_OCMS_ID,0.95,0
L-N24001711,,N24001711,LEGACY_OCMS_ID,0.95,0
L-N24001715,,N24001715,LEGACY_OCMS_ID,0.95,0
L-N24001716,,N24001716,LEGACY_OCMS_ID,0.95,0
L-N24001722,,N24001722,LEGACY_OCMS_ID,0.95,0
L-N24001725,,N24001725,LEGACY_OCMS_ID,0.95,0
L-N24001726,,N24001726,LEGACY_OCMS_ID,0.95,0
L-N24001728,,N24001728,LEGACY_OCMS_ID,0.95,0
L-N24001736,,N24001736,LEGACY_OCMS_ID,0.95,0
L-N24001737,,N24001737,LEGACY_OCMS_ID,0.95,0
L-N24001739,,N24001739,LEGACY_OCMS_ID,0.95,0
L-N24001744,,N24001744,LEGACY_OCMS_ID,0.95,0
L-N24001747,,N24001747,LEGACY_OCMS_ID,0.95,0
L-N24001748,,N24001748,LEGACY_OCMS_ID,0.95,0
L-N24001755,,N24001755,LEGACY_OCMS_ID,0.95,0
L-N24001756,,N24001756,LEGACY_OCMS_ID,0.95,0
L-N24001758,,N24001758,LEGACY_OCMS_ID,0.95,0
L-N24001761,,N24001761,LEGACY_OCMS_ID,0.95,0
L-N24001765,,N24001765,LEGACY_OCMS_ID,0.95,0
L-N24001768,,N24001768,LEGACY_OCMS_ID,0.95,0
L-N24001770,,N24001770,LEGACY_OCMS_ID,0.95,0
L-N24001775,,N24001775,LEGACY_OCMS_ID,0.95,0
L-N24001778,,N24001778,LEGACY_OCMS_ID,0.95,0
L-N24001779,,N24001779,LEGACY_OCMS_ID,0.95,0
L-N24001783,,N24001783,LEGACY_OCMS_ID,0.95,0
L-N24001788,,N24001788,LEGACY_OCMS_ID,0.95,0
L-N24001791,,N24001791,LEGACY_OCMS_ID,0.95,0
L-N24001797,,N24001797,LEGACY_OCMS_ID,0.95,0
L-N24001811,,N24001811,LEGACY_OCMS_ID,0.95,0
L-N24001813,,N24001813,LEGACY_OCMS_ID,0.95,0
L-N24001815,,N24001815,LEGACY_OCMS_ID,0.95,0
L-N24001817,,N24001817,LEGACY_OCMS_ID,0.95,0
L-N24001822,,N24001822,LEGACY_OCMS_ID,0.95,0
L-N24001825,,N24001825,LEGACY_OCMS_ID,0.95,0
L-N24001828,,N24001828,LEGACY_OCMS_ID,0.95,0
L-N24001829,,N24001829,LEGACY_OCMS_ID,0.95,0
L-N24001832,,N24001832,LEGACY_OCMS_ID,0.95,0
L-N24001833,,N24001833,LEGACY_OCMS_ID,0.95,0
L-N24001855,,N24001855,LEGACY_OCMS_ID,0.95,0
L-N24001857,,N24001857,LEGACY_OCMS_ID,0.95,0
L-N24001863,,N24001863,LEGACY_OCMS_ID,0.95,0
L-N24001864,,N24001864,LEGACY_OCMS_ID,0.95,0
L-N24001868,,N24001868,LEGACY_OCMS_ID,0.95,0
L-N24001869,,N24001869,LEGACY_OCMS_ID,0.95,0
L-N24001880,,N24001880,LEGACY_OCMS_ID,0.95,0
L-N24001885,,N24001885,LEGACY_OCMS_ID,0.95,0
L-N24001886,,N24001886,LEGACY_OCMS_ID,0.95,0
L-N24001887,,N24001887,LEGACY_OCMS_ID,0.95,0
L-N24001888,,N24001888,LEGACY_OCMS_ID,0.95,0
L-N24001889,,N24001889,LEGACY_OCMS_ID,0.95,0
L-N24001890,,N24001890,LEGACY_OCMS_ID,0.95,0
L-N24001891,,N24001891,LEGACY_OCMS_ID,0.95,0
L-N24001892,,N24001892,LEGACY_OCMS_ID,0.95,0
L-N24001894,,N24001894,LEGACY_OCMS_ID,0.95,0
L-N24001895,,N24001895,LEGACY_OCMS_ID,0.95,0
L-N24001896,,N24001896,LEGACY_OCMS_ID,0.95,0
L-N24001900,,N24001900,LEGACY_OCMS_ID,0.95,0
L-N24001905,,N24001905,LEGACY_OCMS_ID,0.95,0
L-N24001906,,N24001906,LEGACY_OCMS_ID,0.95,0
L-N24001909,,N24001909,LEGACY_OCMS_ID,0.95,0
L-N24001910,,N24001910,LEGACY_OCMS_ID,0.95,0
L-N24001911,,N24001911,LEGACY_OCMS_ID,0.95,0
L-N24001920,,N24001920,LEGACY_OCMS_ID,0.95,0
L-N24001924,,N24001924,LEGACY_OCMS_ID,0.95,0
L-N24001929,,N24001929,LEGACY_OCMS_ID,0.95,0
L-N24001931,,N24001931,LEGACY_OCMS_ID,0.95,0
L-N24001932,,N24001932,LEGACY_OCMS_ID,0.95,0
L-N24001935,,N24001935,LEGACY_OCMS_ID,0.95,0
L-N24001936,,N24001936,LEGACY_OCMS_ID,0.95,0
L-N24001939,,N24001939,LEGACY_OCMS_ID,0.95,0
L-N24001943,,N24001943,LEGACY_OCMS_ID,0.95,0
L-N24001945,,N24001945,LEGACY_OCMS_ID,0.95,0
L-N24001946,,N24001946,LEGACY_OCMS_ID,0.95,0
L-N24001947,,N24001947,LEGACY_OCMS_ID,0.95,0
L-N24001949,,N24001949,LEGACY_OCMS_ID,0.95,0
L-N24001950,,N24001950,LEGACY_OCMS_ID,0.95,0
L-N24001952,,N24001952,LEGACY_OCMS_ID,0.95,0
L-N24001954,,N24001954,LEGACY_OCMS_ID,0.95,0
L-N24001955,,N24001955,LEGACY_OCMS_ID,0.95,0
L-N24001959,,N24001959,LEGACY_OCMS_ID,0.95,0
L-N24001966,,N24001966,LEGACY_OCMS_ID,0.95,0
L-N24001972,,N24001972,LEGACY_OCMS_ID,0.95,0
L-N24001973,,N24001973,LEGACY_OCMS_ID,0.95,0
L-N24001975,,N24001975,LEGACY_OCMS_ID,0.95,0
L-N24001982,,N24001982,LEGACY_OCMS_ID,0.95,0
L-N24001987,,N24001987,LEGACY_OCMS_ID,0.95,0
L-N24001990,,N24001990,LEGACY_OCMS_ID,0.95,0
L-N24001991,,N24001991,LEGACY_OCMS_ID,0.95,0
L-N24001992,,N24001992,LEGACY_OCMS_ID,0.95,0
L-N24001993,,N24001993,LEGACY_OCMS_ID,0.95,0
L-N24001996,,N24001996,LEGACY_OCMS_ID,0.95,0
L-N24002000,,N24002000,LEGACY_OCMS_ID,0.95,0
L-N24002002,,N24002002,LEGACY_OCMS_ID,0.95,0
L-N24002006,,N24002006,LEGACY_OCMS_ID,0.95,0
L-N24002013,,N24002013,LEGACY_OCMS_ID,0.95,0
L-N24002018,,N24002018,LEGACY_OCMS_ID,0.95,0
L-N24002024,,N24002024,LEGACY_OCMS_ID,0.95,0
L-N24002026,,N24002026,LEGACY_OCMS_ID,0.95,0
L-N24002028,,N24002028,LEGACY_OCMS_ID,0.95,0
L-N24002029,,N24002029,LEGACY_OCMS_ID,0.95,0
L-N24002032,,N24002032,LEGACY_OCMS_ID,0.95,0
L-N24002034,,N24002034,LEGACY_OCMS_ID,0.95,0
L-N24002037,,N24002037,LEGACY_OCMS_ID,0.95,0
L-N24002038,,N24002038,LEGACY_OCMS_ID,0.95,0
L-N24002039,,N24002039,LEGACY_OCMS_ID,0.95,0
L-N24002041,,N24002041,LEGACY_OCMS_ID,0.95,0
L-N24002069,,N24002069,LEGACY_OCMS_ID,0.95,0
L-N24002072,,N24002072,LEGACY_OCMS_ID,0.95,0
L-N24002073,,N24002073,LEGACY_OCMS_ID,0.95,0
L-N24002078,,N24002078,LEGACY_OCMS_ID,0.95,0
L-N24002085,,N24002085,LEGACY_OCMS_ID,0.95,0
L-N24002088,,N24002088,LEGACY_OCMS_ID,0.95,0
L-N24002092,,N24002092,LEGACY_OCMS_ID,0.95,0
L-N24002103,,N24002103,LEGACY_OCMS_ID,0.95,0
L-N24002107,,N24002107,LEGACY_OCMS_ID,0.95,0
L-N24002108,,N24002108,LEGACY_OCMS_ID,0.95,0
L-N24002112,,N24002112,LEGACY_OCMS_ID,0.95,0
L-N24002117,,N24002117,LEGACY_OCMS_ID,0.95,0
L-N24002133,,N24002133,LEGACY_OCMS_ID,0.95,0
L-N24002134,,N24002134,LEGACY_OCMS_ID,0.95,0
L-N24002137,,N24002137,LEGACY_OCMS_ID,0.95,0
L-N24002138,,N24002138,LEGACY_OCMS_ID,0.95,0
L-N24002139,,N24002139,LEGACY_OCMS_ID,0.95,0
L-N24002140,,N24002140,LEGACY_OCMS_ID,0.95,0
L-N24002141,,N24002141,LEGACY_OCMS_ID,0.95,0
L-N24002143,,N24002143,LEGACY_OCMS_ID,0.95,0
L-N24002144,,N24002144,LEGACY_OCMS_ID,0.95,0
L-N24002146,,N24002146,LEGACY_OCMS_ID,0.95,0
L-N24002149,,N24002149,LEGACY_OCMS_ID,0.95,0
L-N24002151,,N24002151,LEGACY_OCMS_ID,0.95,0
L-N24002152,,N24002152,LEGACY_OCMS_ID,0.95,0
L-N24002153,,N24002153,LEGACY_OCMS_ID,0.95,0
L-N24002166,,N24002166,LEGACY_OCMS_ID,0.95,0
L-N24002171,,N24002171,LEGACY_OCMS_ID,0.95,0
L-N24002172,,N24002172,LEGACY_OCMS_ID,0.95,0
L-N24002176,,N24002176,LEGACY_OCMS_ID,0.95,0
L-N24002184,,N24002184,LEGACY_OCMS_ID,0.95,0
L-N24002186,,N24002186,LEGACY_OCMS_ID,0.95,0
L-N24002187,,N24002187,LEGACY_OCMS_ID,0.95,0
L-N24002188,,N24002188,LEGACY_OCMS_ID,0.95,0
L-N24002189,,N24002189,LEGACY_OCMS_ID,0.95,0
L-N24002190,,N24002190,LEGACY_OCMS_ID,0.95,0
L-N24002191,,N24002191,LEGACY_OCMS_ID,0.95,0
L-N24002192,,N24002192,LEGACY_OCMS_ID,0.95,0
L-N24002195,,N24002195,LEGACY_OCMS_ID,0.95,0
L-N24002196,,N24002196,LEGACY_OCMS_ID,0.95,0
L-N24002200,,N24002200,LEGACY_OCMS_ID,0.95,0
L-N24002203,,N24002203,LEGACY_OCMS_ID,0.95,0
L-N24002207,,N24002207,LEGACY_OCMS_ID,0.95,0
L-N24002208,,N24002208,LEGACY_OCMS_ID,0.95,0
L-N24002209,,N24002209,LEGACY_OCMS_ID,0.95,0
L-N24002210,,N24002210,LEGACY_OCMS_ID,0.95,0
L-N24002212,,N24002212,LEGACY_OCMS_ID,0.95,0
L-N24002215,,N24002215,LEGACY_OCMS_ID,0.95,0
L-N24002216,,N24002216,LEGACY_OCMS_ID,0.95,0
L-N24002217,,N24002217,LEGACY_OCMS_ID,0.95,0
L-N24002219,,N24002219,LEGACY_OCMS_ID,0.95,0
L-N24002220,,N24002220,LEGACY_OCMS_ID,0.95,0
L-N24002221,,N24002221,LEGACY_OCMS_ID,0.95,0
L-N24002232,,N24002232,LEGACY_OCMS_ID,0.95,0
L-N24002236,,N24002236,LEGACY_OCMS_ID,0.95,0
L-N26000115,,N26000115,LEGACY_OCMS_ID,0.95,0
L-N26000118,,N26000118,LEGACY_OCMS_ID,0.95,0
L-N28000056,,N28000056,LEGACY_OCMS_ID,0.95,0
L-N28000067,,N28000067,LEGACY_OCMS_ID,0.95,0
L-N28000071,,N28000071,LEGACY_OCMS_ID,0.95,0
L-N28000098,,N28000098,LEGACY_OCMS_ID,0.95,0
L-N28000100,,N28000100,LEGACY_OCMS_ID,0.95,0
L-N28000104,,N28000104,LEGACY_OCMS_ID,0.95,0
L-N28000105,,N28000105,LEGACY_OCMS_ID,0.95,0
L-N28000109,,N28000109,LEGACY_OCMS_ID,0.95,0
L-N28000112,,N28000112,LEGACY_OCMS_ID,0.95,0
L-N28000117,,N28000117,LEGACY_OCMS_ID,0.95,0
L-N28000121,,N28000121,LEGACY_OCMS_ID,0.95,0
L-N28000128,,N28000128,LEGACY_OCMS_ID,0.95,0
L-N28000129,,N28000129,LEGACY_OCMS_ID,0.95,0
L-N28000131,,N28000131,LEGACY_OCMS_ID,0.95,0
L-N28000141,,N28000141,LEGACY_OCMS_ID,0.95,0
L-N28000147,,N28000147,LEGACY_OCMS_ID,0.95,0
L-N28000149,,N28000149,LEGACY_OCMS_ID,0.95,0
L-N28000153,,N28000153,LEGACY_OCMS_ID,0.95,0
L-N28000154,,N28000154,LEGACY_OCMS_ID,0.95,0
L-N28000156,,N28000156,LEGACY_OCMS_ID,0.95,0
L-N28000159,,N28000159,LEGACY_OCMS_ID,0.95,0
L-N30000004,,N30000004,LEGACY_OCMS_ID,0.95,0
L-N30000006,,N30000006,LEGACY_OCMS_ID,0.95,0
L-N30000008,,N30000008,LEGACY_OCMS_ID,0.95,0
L-N30000010,,N30000010,LEGACY_OCMS_ID,0.95,0
L-N30000013,,N30000013,LEGACY_OCMS_ID,0.95,0
L-N30000014,,N30000014,LEGACY_OCMS_ID,0.95,0
L-N30000015,,N30000015,LEGACY_OCMS_ID,0.95,0
L-N30000016,,N30000016,LEGACY_OCMS_ID,0.95,0
L-N30000017,,N30000017,LEGACY_OCMS_ID,0.95,0
L-N30000019,,N30000019,LEGACY_OCMS_ID,0.95,0
L-N30000021,,N30000021,LEGACY_OCMS_ID,0.95,0
L-N30000022,,N30000022,LEGACY_OCMS_ID,0.95,0
L-N30000024,,N30000024,LEGACY_OCMS_ID,0.95,0
L-N30000025,,N30000025,LEGACY_OCMS_ID,0.95,0
L-N30000028,,N30000028,LEGACY_OCMS_ID,0.95,0
L-N30000032,,N30000032,LEGACY_OCMS_ID,0.95,0
L-N30000034,,N30000034,LEGACY_OCMS_ID,0.95,0
L-N30000036,,N30000036,LEGACY_OCMS_ID,0.95,0
L-N30000037,,N30000037,LEGACY_OCMS_ID,0.95,0
L-N30000039,,N30000039,LEGACY_OCMS_ID,0.95,0
L-N30000040,,N30000040,LEGACY_OCMS_ID,0.95,0
L-N30000043,,N30000043,LEGACY_OCMS_ID,0.95,0
L-N30000044,,N30000044,LEGACY_OCMS_ID,0.95,0
L-N30000045,,N30000045,LEGACY_OCMS_ID,0.95,0
L-N30000046,,N30000046,LEGACY_OCMS_ID,0.95,0
L-N30000047,,N30000047,LEGACY_OCMS_ID,0.95,0
L-N30000048,,N30000048,LEGACY_OCMS_ID,0.95,0
L-N30000049,,N30000049,LEGACY_OCMS_ID,0.95,0
L-N38000001,,N38000001,LEGACY_OCMS_ID,0.95,0
L-N40000001,,N40000001,LEGACY_OCMS_ID,0.95,0
L-N40000002,,N40000002,LEGACY_OCMS_ID,0.95,0
L-N42000002,,N42000002,LEGACY_OCMS_ID,0.95,0
L-N42000005,,N42000005,LEGACY_OCMS_ID,0.95,0
L-N42000006,,N42000006,LEGACY_OCMS_ID,0.95,0
L-N42000007,,N42000007,LEGACY_OCMS_ID,0.95,0
L-N42000009,,N42000009,LEGACY_OCMS_ID,0.95,0
L-N42000010,,N42000010,LEGACY_OCMS_ID,0.95,0
L-N45000002,,N45000002,LEGACY_OCMS_ID,0.95,0
L-N45000003,,N45000003,LEGACY_OCMS_ID,0.95,0
NAME-06e0dbaf5e1f,,,FALLBACK_GENERATED,0.6,0
NAME-31305bb489c4,,,FALLBACK_GENERATED,0.6,0
NAME-3bcbc5b254b1,,,FALLBACK_GENERATED,0.6,0
NAME-49b8a94b2409,,,FALLBACK_GENERATED,0.6,0
NAME-56f02451c3bd,,,FALLBACK_GENERATED,0.6,0
NAME-60e47120d156,,,FALLBACK_GENERATED,0.6,0
NAME-6b965e76e8c7,,,FALLBACK_GENERATED,0.6,0
NAME-7da89648eb08,,,FALLBACK_GENERATED,0.6,0
NAME-8a0c65ae1f88,,,FALLBACK_GENERATED,0.6,0
NAME-8ffbf9e4512a,,,FALLBACK_GENERATED,0.6,0
NAME-909468513d8c,,,FALLBACK_GENERATED,0.6,0
NAME-9cda6030d769,,,FALLBACK_GENERATED,0.6,0
NAME-adaa740311ec,,,FALLBACK_GENERATED,0.6,0
NAME-b06205697ba0,,,FALLBACK_GENERATED,0.6,0
NAME-b4ea347c06ee,,,FALLBACK_GENERATED,0.6,0
NAME-d795ae181fa5,,,FALLBACK_GENERATED,0.6,0
NAME-e5026ba34c47,,,FALLBACK_GENERATED,0.6,0
P-400005,400005,N18000337,PAIMANA_ID,0.98,0
P-400006,400006,,PAIMANA_ID,1.0,0
P-400010,400010,N04000078,PAIMANA_ID,0.98,0
P-400012,400012,,PAIMANA_ID,1.0,0
P-400013,400013,,PAIMANA_ID,1.0,0
P-400018,400018,N06000275,PAIMANA_ID,0.98,0
P-400019,400019,N22000514,PAIMANA_ID,0.98,0
P-400022,400022,N22000592,PAIMANA_ID,0.98,0
P-400023,400023,N22000558,PAIMANA_ID,0.98,0
P-400033,400033,N06000254,PAIMANA_ID,0.98,0
P-400035,400035,N16000495,PAIMANA_ID,0.98,0
P-400043,400043,N16000455,PAIMANA_ID,0.98,0
P-400045,400045,,PAIMANA_ID,1.0,0
P-400047,400047,,PAIMANA_ID,1.0,0
P-400048,400048,,PAIMANA_ID,1.0,0
P-400062,400062,,PAIMANA_ID,1.0,0
P-400065,400065,,PAIMANA_ID,1.0,0
P-400073,400073,N06000245,PAIMANA_ID,0.98,0
P-400074,400074,N06000246,PAIMANA_ID,0.98,0
P-400077,400077,N16000438,PAIMANA_ID,0.98,0
P-400078,400078,N16000435,PAIMANA_ID,0.98,0
P-400081,400081,,PAIMANA_ID,1.0,0
P-400087,400087,N16000431,PAIMANA_ID,0.98,0
P-400093,400093,,PAIMANA_ID,1.0,0
P-400094,400094,,PAIMANA_ID,1.0,0
P-400095,400095,,PAIMANA_ID,1.0,0
P-400096,400096,,PAIMANA_ID,1.0,0
P-400097,400097,,PAIMANA_ID,1.0,0
P-400100,400100,,PAIMANA_ID,1.0,0
P-400101,400101,,PAIMANA_ID,1.0,0
P-400102,400102,,PAIMANA_ID,1.0,0
P-400103,400103,,PAIMANA_ID,1.0,0
P-400104,400104,,PAIMANA_ID,1.0,0
P-400105,400105,,PAIMANA_ID,1.0,0
P-400107,400107,,PAIMANA_ID,1.0,0
P-400109,400109,,PAIMANA_ID,1.0,0
P-400111,400111,,PAIMANA_ID,1.0,0
P-400112,400112,,PAIMANA_ID,1.0,0
P-400115,400115,,PAIMANA_ID,1.0,0
P-400116,400116,,PAIMANA_ID,1.0,0
P-400117,400117,,PAIMANA_ID,1.0,0
P-400119,400119,N16000213,PAIMANA_ID,0.98,0
P-400120,400120,N16000247,PAIMANA_ID,0.98,0
P-400121,400121,N12000136,PAIMANA_ID,0.98,0
P-400136,400136,,PAIMANA_ID,1.0,0
P-400138,400138,N06000238,PAIMANA_ID,0.98,0
P-400139,400139,N06000237,PAIMANA_ID,0.98,0
P-400141,400141,N10000010,PAIMANA_ID,0.98,0
P-400142,400142,N06000193,PAIMANA_ID,0.98,0
P-400144,400144,N06000199,PAIMANA_ID,0.98,0
P-400145,400145,,PAIMANA_ID,1.0,0
P-400147,400147,,PAIMANA_ID,1.0,0
P-400148,400148,N06000148,PAIMANA_ID,0.98,0
P-400149,400149,N06000197,PAIMANA_ID,0.98,0
P-400150,400150,N06000216,PAIMANA_ID,0.98,0
P-400151,400151,N06000218,PAIMANA_ID,0.98,0
P-400152,400152,N06000233,PAIMANA_ID,0.98,0
P-400153,400153,N06000243,PAIMANA_ID,0.98,0
P-400154,400154,N06000242,PAIMANA_ID,0.98,0
P-400155,400155,N06000247,PAIMANA_ID,0.98,0
P-400156,400156,N06000217,PAIMANA_ID,0.98,0
P-400158,400158,,PAIMANA_ID,1.0,0
P-400160,400160,N06000087,PAIMANA_ID,0.98,0
P-400161,400161,,PAIMANA_ID,1.0,0
P-400162,400162,N06000184,PAIMANA_ID,0.98,0
P-400165,400165,N06000249,PAIMANA_ID,0.98,0
P-400166,400166,N06000113,PAIMANA_ID,0.98,0
P-400167,400167,N16000279,PAIMANA_ID,0.98,0
P-400168,400168,N16000430,PAIMANA_ID,0.98,0
P-400169,400169,N16000428,PAIMANA_ID,0.98,0
P-400171,400171,N16000402,PAIMANA_ID,0.98,0
P-400172,400172,N06000169,PAIMANA_ID,0.98,0
P-400173,400173,N06000236,PAIMANA_ID,0.98,0
P-400174,400174,N12000095,PAIMANA_ID,0.98,0
P-400177,400177,N06000132,PAIMANA_ID,0.98,0
P-400178,400178,N06000222,PAIMANA_ID,0.98,0
P-400179,400179,,PAIMANA_ID,1.0,0
P-400180,400180,N06000244,PAIMANA_ID,0.98,0
P-400181,400181,N06000170,PAIMANA_ID,0.98,0
P-400182,400182,N06000165,PAIMANA_ID,0.98,0
P-400183,400183,N06000230,PAIMANA_ID,0.98,0
P-400185,400185,N06000229,PAIMANA_ID,0.98,0
P-400186,400186,N06000276,PAIMANA_ID,0.98,0
P-400187,400187,N06000167,PAIMANA_ID,0.98,0
P-400188,400188,,PAIMANA_ID,1.0,0
P-400192,400192,,PAIMANA_ID,1.0,0
P-400203,400203,,PAIMANA_ID,1.0,0
P-400204,400204,N22000569,PAIMANA_ID,0.98,0
P-400205,400205,N22000565,PAIMANA_ID,0.98,0
P-400220,400220,N22000489,PAIMANA_ID,0.98,0
P-400223,400223,N22000626,PAIMANA_ID,0.98,0
P-400231,400231,N06000270,PAIMANA_ID,0.98,0
P-400232,400232,N22000521,PAIMANA_ID,0.98,0
P-400234,400234,,PAIMANA_ID,1.0,0
P-400235,400235,,PAIMANA_ID,1.0,0
P-400247,400247,N22000624,PAIMANA_ID,0.98,0
P-400253,400253,N22000409,PAIMANA_ID,0.98,0
P-400254,400254,,PAIMANA_ID,1.0,0
P-400259,400259,N06000152,PAIMANA_ID,0.98,0
P-400261,400261,N18000275,PAIMANA_ID,0.98,0
P-400271,400271,N22000231,PAIMANA_ID,0.98,0
P-400273,400273,,PAIMANA_ID,1.0,0
P-400275,400275,N22000085,PAIMANA_ID,0.98,0
P-400277,400277,N22000110,PAIMANA_ID,0.98,0
P-400280,400280,N22000028,PAIMANA_ID,0.98,0
P-400291,400291,N22000318,PAIMANA_ID,0.98,0
P-400298,400298,N22000286,PAIMANA_ID,0.98,0
P-400299,400299,N10000016,PAIMANA_ID,0.98,0
P-400301,400301,N16000234,PAIMANA_ID,0.98,0
P-400312,400312,N06000223,PAIMANA_ID,0.98,0
P-400313,400313,N06000163,PAIMANA_ID,0.98,0
P-400315,400315,N06000220,PAIMANA_ID,0.98,0
P-400321,400321,N06000196,PAIMANA_ID,0.98,0
P-400352,400352,N06000240,PAIMANA_ID,0.98,0
P-400353,400353,N06000209,PAIMANA_ID,0.98,0
P-400354,400354,N06000200,PAIMANA_ID,0.98,0
P-400369,400369,N06000192,PAIMANA_ID,0.98,0
P-400382,400382,,PAIMANA_ID,1.0,0
P-400392,400392,N06000171,PAIMANA_ID,0.98,0
P-400416,400416,,PAIMANA_ID,1.0,0
P-400424,400424,,PAIMANA_ID,1.0,0
P-400425,400425,N06000098,PAIMANA_ID,0.98,0
P-400426,400426,,PAIMANA_ID,1.0,0
P-400429,400429,,PAIMANA_ID,1.0,0
P-601812,601812,,PAIMANA_ID,1.0,0
P-602096,602096,,PAIMANA_ID,1.0,0
P-602098,602098,N28000130,PAIMANA_ID,0.98,0
P-602099,602099,N42000008,PAIMANA_ID,0.98,0
P-602181,602181,N18000325,PAIMANA_ID,0.98,0
P-602182,602182,N18000362,PAIMANA_ID,0.98,0
P-602184,602184,N18000178,PAIMANA_ID,0.98,0
P-602185,602185,N18000014,PAIMANA_ID,0.98,0
P-602193,602193,N18000010,PAIMANA_ID,0.98,0
P-602194,602194,,PAIMANA_ID,1.0,0
P-602195,602195,N18000042,PAIMANA_ID,0.98,0
P-602223,602223,N18000249,PAIMANA_ID,0.98,0
P-602525,602525,N18000172,PAIMANA_ID,0.98,0
P-602532,602532,N18000278,PAIMANA_ID,0.98,0
P-602535,602535,N18000324,PAIMANA_ID,0.98,0
P-602538,602538,,PAIMANA_ID,1.0,0
P-602579,602579,N18000194,PAIMANA_ID,0.98,0
P-602582,602582,N18000291,PAIMANA_ID,0.98,0
P-602593,602593,N18000279,PAIMANA_ID,0.98,0
P-602633,602633,,PAIMANA_ID,1.0,0
P-602792,602792,N22000572,PAIMANA_ID,0.98,0
P-602797,602797,N22000631,PAIMANA_ID,0.98,0
P-602961,602961,N18000364,PAIMANA_ID,0.98,0
P-603293,603293,N18000367,PAIMANA_ID,0.98,0
P-603945,603945,,PAIMANA_ID,1.0,0
P-604791,604791,N16000379,PAIMANA_ID,0.98,0
P-604792,604792,,PAIMANA_ID,1.0,0
P-604795,604795,N16000434,PAIMANA_ID,0.98,0
P-604833,604833,N16000503,PAIMANA_ID,0.98,0
P-604852,604852,N16000506,PAIMANA_ID,0.98,0
P-604853,604853,N16000375,PAIMANA_ID,0.98,0
P-604859,604859,N16000396,PAIMANA_ID,0.98,0
P-604863,604863,N16000331,PAIMANA_ID,0.98,0
P-605155,605155,N18000363,PAIMANA_ID,0.98,0
P-605156,605156,N18000326,PAIMANA_ID,0.98,0
P-605292,605292,N28000142,PAIMANA_ID,0.98,0
P-606013,606013,,PAIMANA_ID,1.0,0
P-606112,606112,,PAIMANA_ID,1.0,0
P-606431,606431,N28000140,PAIMANA_ID,0.98,0
P-606479,606479,,PAIMANA_ID,1.0,0
P-606781,606781,,PAIMANA_ID,1.0,0
P-607653,607653,,PAIMANA_ID,1.0,0
P-607701,607701,N16000414,PAIMANA_ID,0.98,0
P-607709,607709,N18000250,PAIMANA_ID,0.98,0
P-608301,608301,,PAIMANA_ID,1.0,0
P-608302,608302,,PAIMANA_ID,1.0,0
P-608922,608922,,PAIMANA_ID,1.0,0
P-609019,609019,N28000146,PAIMANA_ID,0.98,0
P-609041,609041,,PAIMANA_ID,1.0,0
P-609424,609424,,PAIMANA_ID,1.0,0
P-609736,609736,N44000002,PAIMANA_ID,0.98,0
P-609996,609996,,PAIMANA_ID,1.0,0
P-610315,610315,N28000126,PAIMANA_ID,0.98,0
P-610940,610940,,PAIMANA_ID,1.0,0
P-610984,610984,N16000445,PAIMANA_ID,0.98,0
P-610985,610985,,PAIMANA_ID,1.0,0
P-611016,611016,N06000195,PAIMANA_ID,0.98,0
P-611017,611017,N06000194,PAIMANA_ID,0.98,0
P-611047,611047,N04000107,PAIMANA_ID,0.98,0
P-611142,611142,,PAIMANA_ID,1.0,0
P-611440,611440,,PAIMANA_ID,1.0,0
P-611452,611452,N22000434,PAIMANA_ID,0.98,0
P-611495,611495,N04000115,PAIMANA_ID,0.98,0
P-611509,611509,,PAIMANA_ID,1.0,0
P-611570,611570,,PAIMANA_ID,1.0,0
P-611586,611586,N18000344,PAIMANA_ID,0.98,0
P-611602,611602,,PAIMANA_ID,1.0,0
P-611614,611614,,PAIMANA_ID,1.0,0
P-611615,611615,,PAIMANA_ID,1.0,0
P-611656,611656,,PAIMANA_ID,1.0,0
P-611657,611657,,PAIMANA_ID,1.0,0
P-611659,611659,,PAIMANA_ID,1.0,0
P-611660,611660,,PAIMANA_ID,1.0,0
P-611669,611669,,PAIMANA_ID,1.0,0
P-611698,611698,,PAIMANA_ID,1.0,0
P-611699,611699,,PAIMANA_ID,1.0,0
P-611716,611716,,PAIMANA_ID,1.0,0
P-611735,611735,N18000378,PAIMANA_ID,0.98,0
P-611737,611737,,PAIMANA_ID,1.0,0
P-611751,611751,,PAIMANA_ID,1.0,0
P-611752,611752,N22000585,PAIMANA_ID,0.98,0
P-611754,611754,,PAIMANA_ID,1.0,0
P-611798,611798,,PAIMANA_ID,1.0,0
P-611800,611800,,PAIMANA_ID,1.0,0
P-611849,611849,N22000608,PAIMANA_ID,0.98,0
P-611855,611855,,PAIMANA_ID,1.0,0
P-611861,611861,N22000606,PAIMANA_ID,0.98,0
P-611864,611864,N06000273,PAIMANA_ID,0.98,0
P-611884,611884,N22000604,PAIMANA_ID,0.98,0
P-611917,611917,N16000458,PAIMANA_ID,0.98,0
P-611918,611918,,PAIMANA_ID,1.0,0
P-611927,611927,,PAIMANA_ID,1.0,0
P-611929,611929,,PAIMANA_ID,1.0,0
P-611930,611930,N18000381,PAIMANA_ID,0.98,0
P-611937,611937,,PAIMANA_ID,1.0,0
P-611938,611938,,PAIMANA_ID,1.0,0
P-611939,611939,,PAIMANA_ID,1.0,0
P-611943,611943,N22000550,PAIMANA_ID,0.98,0
P-611944,611944,,PAIMANA_ID,1.0,0
P-611945,611945,N22000538,PAIMANA_ID,0.98,0
P-611947,611947,N18000379,PAIMANA_ID,0.98,0
P-611948,611948,N18000374,PAIMANA_ID,0.98,0
P-611949,611949,N18000375,PAIMANA_ID,0.98,0
P-611950,611950,,PAIMANA_ID,1.0,0
P-611951,611951,N18000373,PAIMANA_ID,0.98,0
P-611957,611957,,PAIMANA_ID,1.0,0
P-611961,611961,,PAIMANA_ID,1.0,0
P-611963,611963,,PAIMANA_ID,1.0,0
P-611966,611966,N18000377,PAIMANA_ID,0.98,0
P-611967,611967,N18000380,PAIMANA_ID,0.98,0
P-611969,611969,,PAIMANA_ID,1.0,0
P-611970,611970,N22000540,PAIMANA_ID,0.98,0
P-611971,611971,N22000541,PAIMANA_ID,0.98,0
P-611972,611972,,PAIMANA_ID,1.0,0
P-611973,611973,,PAIMANA_ID,1.0,0
P-611974,611974,,PAIMANA_ID,1.0,0
P-611975,611975,,PAIMANA_ID,1.0,0
P-611976,611976,,PAIMANA_ID,1.0,0
P-611977,611977,,PAIMANA_ID,1.0,0
P-611978,611978,,PAIMANA_ID,1.0,0
P-611979,611979,,PAIMANA_ID,1.0,0
P-611980,611980,,PAIMANA_ID,1.0,0
P-612063,612063,,PAIMANA_ID,1.0,0
P-612072,612072,N22000532,PAIMANA_ID,0.98,0
P-612096,612096,N22000206,PAIMANA_ID,0.98,0
P-612128,612128,,PAIMANA_ID,1.0,0
P-612132,612132,N18000389,PAIMANA_ID,0.98,0
P-612133,612133,N18000387,PAIMANA_ID,0.98,0
P-612134,612134,N18000386,PAIMANA_ID,0.98,0
P-612135,612135,,PAIMANA_ID,1.0,0
P-612138,612138,N18000388,PAIMANA_ID,0.98,0
P-612139,612139,N18000384,PAIMANA_ID,0.98,0
P-612140,612140,N18000385,PAIMANA_ID,0.98,0
P-612142,612142,N18000382,PAIMANA_ID,0.98,0
P-612151,612151,N18000383,PAIMANA_ID,0.98,0
P-612167,612167,,PAIMANA_ID,1.0,0
P-612178,612178,,PAIMANA_ID,1.0,0
P-612183,612183,,PAIMANA_ID,1.0,0
P-612185,612185,,PAIMANA_ID,1.0,0
P-612186,612186,,PAIMANA_ID,1.0,0
P-612188,612188,N21000033,PAIMANA_ID,0.98,0
P-612194,612194,N04000112,PAIMANA_ID,0.98,0
P-612201,612201,,PAIMANA_ID,1.0,0
P-612203,612203,,PAIMANA_ID,1.0,0
P-612211,612211,,PAIMANA_ID,1.0,0
P-612213,612213,,PAIMANA_ID,1.0,0
P-612239,612239,,PAIMANA_ID,1.0,0
P-612259,612259,,PAIMANA_ID,1.0,0
P-612513,612513,,PAIMANA_ID,1.0,0
P-612688,612688,,PAIMANA_ID,1.0,0
P-612745,612745,,PAIMANA_ID,1.0,0
P-612748,612748,,PAIMANA_ID,1.0,0
P-612781,612781,N12000132,PAIMANA_ID,0.98,0
P-612786,612786,N04000106,PAIMANA_ID,0.98,0
P-612787,612787,N04000108,PAIMANA_ID,0.98,0
P-612788,612788,N04000105,PAIMANA_ID,0.98,0
P-612789,612789,N04000111,PAIMANA_ID,0.98,0
P-612790,612790,N16000509,PAIMANA_ID,0.98,0
P-612791,612791,N04000109,PAIMANA_ID,0.98,0
P-612793,612793,N04000110,PAIMANA_ID,0.98,0
P-612815,612815,N22000573,PAIMANA_ID,0.98,0
P-612816,612816,N06000272,PAIMANA_ID,0.98,0
P-612819,612819,N06000269,PAIMANA_ID,0.98,0
P-612827,612827,,PAIMANA_ID,1.0,0
P-612834,612834,,PAIMANA_ID,1.0,0
P-612838,612838,,PAIMANA_ID,1.0,0
P-612845,612845,,PAIMANA_ID,1.0,0
P-612851,612851,,PAIMANA_ID,1.0,0
P-612853,612853,N16000531,PAIMANA_ID,0.98,0
P-612855,612855,N18000390,PAIMANA_ID,0.98,0
P-612856,612856,N18000395,PAIMANA_ID,0.98,0
P-612876,612876,,PAIMANA_ID,1.0,0
P-612877,612877,,PAIMANA_ID,1.0,0
P-612878,612878,,PAIMANA_ID,1.0,0
P-612883,612883,,PAIMANA_ID,1.0,0
P-612885,612885,N42000001,PAIMANA_ID,0.98,0
P-612894,612894,N42000011,PAIMANA_ID,0.98,0
P-612898,612898,,PAIMANA_ID,1.0,0
P-612916,612916,,PAIMANA_ID,1.0,0
P-612998,612998,,PAIMANA_ID,1.0,0
P-613002,613002,,PAIMANA_ID,1.0,0
P-613003,613003,,PAIMANA_ID,1.0,0
P-613008,613008,,PAIMANA_ID,1.0,0
P-613013,613013,,PAIMANA_ID,1.0,0
P-613015,613015,,PAIMANA_ID,1.0,0
P-613785,613785,,PAIMANA_ID,1.0,0
P-613786,613786,,PAIMANA_ID,1.0,0
P-613787,613787,,PAIMANA_ID,1.0,0
P-613788,613788,,PAIMANA_ID,1.0,0
P-613793,613793,N06000191,PAIMANA_ID,0.98,0
P-613794,613794,N06000277,PAIMANA_ID,0.98,0
P-613795,613795,,PAIMANA_ID,1.0,0
P-613798,613798,N06000123,PAIMANA_ID,0.98,0
P-613799,613799,N06000135,PAIMANA_ID,0.98,0
P-613800,613800,N06000232,PAIMANA_ID,0.98,0
P-613801,613801,N06000164,PAIMANA_ID,0.98,0
P-613802,613802,N06000125,PAIMANA_ID,0.98,0
P-613803,613803,N06000166,PAIMANA_ID,0.98,0
P-613804,613804,N06000250,PAIMANA_ID,0.98,0
P-613808,613808,N06000096,PAIMANA_ID,0.98,0
P-615183,615183,N06000208,PAIMANA_ID,0.98,0
P-615184,615184,N06000251,PAIMANA_ID,0.98,0
P-615185,615185,N06000257,PAIMANA_ID,0.98,0
P-615186,615186,N06000206,PAIMANA_ID,0.98,0
P-615187,615187,N06000260,PAIMANA_ID,0.98,0
P-615188,615188,N06000255,PAIMANA_ID,0.98,0
P-615189,615189,N06000253,PAIMANA_ID,0.98,0
P-615190,615190,N06000252,PAIMANA_ID,0.98,0
P-615191,615191,N06000274,PAIMANA_ID,0.98,0
P-615192,615192,N06000264,PAIMANA_ID,0.98,0
P-615193,615193,N06000112,PAIMANA_ID,0.98,0
P-615194,615194,N06000265,PAIMANA_ID,0.98,0
P-615195,615195,N06000266,PAIMANA_ID,0.98,0
P-615199,615199,N06000267,PAIMANA_ID,0.98,0
P-615202,615202,,PAIMANA_ID,1.0,0
P-615206,615206,N06000183,PAIMANA_ID,0.98,0
P-615327,615327,N06000279,PAIMANA_ID,0.98,0
P-615330,615330,N06000282,PAIMANA_ID,0.98,0
P-615331,615331,,PAIMANA_ID,1.0,0
P-615332,615332,N18000391,PAIMANA_ID,0.98,0
P-615333,615333,N18000393,PAIMANA_ID,0.98,0
P-615334,615334,N18000394,PAIMANA_ID,0.98,0
P-615335,615335,N18000397,PAIMANA_ID,0.98,0
P-615336,615336,,PAIMANA_ID,1.0,0
P-615337,615337,N18000396,PAIMANA_ID,0.98,0
P-615338,615338,N18000401,PAIMANA_ID,0.98,0
P-615339,615339,N18000403,PAIMANA_ID,0.98,0
P-615340,615340,N18000404,PAIMANA_ID,0.98,0
P-615342,615342,N18000398,PAIMANA_ID,0.98,0
P-615343,615343,N18000402,PAIMANA_ID,0.98,0
P-615344,615344,N18000399,PAIMANA_ID,0.98,0
P-615345,615345,N18000400,PAIMANA_ID,0.98,0
P-615346,615346,N18000392,PAIMANA_ID,0.98,0
P-615347,615347,N18000405,PAIMANA_ID,0.98,0
P-615349,615349,N06000241,PAIMANA_ID,0.98,0
P-615818,615818,N06000259,PAIMANA_ID,0.98,0
P-615820,615820,N06000290,PAIMANA_ID,0.98,0
P-615821,615821,N06000291,PAIMANA_ID,0.98,0
P-615822,615822,N06000239,PAIMANA_ID,0.98,0
P-615843,615843,N06000186,PAIMANA_ID,0.98,0
P-615857,615857,N06000203,PAIMANA_ID,0.98,0
P-615858,615858,N06000213,PAIMANA_ID,0.98,0
P-615859,615859,,PAIMANA_ID,1.0,0
P-615860,615860,N06000202,PAIMANA_ID,0.98,0
P-615861,615861,N06000211,PAIMANA_ID,0.98,0
P-615862,615862,N06000258,PAIMANA_ID,0.98,0
P-615863,615863,N06000204,PAIMANA_ID,0.98,0
P-615864,615864,,PAIMANA_ID,1.0,0
P-615865,615865,N06000214,PAIMANA_ID,0.98,0
P-615914,615914,N06000205,PAIMANA_ID,0.98,0
P-615915,615915,,PAIMANA_ID,1.0,0
P-615916,615916,N06000271,PAIMANA_ID,0.98,0
P-615917,615917,N06000278,PAIMANA_ID,0.98,0
P-615918,615918,N06000256,PAIMANA_ID,0.98,0
P-615919,615919,N06000283,PAIMANA_ID,0.98,0
P-615982,615982,N06000154,PAIMANA_ID,0.98,0
P-616044,616044,N06000179,PAIMANA_ID,0.98,0
P-616050,616050,N06000226,PAIMANA_ID,0.98,0
P-616223,616223,N06000219,PAIMANA_ID,0.98,0
P-616225,616225,N06000280,PAIMANA_ID,0.98,0
P-616226,616226,N06000289,PAIMANA_ID,0.98,0
P-616227,616227,,PAIMANA_ID,1.0,0
P-616229,616229,N06000284,PAIMANA_ID,0.98,0
P-616230,616230,N06000281,PAIMANA_ID,0.98,0
P-616231,616231,N06000286,PAIMANA_ID,0.98,0
P-616232,616232,N06000285,PAIMANA_ID,0.98,0
P-616233,616233,N06000288,PAIMANA_ID,0.98,0
P-616234,616234,N06000045,PAIMANA_ID,0.98,0
P-616235,616235,N16000538,PAIMANA_ID,0.98,0
P-616236,616236,N06000295,PAIMANA_ID,0.98,0
P-616253,616253,N06000287,PAIMANA_ID,0.98,0
P-616254,616254,N16000539,PAIMANA_ID,0.98,0
P-616586,616586,,PAIMANA_ID,1.0,0
P-616587,616587,,PAIMANA_ID,1.0,0
P-616588,616588,,PAIMANA_ID,1.0,0
P-616594,616594,,PAIMANA_ID,1.0,0
P-616600,616600,N30000027,PAIMANA_ID,0.98,0
P-616604,616604,N30000042,PAIMANA_ID,0.98,0
P-616605,616605,,PAIMANA_ID,1.0,0
P-616611,616611,N30000051,PAIMANA_ID,0.98,0
P-616612,616612,N30000050,PAIMANA_ID,0.98,0
P-616615,616615,N30000026,PAIMANA_ID,0.98,0
P-616616,616616,N30000035,PAIMANA_ID,0.98,0
P-616670,616670,N18000407,PAIMANA_ID,0.98,0
P-616671,616671,N18000408,PAIMANA_ID,0.98,0
P-616672,616672,N18000409,PAIMANA_ID,0.98,0
P-616691,616691,,PAIMANA_ID,1.0,0
P-616694,616694,,PAIMANA_ID,1.0,0
P-616695,616695,,PAIMANA_ID,1.0,0
P-616696,616696,,PAIMANA_ID,1.0,0
P-616697,616697,,PAIMANA_ID,1.0,0
P-616699,616699,,PAIMANA_ID,1.0,0
P-616701,616701,,PAIMANA_ID,1.0,0
P-616702,616702,,PAIMANA_ID,1.0,0
P-616839,616839,,PAIMANA_ID,1.0,0
P-616840,616840,,PAIMANA_ID,1.0,0
P-616841,616841,,PAIMANA_ID,1.0,0
P-616842,616842,,PAIMANA_ID,1.0,0
P-616843,616843,,PAIMANA_ID,1.0,0
P-616856,616856,,PAIMANA_ID,1.0,0
P-616857,616857,,PAIMANA_ID,1.0,0
P-616858,616858,N16000450,PAIMANA_ID,0.98,0
P-616879,616879,N16000536,PAIMANA_ID,0.98,0
P-616886,616886,,PAIMANA_ID,1.0,0
P-616933,616933,N16000540,PAIMANA_ID,0.98,0
P-616950,616950,,PAIMANA_ID,1.0,0
P-616983,616983,,PAIMANA_ID,1.0,0
P-617068,617068,N18000410,PAIMANA_ID,0.98,0
P-617069,617069,N18000411,PAIMANA_ID,0.98,0
P-617179,617179,N18000417,PAIMANA_ID,0.98,0
P-617181,617181,N18000415,PAIMANA_ID,0.98,0
P-617182,617182,N18000412,PAIMANA_ID,0.98,0
P-617183,617183,N18000416,PAIMANA_ID,0.98,0
P-617184,617184,N18000419,PAIMANA_ID,0.98,0
P-617185,617185,N18000413,PAIMANA_ID,0.98,0
P-617186,617186,N18000414,PAIMANA_ID,0.98,0
P-617188,617188,,PAIMANA_ID,1.0,0
P-617200,617200,,PAIMANA_ID,1.0,0
P-617201,617201,,PAIMANA_ID,1.0,0
P-617206,617206,,PAIMANA_ID,1.0,0
P-617207,617207,,PAIMANA_ID,1.0,0
P-617210,617210,,PAIMANA_ID,1.0,0
P-617211,617211,,PAIMANA_ID,1.0,0
P-617212,617212,,PAIMANA_ID,1.0,0
P-617213,617213,,PAIMANA_ID,1.0,0
P-617214,617214,,PAIMANA_ID,1.0,0
P-617215,617215,,PAIMANA_ID,1.0,0
P-617216,617216,,PAIMANA_ID,1.0,0
P-617221,617221,,PAIMANA_ID,1.0,0
P-617224,617224,,PAIMANA_ID,1.0,0
P-617225,617225,N28000157,PAIMANA_ID,0.98,0
P-617226,617226,N28000160,PAIMANA_ID,0.98,0
P-617231,617231,,PAIMANA_ID,1.0,0
P-617233,617233,N06000293,PAIMANA_ID,0.98,0
P-617239,617239,,PAIMANA_ID,1.0,0
P-617240,617240,,PAIMANA_ID,1.0,0
P-617242,617242,N12000138,PAIMANA_ID,0.98,0
P-617243,617243,N12000137,PAIMANA_ID,0.98,0
P-617245,617245,,PAIMANA_ID,1.0,0
P-617246,617246,N12000139,PAIMANA_ID,0.98,0
P-617248,617248,N12000141,PAIMANA_ID,0.98,0
P-617249,617249,N12000142,PAIMANA_ID,0.98,0
P-617250,617250,N12000143,PAIMANA_ID,0.98,0
P-617251,617251,N12000140,PAIMANA_ID,0.98,0
P-617252,617252,,PAIMANA_ID,1.0,0
P-617253,617253,N12000129,PAIMANA_ID,0.98,0
P-617254,617254,N12000134,PAIMANA_ID,0.98,0
P-617255,617255,N12000131,PAIMANA_ID,0.98,0
P-617256,617256,N12000133,PAIMANA_ID,0.98,0
P-617257,617257,N12000135,PAIMANA_ID,0.98,0
P-617269,617269,N18000423,PAIMANA_ID,0.98,0
P-617270,617270,N18000422,PAIMANA_ID,0.98,0
P-617271,617271,N18000421,PAIMANA_ID,0.98,0
P-617272,617272,N18000420,PAIMANA_ID,0.98,0
P-617278,617278,N06000294,PAIMANA_ID,0.98,0
P-617279,617279,,PAIMANA_ID,1.0,0
P-617280,617280,N10000015,PAIMANA_ID,0.98,0
P-617282,617282,,PAIMANA_ID,1.0,0
P-617284,617284,,PAIMANA_ID,1.0,0
P-617287,617287,,PAIMANA_ID,1.0,0
P-617288,617288,,PAIMANA_ID,1.0,0
P-617290,617290,,PAIMANA_ID,1.0,0
P-617299,617299,N06000292,PAIMANA_ID,0.98,0
P-617302,617302,N16000275,PAIMANA_ID,0.98,0
P-617303,617303,,PAIMANA_ID,1.0,0
P-617304,617304,,PAIMANA_ID,1.0,0
P-617320,617320,,PAIMANA_ID,1.0,0
P-617321,617321,,PAIMANA_ID,1.0,0
P-617322,617322,,PAIMANA_ID,1.0,0
P-617326,617326,,PAIMANA_ID,1.0,0
P-617327,617327,,PAIMANA_ID,1.0,0
P-617333,617333,,PAIMANA_ID,1.0,0
P-617338,617338,,PAIMANA_ID,1.0,0
P-617345,617345,,PAIMANA_ID,1.0,0
P-617361,617361,,PAIMANA_ID,1.0,0
P-617364,617364,,PAIMANA_ID,1.0,0
P-617370,617370,,PAIMANA_ID,1.0,0
P-617372,617372,,PAIMANA_ID,1.0,0
P-617373,617373,,PAIMANA_ID,1.0,0
P-617374,617374,N22000602,PAIMANA_ID,0.98,0
P-617375,617375,,PAIMANA_ID,1.0,0
P-617379,617379,,PAIMANA_ID,1.0,0
P-617390,617390,,PAIMANA_ID,1.0,0
P-617391,617391,,PAIMANA_ID,1.0,0
P-617403,617403,,PAIMANA_ID,1.0,0
P-617404,617404,,PAIMANA_ID,1.0,0
P-617405,617405,,PAIMANA_ID,1.0,0
P-617406,617406,,PAIMANA_ID,1.0,0
P-617408,617408,,PAIMANA_ID,1.0,0
P-617409,617409,,PAIMANA_ID,1.0,0
P-617412,617412,,PAIMANA_ID,1.0,0
P-617413,617413,,PAIMANA_ID,1.0,0
P-617416,617416,,PAIMANA_ID,1.0,0
P-617422,617422,,PAIMANA_ID,1.0,0
P-617727,617727,,PAIMANA_ID,1.0,0
P-617729,617729,,PAIMANA_ID,1.0,0
P-617730,617730,,PAIMANA_ID,1.0,0
P-617764,617764,,PAIMANA_ID,1.0,0
P-617801,617801,,PAIMANA_ID,1.0,0
P-617802,617802,,PAIMANA_ID,1.0,0
P-617803,617803,,PAIMANA_ID,1.0,0
P-617804,617804,,PAIMANA_ID,1.0,0
P-617806,617806,,PAIMANA_ID,1.0,0
P-617807,617807,,PAIMANA_ID,1.0,0
P-617808,617808,,PAIMANA_ID,1.0,0
P-617818,617818,,PAIMANA_ID,1.0,0
P-617819,617819,,PAIMANA_ID,1.0,0
P-617822,617822,,PAIMANA_ID,1.0,0
P-617824,617824,,PAIMANA_ID,1.0,0
P-617827,617827,,PAIMANA_ID,1.0,0
P-617828,617828,,PAIMANA_ID,1.0,0
P-617829,617829,,PAIMANA_ID,1.0,0
P-617830,617830,,PAIMANA_ID,1.0,0
P-617832,617832,,PAIMANA_ID,1.0,0
P-617836,617836,,PAIMANA_ID,1.0,0
P-617837,617837,,PAIMANA_ID,1.0,0
P-617838,617838,,PAIMANA_ID,1.0,0
P-617839,617839,,PAIMANA_ID,1.0,0
P-617877,617877,,PAIMANA_ID,1.0,0
P-617878,617878,,PAIMANA_ID,1.0,0
P-617880,617880,,PAIMANA_ID,1.0,0
P-617882,617882,,PAIMANA_ID,1.0,0
P-617883,617883,,PAIMANA_ID,1.0,0
P-617885,617885,N24001441,PAIMANA_ID,0.98,0
P-617886,617886,N24001465,PAIMANA_ID,0.98,0
P-617887,617887,N24001411,PAIMANA_ID,0.98,0
P-617888,617888,,PAIMANA_ID,1.0,0
P-617889,617889,,PAIMANA_ID,1.0,0
P-617890,617890,,PAIMANA_ID,1.0,0
P-617891,617891,N24001866,PAIMANA_ID,0.98,0
P-617892,617892,N24001297,PAIMANA_ID,0.98,0
P-617893,617893,,PAIMANA_ID,1.0,0
P-617894,617894,,PAIMANA_ID,1.0,0
P-617895,617895,N24001840,PAIMANA_ID,0.98,0
P-617896,617896,N24002237,PAIMANA_ID,0.98,0
P-617897,617897,N24001879,PAIMANA_ID,0.98,0
P-617898,617898,,PAIMANA_ID,1.0,0
P-617899,617899,N24002136,PAIMANA_ID,0.98,0
P-617900,617900,N24001530,PAIMANA_ID,0.98,0
P-617901,617901,N24001528,PAIMANA_ID,0.98,0
P-617902,617902,,PAIMANA_ID,1.0,0
P-617904,617904,N24001862,PAIMANA_ID,0.98,0
P-617905,617905,N24001865,PAIMANA_ID,0.98,0
P-617906,617906,N24002118,PAIMANA_ID,1.0,0
P-617907,617907,N24001953,PAIMANA_ID,0.98,0
P-617908,617908,,PAIMANA_ID,1.0,0
P-617909,617909,,PAIMANA_ID,1.0,0
P-617911,617911,N24000513,PAIMANA_ID,0.98,0
P-617912,617912,,PAIMANA_ID,1.0,0
P-617913,617913,N24000987,PAIMANA_ID,0.98,0
P-617914,617914,,PAIMANA_ID,1.0,0
P-617915,617915,N24002019,PAIMANA_ID,0.98,0
P-617916,617916,,PAIMANA_ID,1.0,0
P-617917,617917,N24001883,PAIMANA_ID,0.98,0
P-617919,617919,N24001227,PAIMANA_ID,0.98,0
P-617920,617920,,PAIMANA_ID,1.0,0
P-617921,617921,N24001858,PAIMANA_ID,0.98,0
P-617922,617922,,PAIMANA_ID,1.0,0
P-617923,617923,,PAIMANA_ID,1.0,0
P-617924,617924,N24001860,PAIMANA_ID,0.98,0
P-617925,617925,N24001861,PAIMANA_ID,0.98,0
P-617926,617926,,PAIMANA_ID,1.0,0
P-617927,617927,,PAIMANA_ID,1.0,0
P-617928,617928,N24002183,PAIMANA_ID,0.98,0
P-617929,617929,N24000781,PAIMANA_ID,0.98,0
P-617930,617930,N24001859,PAIMANA_ID,0.98,0
P-617931,617931,,PAIMANA_ID,1.0,0
P-617932,617932,N24001882,PAIMANA_ID,0.98,0
P-617933,617933,N24002174,PAIMANA_ID,0.98,0
P-617934,617934,N24001112,PAIMANA_ID,0.98,0
P-617935,617935,N24001938,PAIMANA_ID,0.98,0
P-617936,617936,N24000981,PAIMANA_ID,0.98,0
P-617937,617937,,PAIMANA_ID,1.0,0
P-617938,617938,,PAIMANA_ID,1.0,0
P-617939,617939,,PAIMANA_ID,1.0,0
P-617940,617940,N24002004,PAIMANA_ID,0.98,0
P-617941,617941,,PAIMANA_ID,1.0,0
P-617942,617942,N24002181,PAIMANA_ID,0.98,0
P-617944,617944,N24001132,PAIMANA_ID,0.98,0
P-617945,617945,,PAIMANA_ID,1.0,0
P-617946,617946,N24000584,PAIMANA_ID,0.98,0
P-617947,617947,N24000585,PAIMANA_ID,0.98,0
P-617948,617948,N24001134,PAIMANA_ID,0.98,0
P-617949,617949,N24002145,PAIMANA_ID,0.98,0
P-617950,617950,,PAIMANA_ID,1.0,0
P-617951,617951,,PAIMANA_ID,1.0,0
P-617954,617954,N24001937,PAIMANA_ID,0.98,0
P-617955,617955,N24002012,PAIMANA_ID,0.98,0
P-617957,617957,N24002120,PAIMANA_ID,0.98,0
P-617958,617958,N24001876,PAIMANA_ID,0.98,0
P-617959,617959,N24001875,PAIMANA_ID,0.98,0
P-617960,617960,N24000874,PAIMANA_ID,0.98,0
P-617961,617961,N24000579,PAIMANA_ID,0.98,0
P-617962,617962,N24002165,PAIMANA_ID,0.98,0
P-617963,617963,N24002211,PAIMANA_ID,0.98,0
P-617964,617964,N24002199,PAIMANA_ID,0.98,0
P-617965,617965,N24001904,PAIMANA_ID,0.98,0
P-617966,617966,N24000382,PAIMANA_ID,0.98,0
P-617967,617967,,PAIMANA_ID,1.0,0
P-617968,617968,N24000779,PAIMANA_ID,0.98,0
P-617969,617969,N24002193,PAIMANA_ID,0.98,0
P-617970,617970,N24000775,PAIMANA_ID,0.98,0
P-617971,617971,,PAIMANA_ID,1.0,0
P-617972,617972,,PAIMANA_ID,1.0,0
P-617973,617973,N24001228,PAIMANA_ID,0.98,0
P-617974,617974,,PAIMANA_ID,1.0,0
P-617975,617975,N24000820,PAIMANA_ID,0.98,0
P-617976,617976,N24002182,PAIMANA_ID,0.98,0
P-617977,617977,,PAIMANA_ID,1.0,0
P-617978,617978,,PAIMANA_ID,1.0,0
P-617979,617979,,PAIMANA_ID,1.0,0
P-617980,617980,N24000994,PAIMANA_ID,0.98,0
P-617981,617981,,PAIMANA_ID,1.0,0
P-617982,617982,N24000988,PAIMANA_ID,0.98,0
P-617983,617983,N24001925,PAIMANA_ID,0.98,0
P-617984,617984,N24000989,PAIMANA_ID,1.0,0
P-617985,617985,N24000983,PAIMANA_ID,1.0,0
P-617986,617986,N24001537,PAIMANA_ID,1.0,0
P-617987,617987,,PAIMANA_ID,1.0,0
P-617988,617988,,PAIMANA_ID,1.0,0
P-617989,617989,N24001450,PAIMANA_ID,1.0,0
P-617990,617990,N24002025,PAIMANA_ID,1.0,0
P-617991,617991,N24001278,PAIMANA_ID,1.0,0
P-617992,617992,N24001281,PAIMANA_ID,0.98,0
P-617993,617993,,PAIMANA_ID,1.0,0
P-617994,617994,N24001263,PAIMANA_ID,1.0,0
P-617995,617995,N24001323,PAIMANA_ID,0.98,0
P-617996,617996,N24002132,PAIMANA_ID,1.0,0
P-617998,617998,N24000979,PAIMANA_ID,1.0,0
P-617999,617999,,PAIMANA_ID,1.0,0
P-618000,618000,N24001390,PAIMANA_ID,1.0,0
P-618001,618001,N24001416,PAIMANA_ID,0.98,0
P-618002,618002,N24001418,PAIMANA_ID,1.0,0
P-618003,618003,N24001419,PAIMANA_ID,1.0,0
P-618004,618004,N24001545,PAIMANA_ID,1.0,0
P-618005,618005,N24001647,PAIMANA_ID,1.0,0
P-618006,618006,N24001590,PAIMANA_ID,1.0,0
P-618007,618007,N24001792,PAIMANA_ID,1.0,0
P-618008,618008,N24001730,PAIMANA_ID,1.0,0
P-618009,618009,N24000331,PAIMANA_ID,0.98,0
P-618010,618010,,PAIMANA_ID,1.0,0
P-618011,618011,N24001527,PAIMANA_ID,0.98,0
P-618012,618012,N24002135,PAIMANA_ID,0.98,0
P-618013,618013,,PAIMANA_ID,1.0,0
P-618014,618014,,PAIMANA_ID,1.0,0
P-618015,618015,,PAIMANA_ID,1.0,0
P-618016,618016,,PAIMANA_ID,1.0,0
P-618017,618017,,PAIMANA_ID,1.0,0
P-618018,618018,,PAIMANA_ID,1.0,0
P-618019,618019,N24001964,PAIMANA_ID,0.98,0
P-618020,618020,N24001965,PAIMANA_ID,0.98,0
P-618021,618021,,PAIMANA_ID,1.0,0
P-618022,618022,N24002118,PAIMANA_ID,0.98,0
P-618023,618023,N24001961,PAIMANA_ID,0.98,0
P-618024,618024,N24001960,PAIMANA_ID,0.98,0
P-618025,618025,N24000997,PAIMANA_ID,0.98,0
P-618026,618026,N24000996,PAIMANA_ID,0.98,0
P-618027,618027,,PAIMANA_ID,1.0,0
P-618028,618028,,PAIMANA_ID,1.0,0
P-618029,618029,N24001941,PAIMANA_ID,0.98,0
P-618030,618030,N24001940,PAIMANA_ID,0.98,0
P-618031,618031,N24002011,PAIMANA_ID,0.98,0
P-618033,618033,N24001375,PAIMANA_ID,0.98,0
P-618034,618034,N24002238,PAIMANA_ID,0.98,0
P-618035,618035,,PAIMANA_ID,1.0,0
P-618036,618036,,PAIMANA_ID,1.0,0
P-618037,618037,N24001934,PAIMANA_ID,0.98,0
P-618038,618038,,PAIMANA_ID,1.0,0
P-618039,618039,,PAIMANA_ID,1.0,0
P-618040,618040,,PAIMANA_ID,1.0,0
P-618041,618041,,PAIMANA_ID,1.0,0
P-618042,618042,N24002170,PAIMANA_ID,0.98,0
P-618043,618043,,PAIMANA_ID,1.0,0
P-618044,618044,,PAIMANA_ID,1.0,0
P-618045,618045,N24001962,PAIMANA_ID,0.98,0
P-618046,618046,N24001902,PAIMANA_ID,0.98,0
P-618047,618047,,PAIMANA_ID,1.0,0
P-618049,618049,,PAIMANA_ID,1.0,0
P-618050,618050,N24001422,PAIMANA_ID,0.98,0
P-618051,618051,,PAIMANA_ID,1.0,0
P-618052,618052,,PAIMANA_ID,1.0,0
P-618053,618053,,PAIMANA_ID,1.0,0
P-618054,618054,N24002150,PAIMANA_ID,0.98,0
P-618055,618055,N24002016,PAIMANA_ID,0.98,0
P-618056,618056,N24002121,PAIMANA_ID,0.98,0
P-618057,618057,N24001997,PAIMANA_ID,0.98,0
P-618059,618059,N24002175,PAIMANA_ID,0.98,0
P-618060,618060,N24001923,PAIMANA_ID,0.98,0
P-618061,618061,,PAIMANA_ID,1.0,0
P-618062,618062,N24002147,PAIMANA_ID,0.98,0
P-618063,618063,N24001587,PAIMANA_ID,0.98,0
P-618064,618064,N24001917,PAIMANA_ID,0.98,0
P-618065,618065,N24002169,PAIMANA_ID,0.98,0
P-618066,618066,N24002214,PAIMANA_ID,0.98,0
P-618067,618067,,PAIMANA_ID,1.0,0
P-618068,618068,N24002020,PAIMANA_ID,0.98,0
P-618069,618069,N24002167,PAIMANA_ID,0.98,0
P-618070,618070,N24001369,PAIMANA_ID,0.98,0
P-618071,618071,N24001442,PAIMANA_ID,0.98,0
P-618072,618072,N24001466,PAIMANA_ID,0.98,0
P-618073,618073,N24002197,PAIMANA_ID,0.98,0
P-618074,618074,N24001870,PAIMANA_ID,0.98,0
P-618075,618075,N24002031,PAIMANA_ID,0.98,0
P-618076,618076,N24002239,PAIMANA_ID,0.98,0
P-618078,618078,N24001919,PAIMANA_ID,0.98,0
P-618079,618079,,PAIMANA_ID,1.0,0
P-618080,618080,N24002198,PAIMANA_ID,0.98,0
P-618081,618081,N24002115,PAIMANA_ID,0.98,0
P-618082,618082,N24001479,PAIMANA_ID,0.98,0
P-618083,618083,,PAIMANA_ID,1.0,0
P-618084,618084,N24001922,PAIMANA_ID,0.98,0
P-618085,618085,N24001963,PAIMANA_ID,0.98,0
P-618086,618086,,PAIMANA_ID,1.0,0
P-618087,618087,N24001944,PAIMANA_ID,0.98,0
P-618088,618088,,PAIMANA_ID,1.0,0
P-618089,618089,N24001903,PAIMANA_ID,0.98,0
P-618090,618090,N24001002,PAIMANA_ID,0.98,0
P-618091,618091,,PAIMANA_ID,1.0,0
P-618092,618092,N24002168,PAIMANA_ID,0.98,0
P-618093,618093,N24001927,PAIMANA_ID,0.98,0
P-618094,618094,N24001106,PAIMANA_ID,0.98,0
P-618095,618095,,PAIMANA_ID,1.0,0
P-618096,618096,,PAIMANA_ID,1.0,0
P-618097,618097,N24001057,PAIMANA_ID,0.98,0
P-618098,618098,N24001908,PAIMANA_ID,0.98,0
P-618099,618099,,PAIMANA_ID,1.0,0
P-618101,618101,,PAIMANA_ID,1.0,0
P-618103,618103,,PAIMANA_ID,1.0,0
P-618104,618104,N24002007,PAIMANA_ID,0.98,0
P-618105,618105,N24002010,PAIMANA_ID,0.98,0
P-618106,618106,N24002009,PAIMANA_ID,0.98,0
P-618107,618107,,PAIMANA_ID,1.0,0
P-618108,618108,N24002014,PAIMANA_ID,0.98,0
P-618109,618109,N24001948,PAIMANA_ID,0.98,0
P-618110,618110,N24001469,PAIMANA_ID,0.98,0
P-618111,618111,N24002015,PAIMANA_ID,0.98,0
P-618112,618112,N24002240,PAIMANA_ID,0.98,0
P-618113,618113,N24002241,PAIMANA_ID,0.98,0
P-618114,618114,,PAIMANA_ID,1.0,0
P-618116,618116,,PAIMANA_ID,1.0,0
P-618117,618117,,PAIMANA_ID,1.0,0
P-618118,618118,N24001867,PAIMANA_ID,0.98,0
P-618119,618119,,PAIMANA_ID,1.0,0
P-618120,618120,,PAIMANA_ID,1.0,0
P-618121,618121,N24001878,PAIMANA_ID,0.98,0
P-618122,618122,,PAIMANA_ID,1.0,0
P-618123,618123,N24001925,PAIMANA_ID,1.0,0
P-618124,618124,N24002116,PAIMANA_ID,0.98,0
P-618125,618125,,PAIMANA_ID,1.0,0
P-618126,618126,,PAIMANA_ID,1.0,0
P-618127,618127,,PAIMANA_ID,1.0,0
P-618129,618129,,PAIMANA_ID,1.0,0
P-618130,618130,,PAIMANA_ID,1.0,0
P-618132,618132,N24000989,PAIMANA_ID,0.98,0
P-618133,618133,N24000983,PAIMANA_ID,1.0,0
P-618134,618134,,PAIMANA_ID,1.0,0
P-618136,618136,N24001537,PAIMANA_ID,0.98,0
P-618137,618137,,PAIMANA_ID,1.0,0
P-618138,618138,,PAIMANA_ID,1.0,0
P-618139,618139,,PAIMANA_ID,1.0,0
P-618140,618140,,PAIMANA_ID,1.0,0
P-618141,618141,N24001450,PAIMANA_ID,0.98,0
P-618142,618142,N24002025,PAIMANA_ID,0.98,0
P-618143,618143,N24000983,PAIMANA_ID,0.98,0
P-618144,618144,N24001281,PAIMANA_ID,1.0,0
P-618145,618145,N24001263,PAIMANA_ID,1.0,0
P-618146,618146,N24001323,PAIMANA_ID,1.0,0
P-618147,618147,,PAIMANA_ID,1.0,0
P-618149,618149,,PAIMANA_ID,1.0,0
P-618150,618150,,PAIMANA_ID,1.0,0
P-618152,618152,N24002132,PAIMANA_ID,1.0,0
P-618153,618153,N24000979,PAIMANA_ID,1.0,0
P-618154,618154,N24001390,PAIMANA_ID,1.0,0
P-618155,618155,,PAIMANA_ID,1.0,0
P-618156,618156,,PAIMANA_ID,1.0,0
P-618157,618157,,PAIMANA_ID,1.0,0
P-618158,618158,,PAIMANA_ID,1.0,0
P-618159,618159,,PAIMANA_ID,1.0,0
P-618160,618160,,PAIMANA_ID,1.0,0
P-618161,618161,N24001416,PAIMANA_ID,1.0,0
P-618162,618162,,PAIMANA_ID,1.0,0
P-618163,618163,N24001418,PAIMANA_ID,0.98,0
P-618164,618164,N24001419,PAIMANA_ID,0.98,0
P-618165,618165,N24001545,PAIMANA_ID,0.98,0
P-618166,618166,N24001647,PAIMANA_ID,0.98,0
P-618167,618167,N24001590,PAIMANA_ID,0.98,0
P-618168,618168,N24001792,PAIMANA_ID,0.98,0
P-618169,618169,N24001730,PAIMANA_ID,1.0,0
P-618170,618170,,PAIMANA_ID,1.0,0
P-618171,618171,,PAIMANA_ID,1.0,0
P-618172,618172,N24001122,PAIMANA_ID,0.98,0
P-618173,618173,N24001123,PAIMANA_ID,0.98,0
P-618174,618174,,PAIMANA_ID,1.0,0
P-618175,618175,N24001884,PAIMANA_ID,0.98,0
P-618176,618176,,PAIMANA_ID,1.0,0
P-618177,618177,N24001060,PAIMANA_ID,0.98,0
P-618178,618178,,PAIMANA_ID,1.0,0
P-618179,618179,,PAIMANA_ID,1.0,0
P-618180,618180,N24001082,PAIMANA_ID,0.98,0
P-618181,618181,N24002177,PAIMANA_ID,0.98,0
P-618182,618182,,PAIMANA_ID,1.0,0
P-618183,618183,,PAIMANA_ID,1.0,0
P-618184,618184,,PAIMANA_ID,1.0,0
P-618185,618185,,PAIMANA_ID,1.0,0
P-618186,618186,N24002003,PAIMANA_ID,0.98,0
P-618187,618187,,PAIMANA_ID,1.0,0
P-618188,618188,N24002173,PAIMANA_ID,0.98,0
P-618189,618189,,PAIMANA_ID,1.0,0
P-618190,618190,N24002005,PAIMANA_ID,0.98,0
P-618191,618191,N24001951,PAIMANA_ID,0.98,0
P-618192,618192,N24001942,PAIMANA_ID,0.98,0
P-618193,618193,,PAIMANA_ID,1.0,0
P-618194,618194,N24000937,PAIMANA_ID,0.98,0
P-618196,618196,N24002008,PAIMANA_ID,0.98,0
P-618197,618197,N24002001,PAIMANA_ID,0.98,0
P-618198,618198,N24001107,PAIMANA_ID,0.98,0
P-618199,618199,N24002178,PAIMANA_ID,0.98,0
P-618200,618200,N24001928,PAIMANA_ID,0.98,0
P-618201,618201,,PAIMANA_ID,1.0,0
P-618202,618202,N24002185,PAIMANA_ID,0.98,0
P-618203,618203,N24002179,PAIMANA_ID,0.98,0
P-618204,618204,N24001999,PAIMANA_ID,0.98,0
P-618205,618205,N24001998,PAIMANA_ID,0.98,0
P-618206,618206,,PAIMANA_ID,1.0,0
P-618207,618207,,PAIMANA_ID,1.0,0
P-618208,618208,,PAIMANA_ID,1.0,0
P-618209,618209,,PAIMANA_ID,1.0,0
P-618210,618210,,PAIMANA_ID,1.0,0
P-618211,618211,,PAIMANA_ID,1.0,0
P-618212,618212,,PAIMANA_ID,1.0,0
P-618213,618213,,PAIMANA_ID,1.0,0
P-618214,618214,,PAIMANA_ID,1.0,0
P-618215,618215,,PAIMANA_ID,1.0,0
P-618216,618216,N24001915,PAIMANA_ID,0.98,0
P-618217,618217,N24001916,PAIMANA_ID,0.98,0
P-618218,618218,,PAIMANA_ID,1.0,0
P-618219,618219,,PAIMANA_ID,1.0,0
P-618220,618220,N24001897,PAIMANA_ID,0.98,0
P-618221,618221,N24002180,PAIMANA_ID,0.98,0
P-618222,618222,N24002119,PAIMANA_ID,0.98,0
P-618223,618223,N24001901,PAIMANA_ID,1.0,0
P-618224,618224,N24001901,PAIMANA_ID,0.98,0
P-618225,618225,N24001899,PAIMANA_ID,0.98,0
P-618226,618226,N24001898,PAIMANA_ID,0.98,0
P-618227,618227,N24001850,PAIMANA_ID,0.98,0
P-618228,618228,N24001201,PAIMANA_ID,0.98,0
P-618229,618229,N24001462,PAIMANA_ID,0.98,0
P-618230,618230,N24001470,PAIMANA_ID,0.98,0
P-618231,618231,N24001447,PAIMANA_ID,0.98,0
P-618232,618232,,PAIMANA_ID,1.0,0
P-618233,618233,N24001421,PAIMANA_ID,0.98,0
P-618234,618234,N24000943,PAIMANA_ID,0.98,0
P-618235,618235,,PAIMANA_ID,1.0,0
P-618236,618236,,PAIMANA_ID,1.0,0
P-618237,618237,N24000969,PAIMANA_ID,0.98,0
P-618238,618238,N24000964,PAIMANA_ID,0.98,0
P-618239,618239,,PAIMANA_ID,1.0,0
P-618240,618240,N24001461,PAIMANA_ID,0.98,0
P-618242,618242,,PAIMANA_ID,1.0,0
P-618243,618243,N24002245,PAIMANA_ID,0.98,0
P-618244,618244,N24002235,PAIMANA_ID,0.98,0
P-618246,618246,N24001877,PAIMANA_ID,0.98,0
P-618247,618247,,PAIMANA_ID,1.0,0
P-618248,618248,,PAIMANA_ID,1.0,0
P-618249,618249,N24002234,PAIMANA_ID,0.98,0
P-618250,618250,N24002194,PAIMANA_ID,0.98,0
P-618251,618251,,PAIMANA_ID,1.0,0
P-618252,618252,N24002201,PAIMANA_ID,0.98,0
P-618253,618253,,PAIMANA_ID,1.0,0
P-618254,618254,N24002148,PAIMANA_ID,0.98,0
P-618255,618255,N24002142,PAIMANA_ID,0.98,0
P-618256,618256,N24001958,PAIMANA_ID,0.98,0
P-618257,618257,N24001957,PAIMANA_ID,0.98,0
P-618258,618258,N24001956,PAIMANA_ID,0.98,0
P-618259,618259,N24001386,PAIMANA_ID,0.98,0
P-618260,618260,,PAIMANA_ID,1.0,0
P-618262,618262,,PAIMANA_ID,1.0,0
P-618263,618263,N24002213,PAIMANA_ID,0.98,0
P-618264,618264,,PAIMANA_ID,1.0,0
P-618265,618265,N24001457,PAIMANA_ID,0.98,0
P-618266,618266,N24001471,PAIMANA_ID,0.98,0
P-618282,618282,N24002023,PAIMANA_ID,0.98,0
P-618283,618283,N24002022,PAIMANA_ID,0.98,0
P-618284,618284,N24002021,PAIMANA_ID,0.98,0
P-618285,618285,N24001368,PAIMANA_ID,0.98,0
P-618286,618286,N24001434,PAIMANA_ID,0.98,0
P-618287,618287,N24002229,PAIMANA_ID,0.98,0
P-618288,618288,N24002225,PAIMANA_ID,0.98,0
P-618289,618289,N24001246,PAIMANA_ID,0.98,0
P-618290,618290,N24001258,PAIMANA_ID,0.98,0
P-618291,618291,N24001257,PAIMANA_ID,0.98,0
P-618292,618292,N24001255,PAIMANA_ID,0.98,0
P-618293,618293,N24001288,PAIMANA_ID,0.98,0
P-618294,618294,,PAIMANA_ID,1.0,0
P-618295,618295,N24002233,PAIMANA_ID,0.98,0
P-618296,618296,N24001287,PAIMANA_ID,0.98,0
P-618297,618297,N24001282,PAIMANA_ID,0.98,0
P-618298,618298,N24001400,PAIMANA_ID,0.98,0
P-618299,618299,,PAIMANA_ID,1.0,0
P-618300,618300,N24001274,PAIMANA_ID,0.98,0
P-618301,618301,,PAIMANA_ID,1.0,0
P-618302,618302,N24001332,PAIMANA_ID,0.98,0
P-618303,618303,N24001331,PAIMANA_ID,0.98,0
P-618304,618304,N24002227,PAIMANA_ID,0.98,0
P-618305,618305,N24002202,PAIMANA_ID,0.98,0
P-618306,618306,N24002242,PAIMANA_ID,0.98,0
P-618307,618307,,PAIMANA_ID,1.0,0
P-618308,618308,N24002154,PAIMANA_ID,0.98,0
P-618309,618309,,PAIMANA_ID,1.0,0
P-618310,618310,N24002231,PAIMANA_ID,0.98,0
P-618311,618311,N24002230,PAIMANA_ID,0.98,0
P-618312,618312,N24002243,PAIMANA_ID,0.98,0
P-618313,618313,,PAIMANA_ID,1.0,0
P-618314,618314,N24002128,PAIMANA_ID,0.98,0
P-618315,618315,N24002127,PAIMANA_ID,0.98,0
P-618316,618316,,PAIMANA_ID,1.0,0
P-618317,618317,,PAIMANA_ID,1.0,0
P-618318,618318,,PAIMANA_ID,1.0,0
P-618319,618319,,PAIMANA_ID,1.0,0
P-618320,618320,,PAIMANA_ID,1.0,0
P-618321,618321,,PAIMANA_ID,1.0,0
P-618323,618323,,PAIMANA_ID,1.0,0
P-618324,618324,,PAIMANA_ID,1.0,0
P-618325,618325,N24001537,PAIMANA_ID,1.0,0
P-618326,618326,N24001450,PAIMANA_ID,1.0,0
P-618327,618327,N24001450,PAIMANA_ID,1.0,0
P-618328,618328,N24001278,PAIMANA_ID,0.98,0
P-618329,618329,N24001281,PAIMANA_ID,1.0,0
P-618330,618330,N24001263,PAIMANA_ID,1.0,0
P-618331,618331,N24002226,PAIMANA_ID,0.98,0
P-618333,618333,N24001323,PAIMANA_ID,1.0,0
P-618334,618334,N24002132,PAIMANA_ID,1.0,0
P-618335,618335,N24000979,PAIMANA_ID,0.98,0
P-618336,618336,N24001390,PAIMANA_ID,0.98,0
P-618337,618337,N24001416,PAIMANA_ID,1.0,0
P-618338,618338,N24002244,PAIMANA_ID,0.98,0
P-618339,618339,N24002025,PAIMANA_ID,1.0,0
P-618340,618340,N24001419,PAIMANA_ID,1.0,0
P-618341,618341,N24001545,PAIMANA_ID,1.0,0
P-618342,618342,N24001278,PAIMANA_ID,1.0,0
P-618343,618343,N24001281,PAIMANA_ID,1.0,0
P-618344,618344,N24001792,PAIMANA_ID,1.0,0
P-618345,618345,N24001730,PAIMANA_ID,1.0,0
P-618346,618346,N24001270,PAIMANA_ID,0.98,0
P-618347,618347,N24001269,PAIMANA_ID,0.98,0
P-618348,618348,,PAIMANA_ID,1.0,0
P-618349,618349,,PAIMANA_ID,1.0,0
P-618350,618350,N24002205,PAIMANA_ID,0.98,0
P-618351,618351,N24001971,PAIMANA_ID,0.98,0
P-618352,618352,N24001970,PAIMANA_ID,0.98,0
P-618353,618353,N24001969,PAIMANA_ID,0.98,0
P-618354,618354,N24002130,PAIMANA_ID,0.98,0
P-618355,618355,N24001403,PAIMANA_ID,0.98,0
P-618356,618356,N24001354,PAIMANA_ID,0.98,0
P-618357,618357,N24001436,PAIMANA_ID,0.98,0
P-618358,618358,N24001437,PAIMANA_ID,0.98,0
P-618359,618359,N24002155,PAIMANA_ID,0.98,0
P-618362,618362,N24001358,PAIMANA_ID,0.98,0
P-618363,618363,N24001359,PAIMANA_ID,0.98,0
P-618364,618364,N24001976,PAIMANA_ID,0.98,0
P-618365,618365,N24001978,PAIMANA_ID,0.98,0
P-618366,618366,N24001977,PAIMANA_ID,0.98,0
P-618367,618367,N24002228,PAIMANA_ID,0.98,0
P-618368,618368,N24002162,PAIMANA_ID,0.98,0
P-618369,618369,N24002161,PAIMANA_ID,0.98,0
P-618370,618370,N24002160,PAIMANA_ID,0.98,0
P-618371,618371,N24001831,PAIMANA_ID,0.98,0
P-618372,618372,N24001544,PAIMANA_ID,0.98,0
P-618373,618373,N24001326,PAIMANA_ID,0.98,0
P-618374,618374,N24001335,PAIMANA_ID,0.98,0
P-618375,618375,N24001334,PAIMANA_ID,0.98,0
P-618376,618376,N24001314,PAIMANA_ID,0.98,0
P-618377,618377,N24001313,PAIMANA_ID,0.98,0
P-618379,618379,N24000861,PAIMANA_ID,0.98,0
P-618380,618380,N24000857,PAIMANA_ID,0.98,0
P-618381,618381,N24000863,PAIMANA_ID,0.98,0
P-618382,618382,N24000864,PAIMANA_ID,0.98,0
P-618383,618383,N24000865,PAIMANA_ID,0.98,0
P-618384,618384,N24000862,PAIMANA_ID,0.98,0
P-618385,618385,N24002159,PAIMANA_ID,0.98,0
P-618386,618386,N24001263,PAIMANA_ID,0.98,0
P-618387,618387,N24002131,PAIMANA_ID,0.98,0
P-618388,618388,N24001974,PAIMANA_ID,0.98,0
P-618389,618389,N24001473,PAIMANA_ID,0.98,0
P-618390,618390,N24000855,PAIMANA_ID,0.98,0
P-618391,618391,N24002164,PAIMANA_ID,0.98,0
P-618392,618392,N24002206,PAIMANA_ID,0.98,0
P-618393,618393,N24002163,PAIMANA_ID,0.98,0
P-618394,618394,N24001264,PAIMANA_ID,0.98,0
P-618395,618395,N24001394,PAIMANA_ID,0.98,0
P-618396,618396,N24001323,PAIMANA_ID,1.0,0
P-618397,618397,,PAIMANA_ID,1.0,0
P-618398,618398,N24001266,PAIMANA_ID,0.98,0
P-618399,618399,N24001395,PAIMANA_ID,0.98,0
P-618400,618400,N24001341,PAIMANA_ID,0.98,0
P-618401,618401,,PAIMANA_ID,1.0,0
P-618402,618402,N24002222,PAIMANA_ID,0.98,0
P-618403,618403,N24002223,PAIMANA_ID,0.98,0
P-618404,618404,,PAIMANA_ID,1.0,0
P-618405,618405,N24002224,PAIMANA_ID,0.98,0
P-618406,618406,N24000868,PAIMANA_ID,0.98,0
P-618407,618407,N24001543,PAIMANA_ID,0.98,0
P-618408,618408,N24001348,PAIMANA_ID,0.98,0
P-618409,618409,N24001345,PAIMANA_ID,0.98,0
P-618410,618410,N24001344,PAIMANA_ID,0.98,0
P-618411,618411,N24001914,PAIMANA_ID,0.98,0
P-618412,618412,N24001256,PAIMANA_ID,0.98,0
P-618413,618413,N24001912,PAIMANA_ID,0.98,0
P-618414,618414,N24001406,PAIMANA_ID,0.98,0
P-618415,618415,N24001350,PAIMANA_ID,0.98,0
P-618416,618416,N24001349,PAIMANA_ID,0.98,0
P-618417,618417,N24002132,PAIMANA_ID,0.98,0
P-618418,618418,N24001474,PAIMANA_ID,0.98,0
P-618419,618419,N24002158,PAIMANA_ID,0.98,0
P-618420,618420,N24002157,PAIMANA_ID,0.98,0
P-618421,618421,N24002156,PAIMANA_ID,0.98,0
P-618422,618422,N24001438,PAIMANA_ID,0.98,0
P-618423,618423,N24000763,PAIMANA_ID,0.98,0
P-618424,618424,,PAIMANA_ID,1.0,0
P-618426,618426,,PAIMANA_ID,1.0,0
P-618427,618427,N24001261,PAIMANA_ID,0.98,0
P-618428,618428,,PAIMANA_ID,1.0,0
P-618429,618429,N24001262,PAIMANA_ID,0.98,0
P-618430,618430,N24001251,PAIMANA_ID,0.98,0
P-618431,618431,N24001252,PAIMANA_ID,0.98,0
P-618432,618432,N24001390,PAIMANA_ID,1.0,0
P-618433,618433,N24001393,PAIMANA_ID,0.98,0
P-618434,618434,N24000946,PAIMANA_ID,0.98,0
P-618435,618435,N24000438,PAIMANA_ID,0.98,0
P-618436,618436,N24000431,PAIMANA_ID,0.98,0
P-618437,618437,N24000583,PAIMANA_ID,0.98,0
P-618438,618438,N24000582,PAIMANA_ID,0.98,0
P-618439,618439,N24000319,PAIMANA_ID,1.0,0
P-618440,618440,N24000320,PAIMANA_ID,1.0,0
P-618441,618441,N24000320,PAIMANA_ID,1.0,0
P-618442,618442,N24000319,PAIMANA_ID,1.0,0
P-618443,618443,N24000319,PAIMANA_ID,1.0,0
P-618444,618444,N24000319,PAIMANA_ID,0.98,0
P-618445,618445,,PAIMANA_ID,1.0,0
P-618446,618446,N24001337,PAIMANA_ID,0.98,0
P-618447,618447,N24001362,PAIMANA_ID,0.98,0
P-618448,618448,N24001338,PAIMANA_ID,0.98,0
P-618449,618449,N24001336,PAIMANA_ID,0.98,0
P-618450,618450,N24001327,PAIMANA_ID,0.98,0
P-618452,618452,N24002204,PAIMANA_ID,0.98,0
P-618454,618454,N24002030,PAIMANA_ID,1.0,0
P-618455,618455,N24002030,PAIMANA_ID,0.98,0
P-618456,618456,N24001568,PAIMANA_ID,0.98,0
P-618457,618457,N24001567,PAIMANA_ID,0.98,0
P-618458,618458,N24001612,PAIMANA_ID,0.98,0
P-618459,618459,N24001515,PAIMANA_ID,0.98,0
P-618460,618460,N24001519,PAIMANA_ID,0.98,0
P-618461,618461,N24001518,PAIMANA_ID,0.98,0
P-618462,618462,N24001520,PAIMANA_ID,0.98,0
P-618463,618463,N24000834,PAIMANA_ID,0.98,0
P-618464,618464,,PAIMANA_ID,1.0,0
P-618465,618465,N24001789,PAIMANA_ID,0.98,0
P-618466,618466,,PAIMANA_ID,1.0,0
P-618467,618467,,PAIMANA_ID,1.0,0
P-618468,618468,N24001504,PAIMANA_ID,0.98,0
P-618469,618469,N24001506,PAIMANA_ID,0.98,0
P-618470,618470,N24001507,PAIMANA_ID,0.98,0
P-618471,618471,N24001521,PAIMANA_ID,0.98,0
P-618472,618472,N24001508,PAIMANA_ID,0.98,0
P-618473,618473,N24001608,PAIMANA_ID,0.98,0
P-618475,618475,N24001985,PAIMANA_ID,0.98,0
P-618476,618476,N24001821,PAIMANA_ID,0.98,0
P-618477,618477,N24001720,PAIMANA_ID,0.98,0
P-618478,618478,N24001718,PAIMANA_ID,0.98,0
P-618479,618479,N24001717,PAIMANA_ID,0.98,0
P-618480,618480,,PAIMANA_ID,1.0,0
P-618481,618481,N24001719,PAIMANA_ID,0.98,0
P-618482,618482,,PAIMANA_ID,1.0,0
P-618483,618483,,PAIMANA_ID,1.0,0
P-618484,618484,N24001633,PAIMANA_ID,0.98,0
P-618485,618485,N24001634,PAIMANA_ID,0.98,0
P-618486,618486,N24001632,PAIMANA_ID,0.98,0
P-618487,618487,N24001415,PAIMANA_ID,0.98,0
P-618488,618488,N24001416,PAIMANA_ID,1.0,0
P-618489,618489,N24001417,PAIMANA_ID,0.98,0
P-618490,618490,N24001418,PAIMANA_ID,1.0,0
P-618491,618491,N24001419,PAIMANA_ID,1.0,0
P-618492,618492,N24001420,PAIMANA_ID,0.98,0
P-618493,618493,N24002102,PAIMANA_ID,0.98,0
P-618494,618494,N24001552,PAIMANA_ID,0.98,0
P-618495,618495,N24002061,PAIMANA_ID,0.98,0
P-618496,618496,N24001550,PAIMANA_ID,0.98,0
P-618497,618497,N24002060,PAIMANA_ID,0.98,0
P-618498,618498,N24001731,PAIMANA_ID,0.98,0
P-618499,618499,N24001745,PAIMANA_ID,0.98,0
P-618500,618500,N24001772,PAIMANA_ID,0.98,0
P-618501,618501,N24001443,PAIMANA_ID,0.98,0
P-618502,618502,N24001444,PAIMANA_ID,0.98,0
P-618503,618503,N24001445,PAIMANA_ID,0.98,0
P-618504,618504,N24001446,PAIMANA_ID,0.98,0
P-618505,618505,N24002058,PAIMANA_ID,0.98,0
P-618506,618506,,PAIMANA_ID,1.0,0
P-618507,618507,,PAIMANA_ID,1.0,0
P-618508,618508,,PAIMANA_ID,1.0,0
P-618509,618509,N24001777,PAIMANA_ID,0.98,0
P-618511,618511,,PAIMANA_ID,1.0,0
P-618512,618512,N24001486,PAIMANA_ID,0.98,0
P-618513,618513,N24001546,PAIMANA_ID,0.98,0
P-618514,618514,N24001493,PAIMANA_ID,0.98,0
P-618515,618515,N24001679,PAIMANA_ID,0.98,0
P-618516,618516,N24001598,PAIMANA_ID,0.98,0
P-618517,618517,N24001994,PAIMANA_ID,0.98,0
P-618518,618518,,PAIMANA_ID,1.0,0
P-618519,618519,N24001968,PAIMANA_ID,0.98,0
P-618520,618520,,PAIMANA_ID,1.0,0
P-618521,618521,N24001723,PAIMANA_ID,0.98,0
P-618522,618522,,PAIMANA_ID,1.0,0
P-618523,618523,N24000738,PAIMANA_ID,0.98,0
P-618524,618524,,PAIMANA_ID,1.0,0
P-618525,618525,,PAIMANA_ID,1.0,0
P-618526,618526,,PAIMANA_ID,1.0,0
P-618527,618527,N24001301,PAIMANA_ID,0.98,0
P-618529,618529,N24001826,PAIMANA_ID,0.98,0
P-618530,618530,N24000182,PAIMANA_ID,0.98,0
P-618531,618531,N24001703,PAIMANA_ID,0.98,0
P-618532,618532,N24001700,PAIMANA_ID,0.98,0
P-618533,618533,N24000515,PAIMANA_ID,0.98,0
P-618535,618535,,PAIMANA_ID,1.0,0
P-618536,618536,,PAIMANA_ID,1.0,0
P-618537,618537,N24002104,PAIMANA_ID,0.98,0
P-618538,618538,,PAIMANA_ID,1.0,0
P-618539,618539,,PAIMANA_ID,1.0,0
P-618540,618540,,PAIMANA_ID,1.0,0
P-618541,618541,N24001511,PAIMANA_ID,0.98,0
P-618543,618543,N24001627,PAIMANA_ID,0.98,0
P-618544,618544,N24001622,PAIMANA_ID,0.98,0
P-618545,618545,N24001621,PAIMANA_ID,0.98,0
P-618546,618546,N24001620,PAIMANA_ID,0.98,0
P-618547,618547,N24002059,PAIMANA_ID,0.98,0
P-618548,618548,N24000717,PAIMANA_ID,0.98,0
P-618549,618549,N24001926,PAIMANA_ID,0.98,0
P-618550,618550,N24001619,PAIMANA_ID,0.98,0
P-618551,618551,,PAIMANA_ID,1.0,0
P-618552,618552,N24001637,PAIMANA_ID,0.98,0
P-618553,618553,N24001852,PAIMANA_ID,0.98,0
P-618554,618554,N24001853,PAIMANA_ID,0.98,0
P-618555,618555,N24000442,PAIMANA_ID,0.98,0
P-618556,618556,,PAIMANA_ID,1.0,0
P-618557,618557,N24002071,PAIMANA_ID,0.98,0
P-618558,618558,N24001555,PAIMANA_ID,0.98,0
P-618559,618559,N24001556,PAIMANA_ID,0.98,0
P-618560,618560,N24002082,PAIMANA_ID,0.98,0
P-618561,618561,,PAIMANA_ID,1.0,0
P-618562,618562,,PAIMANA_ID,1.0,0
P-618563,618563,N24001606,PAIMANA_ID,0.98,0
P-618564,618564,,PAIMANA_ID,1.0,0
P-618565,618565,N24002097,PAIMANA_ID,0.98,0
P-618566,618566,N24002096,PAIMANA_ID,0.98,0
P-618567,618567,,PAIMANA_ID,1.0,0
P-618568,618568,,PAIMANA_ID,1.0,0
P-618569,618569,N24002063,PAIMANA_ID,0.98,0
P-618570,618570,N24001702,PAIMANA_ID,0.98,0
P-618571,618571,N24002064,PAIMANA_ID,0.98,0
P-618572,618572,,PAIMANA_ID,1.0,0
P-618574,618574,,PAIMANA_ID,1.0,0
P-618575,618575,N24001548,PAIMANA_ID,0.98,0
P-618576,618576,N24001545,PAIMANA_ID,1.0,0
P-618577,618577,,PAIMANA_ID,1.0,0
P-618578,618578,N24001773,PAIMANA_ID,0.98,0
P-618579,618579,,PAIMANA_ID,1.0,0
P-618580,618580,N24001535,PAIMANA_ID,0.98,0
P-618581,618581,N24001693,PAIMANA_ID,0.98,0
P-618582,618582,,PAIMANA_ID,1.0,0
P-618583,618583,,PAIMANA_ID,1.0,0
P-618584,618584,,PAIMANA_ID,1.0,0
P-618585,618585,,PAIMANA_ID,1.0,0
P-618586,618586,,PAIMANA_ID,1.0,0
P-618588,618588,N24001798,PAIMANA_ID,0.98,0
P-618589,618589,N24002045,PAIMANA_ID,0.98,0
P-618590,618590,N24002046,PAIMANA_ID,0.98,0
P-618591,618591,,PAIMANA_ID,1.0,0
P-618592,618592,,PAIMANA_ID,1.0,0
P-618593,618593,,PAIMANA_ID,1.0,0
P-618594,618594,N24001609,PAIMANA_ID,0.98,0
P-618595,618595,N24001664,PAIMANA_ID,0.98,0
P-618596,618596,N24001660,PAIMANA_ID,0.98,0
P-618597,618597,N24001661,PAIMANA_ID,0.98,0
P-618598,618598,N24001652,PAIMANA_ID,0.98,0
P-618599,618599,N24001658,PAIMANA_ID,0.98,0
P-618600,618600,N24001659,PAIMANA_ID,0.98,0
P-618601,618601,N24001655,PAIMANA_ID,0.98,0
P-618602,618602,N24001656,PAIMANA_ID,0.98,0
P-618603,618603,N24001653,PAIMANA_ID,0.98,0
P-618604,618604,N24001648,PAIMANA_ID,0.98,0
P-618605,618605,N24001651,PAIMANA_ID,0.98,0
P-618606,618606,N24001649,PAIMANA_ID,0.98,0
P-618607,618607,N24001657,PAIMANA_ID,0.98,0
P-618608,618608,N24002113,PAIMANA_ID,0.98,0
P-618609,618609,,PAIMANA_ID,1.0,0
P-618610,618610,N24002075,PAIMANA_ID,0.98,0
P-618611,618611,,PAIMANA_ID,1.0,0
P-618612,618612,N24001563,PAIMANA_ID,0.98,0
P-618613,618613,N24001564,PAIMANA_ID,0.98,0
P-618614,618614,N24001790,PAIMANA_ID,0.98,0
P-618615,618615,N24001794,PAIMANA_ID,0.98,0
P-618616,618616,,PAIMANA_ID,1.0,0
P-618617,618617,N24001640,PAIMANA_ID,0.98,0
P-618618,618618,N24002076,PAIMANA_ID,0.98,0
P-618619,618619,,PAIMANA_ID,1.0,0
P-618620,618620,,PAIMANA_ID,1.0,0
P-618621,618621,N24002070,PAIMANA_ID,0.98,0
P-618622,618622,N24001767,PAIMANA_ID,0.98,0
P-618623,618623,,PAIMANA_ID,1.0,0
P-618624,618624,,PAIMANA_ID,1.0,0
P-618625,618625,,PAIMANA_ID,1.0,0
P-618626,618626,,PAIMANA_ID,1.0,0
P-618627,618627,,PAIMANA_ID,1.0,0
P-618628,618628,,PAIMANA_ID,1.0,0
P-618629,618629,,PAIMANA_ID,1.0,0
P-618630,618630,N24001676,PAIMANA_ID,0.98,0
P-618631,618631,,PAIMANA_ID,1.0,0
P-618632,618632,N24001626,PAIMANA_ID,0.98,0
P-618633,618633,,PAIMANA_ID,1.0,0
P-618634,618634,N24001819,PAIMANA_ID,0.98,0
P-618635,618635,N24001818,PAIMANA_ID,0.98,0
P-618636,618636,,PAIMANA_ID,1.0,0
P-618637,618637,N24001804,PAIMANA_ID,0.98,0
P-618638,618638,,PAIMANA_ID,1.0,0
P-618639,618639,N24001611,PAIMANA_ID,0.98,0
P-618640,618640,,PAIMANA_ID,1.0,0
P-618641,618641,,PAIMANA_ID,1.0,0
P-618642,618642,N24001595,PAIMANA_ID,0.98,0
P-618644,618644,N24001854,PAIMANA_ID,0.98,0
P-618645,618645,N24002056,PAIMANA_ID,0.98,0
P-618647,618647,N24002091,PAIMANA_ID,0.98,0
P-618649,618649,,PAIMANA_ID,1.0,0
P-618650,618650,,PAIMANA_ID,1.0,0
P-618651,618651,,PAIMANA_ID,1.0,0
P-618652,618652,,PAIMANA_ID,1.0,0
P-618653,618653,,PAIMANA_ID,1.0,0
P-618654,618654,N24001967,PAIMANA_ID,0.98,0
P-618655,618655,,PAIMANA_ID,1.0,0
P-618661,618661,,PAIMANA_ID,1.0,0
P-618662,618662,,PAIMANA_ID,1.0,0
P-618663,618663,N24002077,PAIMANA_ID,0.98,0
P-618664,618664,N24001614,PAIMANA_ID,0.98,0
P-618665,618665,N24001615,PAIMANA_ID,0.98,0
P-618666,618666,,PAIMANA_ID,1.0,0
P-618667,618667,,PAIMANA_ID,1.0,0
P-618668,618668,,PAIMANA_ID,1.0,0
P-618669,618669,,PAIMANA_ID,1.0,0
P-618671,618671,,PAIMANA_ID,1.0,0
P-618672,618672,,PAIMANA_ID,1.0,0
P-618673,618673,N24001593,PAIMANA_ID,0.98,0
P-618674,618674,N24001588,PAIMANA_ID,0.98,0
P-618675,618675,N24002017,PAIMANA_ID,0.98,0
P-618676,618676,N24001669,PAIMANA_ID,0.98,0
P-618677,618677,N24001667,PAIMANA_ID,0.98,0
P-618678,618678,N24001678,PAIMANA_ID,0.98,0
P-618680,618680,N24001665,PAIMANA_ID,0.98,0
P-618681,618681,N24001838,PAIMANA_ID,0.98,0
P-618682,618682,,PAIMANA_ID,1.0,0
P-618684,618684,,PAIMANA_ID,1.0,0
P-618685,618685,,PAIMANA_ID,1.0,0
P-618686,618686,,PAIMANA_ID,1.0,0
P-618687,618687,N24002068,PAIMANA_ID,0.98,0
P-618688,618688,,PAIMANA_ID,1.0,0
P-618689,618689,N24001746,PAIMANA_ID,0.98,0
P-618690,618690,,PAIMANA_ID,1.0,0
P-618691,618691,,PAIMANA_ID,1.0,0
P-618692,618692,,PAIMANA_ID,1.0,0
P-618693,618693,N24000656,PAIMANA_ID,0.98,0
P-618694,618694,N24001766,PAIMANA_ID,0.98,0
P-618695,618695,N24001762,PAIMANA_ID,0.98,0
P-618696,618696,,PAIMANA_ID,1.0,0
P-618697,618697,,PAIMANA_ID,1.0,0
P-618698,618698,,PAIMANA_ID,1.0,0
P-618699,618699,,PAIMANA_ID,1.0,0
P-618700,618700,N24001824,PAIMANA_ID,0.98,0
P-618701,618701,N24002067,PAIMANA_ID,0.98,0
P-618702,618702,N24001425,PAIMANA_ID,0.98,0
P-618704,618704,,PAIMANA_ID,1.0,0
P-618705,618705,,PAIMANA_ID,1.0,0
P-618706,618706,,PAIMANA_ID,1.0,0
P-618707,618707,,PAIMANA_ID,1.0,0
P-618708,618708,N24002074,PAIMANA_ID,0.98,0
P-618709,618709,N24001989,PAIMANA_ID,0.98,0
P-618710,618710,N24001830,PAIMANA_ID,0.98,0
P-618711,618711,N24001629,PAIMANA_ID,0.98,0
P-618712,618712,N24001841,PAIMANA_ID,0.98,0
P-618713,618713,N24001846,PAIMANA_ID,0.98,0
P-618714,618714,N24001845,PAIMANA_ID,0.98,0
P-618715,618715,N24001844,PAIMANA_ID,0.98,0
P-618716,618716,N24001843,PAIMANA_ID,0.98,0
P-618717,618717,N24001842,PAIMANA_ID,0.98,0
P-618718,618718,,PAIMANA_ID,1.0,0
P-618719,618719,N24001848,PAIMANA_ID,0.98,0
P-618720,618720,N24001847,PAIMANA_ID,0.98,0
P-618721,618721,N24002123,PAIMANA_ID,0.98,0
P-618722,618722,N24002036,PAIMANA_ID,0.98,0
P-618723,618723,N24002040,PAIMANA_ID,0.98,0
P-618724,618724,,PAIMANA_ID,1.0,0
P-618725,618725,,PAIMANA_ID,1.0,0
P-618726,618726,,PAIMANA_ID,1.0,0
P-618727,618727,,PAIMANA_ID,1.0,0
P-618728,618728,,PAIMANA_ID,1.0,0
P-618734,618734,,PAIMANA_ID,1.0,0
P-618735,618735,N24001759,PAIMANA_ID,0.98,0
P-618736,618736,,PAIMANA_ID,1.0,0
P-618737,618737,,PAIMANA_ID,1.0,0
P-618738,618738,N24002062,PAIMANA_ID,0.98,0
P-618739,618739,N24002065,PAIMANA_ID,0.98,0
P-618740,618740,N24002066,PAIMANA_ID,0.98,0
P-618741,618741,N24001697,PAIMANA_ID,0.98,0
P-618742,618742,,PAIMANA_ID,1.0,0
P-618743,618743,,PAIMANA_ID,1.0,0
P-618744,618744,N24002084,PAIMANA_ID,0.98,0
P-618745,618745,N24002114,PAIMANA_ID,0.98,0
P-618746,618746,N24001482,PAIMANA_ID,0.98,0
P-618747,618747,N24001484,PAIMANA_ID,0.98,0
P-618748,618748,N24001476,PAIMANA_ID,0.98,0
P-618749,618749,N24001477,PAIMANA_ID,0.98,0
P-618751,618751,N24001921,PAIMANA_ID,0.98,0
P-618754,618754,,PAIMANA_ID,1.0,0
P-618755,618755,,PAIMANA_ID,1.0,0
P-618756,618756,N24001605,PAIMANA_ID,0.98,0
P-618757,618757,,PAIMANA_ID,1.0,0
P-618758,618758,,PAIMANA_ID,1.0,0
P-618759,618759,N24001849,PAIMANA_ID,0.98,0
P-618760,618760,N24001638,PAIMANA_ID,0.98,0
P-618761,618761,N24001754,PAIMANA_ID,0.98,0
P-618762,618762,,PAIMANA_ID,1.0,0
P-618764,618764,N24001639,PAIMANA_ID,0.98,0
P-618765,618765,N24002083,PAIMANA_ID,0.98,0
P-618766,618766,,PAIMANA_ID,1.0,0
P-618768,618768,,PAIMANA_ID,1.0,0
P-618769,618769,,PAIMANA_ID,1.0,0
P-618770,618770,N24001729,PAIMANA_ID,0.98,0
P-618771,618771,N24001820,PAIMANA_ID,0.98,0
P-618772,618772,N24001988,PAIMANA_ID,0.98,0
P-618773,618773,,PAIMANA_ID,1.0,0
P-618774,618774,N24001712,PAIMANA_ID,0.98,0
P-618775,618775,,PAIMANA_ID,1.0,0
P-618776,618776,,PAIMANA_ID,1.0,0
P-618777,618777,N24001986,PAIMANA_ID,0.98,0
P-618778,618778,N24001823,PAIMANA_ID,0.98,0
P-618779,618779,N24001795,PAIMANA_ID,0.98,0
P-618782,618782,,PAIMANA_ID,1.0,0
P-618783,618783,,PAIMANA_ID,1.0,0
P-618784,618784,,PAIMANA_ID,1.0,0
P-618785,618785,N24001630,PAIMANA_ID,0.98,0
P-618786,618786,,PAIMANA_ID,1.0,0
P-618787,618787,N24001785,PAIMANA_ID,0.98,0
P-618788,618788,N24002043,PAIMANA_ID,0.98,0
P-618789,618789,N24001631,PAIMANA_ID,0.98,0
P-618790,618790,,PAIMANA_ID,1.0,0
P-618791,618791,,PAIMANA_ID,1.0,0
P-618792,618792,N24002042,PAIMANA_ID,0.98,0
P-618793,618793,,PAIMANA_ID,1.0,0
P-618794,618794,N24001644,PAIMANA_ID,0.98,0
P-618795,618795,N24001642,PAIMANA_ID,0.98,0
P-618796,618796,N24000795,PAIMANA_ID,0.98,0
P-618797,618797,,PAIMANA_ID,1.0,0
P-618798,618798,N24002095,PAIMANA_ID,0.98,0
P-618799,618799,N24001599,PAIMANA_ID,0.98,0
P-618800,618800,N24002109,PAIMANA_ID,0.98,0
P-618801,618801,N24002110,PAIMANA_ID,0.98,0
P-618803,618803,N24001856,PAIMANA_ID,0.98,0
P-618804,618804,N24000811,PAIMANA_ID,0.98,0
P-618805,618805,,PAIMANA_ID,1.0,0
P-618806,618806,,PAIMANA_ID,1.0,0
P-618807,618807,N24001979,PAIMANA_ID,0.98,0
P-618808,618808,,PAIMANA_ID,1.0,0
P-618809,618809,N24002101,PAIMANA_ID,0.98,0
P-618810,618810,N24002100,PAIMANA_ID,0.98,0
P-618811,618811,,PAIMANA_ID,1.0,0
P-618812,618812,,PAIMANA_ID,1.0,0
P-618813,618813,,PAIMANA_ID,1.0,0
P-618814,618814,,PAIMANA_ID,1.0,0
P-618815,618815,,PAIMANA_ID,1.0,0
P-618816,618816,,PAIMANA_ID,1.0,0
P-618817,618817,,PAIMANA_ID,1.0,0
P-618818,618818,,PAIMANA_ID,1.0,0
P-618819,618819,N24001647,PAIMANA_ID,1.0,0
P-618820,618820,N24002079,PAIMANA_ID,0.98,0
P-618821,618821,N24002080,PAIMANA_ID,0.98,0
P-618822,618822,,PAIMANA_ID,1.0,0
P-618823,618823,,PAIMANA_ID,1.0,0
P-618824,618824,,PAIMANA_ID,1.0,0
P-618825,618825,N24001750,PAIMANA_ID,0.98,0
P-618826,618826,N24001980,PAIMANA_ID,0.98,0
P-618827,618827,N24001983,PAIMANA_ID,0.98,0
P-618828,618828,N24002053,PAIMANA_ID,0.98,0
P-618829,618829,N24001590,PAIMANA_ID,1.0,0
P-618830,618830,N24002054,PAIMANA_ID,0.98,0
P-618831,618831,,PAIMANA_ID,1.0,0
P-618832,618832,,PAIMANA_ID,1.0,0
P-618833,618833,N24000592,PAIMANA_ID,0.98,0
P-618834,618834,N24001827,PAIMANA_ID,0.98,0
P-618835,618835,N24001792,PAIMANA_ID,1.0,0
P-618836,618836,N24001834,PAIMANA_ID,0.98,0
P-618837,618837,N24001835,PAIMANA_ID,0.98,0
P-618838,618838,N24001558,PAIMANA_ID,0.98,0
P-618839,618839,N24000696,PAIMANA_ID,0.98,0
P-618840,618840,N24000480,PAIMANA_ID,0.98,0
P-618841,618841,N24001699,PAIMANA_ID,0.98,0
P-618843,618843,,PAIMANA_ID,1.0,0
P-618844,618844,,PAIMANA_ID,1.0,0
P-618845,618845,N24001429,PAIMANA_ID,0.98,0
P-618846,618846,,PAIMANA_ID,1.0,0
P-618847,618847,N24001431,PAIMANA_ID,0.98,0
P-618848,618848,,PAIMANA_ID,1.0,0
P-618849,618849,N24001809,PAIMANA_ID,0.98,0
P-618850,618850,N24000613,PAIMANA_ID,0.98,0
P-618851,618851,,PAIMANA_ID,1.0,0
P-618852,618852,N24001810,PAIMANA_ID,0.98,0
P-618853,618853,,PAIMANA_ID,1.0,0
P-618854,618854,N24001306,PAIMANA_ID,0.98,0
P-618855,618855,N24001727,PAIMANA_ID,0.98,0
P-618856,618856,N24002094,PAIMANA_ID,0.98,0
P-618858,618858,,PAIMANA_ID,1.0,0
P-618859,618859,N24001732,PAIMANA_ID,0.98,0
P-618861,618861,N24001709,PAIMANA_ID,0.98,0
P-618862,618862,,PAIMANA_ID,1.0,0
P-618863,618863,,PAIMANA_ID,1.0,0
P-618864,618864,N24001851,PAIMANA_ID,0.98,0
P-618865,618865,N24001730,PAIMANA_ID,0.98,0
P-618866,618866,,PAIMANA_ID,1.0,0
P-618867,618867,,PAIMANA_ID,1.0,0
P-618868,618868,,PAIMANA_ID,1.0,0
P-618869,618869,,PAIMANA_ID,1.0,0
P-618870,618870,,PAIMANA_ID,1.0,0
P-618871,618871,,PAIMANA_ID,1.0,0
P-618872,618872,,PAIMANA_ID,1.0,0
P-618873,618873,,PAIMANA_ID,1.0,0
P-618874,618874,,PAIMANA_ID,1.0,0
P-618875,618875,,PAIMANA_ID,1.0,0
P-618876,618876,,PAIMANA_ID,1.0,0
P-618878,618878,N24002050,PAIMANA_ID,0.98,0
P-618879,618879,,PAIMANA_ID,1.0,0
P-618880,618880,,PAIMANA_ID,1.0,0
P-618881,618881,,PAIMANA_ID,1.0,0
P-618882,618882,,PAIMANA_ID,1.0,0
P-618883,618883,N24002086,PAIMANA_ID,0.98,0
P-618884,618884,N24002087,PAIMANA_ID,0.98,0
P-618885,618885,N24002089,PAIMANA_ID,0.98,0
P-618886,618886,,PAIMANA_ID,1.0,0
P-618887,618887,N24001687,PAIMANA_ID,0.98,0
P-618888,618888,N24002052,PAIMANA_ID,0.98,0
P-618889,618889,N24001808,PAIMANA_ID,0.98,0
P-618890,618890,N24002051,PAIMANA_ID,0.98,0
P-618891,618891,,PAIMANA_ID,1.0,0
P-618893,618893,,PAIMANA_ID,1.0,0
P-618894,618894,N24001602,PAIMANA_ID,0.98,0
P-618895,618895,N24001601,PAIMANA_ID,0.98,0
P-618896,618896,N24001680,PAIMANA_ID,0.98,0
P-618897,618897,N24000708,PAIMANA_ID,0.98,0
P-618898,618898,,PAIMANA_ID,1.0,0
P-618899,618899,,PAIMANA_ID,1.0,0
P-618901,618901,,PAIMANA_ID,1.0,0
P-618902,618902,N24000723,PAIMANA_ID,0.98,0
P-618903,618903,N24000665,PAIMANA_ID,0.98,0
P-618904,618904,N24000187,PAIMANA_ID,0.98,0
P-618905,618905,,PAIMANA_ID,1.0,0
P-618906,618906,N24001643,PAIMANA_ID,0.98,0
P-618907,618907,,PAIMANA_ID,1.0,0
P-618908,618908,N24002081,PAIMANA_ID,0.98,0
P-618909,618909,N24000788,PAIMANA_ID,0.98,0
P-618910,618910,N24001749,PAIMANA_ID,0.98,0
P-618911,618911,N24002090,PAIMANA_ID,0.98,0
P-618912,618912,,PAIMANA_ID,1.0,0
P-618913,618913,N24000739,PAIMANA_ID,0.98,0
P-618914,618914,,PAIMANA_ID,1.0,0
P-618915,618915,N24001304,PAIMANA_ID,0.98,0
P-618916,618916,N24001305,PAIMANA_ID,0.98,0
P-618917,618917,,PAIMANA_ID,1.0,0
P-618919,618919,N24001984,PAIMANA_ID,0.98,0
P-618920,618920,,PAIMANA_ID,1.0,0
P-618921,618921,N24002049,PAIMANA_ID,0.98,0
P-618922,618922,,PAIMANA_ID,1.0,0
P-618923,618923,,PAIMANA_ID,1.0,0
P-618924,618924,,PAIMANA_ID,1.0,0
P-618925,618925,N24001738,PAIMANA_ID,0.98,0
P-618926,618926,,PAIMANA_ID,1.0,0
P-618927,618927,,PAIMANA_ID,1.0,0
P-618928,618928,N24002093,PAIMANA_ID,0.98,0
P-618929,618929,,PAIMANA_ID,1.0,0
P-618930,618930,,PAIMANA_ID,1.0,0
P-618931,618931,,PAIMANA_ID,1.0,0
P-618932,618932,,PAIMANA_ID,1.0,0
P-618933,618933,,PAIMANA_ID,1.0,0
P-618934,618934,,PAIMANA_ID,1.0,0
P-618935,618935,N24002044,PAIMANA_ID,0.98,0
P-618936,618936,N24001635,PAIMANA_ID,0.98,0
P-618937,618937,N24001799,PAIMANA_ID,0.98,0
P-618938,618938,N24001796,PAIMANA_ID,0.98,0
P-618939,618939,,PAIMANA_ID,1.0,0
P-618941,618941,,PAIMANA_ID,1.0,0
P-618942,618942,N24001677,PAIMANA_ID,0.98,0
P-618943,618943,,PAIMANA_ID,1.0,0
P-618944,618944,,PAIMANA_ID,1.0,0
P-618945,618945,N24001522,PAIMANA_ID,0.98,0
P-618946,618946,N24002057,PAIMANA_ID,0.98,0
P-618947,618947,N24001596,PAIMANA_ID,0.98,0
P-618948,618948,,PAIMANA_ID,1.0,0
P-618949,618949,N24002055,PAIMANA_ID,0.98,0
P-618950,618950,,PAIMANA_ID,1.0,0
P-618951,618951,N24001589,PAIMANA_ID,0.98,0
P-618952,618952,N24000714,PAIMANA_ID,0.98,0
P-618953,618953,N24001371,PAIMANA_ID,0.98,0
P-618954,618954,,PAIMANA_ID,1.0,0
P-618955,618955,N24000813,PAIMANA_ID,0.98,0
P-618956,618956,,PAIMANA_ID,1.0,0
P-618957,618957,,PAIMANA_ID,1.0,0
P-618958,618958,,PAIMANA_ID,1.0,0
P-618959,618959,N24002106,PAIMANA_ID,0.98,0
P-618960,618960,N24002105,PAIMANA_ID,0.98,0
P-618961,618961,,PAIMANA_ID,1.0,0
P-618962,618962,,PAIMANA_ID,1.0,0
P-618963,618963,,PAIMANA_ID,1.0,0
P-618964,618964,,PAIMANA_ID,1.0,0
P-618966,618966,,PAIMANA_ID,1.0,0
P-618967,618967,,PAIMANA_ID,1.0,0
P-618968,618968,N24001735,PAIMANA_ID,0.98,0
P-618969,618969,N24001628,PAIMANA_ID,0.98,0
P-618970,618970,N24001734,PAIMANA_ID,0.98,0
P-618971,618971,,PAIMANA_ID,1.0,0
P-618972,618972,,PAIMANA_ID,1.0,0
P-618976,618976,,PAIMANA_ID,1.0,0
P-618977,618977,,PAIMANA_ID,1.0,0
P-618978,618978,,PAIMANA_ID,1.0,0
P-618981,618981,,PAIMANA_ID,1.0,0
P-618982,618982,,PAIMANA_ID,1.0,0
P-618985,618985,,PAIMANA_ID,1.0,0
P-618986,618986,,PAIMANA_ID,1.0,0
P-618991,618991,,PAIMANA_ID,1.0,0
P-618992,618992,,PAIMANA_ID,1.0,0
P-618995,618995,,PAIMANA_ID,1.0,0
P-619003,619003,N24000852,PAIMANA_ID,0.98,0
P-619004,619004,,PAIMANA_ID,1.0,0
P-619005,619005,,PAIMANA_ID,1.0,0
P-619007,619007,,PAIMANA_ID,1.0,0
P-619008,619008,,PAIMANA_ID,1.0,0
P-619009,619009,,PAIMANA_ID,1.0,0
P-619010,619010,N24002027,PAIMANA_ID,0.98,0
P-619013,619013,N24000320,PAIMANA_ID,1.0,0
P-619014,619014,,PAIMANA_ID,1.0,0
P-619022,619022,,PAIMANA_ID,1.0,0
P-619024,619024,,PAIMANA_ID,1.0,0
P-619025,619025,,PAIMANA_ID,1.0,0
P-619026,619026,,PAIMANA_ID,1.0,0
P-619027,619027,,PAIMANA_ID,1.0,0
P-619028,619028,,PAIMANA_ID,1.0,0
P-619029,619029,,PAIMANA_ID,1.0,0
P-619030,619030,,PAIMANA_ID,1.0,0
P-619031,619031,,PAIMANA_ID,1.0,0
P-619032,619032,,PAIMANA_ID,1.0,0
P-619033,619033,,PAIMANA_ID,1.0,0
P-619038,619038,N24001396,PAIMANA_ID,0.98,0
P-619042,619042,N24001907,PAIMANA_ID,0.98,0
P-619045,619045,,PAIMANA_ID,1.0,0
P-619049,619049,,PAIMANA_ID,1.0,0
P-619051,619051,,PAIMANA_ID,1.0,0
P-619052,619052,,PAIMANA_ID,1.0,0
P-619053,619053,,PAIMANA_ID,1.0,0
P-619054,619054,,PAIMANA_ID,1.0,0
P-619055,619055,,PAIMANA_ID,1.0,0
P-619056,619056,,PAIMANA_ID,1.0,0
P-619057,619057,N24002129,PAIMANA_ID,0.98,0
P-619059,619059,N24000765,PAIMANA_ID,0.98,0
P-619060,619060,N24000320,PAIMANA_ID,0.98,0
P-619063,619063,N24001557,PAIMANA_ID,0.98,0
P-619064,619064,N24001786,PAIMANA_ID,0.98,0
P-619065,619065,,PAIMANA_ID,1.0,0
P-619066,619066,N24001551,PAIMANA_ID,0.98,0
P-619067,619067,,PAIMANA_ID,1.0,0
P-619068,619068,N24002048,PAIMANA_ID,0.98,0
P-619069,619069,,PAIMANA_ID,1.0,0
P-619070,619070,,PAIMANA_ID,1.0,0
P-619071,619071,N24001681,PAIMANA_ID,0.98,0
P-619072,619072,N24001674,PAIMANA_ID,0.98,0
P-619073,619073,,PAIMANA_ID,1.0,0
P-619074,619074,,PAIMANA_ID,1.0,0
P-619075,619075,,PAIMANA_ID,1.0,0
P-619076,619076,,PAIMANA_ID,1.0,0
P-619077,619077,,PAIMANA_ID,1.0,0
P-619078,619078,N24000726,PAIMANA_ID,0.98,0
P-619080,619080,,PAIMANA_ID,1.0,0
P-619083,619083,,PAIMANA_ID,1.0,0
P-619084,619084,,PAIMANA_ID,1.0,0
P-619086,619086,,PAIMANA_ID,1.0,0
P-619087,619087,N24002035,PAIMANA_ID,0.98,0
P-619089,619089,N24001547,PAIMANA_ID,0.98,0
P-619090,619090,N24001781,PAIMANA_ID,0.98,0
P-619092,619092,,PAIMANA_ID,1.0,0
P-619093,619093,,PAIMANA_ID,1.0,0
P-619094,619094,N24001694,PAIMANA_ID,0.98,0
P-619095,619095,N24001607,PAIMANA_ID,0.98,0
P-619096,619096,N24000462,PAIMANA_ID,0.98,0
P-619097,619097,,PAIMANA_ID,1.0,0
P-619098,619098,N24000784,PAIMANA_ID,0.98,0
P-619099,619099,,PAIMANA_ID,1.0,0
P-619100,619100,,PAIMANA_ID,1.0,0
P-619101,619101,,PAIMANA_ID,1.0,0
P-619102,619102,,PAIMANA_ID,1.0,0
P-619103,619103,,PAIMANA_ID,1.0,0
P-619104,619104,,PAIMANA_ID,1.0,0
P-619105,619105,,PAIMANA_ID,1.0,0
P-619106,619106,,PAIMANA_ID,1.0,0
P-619107,619107,,PAIMANA_ID,1.0,0
P-619108,619108,,PAIMANA_ID,1.0,0
P-619109,619109,N24001668,PAIMANA_ID,0.98,0
P-619111,619111,N24001837,PAIMANA_ID,0.98,0
P-619112,619112,N24001836,PAIMANA_ID,0.98,0
P-619113,619113,,PAIMANA_ID,1.0,0
P-619114,619114,,PAIMANA_ID,1.0,0
P-619115,619115,,PAIMANA_ID,1.0,0
P-619117,619117,,PAIMANA_ID,1.0,0
P-619118,619118,N24000619,PAIMANA_ID,0.98,0
P-619119,619119,N24000715,PAIMANA_ID,0.98,0
P-619120,619120,,PAIMANA_ID,1.0,0
P-619121,619121,,PAIMANA_ID,1.0,0
P-619122,619122,N24001771,PAIMANA_ID,0.98,0
P-619123,619123,N24002122,PAIMANA_ID,0.98,0
P-619124,619124,N24002124,PAIMANA_ID,0.98,0
P-619125,619125,N24002126,PAIMANA_ID,0.98,0
P-619126,619126,N24002125,PAIMANA_ID,0.98,0
P-619127,619127,,PAIMANA_ID,1.0,0
P-619128,619128,N24001483,PAIMANA_ID,0.98,0
P-619129,619129,N24001721,PAIMANA_ID,0.98,0
P-619130,619130,N24002111,PAIMANA_ID,0.98,0
P-619131,619131,N24000826,PAIMANA_ID,0.98,0
P-619132,619132,N24001774,PAIMANA_ID,0.98,0
P-619134,619134,N24002098,PAIMANA_ID,0.98,0
P-619136,619136,,PAIMANA_ID,1.0,0
P-619137,619137,,PAIMANA_ID,1.0,0
P-619138,619138,N24001682,PAIMANA_ID,0.98,0
P-619139,619139,,PAIMANA_ID,1.0,0
P-619140,619140,N24001981,PAIMANA_ID,0.98,0
P-619141,619141,N24002033,PAIMANA_ID,0.98,0
P-619142,619142,,PAIMANA_ID,1.0,0
P-619143,619143,,PAIMANA_ID,1.0,0
P-619144,619144,,PAIMANA_ID,1.0,0
P-619145,619145,,PAIMANA_ID,1.0,0
P-619146,619146,N24000569,PAIMANA_ID,0.98,0
P-619147,619147,N24001793,PAIMANA_ID,0.98,0
P-619148,619148,,PAIMANA_ID,1.0,0
P-619149,619149,N24001495,PAIMANA_ID,0.98,0
P-619150,619150,,PAIMANA_ID,1.0,0
P-619152,619152,N24000507,PAIMANA_ID,0.98,0
P-619153,619153,N24001812,PAIMANA_ID,0.98,0
P-619154,619154,,PAIMANA_ID,1.0,0
P-619155,619155,N24001526,PAIMANA_ID,0.98,0
P-619157,619157,N24000734,PAIMANA_ID,0.98,0
P-619158,619158,N24000733,PAIMANA_ID,0.98,0
P-619160,619160,,PAIMANA_ID,1.0,0
P-619161,619161,,PAIMANA_ID,1.0,0
P-619162,619162,N24001753,PAIMANA_ID,0.98,0
P-619163,619163,N24001502,PAIMANA_ID,0.98,0
P-619164,619164,,PAIMANA_ID,1.0,0
P-619165,619165,,PAIMANA_ID,1.0,0
P-619166,619166,,PAIMANA_ID,1.0,0
P-619167,619167,,PAIMANA_ID,1.0,0
P-619168,619168,N24001733,PAIMANA_ID,0.98,0
P-619171,619171,,PAIMANA_ID,1.0,0
P-619172,619172,,PAIMANA_ID,1.0,0
P-619181,619181,,PAIMANA_ID,1.0,0
P-619183,619183,,PAIMANA_ID,1.0,0
P-619184,619184,,PAIMANA_ID,1.0,0
P-619185,619185,,PAIMANA_ID,1.0,0
P-619186,619186,,PAIMANA_ID,1.0,0
P-619187,619187,,PAIMANA_ID,1.0,0
P-619191,619191,,PAIMANA_ID,1.0,0
P-619193,619193,,PAIMANA_ID,1.0,0
P-619196,619196,,PAIMANA_ID,1.0,0
P-619197,619197,,PAIMANA_ID,1.0,0
P-619198,619198,,PAIMANA_ID,1.0,0
P-619199,619199,,PAIMANA_ID,1.0,0
P-619200,619200,,PAIMANA_ID,1.0,0
P-619201,619201,,PAIMANA_ID,1.0,0
P-619202,619202,,PAIMANA_ID,1.0,0
P-619203,619203,,PAIMANA_ID,1.0,0
P-619205,619205,,PAIMANA_ID,1.0,0
P-619206,619206,,PAIMANA_ID,1.0,0
P-619207,619207,,PAIMANA_ID,1.0,0
P-619208,619208,,PAIMANA_ID,1.0,0
P-619209,619209,,PAIMANA_ID,1.0,0
P-619210,619210,,PAIMANA_ID,1.0,0
P-619211,619211,,PAIMANA_ID,1.0,0
P-619212,619212,,PAIMANA_ID,1.0,0
P-619213,619213,,PAIMANA_ID,1.0,0
P-619214,619214,,PAIMANA_ID,1.0,0
P-619215,619215,,PAIMANA_ID,1.0,0
P-619216,619216,,PAIMANA_ID,1.0,0
P-619217,619217,,PAIMANA_ID,1.0,0
P-619218,619218,,PAIMANA_ID,1.0,0
P-619219,619219,,PAIMANA_ID,1.0,0
P-619220,619220,,PAIMANA_ID,1.0,0
P-619222,619222,,PAIMANA_ID,1.0,0
P-619223,619223,,PAIMANA_ID,1.0,0
P-619224,619224,,PAIMANA_ID,1.0,0
P-619225,619225,,PAIMANA_ID,1.0,0
P-619226,619226,,PAIMANA_ID,1.0,0
P-619227,619227,,PAIMANA_ID,1.0,0
P-619228,619228,,PAIMANA_ID,1.0,0
P-619251,619251,,PAIMANA_ID,1.0,0
P-619253,619253,,PAIMANA_ID,1.0,0
P-619289,619289,,PAIMANA_ID,1.0,0
P-619291,619291,,PAIMANA_ID,1.0,0
P-619292,619292,,PAIMANA_ID,1.0,0
P-619293,619293,,PAIMANA_ID,1.0,0
P-619294,619294,,PAIMANA_ID,1.0,0
P-619295,619295,,PAIMANA_ID,1.0,0
P-619301,619301,,PAIMANA_ID,1.0,0
P-619305,619305,,PAIMANA_ID,1.0,0
P-619306,619306,,PAIMANA_ID,1.0,0
P-619307,619307,,PAIMANA_ID,1.0,0
P-619308,619308,,PAIMANA_ID,1.0,0
P-619311,619311,,PAIMANA_ID,1.0,0
P-619312,619312,,PAIMANA_ID,1.0,0
P-619313,619313,,PAIMANA_ID,1.0,0
P-619314,619314,,PAIMANA_ID,1.0,0
P-619316,619316,,PAIMANA_ID,1.0,0
P-619317,619317,,PAIMANA_ID,1.0,0
P-619318,619318,,PAIMANA_ID,1.0,0
P-619320,619320,,PAIMANA_ID,1.0,0
P-701091,701091,,PAIMANA_ID,1.0,0
P-701101,701101,N04000082,PAIMANA_ID,0.98,0
P-701105,701105,N04000095,PAIMANA_ID,0.98,0
P-701107,701107,N04000091,PAIMANA_ID,0.98,0
P-701113,701113,N04000114,PAIMANA_ID,0.98,0
P-701121,701121,N04000103,PAIMANA_ID,0.98,0
P-701122,701122,N04000113,PAIMANA_ID,0.98,0
P-701126,701126,N04000099,PAIMANA_ID,0.98,0
P-701127,701127,N04000101,PAIMANA_ID,0.98,0
P-701128,701128,N04000104,PAIMANA_ID,0.98,0
P-701167,701167,N28000150,PAIMANA_ID,0.98,0
P-701168,701168,,PAIMANA_ID,1.0,0
P-701170,701170,,PAIMANA_ID,1.0,0
P-701171,701171,N21000031,PAIMANA_ID,0.98,0
P-701172,701172,,PAIMANA_ID,1.0,0
P-701173,701173,N21000032,PAIMANA_ID,0.98,0
P-701228,701228,N16000285,PAIMANA_ID,0.98,0
P-701263,701263,N16000513,PAIMANA_ID,0.98,0
P-701269,701269,,PAIMANA_ID,1.0,0
P-701289,701289,N16000412,PAIMANA_ID,0.98,0
P-701324,701324,N16000386,PAIMANA_ID,0.98,0
P-701329,701329,N16000409,PAIMANA_ID,0.98,0
P-701330,701330,,PAIMANA_ID,1.0,0
P-701338,701338,,PAIMANA_ID,1.0,0
P-701341,701341,,PAIMANA_ID,1.0,0
P-701343,701343,N16000388,PAIMANA_ID,0.98,0
P-701344,701344,N16000391,PAIMANA_ID,0.98,0
P-701346,701346,N16000439,PAIMANA_ID,0.98,0
P-701349,701349,N16000394,PAIMANA_ID,0.98,0
P-701350,701350,N16000449,PAIMANA_ID,0.98,0
P-701354,701354,N16000398,PAIMANA_ID,0.98,0
P-701370,701370,,PAIMANA_ID,1.0,0
P-701371,701371,,PAIMANA_ID,1.0,0
P-701372,701372,,PAIMANA_ID,1.0,0
P-701376,701376,,PAIMANA_ID,1.0,0
P-701377,701377,,PAIMANA_ID,1.0,0
P-701383,701383,,PAIMANA_ID,1.0,0
P-701384,701384,,PAIMANA_ID,1.0,0
P-701386,701386,,PAIMANA_ID,1.0,0
P-701388,701388,,PAIMANA_ID,1.0,0
P-701390,701390,,PAIMANA_ID,1.0,0
P-701391,701391,,PAIMANA_ID,1.0,0
P-701392,701392,,PAIMANA_ID,1.0,0
P-701395,701395,,PAIMANA_ID,1.0,0
P-701396,701396,,PAIMANA_ID,1.0,0
P-701398,701398,,PAIMANA_ID,1.0,0
P-701399,701399,,PAIMANA_ID,1.0,0
P-701400,701400,,PAIMANA_ID,1.0,0
P-701402,701402,,PAIMANA_ID,1.0,0
P-701404,701404,,PAIMANA_ID,1.0,0
P-701405,701405,,PAIMANA_ID,1.0,0
P-701406,701406,,PAIMANA_ID,1.0,0
P-701408,701408,,PAIMANA_ID,1.0,0
P-701410,701410,,PAIMANA_ID,1.0,0
P-701411,701411,,PAIMANA_ID,1.0,0
P-701412,701412,,PAIMANA_ID,1.0,0
P-701415,701415,N30000002,PAIMANA_ID,0.98,0
P-701530,701530,,PAIMANA_ID,1.0,0
P-701564,701564,,PAIMANA_ID,1.0,0
P-701565,701565,N25000072,PAIMANA_ID,0.98,0
P-701568,701568,,PAIMANA_ID,1.0,0
P-701570,701570,,PAIMANA_ID,1.0,0
P-701574,701574,,PAIMANA_ID,1.0,0
P-701576,701576,,PAIMANA_ID,1.0,0
P-701577,701577,,PAIMANA_ID,1.0,0
P-701586,701586,,PAIMANA_ID,1.0,0
P-701593,701593,,PAIMANA_ID,1.0,0
P-701597,701597,,PAIMANA_ID,1.0,0
P-701598,701598,,PAIMANA_ID,1.0,0
P-701599,701599,,PAIMANA_ID,1.0,0
P-701600,701600,,PAIMANA_ID,1.0,0
P-701602,701602,,PAIMANA_ID,1.0,0
P-701657,701657,,PAIMANA_ID,1.0,0
P-701658,701658,,PAIMANA_ID,1.0,0
P-701668,701668,,PAIMANA_ID,1.0,0
P-701719,701719,,PAIMANA_ID,1.0,0
P-701745,701745,,PAIMANA_ID,1.0,0
P-701766,701766,,PAIMANA_ID,1.0,0
P-701991,701991,,PAIMANA_ID,1.0,0
P-702355,702355,,PAIMANA_ID,1.0,0
P-702522,702522,,PAIMANA_ID,1.0,0
P-702524,702524,,PAIMANA_ID,1.0,0
P-702540,702540,,PAIMANA_ID,1.0,0
P-702544,702544,,PAIMANA_ID,1.0,0
P-702555,702555,,PAIMANA_ID,1.0,0
P-702612,702612,,PAIMANA_ID,1.0,0
P-702625,702625,N28000124,PAIMANA_ID,0.98,0
P-702626,702626,N28000125,PAIMANA_ID,0.98,0
P-702627,702627,N28000148,PAIMANA_ID,0.98,0
P-702628,702628,N28000144,PAIMANA_ID,0.98,0
P-702629,702629,N28000145,PAIMANA_ID,0.98,0
P-702630,702630,N28000138,PAIMANA_ID,0.98,0
P-702631,702631,N28000137,PAIMANA_ID,0.98,0
P-702632,702632,N28000135,PAIMANA_ID,0.98,0
P-702633,702633,N28000134,PAIMANA_ID,0.98,0
P-702635,702635,N28000058,PAIMANA_ID,0.98,0
P-702637,702637,N28000086,PAIMANA_ID,0.98,0
P-702639,702639,N28000122,PAIMANA_ID,0.98,0
P-702658,702658,N28000155,PAIMANA_ID,0.98,0
P-702664,702664,N28000158,PAIMANA_ID,0.98,0
P-702665,702665,N28000151,PAIMANA_ID,0.98,0
P-702668,702668,,PAIMANA_ID,1.0,0
P-702674,702674,,PAIMANA_ID,1.0,0
P-702682,702682,,PAIMANA_ID,1.0,0
P-702699,702699,,PAIMANA_ID,1.0,0
P-702734,702734,,PAIMANA_ID,1.0,0
P-702735,702735,,PAIMANA_ID,1.0,0
P-702741,702741,,PAIMANA_ID,1.0,0
P-702742,702742,,PAIMANA_ID,1.0,0
P-702746,702746,,PAIMANA_ID,1.0,0
P-702760,702760,,PAIMANA_ID,1.0,0
P-702764,702764,,PAIMANA_ID,1.0,0
P-702793,702793,,PAIMANA_ID,1.0,0
P-702798,702798,,PAIMANA_ID,1.0,0
P-702808,702808,,PAIMANA_ID,1.0,0
P-702810,702810,,PAIMANA_ID,1.0,0
P-702833,702833,,PAIMANA_ID,1.0,0
P-702840,702840,,PAIMANA_ID,1.0,0
P-702842,702842,,PAIMANA_ID,1.0,0
P-702851,702851,,PAIMANA_ID,1.0,0
P-702854,702854,,PAIMANA_ID,1.0,0
P-702948,702948,,PAIMANA_ID,1.0,0
P-702949,702949,,PAIMANA_ID,1.0,0
P-702958,702958,,PAIMANA_ID,1.0,0
P-703021,703021,,PAIMANA_ID,1.0,0
P-703057,703057,,PAIMANA_ID,1.0,0
P-703585,703585,N22000543,PAIMANA_ID,0.98,0
P-703586,703586,N22000542,PAIMANA_ID,0.98,0
P-704495,704495,,PAIMANA_ID,1.0,0
P-705237,705237,N22000464,PAIMANA_ID,0.98,0
P-705244,705244,,PAIMANA_ID,1.0,0
P-705252,705252,,PAIMANA_ID,1.0,0
P-705253,705253,,PAIMANA_ID,1.0,0
P-705298,705298,,PAIMANA_ID,1.0,0
P-705300,705300,,PAIMANA_ID,1.0,0
P-705356,705356,,PAIMANA_ID,1.0,0
P-705357,705357,N22000615,PAIMANA_ID,0.98,0
P-705358,705358,,PAIMANA_ID,1.0,0
P-705359,705359,,PAIMANA_ID,1.0,0
P-705362,705362,N22000181,PAIMANA_ID,0.98,0
P-705363,705363,,PAIMANA_ID,1.0,0
P-705364,705364,,PAIMANA_ID,1.0,0
P-705366,705366,,PAIMANA_ID,1.0,0
P-705368,705368,N22000177,PAIMANA_ID,0.98,0
P-705373,705373,N22000476,PAIMANA_ID,0.98,0
P-705375,705375,,PAIMANA_ID,1.0,0
P-705385,705385,N22000219,PAIMANA_ID,0.98,0
P-705391,705391,,PAIMANA_ID,1.0,0
P-705392,705392,N22000124,PAIMANA_ID,0.98,0
P-705394,705394,,PAIMANA_ID,1.0,0
P-705396,705396,,PAIMANA_ID,1.0,0
P-705400,705400,,PAIMANA_ID,1.0,0
P-705401,705401,N22000208,PAIMANA_ID,0.98,0
P-705410,705410,,PAIMANA_ID,1.0,0
P-705419,705419,N22000148,PAIMANA_ID,0.98,0
P-705424,705424,N22000467,PAIMANA_ID,0.98,0
P-705428,705428,N22000273,PAIMANA_ID,0.98,0
P-705429,705429,N22000406,PAIMANA_ID,0.98,0
P-705432,705432,N22000102,PAIMANA_ID,0.98,0
P-705433,705433,N22000602,PAIMANA_ID,1.0,0
P-705434,705434,,PAIMANA_ID,1.0,0
P-705436,705436,,PAIMANA_ID,1.0,0
P-705437,705437,N22000032,PAIMANA_ID,0.98,0
P-705444,705444,,PAIMANA_ID,1.0,0
P-705450,705450,N22000207,PAIMANA_ID,0.98,0
P-705453,705453,N22000139,PAIMANA_ID,0.98,0
P-705454,705454,N22000138,PAIMANA_ID,0.98,0
P-705457,705457,N22000120,PAIMANA_ID,0.98,0
P-705458,705458,N22000142,PAIMANA_ID,0.98,0
P-705464,705464,,PAIMANA_ID,1.0,0
P-705479,705479,N22000480,PAIMANA_ID,0.98,0
P-705480,705480,,PAIMANA_ID,1.0,0
P-705481,705481,,PAIMANA_ID,1.0,0
P-705482,705482,N22000158,PAIMANA_ID,0.98,0
P-705489,705489,,PAIMANA_ID,1.0,0
P-705490,705490,N22000299,PAIMANA_ID,0.98,0
P-705491,705491,N22000308,PAIMANA_ID,0.98,0
P-705492,705492,N22000486,PAIMANA_ID,0.98,0
P-705493,705493,,PAIMANA_ID,1.0,0
P-705494,705494,N22000279,PAIMANA_ID,0.98,0
P-705495,705495,N22000258,PAIMANA_ID,0.98,0
P-705496,705496,N22000256,PAIMANA_ID,0.98,0
P-705497,705497,,PAIMANA_ID,1.0,0
P-705498,705498,N22000233,PAIMANA_ID,0.98,0
P-705500,705500,N22000250,PAIMANA_ID,0.98,0
P-705502,705502,N22000356,PAIMANA_ID,0.98,0
P-705503,705503,N22000359,PAIMANA_ID,0.98,0
P-705504,705504,N22000360,PAIMANA_ID,0.98,0
P-705505,705505,N22000362,PAIMANA_ID,0.98,0
P-705506,705506,N22000361,PAIMANA_ID,0.98,0
P-705507,705507,N22000358,PAIMANA_ID,0.98,0
P-705510,705510,N22000316,PAIMANA_ID,0.98,0
P-705511,705511,N22000376,PAIMANA_ID,0.98,0
P-705512,705512,N22000377,PAIMANA_ID,0.98,0
P-705513,705513,N22000379,PAIMANA_ID,0.98,0
P-705514,705514,N22000380,PAIMANA_ID,0.98,0
P-705515,705515,N22000381,PAIMANA_ID,0.98,0
P-705520,705520,,PAIMANA_ID,1.0,0
P-705526,705526,N22000329,PAIMANA_ID,0.98,0
P-705527,705527,N22000472,PAIMANA_ID,0.98,0
P-705528,705528,N22000473,PAIMANA_ID,0.98,0
P-705562,705562,N22000134,PAIMANA_ID,0.98,0
P-705566,705566,,PAIMANA_ID,1.0,0
P-705567,705567,N22000468,PAIMANA_ID,0.98,0
P-705572,705572,N22000388,PAIMANA_ID,0.98,0
P-705583,705583,N22000281,PAIMANA_ID,0.98,0
P-705588,705588,N22000583,PAIMANA_ID,0.98,0
P-705598,705598,N22000496,PAIMANA_ID,0.98,0
P-705608,705608,N22000495,PAIMANA_ID,0.98,0
P-705610,705610,N22000587,PAIMANA_ID,0.98,0
P-705612,705612,N22000261,PAIMANA_ID,0.98,0
P-705613,705613,N22000367,PAIMANA_ID,0.98,0
P-705616,705616,N22000484,PAIMANA_ID,0.98,0
P-705617,705617,N22000420,PAIMANA_ID,0.98,0
P-705628,705628,N22000396,PAIMANA_ID,0.98,0
P-705629,705629,N22000506,PAIMANA_ID,0.98,0
P-705632,705632,N22000586,PAIMANA_ID,0.98,0
P-705633,705633,N22000368,PAIMANA_ID,0.98,0
P-705635,705635,N22000399,PAIMANA_ID,0.98,0
P-705638,705638,N22000620,PAIMANA_ID,0.98,0
P-705639,705639,N22000619,PAIMANA_ID,0.98,0
P-705648,705648,N22000369,PAIMANA_ID,0.98,0
P-705650,705650,N22000297,PAIMANA_ID,0.98,0
P-705651,705651,,PAIMANA_ID,1.0,0
P-705659,705659,N22000554,PAIMANA_ID,0.98,0
P-705660,705660,N22000351,PAIMANA_ID,0.98,0
P-705661,705661,N22000416,PAIMANA_ID,0.98,0
P-705662,705662,N22000333,PAIMANA_ID,0.98,0
P-705663,705663,N22000621,PAIMANA_ID,0.98,0
P-705667,705667,N22000501,PAIMANA_ID,0.98,0
P-705668,705668,N22000595,PAIMANA_ID,0.98,0
P-705694,705694,,PAIMANA_ID,1.0,0
P-705708,705708,,PAIMANA_ID,1.0,0
P-705710,705710,,PAIMANA_ID,1.0,0
P-705712,705712,,PAIMANA_ID,1.0,0
P-705717,705717,,PAIMANA_ID,1.0,0
P-705720,705720,,PAIMANA_ID,1.0,0
P-705721,705721,,PAIMANA_ID,1.0,0
P-705722,705722,,PAIMANA_ID,1.0,0
P-705726,705726,,PAIMANA_ID,1.0,0
P-705728,705728,N22000463,PAIMANA_ID,0.98,0
P-705730,705730,N22000111,PAIMANA_ID,0.98,0
P-705735,705735,N22000513,PAIMANA_ID,0.98,0
P-705741,705741,N22000517,PAIMANA_ID,0.98,0
P-705742,705742,N22000516,PAIMANA_ID,0.98,0
P-705743,705743,,PAIMANA_ID,1.0,0
P-705747,705747,,PAIMANA_ID,1.0,0
P-705752,705752,N22000593,PAIMANA_ID,0.98,0
P-705755,705755,,PAIMANA_ID,1.0,0
P-705756,705756,,PAIMANA_ID,1.0,0
P-705761,705761,N22000559,PAIMANA_ID,0.98,0
P-705762,705762,,PAIMANA_ID,1.0,0
P-705763,705763,N22000601,PAIMANA_ID,0.98,0
P-705764,705764,N22000503,PAIMANA_ID,0.98,0
P-705765,705765,N22000611,PAIMANA_ID,0.98,0
P-705766,705766,N22000546,PAIMANA_ID,0.98,0
P-705767,705767,,PAIMANA_ID,1.0,0
P-705771,705771,N22000563,PAIMANA_ID,0.98,0
P-705772,705772,N22000544,PAIMANA_ID,0.98,0
P-705774,705774,N22000562,PAIMANA_ID,0.98,0
P-705777,705777,N22000564,PAIMANA_ID,0.98,0
P-705779,705779,,PAIMANA_ID,1.0,0
P-705780,705780,N22000598,PAIMANA_ID,0.98,0
P-705782,705782,N22000590,PAIMANA_ID,0.98,0
P-705783,705783,N22000584,PAIMANA_ID,0.98,0
P-705784,705784,,PAIMANA_ID,1.0,0
P-705785,705785,N22000508,PAIMANA_ID,0.98,0
P-705789,705789,,PAIMANA_ID,1.0,0
P-705793,705793,,PAIMANA_ID,1.0,0
P-705794,705794,,PAIMANA_ID,1.0,0
P-705799,705799,N22000629,PAIMANA_ID,0.98,0
P-705863,705863,,PAIMANA_ID,1.0,0
P-705912,705912,,PAIMANA_ID,1.0,0
P-705918,705918,N22000545,PAIMANA_ID,0.98,0
P-705919,705919,N22000553,PAIMANA_ID,0.98,0
P-705933,705933,N22000536,PAIMANA_ID,0.98,0
P-705941,705941,,PAIMANA_ID,1.0,0
P-706718,706718,N04000100,PAIMANA_ID,0.98,0
P-706724,706724,N04000083,PAIMANA_ID,0.98,0
P-706757,706757,N22000622,PAIMANA_ID,0.98,0
P-706759,706759,N22000350,PAIMANA_ID,0.98,0
P-706763,706763,N22000535,PAIMANA_ID,0.98,0
P-706775,706775,,PAIMANA_ID,1.0,0
P-706776,706776,N22000108,PAIMANA_ID,0.98,0
P-706777,706777,N22000109,PAIMANA_ID,0.98,0
P-706779,706779,N22000092,PAIMANA_ID,0.98,0
P-706780,706780,N22000627,PAIMANA_ID,0.98,0
P-706781,706781,,PAIMANA_ID,1.0,0
P-706811,706811,N12000124,PAIMANA_ID,0.98,0
P-706835,706835,N22000557,PAIMANA_ID,0.98,0
P-706836,706836,,PAIMANA_ID,1.0,0
P-706837,706837,N22000529,PAIMANA_ID,0.98,0
P-706844,706844,,PAIMANA_ID,1.0,0
P-706854,706854,N22000580,PAIMANA_ID,0.98,0
P-706856,706856,,PAIMANA_ID,1.0,0
P-706860,706860,N22000524,PAIMANA_ID,0.98,0
P-706865,706865,,PAIMANA_ID,1.0,0
P-706866,706866,N22000607,PAIMANA_ID,0.98,0
P-706898,706898,,PAIMANA_ID,1.0,0
P-706922,706922,,PAIMANA_ID,1.0,0
P-706940,706940,,PAIMANA_ID,1.0,0
P-706942,706942,,PAIMANA_ID,1.0,0
P-706950,706950,,PAIMANA_ID,1.0,0
P-707020,707020,,PAIMANA_ID,1.0,0
P-707021,707021,,PAIMANA_ID,1.0,0
P-707022,707022,,PAIMANA_ID,1.0,0
P-707039,707039,,PAIMANA_ID,1.0,0
P-707044,707044,,PAIMANA_ID,1.0,0
P-707045,707045,,PAIMANA_ID,1.0,0
P-707046,707046,,PAIMANA_ID,1.0,0
P-707049,707049,,PAIMANA_ID,1.0,0
P-707050,707050,,PAIMANA_ID,1.0,0
P-707058,707058,,PAIMANA_ID,1.0,0
P-707059,707059,,PAIMANA_ID,1.0,0
P-707069,707069,,PAIMANA_ID,1.0,0
P-707070,707070,,PAIMANA_ID,1.0,0
P-707086,707086,,PAIMANA_ID,1.0,0
P-707087,707087,,PAIMANA_ID,1.0,0
P-707215,707215,,PAIMANA_ID,1.0,0
P-707229,707229,,PAIMANA_ID,1.0,0
P-707267,707267,,PAIMANA_ID,1.0,0
P-707410,707410,,PAIMANA_ID,1.0,0
P-707419,707419,,PAIMANA_ID,1.0,0
P-708655,708655,,PAIMANA_ID,1.0,0
P-708662,708662,,PAIMANA_ID,1.0,0
P-709747,709747,N18000297,PAIMANA_ID,0.98,0
P-709748,709748,,PAIMANA_ID,1.0,0
P-709749,709749,N26000114,PAIMANA_ID,0.98,0
P-709750,709750,,PAIMANA_ID,1.0,0
P-709752,709752,N16000432,PAIMANA_ID,0.98,0
P-709753,709753,N16000478,PAIMANA_ID,0.98,0
P-709754,709754,N16000484,PAIMANA_ID,0.98,0
P-709755,709755,N16000494,PAIMANA_ID,0.98,0
P-709757,709757,N16000497,PAIMANA_ID,0.98,0
P-709758,709758,N16000498,PAIMANA_ID,0.98,0
P-709759,709759,N16000512,PAIMANA_ID,0.98,0
P-709760,709760,N16000534,PAIMANA_ID,0.98,0
P-709761,709761,,PAIMANA_ID,1.0,0
P-709766,709766,N16000485,PAIMANA_ID,0.98,0
P-709768,709768,,PAIMANA_ID,1.0,0
P-709770,709770,N16000488,PAIMANA_ID,0.98,0
P-709771,709771,N16000487,PAIMANA_ID,0.98,0
P-709772,709772,N16000491,PAIMANA_ID,0.98,0
P-709773,709773,N16000527,PAIMANA_ID,0.98,0
P-709774,709774,N16000437,PAIMANA_ID,0.98,0
P-709776,709776,N16000441,PAIMANA_ID,0.98,0
P-709777,709777,N16000453,PAIMANA_ID,0.98,0
P-709778,709778,N16000454,PAIMANA_ID,0.98,0
P-709779,709779,N16000457,PAIMANA_ID,0.98,0
P-709780,709780,N16000504,PAIMANA_ID,0.98,0
P-709781,709781,N16000505,PAIMANA_ID,0.98,0
P-709782,709782,N16000456,PAIMANA_ID,0.98,0
P-709783,709783,,PAIMANA_ID,1.0,0
P-709785,709785,N16000480,PAIMANA_ID,0.98,0
P-709786,709786,N16000529,PAIMANA_ID,0.98,0
P-709789,709789,,PAIMANA_ID,1.0,0
P-709790,709790,,PAIMANA_ID,1.0,0
P-709791,709791,N16000522,PAIMANA_ID,0.98,0
P-709792,709792,N16000524,PAIMANA_ID,0.98,0
P-709793,709793,N16000523,PAIMANA_ID,0.98,0
P-709794,709794,N16000520,PAIMANA_ID,0.98,0
P-709795,709795,N16000525,PAIMANA_ID,0.98,0
P-709796,709796,N16000521,PAIMANA_ID,0.98,0
P-709797,709797,N16000519,PAIMANA_ID,0.98,0
P-709798,709798,N16000518,PAIMANA_ID,0.98,0
P-709799,709799,N16000530,PAIMANA_ID,0.98,0
P-709800,709800,,PAIMANA_ID,1.0,0
P-709801,709801,,PAIMANA_ID,1.0,0
P-709808,709808,,PAIMANA_ID,1.0,0
P-709809,709809,,PAIMANA_ID,1.0,0
P-709810,709810,,PAIMANA_ID,1.0,0
P-709811,709811,N22000520,PAIMANA_ID,0.98,0
P-709812,709812,N22000539,PAIMANA_ID,0.98,0
P-709813,709813,N22000551,PAIMANA_ID,0.98,0
P-709814,709814,,PAIMANA_ID,1.0,0
P-709815,709815,N22000574,PAIMANA_ID,0.98,0
P-709816,709816,N22000575,PAIMANA_ID,0.98,0
P-709817,709817,N22000576,PAIMANA_ID,0.98,0
P-709818,709818,N22000577,PAIMANA_ID,0.98,0
P-709819,709819,N22000579,PAIMANA_ID,0.98,0
P-709820,709820,,PAIMANA_ID,1.0,0
P-709826,709826,N12000127,PAIMANA_ID,0.98,0
P-709827,709827,N12000130,PAIMANA_ID,0.98,0
P-709829,709829,,PAIMANA_ID,1.0,0
P-709830,709830,N10000012,PAIMANA_ID,0.98,0
P-709831,709831,N10000013,PAIMANA_ID,0.98,0
P-709832,709832,N10000014,PAIMANA_ID,0.98,0
P-709837,709837,,PAIMANA_ID,1.0,0
P-709838,709838,N16000444,PAIMANA_ID,0.98,0
P-709839,709839,N16000470,PAIMANA_ID,0.98,0
P-709840,709840,N16000477,PAIMANA_ID,0.98,0
P-709841,709841,N16000483,PAIMANA_ID,0.98,0
P-709842,709842,N16000481,PAIMANA_ID,0.98,0
P-709845,709845,N16000514,PAIMANA_ID,0.98,0
P-709846,709846,N16000515,PAIMANA_ID,0.98,0
P-709847,709847,N16000528,PAIMANA_ID,0.98,0
P-709848,709848,N16000526,PAIMANA_ID,0.98,0
P-709849,709849,N16000533,PAIMANA_ID,0.98,0
P-709850,709850,N16000532,PAIMANA_ID,0.98,0
P-709851,709851,N16000537,PAIMANA_ID,0.98,0
P-709855,709855,,PAIMANA_ID,1.0,0
P-709856,709856,N26000116,PAIMANA_ID,0.98,0
P-709857,709857,N26000117,PAIMANA_ID,0.98,0
P-709858,709858,,PAIMANA_ID,1.0,0
P-709859,709859,N28000115,PAIMANA_ID,0.98,0
P-709864,709864,N16000511,PAIMANA_ID,0.98,0
P-709865,709865,N16000510,PAIMANA_ID,0.98,0
P-900808,900808,N18000352,PAIMANA_ID,0.98,0
P-900872,900872,,PAIMANA_ID,1.0,0
P-900874,900874,,PAIMANA_ID,1.0,0
