project_id,snapshot_month,previous_target,previous_target_source,current_target,current_target_source,reporting_regime,interpreted_change_months,semantic_comparable,exclusion_reason
L-N04000073,2025-04,2023-06-01,REVISED,2023-06-01,ANTICIPATED,OCMS_LEGACY,0,1,
L-N04000073,2025-05,2023-06-01,ANTICIPATED,2023-06-01,REVISED,OCMS_LEGACY,0,1,
L-N04000074,2025-04,2026-03-01,REVISED,2026-06-01,ANTICIPATED,OCMS_LEGACY,3,0,TARGET_SOURCE_TRANSITION
L-N04000074,2025-05,2026-06-01,ANTICIPATED,2026-06-01,REVISED,OCMS_LEGACY,0,1,
L-N04000076,2025-04,2024-04-01,REVISED,2024-04-01,ANTICIPATED,OCMS_LEGACY,0,1,
L-N04000076,2025-05,2024-04-01,ANTICIPATED,2024-04-01,REVISED,OCMS_LEGACY,0,1,
L-N04000077,2025-04,2026-10-01,REVISED,2026-10-01,ANTICIPATED,OCMS_LEGACY,0,1,
L-N04000077,2025-05,2026-10-01,ANTICIPATED,2026-10-01,REVISED,OCMS_LEGACY,0,1,
L-N04000079,2025-04,2023-12-01,REVISED,2023-12-01,ANTICIPATED,OCMS_LEGACY,0,1,
L-N04000079,2025-05,2023-12-01,ANTICIPATED,2023-12-01,REVISED,OCMS_LEGACY,0,1,
L-N04000080,2025-04,2023-12-01,REVISED,2023-12-01,ANTICIPATED,OCMS_LEGACY,0,1,
L-N04000080,2025-05,2023-12-01,ANTICIPATED,2023-12-01,REVISED,OCMS_LEGACY,0,1,
L-N04000081,2025-04,2023-05-01,REVISED,2023-05-01,ANTICIPATED,OCMS_LEGACY,0,1,
L-N04000081,2025-05,2023-05-01,ANTICIPATED,2023-05-01,REVISED,OCMS_LEGACY,0,1,
L-N04000085,2025-04,2024-09-01,REVISED,2024-09-01,ANTICIPATED,OCMS_LEGACY,0,1,
L-N04000085,2025-05,2024-09-01,ANTICIPATED,2024-09-01,REVISED,OCMS_LEGACY,0,1,
L-N04000087,2025-02,2024-07-01,ORIGINAL,2024-07-01,REVISED,OCMS_LEGACY,0,1,
L-N04000087,2025-04,2024-07-01,REVISED,2024-07-01,ANTICIPATED,OCMS_LEGACY,0,1,
L-N04000087,2025-05,2024-07-01,ANTICIPATED,2024-07-01,REVISED,OCMS_LEGACY,0,1,
L-N04000088,2025-04,2024-12-01,REVISED,2024-12-01,ANTICIPATED,OCMS_LEGACY,0,1,
L-N04000088,2025-05,2024-12-01,ANTICIPATED,2024-12-01,REVISED,OCMS_LEGACY,0,1,
L-N04000090,2025-02,2025-03-01,ORIGINAL,2025-03-01,REVISED,OCMS_LEGACY,0,1,
L-N04000090,2025-03,2025-03-01,REVISED,2025-04-01,REVISED,OCMS_LEGACY,1,1,
L-N04000090,2025-04,2025-04-01,REVISED,2025-04-01,ANTICIPATED,OCMS_LEGACY,0,1,
L-N04000090,2025-05,2025-04-01,ANTICIPATED,2025-04-01,REVISED,OCMS_LEGACY,0,1,
L-N04000092,2025-03,2025-03-01,REVISED,2025-05-01,REVISED,OCMS_LEGACY,2,1,
L-N04000092,2025-04,2025-05-01,REVISED,2025-05-01,ANTICIPATED,OCMS_LEGACY,0,1,
L-N04000092,2025-05,2025-05-01,ANTICIPATED,2025-06-01,REVISED,OCMS_LEGACY,1,0,TARGET_SOURCE_TRANSITION
L-N04000092,2025-06,2025-06-01,REVISED,2025-07-01,REVISED,OCMS_LEGACY,1,1,
L-N04000093,2025-02,2025-02-01,REVISED,2025-03-01,REVISED,OCMS_LEGACY,1,1,
L-N04000093,2025-04,2025-03-01,REVISED,2025-03-01,ANTICIPATED,OCMS_LEGACY,0,1,
L-N04000093,2025-05,2025-03-01,ANTICIPATED,2025-03-01,REVISED,OCMS_LEGACY,0,1,
L-N04000094,2025-03,2025-03-01,REVISED,2025-04-01,REVISED,OCMS_LEGACY,1,1,
L-N04000094,2025-04,2025-04-01,REVISED,2025-05-01,ANTICIPATED,OCMS_LEGACY,1,0,TARGET_SOURCE_TRANSITION
L-N04000094,2025-05,2025-05-01,ANTICIPATED,2025-06-01,REVISED,OCMS_LEGACY,1,0,TARGET_SOURCE_TRANSITION
L-N04000094,2025-06,2025-06-01,REVISED,2025-07-01,REVISED,OCMS_LEGACY,1,1,
L-N04000098,2025-04,2024-08-01,REVISED,2024-08-01,ANTICIPATED,OCMS_LEGACY,0,1,
L-N04000098,2025-05,2024-08-01,ANTICIPATED,2024-08-01,REVISED,OCMS_LEGACY,0,1,
L-N04000102,2025-04,2025-06-01,REVISED,2025-06-01,ANTICIPATED,OCMS_LEGACY,0,1,
L-N04000102,2025-05,2025-06-01,ANTICIPATED,2025-07-01,REVISED,OCMS_LEGACY,1,0,TARGET_SOURCE_TRANSITION
L-N06000104,2025-02,2025-03-01,ORIGINAL,2025-03-01,REVISED,OCMS_LEGACY,0,1,
L-N06000104,2025-03,2025-03-01,REVISED,2025-06-01,ORIGINAL,OCMS_LEGACY,3,0,TARGET_SOURCE_TRANSITION
L-N06000104,2025-04,2025-06-01,ORIGINAL,2025-06-01,ANTICIPATED,OCMS_LEGACY,0,1,
L-N06000104,2025-05,2025-06-01,ANTICIPATED,2025-06-01,REVISED,OCMS_LEGACY,0,1,
L-N06000161,2025-04,2025-03-01,REVISED,2026-03-01,REVISED,OCMS_LEGACY,12,1,
L-N06000189,2025-03,2027-01-01,REVISED,2027-01-01,ORIGINAL,OCMS_LEGACY,0,1,
L-N06000189,2025-04,2027-01-01,ORIGINAL,2027-01-01,REVISED,OCMS_LEGACY,0,1,
L-N06000198,2025-03,2025-03-01,REVISED,2025-03-01,ORIGINAL,OCMS_LEGACY,0,1,
L-N06000198,2025-04,2025-03-01,ORIGINAL,2025-06-01,ANTICIPATED,OCMS_LEGACY,3,0,TARGET_SOURCE_TRANSITION
L-N06000198,2025-05,2025-06-01,ANTICIPATED,2025-06-01,REVISED,OCMS_LEGACY,0,1,
L-N06000210,2025-04,2025-03-01,REVISED,2026-03-01,REVISED,OCMS_LEGACY,12,1,
L-N10000011,2025-02,2024-03-01,ORIGINAL,2024-03-01,REVISED,OCMS_LEGACY,0,1,
L-N10000011,2025-03,2024-03-01,REVISED,2024-03-01,ORIGINAL,OCMS_LEGACY,0,1,
L-N10000011,2025-04,2024-03-01,ORIGINAL,2024-03-01,ANTICIPATED,OCMS_LEGACY,0,1,
L-N10000011,2025-05,2024-03-01,ANTICIPATED,2024-03-01,REVISED,OCMS_LEGACY,0,1,
L-N10000017,2025-04,2024-05-01,REVISED,2024-05-01,ANTICIPATED,OCMS_LEGACY,0,1,
L-N10000017,2025-05,2024-05-01,ANTICIPATED,2024-05-01,REVISED,OCMS_LEGACY,0,1,
L-N12000122,2025-04,2025-03-01,REVISED,2025-03-01,ANTICIPATED,OCMS_LEGACY,0,1,
L-N12000122,2025-05,2025-03-01,ANTICIPATED,2025-03-01,REVISED,OCMS_LEGACY,0,1,
L-N12000125,2025-02,2025-05-01,REVISED,2025-07-01,REVISED,OCMS_LEGACY,2,1,
L-N12000125,2025-06,2025-07-01,REVISED,2025-08-01,REVISED,OCMS_LEGACY,1,1,
L-N16000235,2025-02,2025-02-01,REVISED,2024-12-01,REVISED,OCMS_LEGACY,-2,1,
L-N16000358,2025-03,2025-02-01,REVISED,2025-06-01,REVISED,OCMS_LEGACY,4,1,
L-N16000361,2025-04,2025-03-01,REVISED,2025-03-01,ANTICIPATED,OCMS_LEGACY,0,1,
L-N16000369,2025-03,2025-03-01,REVISED,2025-08-01,REVISED,OCMS_LEGACY,5,1,
L-N16000369,2025-04,2025-08-01,REVISED,2025-08-01,ANTICIPATED,OCMS_LEGACY,0,1,
L-N16000369,2025-05,2025-08-01,ANTICIPATED,2025-08-01,REVISED,OCMS_LEGACY,0,1,
L-N16000378,2025-02,2025-03-01,ORIGINAL,2025-03-01,REVISED,OCMS_LEGACY,0,1,
L-N16000382,2025-03,2025-03-01,REVISED,2025-04-01,REVISED,OCMS_LEGACY,1,1,
L-N16000382,2025-04,2025-04-01,REVISED,2025-05-01,ANTICIPATED,OCMS_LEGACY,1,0,TARGET_SOURCE_TRANSITION
L-N16000382,2025-05,2025-05-01,ANTICIPATED,2025-06-01,REVISED,OCMS_LEGACY,1,0,TARGET_SOURCE_TRANSITION
L-N16000382,2025-06,2025-06-01,REVISED,2025-07-01,REVISED,OCMS_LEGACY,1,1,
L-N16000392,2025-04,2029-03-01,REVISED,2031-03-01,ANTICIPATED,OCMS_LEGACY,24,0,TARGET_SOURCE_TRANSITION
L-N16000392,2025-05,2031-03-01,ANTICIPATED,2031-03-01,REVISED,OCMS_LEGACY,0,1,
L-N16000411,2025-04,2025-06-01,REVISED,2025-06-01,ANTICIPATED,OCMS_LEGACY,0,1,
L-N16000411,2025-05,2025-06-01,ANTICIPATED,2025-06-01,REVISED,OCMS_LEGACY,0,1,
L-N16000423,2025-04,2030-03-01,REVISED,2030-03-01,ANTICIPATED,OCMS_LEGACY,0,1,
L-N16000423,2025-05,2030-03-01,ANTICIPATED,2030-03-01,REVISED,OCMS_LEGACY,0,1,
L-N16000426,2025-04,2030-03-01,REVISED,2030-03-01,ANTICIPATED,OCMS_LEGACY,0,1,
L-N16000426,2025-05,2030-03-01,ANTICIPATED,2030-03-01,REVISED,OCMS_LEGACY,0,1,
L-N16000429,2025-02,2025-03-01,ORIGINAL,2025-06-01,REVISED,OCMS_LEGACY,3,0,TARGET_SOURCE_TRANSITION
L-N16000429,2025-04,2025-06-01,REVISED,2025-06-01,ANTICIPATED,OCMS_LEGACY,0,1,
L-N16000429,2025-05,2025-06-01,ANTICIPATED,2025-06-01,REVISED,OCMS_LEGACY,0,1,
L-N16000429,2025-06,2025-06-01,REVISED,2025-07-01,REVISED,OCMS_LEGACY,1,1,
L-N16000436,2025-02,2025-03-01,ORIGINAL,2025-03-01,REVISED,OCMS_LEGACY,0,1,
L-N16000440,2025-02,2025-02-01,ORIGINAL,2025-06-01,REVISED,OCMS_LEGACY,4,0,TARGET_SOURCE_TRANSITION
L-N16000440,2025-03,2025-06-01,REVISED,2025-06-01,ORIGINAL,OCMS_LEGACY,0,1,
L-N16000440,2025-04,2025-06-01,ORIGINAL,2025-06-01,ANTICIPATED,OCMS_LEGACY,0,1,
L-N16000440,2025-05,2025-06-01,ANTICIPATED,2025-07-01,REVISED,OCMS_LEGACY,1,0,TARGET_SOURCE_TRANSITION
L-N16000440,2025-06,2025-07-01,REVISED,2025-08-01,REVISED,OCMS_LEGACY,1,1,
L-N16000446,2025-04,2024-05-01,REVISED,2024-05-01,ANTICIPATED,OCMS_LEGACY,0,1,
L-N16000446,2025-05,2024-05-01,ANTICIPATED,2025-06-01,REVISED,OCMS_LEGACY,13,0,TARGET_SOURCE_TRANSITION
L-N16000535,2025-03,2027-07-01,REVISED,2027-07-01,ORIGINAL,OCMS_LEGACY,0,1,
L-N16000535,2025-04,2027-07-01,ORIGINAL,2027-07-01,REVISED,OCMS_LEGACY,0,1,
L-N18000177,2025-02,2025-03-01,ORIGINAL,2025-03-01,REVISED,OCMS_LEGACY,0,1,
L-N18000177,2025-04,2025-03-01,REVISED,2025-03-01,ANTICIPATED,OCMS_LEGACY,0,1,
L-N18000177,2025-05,2025-03-01,ANTICIPATED,2025-03-01,REVISED,OCMS_LEGACY,0,1,
L-N18000272,2025-02,2025-04-01,REVISED,2025-06-01,REVISED,OCMS_LEGACY,2,1,
L-N18000272,2025-05,2025-06-01,REVISED,2025-07-01,REVISED,OCMS_LEGACY,1,1,
L-N18000272,2025-06,2025-07-01,REVISED,2025-08-01,REVISED,OCMS_LEGACY,1,1,
L-N18000286,2025-02,2025-03-01,ORIGINAL,2025-03-01,REVISED,OCMS_LEGACY,0,1,
L-N18000293,2025-03,2025-03-01,REVISED,2025-03-01,ORIGINAL,OCMS_LEGACY,0,1,
L-N18000293,2025-04,2025-03-01,ORIGINAL,2025-03-01,REVISED,OCMS_LEGACY,0,1,
L-N18000295,2025-02,2025-03-01,ORIGINAL,2025-09-01,REVISED,OCMS_LEGACY,6,0,TARGET_SOURCE_TRANSITION
L-N18000295,2025-04,2025-09-01,REVISED,2026-03-01,REVISED,OCMS_LEGACY,6,1,
L-N18000296,2025-03,2025-03-01,REVISED,2025-04-01,REVISED,OCMS_LEGACY,1,1,
L-N18000319,2025-03,2025-03-01,REVISED,2025-05-01,REVISED,OCMS_LEGACY,2,1,
L-N18000319,2025-05,2025-05-01,REVISED,2025-06-01,REVISED,OCMS_LEGACY,1,1,
L-N18000319,2025-06,2025-06-01,REVISED,2025-08-01,REVISED,OCMS_LEGACY,2,1,
L-N18000320,2025-03,2025-03-01,REVISED,2025-06-01,REVISED,OCMS_LEGACY,3,1,
L-N18000322,2025-03,2025-03-01,REVISED,2025-05-01,REVISED,OCMS_LEGACY,2,1,
L-N18000328,2025-04,2025-04-01,REVISED,2025-06-01,REVISED,OCMS_LEGACY,2,1,
L-N18000328,2025-06,2025-06-01,REVISED,2025-08-01,REVISED,OCMS_LEGACY,2,1,
L-N18000330,2025-02,2025-09-01,REVISED,2025-07-01,REVISED,OCMS_LEGACY,-2,1,
L-N18000330,2025-06,2025-07-01,REVISED,2025-09-01,REVISED,OCMS_LEGACY,2,1,
L-N18000331,2025-02,2025-03-01,REVISED,2025-05-01,REVISED,OCMS_LEGACY,2,1,
L-N18000331,2025-04,2025-05-01,REVISED,2025-06-01,REVISED,OCMS_LEGACY,1,1,
L-N18000331,2025-05,2025-06-01,REVISED,2025-07-01,REVISED,OCMS_LEGACY,1,1,
L-N18000331,2025-06,2025-07-01,REVISED,2025-08-01,REVISED,OCMS_LEGACY,1,1,
L-N18000332,2025-02,2025-03-01,REVISED,2025-05-01,REVISED,OCMS_LEGACY,2,1,
L-N18000332,2025-04,2025-05-01,REVISED,2025-08-01,REVISED,OCMS_LEGACY,3,1,
L-N18000332,2025-06,2025-08-01,REVISED,2025-09-01,REVISED,OCMS_LEGACY,1,1,
L-N18000335,2025-02,2025-09-01,ORIGINAL,2025-09-01,REVISED,OCMS_LEGACY,0,1,
L-N18000343,2025-05,2025-10-01,REVISED,2025-06-01,REVISED,OCMS_LEGACY,-4,1,
L-N18000345,2025-03,2026-01-01,REVISED,2026-03-01,REVISED,OCMS_LEGACY,2,1,
L-N18000345,2025-05,2026-03-01,REVISED,2026-01-01,REVISED,OCMS_LEGACY,-2,1,
L-N18000346,2025-03,2026-01-01,REVISED,2025-06-01,REVISED,OCMS_LEGACY,-7,1,
L-N18000346,2025-05,2025-06-01,REVISED,2026-02-01,REVISED,OCMS_LEGACY,8,1,
L-N18000347,2025-02,2025-03-01,ORIGINAL,2025-07-01,REVISED,OCMS_LEGACY,4,0,TARGET_SOURCE_TRANSITION
L-N18000347,2025-03,2025-07-01,REVISED,2025-09-01,REVISED,OCMS_LEGACY,2,1,
L-N18000348,2025-02,2025-03-01,ORIGINAL,2025-03-01,REVISED,OCMS_LEGACY,0,1,
L-N18000348,2025-03,2025-03-01,REVISED,2025-06-01,REVISED,OCMS_LEGACY,3,1,
L-N18000349,2025-02,2026-03-01,REVISED,2026-09-01,REVISED,OCMS_LEGACY,6,1,
L-N18000349,2025-03,2026-09-01,REVISED,2026-01-01,REVISED,OCMS_LEGACY,-8,1,
L-N18000349,2025-05,2026-01-01,REVISED,2026-03-01,REVISED,OCMS_LEGACY,2,1,
L-N18000350,2025-03,2025-03-01,REVISED,2025-05-01,REVISED,OCMS_LEGACY,2,1,
L-N18000350,2025-04,2025-05-01,REVISED,2025-06-01,REVISED,OCMS_LEGACY,1,1,
L-N18000350,2025-06,2025-06-01,REVISED,2025-08-01,REVISED,OCMS_LEGACY,2,1,
L-N18000351,2025-05,2025-11-01,REVISED,2025-06-01,REVISED,OCMS_LEGACY,-5,1,
L-N18000351,2025-06,2025-06-01,REVISED,2025-07-01,REVISED,OCMS_LEGACY,1,1,
L-N18000353,2025-02,2025-03-01,ORIGINAL,2025-03-01,REVISED,OCMS_LEGACY,0,1,
L-N18000353,2025-03,2025-03-01,REVISED,2025-04-01,ORIGINAL,OCMS_LEGACY,1,0,TARGET_SOURCE_TRANSITION
L-N18000353,2025-04,2025-04-01,ORIGINAL,2025-05-01,REVISED,OCMS_LEGACY,1,0,TARGET_SOURCE_TRANSITION
L-N18000353,2025-05,2025-05-01,REVISED,2025-06-01,REVISED,OCMS_LEGACY,1,1,
L-N18000354,2025-02,2025-02-01,REVISED,2025-04-01,REVISED,OCMS_LEGACY,2,1,
L-N18000354,2025-03,2025-04-01,REVISED,2025-03-01,REVISED,OCMS_LEGACY,-1,1,
L-N18000356,2025-02,2025-03-01,REVISED,2025-05-01,REVISED,OCMS_LEGACY,2,1,
L-N18000356,2025-04,2025-05-01,REVISED,2025-09-01,REVISED,OCMS_LEGACY,4,1,
L-N18000357,2025-03,2025-03-01,REVISED,2025-05-01,REVISED,OCMS_LEGACY,2,1,
L-N18000357,2025-05,2025-05-01,REVISED,2025-06-01,REVISED,OCMS_LEGACY,1,1,
L-N18000357,2025-06,2025-06-01,REVISED,2025-07-01,REVISED,OCMS_LEGACY,1,1,
L-N18000358,2025-02,2025-03-01,REVISED,2025-04-01,REVISED,OCMS_LEGACY,1,1,
L-N18000358,2025-04,2025-04-01,REVISED,2025-06-01,REVISED,OCMS_LEGACY,2,1,
L-N18000358,2025-06,2025-06-01,REVISED,2025-07-01,REVISED,OCMS_LEGACY,1,1,
L-N18000359,2025-03,2025-03-01,REVISED,2025-05-01,REVISED,OCMS_LEGACY,2,1,
L-N18000359,2025-05,2025-05-01,REVISED,2025-06-01,REVISED,OCMS_LEGACY,1,1,
L-N18000359,2025-06,2025-06-01,REVISED,2025-08-01,REVISED,OCMS_LEGACY,2,1,
L-N18000360,2025-02,2025-04-01,REVISED,2025-06-01,REVISED,OCMS_LEGACY,2,1,
L-N18000360,2025-04,2025-06-01,REVISED,2025-09-01,REVISED,OCMS_LEGACY,3,1,
L-N18000361,2025-02,2025-04-01,REVISED,2025-06-01,REVISED,OCMS_LEGACY,2,1,
L-N18000361,2025-05,2025-06-01,REVISED,2025-09-01,REVISED,OCMS_LEGACY,3,1,
L-N18000365,2025-03,2026-01-01,REVISED,2026-02-01,REVISED,OCMS_LEGACY,1,1,
L-N18000365,2025-05,2026-02-01,REVISED,2026-01-01,REVISED,OCMS_LEGACY,-1,1,
L-N18000366,2025-02,2025-05-01,ORIGINAL,2025-09-01,REVISED,OCMS_LEGACY,4,0,TARGET_SOURCE_TRANSITION
L-N18000366,2025-03,2025-09-01,REVISED,2025-12-01,REVISED,OCMS_LEGACY,3,1,
L-N18000366,2025-05,2025-12-01,REVISED,2026-03-01,REVISED,OCMS_LEGACY,3,1,
L-N18000368,2025-06,2025-08-01,REVISED,2025-09-01,REVISED,OCMS_LEGACY,1,1,
L-N18000370,2025-02,2024-01-01,ORIGINAL,2024-01-01,REVISED,OCMS_LEGACY,0,1,
L-N18000370,2025-03,2024-01-01,REVISED,2025-03-01,REVISED,OCMS_LEGACY,14,1,
L-N18000370,2025-04,2025-03-01,REVISED,2025-03-01,ANTICIPATED,OCMS_LEGACY,0,1,
L-N18000370,2025-05,2025-03-01,ANTICIPATED,2025-03-01,REVISED,OCMS_LEGACY,0,1,
L-N18000376,2025-02,2025-04-01,REVISED,2025-06-01,REVISED,OCMS_LEGACY,2,1,
L-N18000376,2025-04,2025-06-01,REVISED,2025-08-01,REVISED,OCMS_LEGACY,2,1,
L-N18000376,2025-06,2025-08-01,REVISED,2025-09-01,REVISED,OCMS_LEGACY,1,1,
L-N18000406,2025-06,2026-03-01,REVISED,2026-11-01,REVISED,OCMS_LEGACY,8,1,
L-N21000027,2025-04,2024-11-01,REVISED,2024-11-01,ANTICIPATED,OCMS_LEGACY,0,1,
L-N21000027,2025-05,2024-11-01,ANTICIPATED,2025-06-01,REVISED,OCMS_LEGACY,7,0,TARGET_SOURCE_TRANSITION
L-N21000029,2025-02,2025-01-01,REVISED,2025-03-01,REVISED,OCMS_LEGACY,2,1,
L-N21000029,2025-03,2025-03-01,REVISED,2025-04-01,REVISED,OCMS_LEGACY,1,1,
L-N21000029,2025-04,2025-04-01,REVISED,2025-05-01,ANTICIPATED,OCMS_LEGACY,1,0,TARGET_SOURCE_TRANSITION
L-N21000029,2025-05,2025-05-01,ANTICIPATED,2025-05-01,REVISED,OCMS_LEGACY,0,1,
L-N22000087,2025-05,2025-09-01,REVISED,2025-06-01,REVISED,OCMS_LEGACY,-3,1,
L-N22000100,2025-02,2025-07-01,ORIGINAL,2025-07-01,REVISED,OCMS_LEGACY,0,1,
L-N22000100,2025-03,2025-07-01,REVISED,2025-07-01,ORIGINAL,OCMS_LEGACY,0,1,
L-N22000100,2025-04,2025-07-01,ORIGINAL,2025-07-01,REVISED,OCMS_LEGACY,0,1,
L-N22000100,2025-05,2025-07-01,REVISED,2025-06-01,REVISED,OCMS_LEGACY,-1,1,
L-N22000274,2025-03,,MISSING,2025-03-01,ORIGINAL,OCMS_LEGACY,,0,MISSING_TARGET
L-N22000274,2025-04,2025-03-01,ORIGINAL,2025-03-01,REVISED,OCMS_LEGACY,0,1,
L-N22000349,2025-02,2024-11-01,ORIGINAL,2024-11-01,REVISED,OCMS_LEGACY,0,1,
L-N22000349,2025-03,2024-11-01,REVISED,2025-02-01,ORIGINAL,OCMS_LEGACY,3,0,TARGET_SOURCE_TRANSITION
L-N22000349,2025-04,2025-02-01,ORIGINAL,2025-02-01,REVISED,OCMS_LEGACY,0,1,
L-N22000417,2025-02,2024-09-01,ORIGINAL,2024-09-01,REVISED,OCMS_LEGACY,0,1,
L-N22000417,2025-03,2024-09-01,REVISED,2025-01-01,ORIGINAL,OCMS_LEGACY,4,0,TARGET_SOURCE_TRANSITION
L-N22000417,2025-04,2025-01-01,ORIGINAL,2025-01-01,REVISED,OCMS_LEGACY,0,1,
L-N22000419,2025-03,2024-08-01,REVISED,2024-12-01,REVISED,OCMS_LEGACY,4,1,
L-N22000470,2025-03,2025-03-01,REVISED,2025-05-01,REVISED,OCMS_LEGACY,2,1,
L-N22000470,2025-05,2025-05-01,REVISED,2025-08-01,REVISED,OCMS_LEGACY,3,1,
L-N22000485,2025-03,2025-03-01,REVISED,2025-03-01,ORIGINAL,OCMS_LEGACY,0,1,
L-N22000485,2025-04,2025-03-01,ORIGINAL,2025-03-01,ANTICIPATED,OCMS_LEGACY,0,1,
L-N22000485,2025-05,2025-03-01,ANTICIPATED,2025-03-01,REVISED,OCMS_LEGACY,0,1,
L-N22000504,2025-04,2025-02-01,REVISED,2025-02-01,ANTICIPATED,OCMS_LEGACY,0,1,
L-N22000504,2025-05,2025-02-01,ANTICIPATED,2025-06-01,REVISED,OCMS_LEGACY,4,0,TARGET_SOURCE_TRANSITION
L-N22000505,2025-04,2024-10-01,REVISED,2024-10-01,ANTICIPATED,OCMS_LEGACY,0,1,
L-N22000510,2025-02,2025-02-01,REVISED,2025-03-01,REVISED,OCMS_LEGACY,1,1,
L-N22000522,2025-02,2027-08-01,ORIGINAL,2027-08-01,REVISED,OCMS_LEGACY,0,1,
L-N22000522,2025-03,2027-08-01,REVISED,2027-08-01,ORIGINAL,OCMS_LEGACY,0,1,
L-N22000522,2025-04,2027-08-01,ORIGINAL,2027-08-01,ANTICIPATED,OCMS_LEGACY,0,1,
L-N22000522,2025-05,2027-08-01,ANTICIPATED,2027-08-01,REVISED,OCMS_LEGACY,0,1,
L-N22000523,2025-03,2024-09-01,REVISED,2024-10-01,REVISED,OCMS_LEGACY,1,1,
L-N22000526,2025-03,2027-03-01,REVISED,2026-12-01,REVISED,OCMS_LEGACY,-3,1,
L-N22000528,2025-03,2025-06-01,REVISED,2026-12-01,REVISED,OCMS_LEGACY,18,1,
L-N22000533,2025-04,2025-10-01,REVISED,2025-12-01,ANTICIPATED,OCMS_LEGACY,2,0,TARGET_SOURCE_TRANSITION
L-N22000533,2025-05,2025-12-01,ANTICIPATED,2025-12-01,REVISED,OCMS_LEGACY,0,1,
L-N22000537,2025-04,2025-06-01,REVISED,2025-06-01,ANTICIPATED,OCMS_LEGACY,0,1,
L-N22000537,2025-05,2025-06-01,ANTICIPATED,2025-06-01,REVISED,OCMS_LEGACY,0,1,
L-N22000537,2025-06,2025-06-01,REVISED,2025-07-01,REVISED,OCMS_LEGACY,1,1,
L-N22000547,2025-02,2025-06-01,ORIGINAL,2025-06-01,REVISED,OCMS_LEGACY,0,1,
L-N22000547,2025-03,2025-06-01,REVISED,2025-06-01,ORIGINAL,OCMS_LEGACY,0,1,
L-N22000547,2025-04,2025-06-01,ORIGINAL,2025-07-01,ANTICIPATED,OCMS_LEGACY,1,0,TARGET_SOURCE_TRANSITION
L-N22000547,2025-05,2025-07-01,ANTICIPATED,2025-07-01,REVISED,OCMS_LEGACY,0,1,
L-N22000547,2025-06,2025-07-01,REVISED,2025-10-01,REVISED,OCMS_LEGACY,3,1,
L-N22000548,2025-02,2030-05-01,ORIGINAL,2030-05-01,REVISED,OCMS_LEGACY,0,1,
L-N22000548,2025-03,2030-05-01,REVISED,2030-05-01,ORIGINAL,OCMS_LEGACY,0,1,
L-N22000548,2025-04,2030-05-01,ORIGINAL,2030-05-01,ANTICIPATED,OCMS_LEGACY,0,1,
L-N22000548,2025-05,2030-05-01,ANTICIPATED,2030-05-01,REVISED,OCMS_LEGACY,0,1,
L-N22000548,2025-06,2030-05-01,REVISED,2025-09-01,REVISED,OCMS_LEGACY,-56,1,
L-N22000555,2025-02,2025-06-01,REVISED,2025-12-01,REVISED,OCMS_LEGACY,6,1,
L-N22000566,2025-06,2025-06-01,REVISED,2025-08-01,REVISED,OCMS_LEGACY,2,1,
L-N22000568,2025-04,2025-03-01,REVISED,2025-03-01,ANTICIPATED,OCMS_LEGACY,0,1,
L-N22000568,2025-05,2025-03-01,ANTICIPATED,2025-03-01,REVISED,OCMS_LEGACY,0,1,
L-N22000570,2025-04,2027-08-01,REVISED,2026-08-01,REVISED,OCMS_LEGACY,-12,1,
L-N22000571,2025-02,2026-03-01,REVISED,2026-02-01,REVISED,OCMS_LEGACY,-1,1,
L-N22000589,2025-02,2025-03-01,ORIGINAL,2025-03-01,REVISED,OCMS_LEGACY,0,1,
L-N22000589,2025-04,2025-03-01,REVISED,2025-06-01,REVISED,OCMS_LEGACY,3,1,
L-N22000589,2025-05,2025-06-01,REVISED,2025-07-01,REVISED,OCMS_LEGACY,1,1,
L-N22000600,2025-02,2026-12-01,ORIGINAL,2026-12-01,REVISED,OCMS_LEGACY,0,1,
L-N22000605,2025-02,2025-12-01,REVISED,2025-05-01,REVISED,OCMS_LEGACY,-7,1,
L-N22000605,2025-03,2025-05-01,REVISED,2025-06-01,REVISED,OCMS_LEGACY,1,1,
L-N22000610,2025-02,2025-03-01,ORIGINAL,2025-03-01,REVISED,OCMS_LEGACY,0,1,
L-N22000610,2025-03,2025-03-01,REVISED,2026-02-01,ORIGINAL,OCMS_LEGACY,11,0,TARGET_SOURCE_TRANSITION
L-N22000610,2025-04,2026-02-01,ORIGINAL,2026-02-01,REVISED,OCMS_LEGACY,0,1,
L-N22000612,2025-02,2025-06-01,ORIGINAL,2025-06-01,REVISED,OCMS_LEGACY,0,1,
L-N22000612,2025-03,2025-06-01,REVISED,2025-06-01,ORIGINAL,OCMS_LEGACY,0,1,
L-N22000612,2025-04,2025-06-01,ORIGINAL,2025-06-01,REVISED,OCMS_LEGACY,0,1,
L-N22000613,2025-02,2025-05-01,REVISED,2025-07-01,REVISED,OCMS_LEGACY,2,1,
L-N22000614,2025-02,2027-03-01,ORIGINAL,2027-03-01,REVISED,OCMS_LEGACY,0,1,
L-N22000614,2025-03,2027-03-01,REVISED,2027-03-01,ORIGINAL,OCMS_LEGACY,0,1,
L-N22000614,2025-04,2027-03-01,ORIGINAL,2027-03-01,REVISED,OCMS_LEGACY,0,1,
L-N22000616,2025-02,2030-06-01,ORIGINAL,2030-06-01,REVISED,OCMS_LEGACY,0,1,
L-N22000616,2025-03,2030-06-01,REVISED,2030-06-01,ORIGINAL,OCMS_LEGACY,0,1,
L-N22000616,2025-04,2030-06-01,ORIGINAL,2030-06-01,REVISED,OCMS_LEGACY,0,1,
L-N22000618,2025-02,2027-03-01,ORIGINAL,2027-03-01,REVISED,OCMS_LEGACY,0,1,
L-N22000618,2025-03,2027-03-01,REVISED,2027-03-01,ORIGINAL,OCMS_LEGACY,0,1,
L-N22000618,2025-04,2027-03-01,ORIGINAL,2027-03-01,ANTICIPATED,OCMS_LEGACY,0,1,
L-N22000618,2025-05,2027-03-01,ANTICIPATED,2028-03-01,REVISED,OCMS_LEGACY,12,0,TARGET_SOURCE_TRANSITION
L-N22000625,2025-03,2025-03-01,REVISED,2025-06-01,REVISED,OCMS_LEGACY,3,1,
L-N22000625,2025-04,2025-06-01,REVISED,2025-06-01,ANTICIPATED,OCMS_LEGACY,0,1,
L-N22000625,2025-05,2025-06-01,ANTICIPATED,2025-06-01,REVISED,OCMS_LEGACY,0,1,
L-N22000628,2025-03,2024-06-01,REVISED,2016-09-01,REVISED,OCMS_LEGACY,-93,1,
L-N24000165,2025-02,2024-12-01,ORIGINAL,2024-12-01,REVISED,OCMS_LEGACY,0,1,
L-N24000165,2025-03,2024-12-01,REVISED,2024-12-01,ORIGINAL,OCMS_LEGACY,0,1,
L-N24000165,2025-04,2024-12-01,ORIGINAL,2024-12-01,REVISED,OCMS_LEGACY,0,1,
L-N24000165,2025-05,2024-12-01,REVISED,2025-06-01,REVISED,OCMS_LEGACY,6,1,
L-N24000245,2025-04,2019-09-01,REVISED,2019-09-01,ANTICIPATED,OCMS_LEGACY,0,1,
L-N24000245,2025-05,2019-09-01,ANTICIPATED,2019-09-01,REVISED,OCMS_LEGACY,0,1,
L-N24000247,2025-03,2025-03-01,REVISED,2017-02-01,REVISED,OCMS_LEGACY,-97,1,
L-N24000248,2025-03,2023-12-01,REVISED,2017-01-01,REVISED,OCMS_LEGACY,-83,1,
L-N24000301,2025-04,2021-05-01,REVISED,2021-05-01,ANTICIPATED,OCMS_LEGACY,0,1,
L-N24000301,2025-05,2021-05-01,ANTICIPATED,2021-05-01,REVISED,OCMS_LEGACY,0,1,
L-N24000334,2025-04,2024-08-01,REVISED,2024-08-01,ANTICIPATED,OCMS_LEGACY,0,1,
L-N24000334,2025-05,2024-08-01,ANTICIPATED,2024-08-01,REVISED,OCMS_LEGACY,0,1,
L-N24000463,2025-04,2023-08-01,REVISED,2023-08-01,ANTICIPATED,OCMS_LEGACY,0,1,
L-N24000463,2025-05,2023-08-01,ANTICIPATED,2023-08-01,REVISED,OCMS_LEGACY,0,1,
L-N24000488,2025-03,2025-03-01,REVISED,2025-04-01,REVISED,OCMS_LEGACY,1,1,
L-N24000488,2025-04,2025-04-01,REVISED,2025-05-01,ANTICIPATED,OCMS_LEGACY,1,0,TARGET_SOURCE_TRANSITION
L-N24000488,2025-05,2025-05-01,ANTICIPATED,2025-06-01,REVISED,OCMS_LEGACY,1,0,TARGET_SOURCE_TRANSITION
L-N24000488,2025-06,2025-06-01,REVISED,2024-11-01,REVISED,OCMS_LEGACY,-7,1,
L-N24000531,2025-03,2025-03-01,REVISED,2025-05-01,REVISED,OCMS_LEGACY,2,1,
L-N24000531,2025-06,2025-05-01,REVISED,2025-08-01,REVISED,OCMS_LEGACY,3,1,
L-N24000559,2025-02,2025-02-01,REVISED,2025-03-01,REVISED,OCMS_LEGACY,1,1,
L-N24000560,2025-02,2025-02-01,ORIGINAL,2025-03-01,REVISED,OCMS_LEGACY,1,0,TARGET_SOURCE_TRANSITION
L-N24000560,2025-03,2025-03-01,REVISED,2025-05-01,ORIGINAL,OCMS_LEGACY,2,0,TARGET_SOURCE_TRANSITION
L-N24000560,2025-04,2025-05-01,ORIGINAL,2025-05-01,ANTICIPATED,OCMS_LEGACY,0,1,
L-N24000560,2025-05,2025-05-01,ANTICIPATED,2025-05-01,REVISED,OCMS_LEGACY,0,1,
L-N24000560,2025-06,2025-05-01,REVISED,2025-06-01,REVISED,OCMS_LEGACY,1,1,
L-N24000564,2025-02,2025-03-01,REVISED,2025-05-01,REVISED,OCMS_LEGACY,2,1,
L-N24000564,2025-03,2025-05-01,REVISED,2025-06-01,REVISED,OCMS_LEGACY,1,1,
L-N24000564,2025-04,2025-06-01,REVISED,2025-06-01,ANTICIPATED,OCMS_LEGACY,0,1,
L-N24000564,2025-05,2025-06-01,ANTICIPATED,2025-07-01,REVISED,OCMS_LEGACY,1,0,TARGET_SOURCE_TRANSITION
L-N24000570,2025-03,2025-02-01,REVISED,2025-03-01,REVISED,OCMS_LEGACY,1,1,
L-N24000576,2025-03,2025-03-01,REVISED,2025-05-01,REVISED,OCMS_LEGACY,2,1,
L-N24000576,2025-06,2025-05-01,REVISED,2025-08-01,REVISED,OCMS_LEGACY,3,1,
L-N24000578,2025-04,2025-03-01,REVISED,2025-05-01,REVISED,OCMS_LEGACY,2,1,
L-N24000578,2025-06,2025-05-01,REVISED,2025-08-01,REVISED,OCMS_LEGACY,3,1,
L-N24000603,2025-04,2025-05-01,REVISED,2025-05-01,ANTICIPATED,OCMS_LEGACY,0,1,
L-N24000649,2025-04,2025-06-01,REVISED,2025-10-01,ANTICIPATED,OCMS_LEGACY,4,0,TARGET_SOURCE_TRANSITION
L-N24000649,2025-05,2025-10-01,ANTICIPATED,2025-10-01,REVISED,OCMS_LEGACY,0,1,
L-N24000659,2025-04,2024-10-01,REVISED,2024-10-01,ANTICIPATED,OCMS_LEGACY,0,1,
L-N24000659,2025-05,2024-10-01,ANTICIPATED,2025-05-01,REVISED,OCMS_LEGACY,7,0,TARGET_SOURCE_TRANSITION
L-N24000683,2025-04,2025-03-01,REVISED,2025-03-01,ANTICIPATED,OCMS_LEGACY,0,1,
L-N24000683,2025-05,2025-03-01,ANTICIPATED,2024-12-01,REVISED,OCMS_LEGACY,-3,0,TARGET_SOURCE_TRANSITION
L-N24000686,2025-03,2025-02-01,REVISED,2025-04-01,REVISED,OCMS_LEGACY,2,1,
L-N24000686,2025-04,2025-04-01,REVISED,2025-05-01,ANTICIPATED,OCMS_LEGACY,1,0,TARGET_SOURCE_TRANSITION
L-N24000686,2025-05,2025-05-01,ANTICIPATED,2025-05-01,REVISED,OCMS_LEGACY,0,1,
L-N24000688,2025-04,2025-09-01,REVISED,2025-09-01,ANTICIPATED,OCMS_LEGACY,0,1,
L-N24000688,2025-05,2025-09-01,ANTICIPATED,2025-09-01,REVISED,OCMS_LEGACY,0,1,
L-N24000697,2025-02,2025-02-01,REVISED,2025-03-01,REVISED,OCMS_LEGACY,1,1,
L-N24000697,2025-03,2025-03-01,REVISED,2025-04-01,REVISED,OCMS_LEGACY,1,1,
L-N24000697,2025-04,2025-04-01,REVISED,2025-05-01,REVISED,OCMS_LEGACY,1,1,
L-N24000697,2025-05,2025-05-01,REVISED,2025-06-01,REVISED,OCMS_LEGACY,1,1,
L-N24000697,2025-06,2025-06-01,REVISED,2025-07-01,REVISED,OCMS_LEGACY,1,1,
L-N24000704,2025-04,2024-02-01,REVISED,2024-02-01,ANTICIPATED,OCMS_LEGACY,0,1,
L-N24000704,2025-05,2024-02-01,ANTICIPATED,2024-02-01,REVISED,OCMS_LEGACY,0,1,
L-N24000709,2025-04,2024-12-01,REVISED,2024-12-01,ANTICIPATED,OCMS_LEGACY,0,1,
L-N24000736,2025-03,2025-03-01,REVISED,2025-06-01,REVISED,OCMS_LEGACY,3,1,
L-N24000736,2025-05,2025-06-01,REVISED,2025-07-01,REVISED,OCMS_LEGACY,1,1,
L-N24000741,2025-04,2024-03-01,REVISED,2024-03-01,ANTICIPATED,OCMS_LEGACY,0,1,
L-N24000741,2025-05,2024-03-01,ANTICIPATED,2024-03-01,REVISED,OCMS_LEGACY,0,1,
L-N24000745,2025-04,2024-09-01,REVISED,2025-05-01,ANTICIPATED,OCMS_LEGACY,8,0,TARGET_SOURCE_TRANSITION
L-N24000745,2025-05,2025-05-01,ANTICIPATED,2025-06-01,REVISED,OCMS_LEGACY,1,0,TARGET_SOURCE_TRANSITION
L-N24000749,2025-04,2024-12-01,REVISED,2025-05-01,ANTICIPATED,OCMS_LEGACY,5,0,TARGET_SOURCE_TRANSITION
L-N24000749,2025-05,2025-05-01,ANTICIPATED,2025-07-01,REVISED,OCMS_LEGACY,2,0,TARGET_SOURCE_TRANSITION
L-N24000752,2025-03,2025-03-01,REVISED,2025-04-01,REVISED,OCMS_LEGACY,1,1,
L-N24000752,2025-04,2025-04-01,REVISED,2025-04-01,ANTICIPATED,OCMS_LEGACY,0,1,
L-N24000752,2025-05,2025-04-01,ANTICIPATED,2025-04-01,REVISED,OCMS_LEGACY,0,1,
L-N24000753,2025-03,2025-03-01,REVISED,2025-04-01,REVISED,OCMS_LEGACY,1,1,
L-N24000753,2025-04,2025-04-01,REVISED,2025-04-01,ANTICIPATED,OCMS_LEGACY,0,1,
L-N24000753,2025-05,2025-04-01,ANTICIPATED,2025-04-01,REVISED,OCMS_LEGACY,0,1,
L-N24000767,2025-04,2023-12-01,REVISED,2023-12-01,ANTICIPATED,OCMS_LEGACY,0,1,
L-N24000767,2025-05,2023-12-01,ANTICIPATED,2023-12-01,REVISED,OCMS_LEGACY,0,1,
L-N24000768,2025-04,2024-04-01,REVISED,2024-04-01,ANTICIPATED,OCMS_LEGACY,0,1,
L-N24000768,2025-05,2024-04-01,ANTICIPATED,2024-04-01,REVISED,OCMS_LEGACY,0,1,
L-N24000771,2025-03,2025-03-01,REVISED,2025-04-01,REVISED,OCMS_LEGACY,1,1,
L-N24000771,2025-04,2025-04-01,REVISED,2025-06-01,ANTICIPATED,OCMS_LEGACY,2,0,TARGET_SOURCE_TRANSITION
L-N24000771,2025-05,2025-06-01,ANTICIPATED,2025-06-01,REVISED,OCMS_LEGACY,0,1,
L-N24000780,2025-04,2023-04-01,ORIGINAL,2023-04-01,REVISED,OCMS_LEGACY,0,1,
L-N24000780,2025-05,2023-04-01,REVISED,2023-04-01,ORIGINAL,OCMS_LEGACY,0,1,
L-N24000780,2025-06,2023-04-01,ORIGINAL,,MISSING,OCMS_LEGACY,,0,MISSING_TARGET
L-N24000851,2025-05,2025-06-01,REVISED,2025-12-01,REVISED,OCMS_LEGACY,6,1,
L-N24000858,2025-03,2024-05-01,REVISED,2023-07-01,REVISED,OCMS_LEGACY,-10,1,
L-N24000858,2025-04,2023-07-01,REVISED,2024-05-01,REVISED,OCMS_LEGACY,10,1,
L-N24000880,2025-04,2025-02-01,REVISED,2025-02-01,ANTICIPATED,OCMS_LEGACY,0,1,
L-N24000880,2025-05,2025-02-01,ANTICIPATED,2025-02-01,REVISED,OCMS_LEGACY,0,1,
L-N24000907,2025-05,2024-07-01,REVISED,2025-06-01,REVISED,OCMS_LEGACY,11,1,
L-N24000910,2025-05,2024-06-01,REVISED,2026-06-01,REVISED,OCMS_LEGACY,24,1,
L-N24000912,2025-02,2025-03-01,REVISED,2025-04-01,REVISED,OCMS_LEGACY,1,1,
L-N24000912,2025-03,2025-04-01,REVISED,2025-06-01,REVISED,OCMS_LEGACY,2,1,
L-N24000912,2025-04,2025-06-01,REVISED,2025-08-01,REVISED,OCMS_LEGACY,2,1,
L-N24000912,2025-05,2025-08-01,REVISED,2025-12-01,REVISED,OCMS_LEGACY,4,1,
L-N24000914,2025-02,2025-03-01,REVISED,2025-04-01,REVISED,OCMS_LEGACY,1,1,
L-N24000914,2025-03,2025-04-01,REVISED,2025-06-01,REVISED,OCMS_LEGACY,2,1,
L-N24000914,2025-04,2025-06-01,REVISED,2025-09-01,REVISED,OCMS_LEGACY,3,1,
L-N24000917,2025-02,2025-03-01,REVISED,2025-04-01,REVISED,OCMS_LEGACY,1,1,
L-N24000917,2025-03,2025-04-01,REVISED,2025-06-01,REVISED,OCMS_LEGACY,2,1,
L-N24000917,2025-06,2025-06-01,REVISED,2025-04-01,REVISED,OCMS_LEGACY,-2,1,
L-N24000925,2025-04,2024-09-01,REVISED,2024-09-01,ANTICIPATED,OCMS_LEGACY,0,1,
L-N24000925,2025-05,2024-09-01,ANTICIPATED,2024-09-01,REVISED,OCMS_LEGACY,0,1,
L-N24000980,2025-03,2024-08-01,REVISED,2019-02-01,REVISED,OCMS_LEGACY,-66,1,
L-N24000982,2025-03,2019-08-01,REVISED,2019-05-01,REVISED,OCMS_LEGACY,-3,1,
L-N24000986,2025-03,2024-01-01,REVISED,2019-05-01,REVISED,OCMS_LEGACY,-56,1,
L-N24000990,2025-03,2024-01-01,REVISED,2019-11-01,REVISED,OCMS_LEGACY,-50,1,
L-N24000993,2025-03,2023-06-01,REVISED,2020-09-01,REVISED,OCMS_LEGACY,-33,1,
L-N24000998,2025-03,2024-08-01,ORIGINAL,,MISSING,OCMS_LEGACY,,0,MISSING_TARGET
L-N24001003,2025-03,2023-12-01,REVISED,2023-12-01,ORIGINAL,OCMS_LEGACY,0,1,
L-N24001003,2025-04,2023-12-01,ORIGINAL,2023-12-01,REVISED,OCMS_LEGACY,0,1,
L-N24001008,2025-02,2023-12-01,ORIGINAL,2023-12-01,REVISED,OCMS_LEGACY,0,1,
L-N24001008,2025-03,2023-12-01,REVISED,2023-12-01,ORIGINAL,OCMS_LEGACY,0,1,
L-N24001008,2025-04,2023-12-01,ORIGINAL,2023-12-01,REVISED,OCMS_LEGACY,0,1,
L-N24001013,2025-02,2023-12-01,ORIGINAL,2023-12-01,REVISED,OCMS_LEGACY,0,1,
L-N24001013,2025-03,2023-12-01,REVISED,2023-12-01,ORIGINAL,OCMS_LEGACY,0,1,
L-N24001013,2025-04,2023-12-01,ORIGINAL,2023-12-01,REVISED,OCMS_LEGACY,0,1,
L-N24001017,2025-02,2023-12-01,ORIGINAL,2023-12-01,REVISED,OCMS_LEGACY,0,1,
L-N24001017,2025-03,2023-12-01,REVISED,2023-12-01,ORIGINAL,OCMS_LEGACY,0,1,
L-N24001017,2025-04,2023-12-01,ORIGINAL,2023-12-01,REVISED,OCMS_LEGACY,0,1,
L-N24001018,2025-02,2019-06-01,ORIGINAL,2019-06-01,REVISED,OCMS_LEGACY,0,1,
L-N24001018,2025-03,2019-06-01,REVISED,2019-06-01,ORIGINAL,OCMS_LEGACY,0,1,
L-N24001018,2025-04,2019-06-01,ORIGINAL,2019-06-01,REVISED,OCMS_LEGACY,0,1,
L-N24001021,2025-03,2023-12-01,REVISED,2023-12-01,ORIGINAL,OCMS_LEGACY,0,1,
L-N24001021,2025-04,2023-12-01,ORIGINAL,2023-12-01,REVISED,OCMS_LEGACY,0,1,
L-N24001022,2025-03,2023-12-01,REVISED,2023-12-01,ORIGINAL,OCMS_LEGACY,0,1,
L-N24001022,2025-04,2023-12-01,ORIGINAL,2023-12-01,REVISED,OCMS_LEGACY,0,1,
L-N24001027,2025-02,2024-03-01,ORIGINAL,2024-03-01,REVISED,OCMS_LEGACY,0,1,
L-N24001027,2025-03,2024-03-01,REVISED,2024-03-01,ORIGINAL,OCMS_LEGACY,0,1,
L-N24001046,2025-02,2023-08-01,ORIGINAL,2023-08-01,REVISED,OCMS_LEGACY,0,1,
L-N24001046,2025-03,2023-08-01,REVISED,2023-08-01,ORIGINAL,OCMS_LEGACY,0,1,
L-N24001046,2025-04,2023-08-01,ORIGINAL,2023-08-01,REVISED,OCMS_LEGACY,0,1,
L-N24001050,2025-03,2023-12-01,REVISED,2023-12-01,ORIGINAL,OCMS_LEGACY,0,1,
L-N24001050,2025-04,2023-12-01,ORIGINAL,2023-12-01,REVISED,OCMS_LEGACY,0,1,
L-N24001058,2025-02,2024-03-01,ORIGINAL,2024-03-01,REVISED,OCMS_LEGACY,0,1,
L-N24001058,2025-03,2024-03-01,REVISED,2024-03-01,ORIGINAL,OCMS_LEGACY,0,1,
L-N24001058,2025-04,2024-03-01,ORIGINAL,2024-03-01,REVISED,OCMS_LEGACY,0,1,
L-N24001069,2025-02,2019-09-01,ORIGINAL,2019-09-01,REVISED,OCMS_LEGACY,0,1,
L-N24001069,2025-03,2019-09-01,REVISED,2019-09-01,ORIGINAL,OCMS_LEGACY,0,1,
L-N24001069,2025-04,2019-09-01,ORIGINAL,2019-09-01,REVISED,OCMS_LEGACY,0,1,
L-N24001078,2025-02,2023-12-01,ORIGINAL,2023-12-01,REVISED,OCMS_LEGACY,0,1,
L-N24001078,2025-03,2023-12-01,REVISED,2023-12-01,ORIGINAL,OCMS_LEGACY,0,1,
L-N24001078,2025-04,2023-12-01,ORIGINAL,2023-12-01,REVISED,OCMS_LEGACY,0,1,
L-N24001079,2025-02,2023-12-01,ORIGINAL,2023-12-01,REVISED,OCMS_LEGACY,0,1,
L-N24001079,2025-03,2023-12-01,REVISED,2023-12-01,ORIGINAL,OCMS_LEGACY,0,1,
L-N24001079,2025-04,2023-12-01,ORIGINAL,2023-12-01,REVISED,OCMS_LEGACY,0,1,
L-N24001081,2025-02,2023-12-01,ORIGINAL,2023-12-01,REVISED,OCMS_LEGACY,0,1,
L-N24001090,2025-03,2023-12-01,REVISED,2023-12-01,ORIGINAL,OCMS_LEGACY,0,1,
L-N24001090,2025-04,2023-12-01,ORIGINAL,2023-12-01,REVISED,OCMS_LEGACY,0,1,
L-N24001092,2025-02,2023-12-01,ORIGINAL,2023-12-01,REVISED,OCMS_LEGACY,0,1,
L-N24001092,2025-03,2023-12-01,REVISED,2023-12-01,ORIGINAL,OCMS_LEGACY,0,1,
L-N24001092,2025-04,2023-12-01,ORIGINAL,2023-12-01,REVISED,OCMS_LEGACY,0,1,
L-N24001097,2025-02,2020-05-01,ORIGINAL,2020-05-01,REVISED,OCMS_LEGACY,0,1,
L-N24001097,2025-03,2020-05-01,REVISED,2020-05-01,ORIGINAL,OCMS_LEGACY,0,1,
L-N24001099,2025-02,2023-12-01,ORIGINAL,2023-12-01,REVISED,OCMS_LEGACY,0,1,
L-N24001099,2025-03,2023-12-01,REVISED,2023-12-01,ORIGINAL,OCMS_LEGACY,0,1,
L-N24001099,2025-04,2023-12-01,ORIGINAL,2023-12-01,REVISED,OCMS_LEGACY,0,1,
L-N24001101,2025-02,2023-11-01,ORIGINAL,2023-11-01,REVISED,OCMS_LEGACY,0,1,
L-N24001101,2025-03,2023-11-01,REVISED,2023-11-01,ORIGINAL,OCMS_LEGACY,0,1,
L-N24001101,2025-04,2023-11-01,ORIGINAL,2023-11-01,REVISED,OCMS_LEGACY,0,1,
L-N24001102,2025-02,2023-12-01,ORIGINAL,2023-12-01,REVISED,OCMS_LEGACY,0,1,
L-N24001102,2025-03,2023-12-01,REVISED,2023-12-01,ORIGINAL,OCMS_LEGACY,0,1,
L-N24001102,2025-04,2023-12-01,ORIGINAL,2023-12-01,REVISED,OCMS_LEGACY,0,1,
L-N24001111,2025-02,2024-08-01,ORIGINAL,2024-08-01,REVISED,OCMS_LEGACY,0,1,
L-N24001111,2025-03,2024-08-01,REVISED,2024-08-01,ORIGINAL,OCMS_LEGACY,0,1,
L-N24001114,2025-02,2024-03-01,ORIGINAL,2024-03-01,REVISED,OCMS_LEGACY,0,1,
L-N24001114,2025-03,2024-03-01,REVISED,2024-03-01,ORIGINAL,OCMS_LEGACY,0,1,
L-N24001114,2025-04,2024-03-01,ORIGINAL,2024-03-01,REVISED,OCMS_LEGACY,0,1,
L-N24001124,2025-02,2023-12-01,ORIGINAL,2023-12-01,REVISED,OCMS_LEGACY,0,1,
L-N24001124,2025-03,2023-12-01,REVISED,2023-12-01,ORIGINAL,OCMS_LEGACY,0,1,
L-N24001124,2025-04,2023-12-01,ORIGINAL,2023-12-01,REVISED,OCMS_LEGACY,0,1,
L-N24001125,2025-02,2023-12-01,ORIGINAL,2023-12-01,REVISED,OCMS_LEGACY,0,1,
L-N24001125,2025-03,2023-12-01,REVISED,2023-12-01,ORIGINAL,OCMS_LEGACY,0,1,
L-N24001125,2025-04,2023-12-01,ORIGINAL,2023-12-01,REVISED,OCMS_LEGACY,0,1,
L-N24001127,2025-02,2024-02-01,ORIGINAL,2024-02-01,REVISED,OCMS_LEGACY,0,1,
L-N24001138,2025-02,2023-08-01,ORIGINAL,2023-08-01,REVISED,OCMS_LEGACY,0,1,
L-N24001138,2025-03,2023-08-01,REVISED,2023-08-01,ORIGINAL,OCMS_LEGACY,0,1,
L-N24001138,2025-04,2023-08-01,ORIGINAL,2023-08-01,REVISED,OCMS_LEGACY,0,1,
L-N24001156,2025-04,2023-05-01,REVISED,2023-05-01,ANTICIPATED,OCMS_LEGACY,0,1,
L-N24001156,2025-05,2023-05-01,ANTICIPATED,2023-05-01,REVISED,OCMS_LEGACY,0,1,
L-N24001157,2025-04,2024-07-01,REVISED,2024-07-01,ANTICIPATED,OCMS_LEGACY,0,1,
L-N24001157,2025-05,2024-07-01,ANTICIPATED,2024-07-01,REVISED,OCMS_LEGACY,0,1,
L-N24001158,2025-04,2023-12-01,REVISED,2023-12-01,ANTICIPATED,OCMS_LEGACY,0,1,
L-N24001158,2025-05,2023-12-01,ANTICIPATED,2023-12-01,REVISED,OCMS_LEGACY,0,1,
L-N24001160,2025-04,2022-04-01,REVISED,2022-04-01,ANTICIPATED,OCMS_LEGACY,0,1,
L-N24001160,2025-05,2022-04-01,ANTICIPATED,2022-04-01,REVISED,OCMS_LEGACY,0,1,
L-N24001161,2025-04,2022-04-01,REVISED,2022-04-01,ANTICIPATED,OCMS_LEGACY,0,1,
L-N24001161,2025-05,2022-04-01,ANTICIPATED,2022-04-01,REVISED,OCMS_LEGACY,0,1,
L-N24001162,2025-04,2022-11-01,REVISED,2022-11-01,ANTICIPATED,OCMS_LEGACY,0,1,
L-N24001162,2025-05,2022-11-01,ANTICIPATED,2022-11-01,REVISED,OCMS_LEGACY,0,1,
L-N24001164,2025-04,2022-07-01,REVISED,2022-07-01,ANTICIPATED,OCMS_LEGACY,0,1,
L-N24001164,2025-05,2022-07-01,ANTICIPATED,2022-07-01,REVISED,OCMS_LEGACY,0,1,
L-N24001165,2025-04,2021-10-01,REVISED,2021-10-01,ANTICIPATED,OCMS_LEGACY,0,1,
L-N24001165,2025-05,2021-10-01,ANTICIPATED,2021-10-01,REVISED,OCMS_LEGACY,0,1,
L-N24001168,2025-04,2023-12-01,REVISED,2023-12-01,ANTICIPATED,OCMS_LEGACY,0,1,
L-N24001168,2025-05,2023-12-01,ANTICIPATED,2023-12-01,REVISED,OCMS_LEGACY,0,1,
L-N24001179,2025-04,2023-02-01,REVISED,2023-02-01,ANTICIPATED,OCMS_LEGACY,0,1,
L-N24001180,2025-04,2023-01-01,REVISED,2023-01-01,ANTICIPATED,OCMS_LEGACY,0,1,
L-N24001217,2025-04,2025-03-01,REVISED,2025-06-01,REVISED,OCMS_LEGACY,3,1,
L-N24001221,2025-02,2025-02-01,REVISED,2025-03-01,REVISED,OCMS_LEGACY,1,1,
L-N24001222,2025-03,2025-03-01,REVISED,2025-06-01,REVISED,OCMS_LEGACY,3,1,
L-N24001222,2025-04,2025-06-01,REVISED,2025-12-01,REVISED,OCMS_LEGACY,6,1,
L-N24001244,2025-04,2025-02-01,REVISED,2025-02-01,ANTICIPATED,OCMS_LEGACY,0,1,
L-N24001244,2025-05,2025-02-01,ANTICIPATED,2025-02-01,REVISED,OCMS_LEGACY,0,1,
L-N24001244,2025-06,2025-02-01,REVISED,2025-04-01,REVISED,OCMS_LEGACY,2,1,
L-N24001259,2025-02,2025-02-01,REVISED,2025-12-01,REVISED,OCMS_LEGACY,10,1,
L-N24001259,2025-04,2025-12-01,REVISED,2025-12-01,ANTICIPATED,OCMS_LEGACY,0,1,
L-N24001271,2025-03,2025-05-01,REVISED,2025-10-01,REVISED,OCMS_LEGACY,5,1,
L-N24001271,2025-04,2025-10-01,REVISED,2025-10-01,ANTICIPATED,OCMS_LEGACY,0,1,
L-N24001271,2025-05,2025-10-01,ANTICIPATED,2025-10-01,REVISED,OCMS_LEGACY,0,1,
L-N24001272,2025-04,2025-05-01,REVISED,2025-05-01,ANTICIPATED,OCMS_LEGACY,0,1,
L-N24001272,2025-05,2025-05-01,ANTICIPATED,2025-06-01,REVISED,OCMS_LEGACY,1,0,TARGET_SOURCE_TRANSITION
L-N24001273,2025-02,2025-02-01,REVISED,2025-05-01,REVISED,OCMS_LEGACY,3,1,
L-N24001273,2025-04,2025-05-01,REVISED,2025-05-01,ANTICIPATED,OCMS_LEGACY,0,1,
L-N24001273,2025-05,2025-05-01,ANTICIPATED,2025-06-01,REVISED,OCMS_LEGACY,1,0,TARGET_SOURCE_TRANSITION
L-N24001277,2025-02,2024-03-01,REVISED,2025-04-01,REVISED,OCMS_LEGACY,13,1,
L-N24001286,2025-04,2023-06-01,REVISED,2023-06-01,ANTICIPATED,OCMS_LEGACY,0,1,
L-N24001286,2025-05,2023-06-01,ANTICIPATED,2023-06-01,REVISED,OCMS_LEGACY,0,1,
L-N24001303,2025-04,2024-12-01,REVISED,2024-12-01,ANTICIPATED,OCMS_LEGACY,0,1,
L-N24001303,2025-05,2024-12-01,ANTICIPATED,2024-12-01,REVISED,OCMS_LEGACY,0,1,
L-N24001309,2025-04,2024-11-01,ORIGINAL,2024-11-01,ANTICIPATED,OCMS_LEGACY,0,1,
L-N24001309,2025-05,2024-11-01,ANTICIPATED,2024-11-01,REVISED,OCMS_LEGACY,0,1,
L-N24001317,2025-02,2024-11-01,ORIGINAL,2025-03-01,ORIGINAL,OCMS_LEGACY,4,1,
L-N24001317,2025-04,2025-03-01,ORIGINAL,2025-04-01,REVISED,OCMS_LEGACY,1,0,TARGET_SOURCE_TRANSITION
L-N24001322,2025-02,2025-03-01,REVISED,2025-12-01,REVISED,OCMS_LEGACY,9,1,
L-N24001322,2025-04,2025-12-01,REVISED,2025-12-01,ANTICIPATED,OCMS_LEGACY,0,1,
L-N24001322,2025-05,2025-12-01,ANTICIPATED,2025-12-01,REVISED,OCMS_LEGACY,0,1,
L-N24001325,2025-02,2025-03-01,REVISED,2025-12-01,REVISED,OCMS_LEGACY,9,1,
L-N24001325,2025-04,2025-12-01,REVISED,2025-12-01,ANTICIPATED,OCMS_LEGACY,0,1,
L-N24001325,2025-05,2025-12-01,ANTICIPATED,2025-12-01,REVISED,OCMS_LEGACY,0,1,
L-N24001339,2025-04,2025-02-01,REVISED,2025-02-01,ANTICIPATED,OCMS_LEGACY,0,1,
L-N24001339,2025-05,2025-02-01,ANTICIPATED,2025-02-01,REVISED,OCMS_LEGACY,0,1,
L-N24001343,2025-02,2025-11-01,ORIGINAL,2025-11-01,REVISED,OCMS_LEGACY,0,1,
L-N24001343,2025-03,2025-11-01,REVISED,2025-11-01,ORIGINAL,OCMS_LEGACY,0,1,
L-N24001343,2025-04,2025-11-01,ORIGINAL,2025-11-01,ANTICIPATED,OCMS_LEGACY,0,1,
L-N24001343,2025-05,2025-11-01,ANTICIPATED,2025-11-01,REVISED,OCMS_LEGACY,0,1,
L-N24001353,2025-02,2026-03-01,ORIGINAL,2026-03-01,REVISED,OCMS_LEGACY,0,1,
L-N24001353,2025-03,2026-03-01,REVISED,2026-03-01,ORIGINAL,OCMS_LEGACY,0,1,
L-N24001353,2025-04,2026-03-01,ORIGINAL,2026-03-01,ANTICIPATED,OCMS_LEGACY,0,1,
L-N24001356,2025-02,2024-04-01,ORIGINAL,2025-12-01,ORIGINAL,OCMS_LEGACY,20,1,
L-N24001356,2025-04,2025-12-01,ORIGINAL,2024-04-01,ANTICIPATED,OCMS_LEGACY,-20,0,TARGET_SOURCE_TRANSITION
L-N24001356,2025-05,2024-04-01,ANTICIPATED,2024-04-01,REVISED,OCMS_LEGACY,0,1,
L-N24001360,2025-04,2025-02-01,REVISED,2025-02-01,ANTICIPATED,OCMS_LEGACY,0,1,
L-N24001361,2025-02,2025-12-01,ORIGINAL,2025-12-01,REVISED,OCMS_LEGACY,0,1,
L-N24001361,2025-03,2025-12-01,REVISED,2025-12-01,ORIGINAL,OCMS_LEGACY,0,1,
L-N24001361,2025-04,2025-12-01,ORIGINAL,2025-12-01,ANTICIPATED,OCMS_LEGACY,0,1,
L-N24001363,2025-02,2025-01-01,ORIGINAL,2025-12-01,ORIGINAL,OCMS_LEGACY,11,1,
L-N24001363,2025-04,2025-12-01,ORIGINAL,2025-12-01,REVISED,OCMS_LEGACY,0,1,
L-N24001366,2025-02,2024-11-01,ORIGINAL,2024-11-01,REVISED,OCMS_LEGACY,0,1,
L-N24001366,2025-03,2024-11-01,REVISED,2024-11-01,ORIGINAL,OCMS_LEGACY,0,1,
L-N24001366,2025-04,2024-11-01,ORIGINAL,2024-11-01,REVISED,OCMS_LEGACY,0,1,
L-N24001370,2025-04,2024-08-01,REVISED,2024-08-01,ANTICIPATED,OCMS_LEGACY,0,1,
L-N24001370,2025-05,2024-08-01,ANTICIPATED,2024-08-01,REVISED,OCMS_LEGACY,0,1,
L-N24001382,2025-04,2024-07-01,REVISED,2021-03-01,REVISED,OCMS_LEGACY,-40,1,
L-N24001382,2025-05,2021-03-01,REVISED,2024-07-01,REVISED,OCMS_LEGACY,40,1,
L-N24001387,2025-04,2023-05-01,REVISED,2023-05-01,ANTICIPATED,OCMS_LEGACY,0,1,
L-N24001387,2025-05,2023-05-01,ANTICIPATED,2023-05-01,REVISED,OCMS_LEGACY,0,1,
L-N24001388,2025-04,2024-11-01,REVISED,2024-11-01,ANTICIPATED,OCMS_LEGACY,0,1,
L-N24001388,2025-05,2024-11-01,ANTICIPATED,2024-11-01,REVISED,OCMS_LEGACY,0,1,
L-N24001389,2025-04,2025-01-01,REVISED,2025-01-01,ANTICIPATED,OCMS_LEGACY,0,1,
L-N24001391,2025-04,2024-09-01,REVISED,2024-09-01,ANTICIPATED,OCMS_LEGACY,0,1,
L-N24001397,2025-02,2025-03-01,ORIGINAL,2025-03-01,REVISED,OCMS_LEGACY,0,1,
L-N24001397,2025-03,2025-03-01,REVISED,2025-03-01,ORIGINAL,OCMS_LEGACY,0,1,
L-N24001397,2025-04,2025-03-01,ORIGINAL,2025-03-01,ANTICIPATED,OCMS_LEGACY,0,1,
L-N24001397,2025-05,2025-03-01,ANTICIPATED,2025-03-01,REVISED,OCMS_LEGACY,0,1,
L-N24001401,2025-02,2025-03-01,ORIGINAL,2025-07-01,REVISED,OCMS_LEGACY,4,0,TARGET_SOURCE_TRANSITION
L-N24001401,2025-03,2025-07-01,REVISED,2025-10-01,ORIGINAL,OCMS_LEGACY,3,0,TARGET_SOURCE_TRANSITION
L-N24001401,2025-04,2025-10-01,ORIGINAL,2025-10-01,ANTICIPATED,OCMS_LEGACY,0,1,
L-N24001401,2025-05,2025-10-01,ANTICIPATED,2025-10-01,REVISED,OCMS_LEGACY,0,1,
L-N24001402,2025-02,2025-01-01,ORIGINAL,2025-01-01,REVISED,OCMS_LEGACY,0,1,
L-N24001402,2025-03,2025-01-01,REVISED,2025-01-01,ORIGINAL,OCMS_LEGACY,0,1,
L-N24001402,2025-04,2025-01-01,ORIGINAL,2025-01-01,ANTICIPATED,OCMS_LEGACY,0,1,
L-N24001402,2025-05,2025-01-01,ANTICIPATED,2025-01-01,REVISED,OCMS_LEGACY,0,1,
L-N24001404,2025-02,2025-03-01,ORIGINAL,2025-03-01,REVISED,OCMS_LEGACY,0,1,
L-N24001404,2025-03,2025-03-01,REVISED,2025-03-01,ORIGINAL,OCMS_LEGACY,0,1,
L-N24001404,2025-04,2025-03-01,ORIGINAL,2025-03-01,ANTICIPATED,OCMS_LEGACY,0,1,
L-N24001404,2025-05,2025-03-01,ANTICIPATED,2025-03-01,REVISED,OCMS_LEGACY,0,1,
L-N24001405,2025-02,2025-03-01,ORIGINAL,2025-05-01,REVISED,OCMS_LEGACY,2,0,TARGET_SOURCE_TRANSITION
L-N24001405,2025-03,2025-05-01,REVISED,2025-05-01,ORIGINAL,OCMS_LEGACY,0,1,
L-N24001405,2025-04,2025-05-01,ORIGINAL,2025-05-01,ANTICIPATED,OCMS_LEGACY,0,1,
L-N24001405,2025-05,2025-05-01,ANTICIPATED,2025-12-01,REVISED,OCMS_LEGACY,7,0,TARGET_SOURCE_TRANSITION
L-N24001426,2025-03,2025-03-01,REVISED,2025-04-01,REVISED,OCMS_LEGACY,1,1,
L-N24001426,2025-04,2025-04-01,REVISED,2025-05-01,ANTICIPATED,OCMS_LEGACY,1,0,TARGET_SOURCE_TRANSITION
L-N24001426,2025-05,2025-05-01,ANTICIPATED,2025-06-01,REVISED,OCMS_LEGACY,1,0,TARGET_SOURCE_TRANSITION
L-N24001426,2025-06,2025-06-01,REVISED,2025-07-01,REVISED,OCMS_LEGACY,1,1,
L-N24001427,2025-04,2024-09-01,REVISED,2024-09-01,ANTICIPATED,OCMS_LEGACY,0,1,
L-N24001427,2025-05,2024-09-01,ANTICIPATED,2024-09-01,REVISED,OCMS_LEGACY,0,1,
L-N24001428,2025-04,2024-12-01,REVISED,2024-12-01,ANTICIPATED,OCMS_LEGACY,0,1,
L-N24001430,2025-04,2024-12-01,REVISED,2024-12-01,ANTICIPATED,OCMS_LEGACY,0,1,
L-N24001439,2025-02,2025-02-01,ORIGINAL,2025-02-01,REVISED,OCMS_LEGACY,0,1,
L-N24001439,2025-03,2025-02-01,REVISED,2025-02-01,ORIGINAL,OCMS_LEGACY,0,1,
L-N24001439,2025-04,2025-02-01,ORIGINAL,2025-02-01,ANTICIPATED,OCMS_LEGACY,0,1,
L-N24001439,2025-05,2025-02-01,ANTICIPATED,2025-02-01,REVISED,OCMS_LEGACY,0,1,
L-N24001440,2025-02,2024-05-01,REVISED,2024-05-01,ORIGINAL,OCMS_LEGACY,0,1,
L-N24001440,2025-03,2024-05-01,ORIGINAL,2024-05-01,REVISED,OCMS_LEGACY,0,1,
L-N24001453,2025-02,2025-07-01,ORIGINAL,2025-07-01,REVISED,OCMS_LEGACY,0,1,
L-N24001453,2025-03,2025-07-01,REVISED,2025-12-01,ORIGINAL,OCMS_LEGACY,5,0,TARGET_SOURCE_TRANSITION
L-N24001453,2025-04,2025-12-01,ORIGINAL,2025-12-01,ANTICIPATED,OCMS_LEGACY,0,1,
L-N24001453,2025-05,2025-12-01,ANTICIPATED,2025-12-01,REVISED,OCMS_LEGACY,0,1,
L-N24001464,2025-02,2025-03-01,REVISED,2025-04-01,REVISED,OCMS_LEGACY,1,1,
L-N24001464,2025-04,2025-04-01,REVISED,2025-05-01,REVISED,OCMS_LEGACY,1,1,
L-N24001464,2025-05,2025-05-01,REVISED,2025-07-01,REVISED,OCMS_LEGACY,2,1,
L-N24001464,2025-06,2025-07-01,REVISED,2025-08-01,REVISED,OCMS_LEGACY,1,1,
L-N24001467,2025-02,2025-02-01,REVISED,2025-03-01,REVISED,OCMS_LEGACY,1,1,
L-N24001467,2025-04,2025-03-01,REVISED,2025-03-01,ANTICIPATED,OCMS_LEGACY,0,1,
L-N24001467,2025-05,2025-03-01,ANTICIPATED,2025-03-01,REVISED,OCMS_LEGACY,0,1,
L-N24001468,2025-02,2024-06-01,ORIGINAL,2024-06-01,REVISED,OCMS_LEGACY,0,1,
L-N24001468,2025-03,2024-06-01,REVISED,2024-06-01,ORIGINAL,OCMS_LEGACY,0,1,
L-N24001468,2025-04,2024-06-01,ORIGINAL,2024-06-01,REVISED,OCMS_LEGACY,0,1,
L-N24001472,2025-04,2024-06-01,REVISED,2024-06-01,ANTICIPATED,OCMS_LEGACY,0,1,
L-N24001472,2025-05,2024-06-01,ANTICIPATED,2024-06-01,REVISED,OCMS_LEGACY,0,1,
L-N24001480,2025-02,2025-02-01,REVISED,2025-03-01,REVISED,OCMS_LEGACY,1,1,
L-N24001488,2025-02,2025-03-01,REVISED,2025-04-01,REVISED,OCMS_LEGACY,1,1,
L-N24001488,2025-03,2025-04-01,REVISED,2025-05-01,REVISED,OCMS_LEGACY,1,1,
L-N24001488,2025-04,2025-05-01,REVISED,2025-05-01,ANTICIPATED,OCMS_LEGACY,0,1,
L-N24001488,2025-05,2025-05-01,ANTICIPATED,2025-05-01,REVISED,OCMS_LEGACY,0,1,
L-N24001488,2025-06,2025-05-01,REVISED,2025-08-01,REVISED,OCMS_LEGACY,3,1,
L-N24001503,2025-04,2025-03-01,REVISED,2025-03-01,ANTICIPATED,OCMS_LEGACY,0,1,
L-N24001503,2025-05,2025-03-01,ANTICIPATED,2025-03-01,REVISED,OCMS_LEGACY,0,1,
L-N24001505,2025-04,2025-05-01,REVISED,2025-06-01,ANTICIPATED,OCMS_LEGACY,1,0,TARGET_SOURCE_TRANSITION
L-N24001505,2025-05,2025-06-01,ANTICIPATED,2025-06-01,REVISED,OCMS_LEGACY,0,1,
L-N24001516,2025-03,2024-08-01,REVISED,2025-04-01,REVISED,OCMS_LEGACY,8,1,
L-N24001516,2025-04,2025-04-01,REVISED,2025-08-01,ANTICIPATED,OCMS_LEGACY,4,0,TARGET_SOURCE_TRANSITION
L-N24001516,2025-05,2025-08-01,ANTICIPATED,2025-08-01,REVISED,OCMS_LEGACY,0,1,
L-N24001523,2025-02,2025-02-01,REVISED,2025-03-01,REVISED,OCMS_LEGACY,1,1,
L-N24001523,2025-03,2025-03-01,REVISED,2025-04-01,REVISED,OCMS_LEGACY,1,1,
L-N24001523,2025-04,2025-04-01,REVISED,2025-05-01,ANTICIPATED,OCMS_LEGACY,1,0,TARGET_SOURCE_TRANSITION
L-N24001523,2025-05,2025-05-01,ANTICIPATED,2025-06-01,REVISED,OCMS_LEGACY,1,0,TARGET_SOURCE_TRANSITION
L-N24001523,2025-06,2025-06-01,REVISED,2025-07-01,REVISED,OCMS_LEGACY,1,1,
L-N24001524,2025-02,2025-02-01,REVISED,2025-03-01,REVISED,OCMS_LEGACY,1,1,
L-N24001524,2025-03,2025-03-01,REVISED,2025-04-01,REVISED,OCMS_LEGACY,1,1,
L-N24001524,2025-04,2025-04-01,REVISED,2025-05-01,ANTICIPATED,OCMS_LEGACY,1,0,TARGET_SOURCE_TRANSITION
L-N24001524,2025-05,2025-05-01,ANTICIPATED,2025-06-01,REVISED,OCMS_LEGACY,1,0,TARGET_SOURCE_TRANSITION
L-N24001524,2025-06,2025-06-01,REVISED,2025-07-01,REVISED,OCMS_LEGACY,1,1,
L-N24001525,2025-02,2025-02-01,REVISED,2025-03-01,REVISED,OCMS_LEGACY,1,1,
L-N24001525,2025-03,2025-03-01,REVISED,2025-04-01,REVISED,OCMS_LEGACY,1,1,
L-N24001525,2025-04,2025-04-01,REVISED,2025-05-01,ANTICIPATED,OCMS_LEGACY,1,0,TARGET_SOURCE_TRANSITION
L-N24001525,2025-05,2025-05-01,ANTICIPATED,2025-05-01,REVISED,OCMS_LEGACY,0,1,
L-N24001529,2025-02,2024-03-01,REVISED,2025-03-01,REVISED,OCMS_LEGACY,12,1,
L-N24001529,2025-03,2025-03-01,REVISED,2025-05-01,REVISED,OCMS_LEGACY,2,1,
L-N24001529,2025-04,2025-05-01,REVISED,2025-05-01,ANTICIPATED,OCMS_LEGACY,0,1,
L-N24001529,2025-05,2025-05-01,ANTICIPATED,2025-05-01,REVISED,OCMS_LEGACY,0,1,
L-N24001532,2025-04,2024-08-01,REVISED,2024-08-01,ANTICIPATED,OCMS_LEGACY,0,1,
L-N24001533,2025-02,2025-02-01,REVISED,2025-03-01,REVISED,OCMS_LEGACY,1,1,
L-N24001533,2025-04,2025-03-01,REVISED,2025-05-01,REVISED,OCMS_LEGACY,2,1,
L-N24001534,2025-02,2025-02-01,REVISED,2025-03-01,REVISED,OCMS_LEGACY,1,1,
L-N24001534,2025-04,2025-03-01,REVISED,2025-05-01,ANTICIPATED,OCMS_LEGACY,2,0,TARGET_SOURCE_TRANSITION
L-N24001536,2025-02,2025-02-01,REVISED,2025-03-01,REVISED,OCMS_LEGACY,1,1,
L-N24001536,2025-04,2025-03-01,REVISED,2025-06-01,REVISED,OCMS_LEGACY,3,1,
L-N24001538,2025-02,2025-10-01,ORIGINAL,2025-10-01,REVISED,OCMS_LEGACY,0,1,
L-N24001538,2025-03,2025-10-01,REVISED,2026-03-01,ORIGINAL,OCMS_LEGACY,5,0,TARGET_SOURCE_TRANSITION
L-N24001538,2025-04,2026-03-01,ORIGINAL,2026-03-01,ANTICIPATED,OCMS_LEGACY,0,1,
L-N24001538,2025-05,2026-03-01,ANTICIPATED,2026-03-01,REVISED,OCMS_LEGACY,0,1,
L-N24001539,2025-02,2025-09-01,ORIGINAL,2025-09-01,REVISED,OCMS_LEGACY,0,1,
L-N24001539,2025-03,2025-09-01,REVISED,2025-12-01,ORIGINAL,OCMS_LEGACY,3,0,TARGET_SOURCE_TRANSITION
L-N24001539,2025-04,2025-12-01,ORIGINAL,2025-12-01,ANTICIPATED,OCMS_LEGACY,0,1,
L-N24001539,2025-05,2025-12-01,ANTICIPATED,2025-12-01,REVISED,OCMS_LEGACY,0,1,
L-N24001540,2025-02,2025-02-01,ORIGINAL,2025-03-01,REVISED,OCMS_LEGACY,1,0,TARGET_SOURCE_TRANSITION
L-N24001540,2025-03,2025-03-01,REVISED,2025-03-01,ORIGINAL,OCMS_LEGACY,0,1,
L-N24001540,2025-04,2025-03-01,ORIGINAL,2025-03-01,ANTICIPATED,OCMS_LEGACY,0,1,
L-N24001540,2025-05,2025-03-01,ANTICIPATED,2025-03-01,REVISED,OCMS_LEGACY,0,1,
L-N24001541,2025-03,2025-03-01,REVISED,2025-04-01,REVISED,OCMS_LEGACY,1,1,
L-N24001541,2025-04,2025-04-01,REVISED,2025-05-01,ANTICIPATED,OCMS_LEGACY,1,0,TARGET_SOURCE_TRANSITION
L-N24001541,2025-05,2025-05-01,ANTICIPATED,2025-05-01,REVISED,OCMS_LEGACY,0,1,
L-N24001542,2025-04,2025-05-01,ORIGINAL,2025-05-01,ANTICIPATED,OCMS_LEGACY,0,1,
L-N24001542,2025-05,2025-05-01,ANTICIPATED,2025-05-01,REVISED,OCMS_LEGACY,0,1,
L-N24001553,2025-02,2025-02-01,REVISED,2025-03-01,REVISED,OCMS_LEGACY,1,1,
L-N24001553,2025-03,2025-03-01,REVISED,2025-06-01,REVISED,OCMS_LEGACY,3,1,
L-N24001553,2025-04,2025-06-01,REVISED,2025-07-01,ANTICIPATED,OCMS_LEGACY,1,0,TARGET_SOURCE_TRANSITION
L-N24001553,2025-05,2025-07-01,ANTICIPATED,2025-11-01,REVISED,OCMS_LEGACY,4,0,TARGET_SOURCE_TRANSITION
L-N24001559,2025-02,2025-02-01,REVISED,2025-03-01,REVISED,OCMS_LEGACY,1,1,
L-N24001559,2025-03,2025-03-01,REVISED,2025-04-01,REVISED,OCMS_LEGACY,1,1,
L-N24001559,2025-04,2025-04-01,REVISED,2025-04-01,ANTICIPATED,OCMS_LEGACY,0,1,
L-N24001559,2025-05,2025-04-01,ANTICIPATED,2025-05-01,REVISED,OCMS_LEGACY,1,0,TARGET_SOURCE_TRANSITION
L-N24001559,2025-06,2025-05-01,REVISED,2025-04-01,REVISED,OCMS_LEGACY,-1,1,
L-N24001573,2025-02,2025-01-01,REVISED,2025-03-01,REVISED,OCMS_LEGACY,2,1,
L-N24001573,2025-03,2025-03-01,REVISED,2025-04-01,REVISED,OCMS_LEGACY,1,1,
L-N24001573,2025-04,2025-04-01,REVISED,2025-04-01,ANTICIPATED,OCMS_LEGACY,0,1,
L-N24001573,2025-05,2025-04-01,ANTICIPATED,2025-06-01,REVISED,OCMS_LEGACY,2,0,TARGET_SOURCE_TRANSITION
L-N24001573,2025-06,2025-06-01,REVISED,2025-07-01,REVISED,OCMS_LEGACY,1,1,
L-N24001594,2025-04,2025-03-01,REVISED,2025-03-01,ANTICIPATED,OCMS_LEGACY,0,1,
L-N24001594,2025-05,2025-03-01,ANTICIPATED,2025-03-01,REVISED,OCMS_LEGACY,0,1,
L-N24001600,2025-03,2025-03-01,REVISED,2025-04-01,REVISED,OCMS_LEGACY,1,1,
L-N24001600,2025-04,2025-04-01,REVISED,2025-05-01,ANTICIPATED,OCMS_LEGACY,1,0,TARGET_SOURCE_TRANSITION
L-N24001600,2025-05,2025-05-01,ANTICIPATED,2025-06-01,REVISED,OCMS_LEGACY,1,0,TARGET_SOURCE_TRANSITION
L-N24001603,2025-02,2025-02-01,REVISED,2025-03-01,REVISED,OCMS_LEGACY,1,1,
L-N24001603,2025-03,2025-03-01,REVISED,2025-04-01,REVISED,OCMS_LEGACY,1,1,
L-N24001603,2025-04,2025-04-01,REVISED,2025-05-01,ANTICIPATED,OCMS_LEGACY,1,0,TARGET_SOURCE_TRANSITION
L-N24001603,2025-05,2025-05-01,ANTICIPATED,2025-06-01,REVISED,OCMS_LEGACY,1,0,TARGET_SOURCE_TRANSITION
L-N24001610,2025-03,2025-03-01,REVISED,2025-05-01,REVISED,OCMS_LEGACY,2,1,
L-N24001610,2025-04,2025-05-01,REVISED,2025-05-01,ANTICIPATED,OCMS_LEGACY,0,1,
L-N24001610,2025-05,2025-05-01,ANTICIPATED,2025-05-01,REVISED,OCMS_LEGACY,0,1,
L-N24001610,2025-06,2025-05-01,REVISED,2025-08-01,REVISED,OCMS_LEGACY,3,1,
L-N24001618,2025-02,2025-01-01,REVISED,2025-02-01,REVISED,OCMS_LEGACY,1,1,
L-N24001618,2025-03,2025-02-01,REVISED,2025-04-01,REVISED,OCMS_LEGACY,2,1,
L-N24001618,2025-04,2025-04-01,REVISED,2025-02-01,REVISED,OCMS_LEGACY,-2,1,
L-N24001623,2025-02,2025-02-01,REVISED,2025-03-01,REVISED,OCMS_LEGACY,1,1,
L-N24001623,2025-03,2025-03-01,REVISED,2025-04-01,REVISED,OCMS_LEGACY,1,1,
L-N24001623,2025-04,2025-04-01,REVISED,2025-04-01,ANTICIPATED,OCMS_LEGACY,0,1,
L-N24001623,2025-05,2025-04-01,ANTICIPATED,2025-02-01,REVISED,OCMS_LEGACY,-2,0,TARGET_SOURCE_TRANSITION
L-N24001624,2025-04,2024-09-01,REVISED,2024-09-01,ANTICIPATED,OCMS_LEGACY,0,1,
L-N24001624,2025-05,2024-09-01,ANTICIPATED,2024-09-01,REVISED,OCMS_LEGACY,0,1,
L-N24001636,2025-04,2026-10-01,REVISED,2026-10-01,ANTICIPATED,OCMS_LEGACY,0,1,
L-N24001636,2025-05,2026-10-01,ANTICIPATED,2026-10-01,REVISED,OCMS_LEGACY,0,1,
L-N24001641,2025-04,2025-12-01,REVISED,2025-12-01,ANTICIPATED,OCMS_LEGACY,0,1,
L-N24001641,2025-05,2025-12-01,ANTICIPATED,2025-12-01,REVISED,OCMS_LEGACY,0,1,
L-N24001650,2025-04,2025-08-01,REVISED,2026-04-01,ANTICIPATED,OCMS_LEGACY,8,0,TARGET_SOURCE_TRANSITION
L-N24001650,2025-05,2026-04-01,ANTICIPATED,2026-04-01,REVISED,OCMS_LEGACY,0,1,
L-N24001654,2025-02,2025-02-01,REVISED,2025-12-01,REVISED,OCMS_LEGACY,10,1,
L-N24001654,2025-04,2025-12-01,REVISED,2026-02-01,ANTICIPATED,OCMS_LEGACY,2,0,TARGET_SOURCE_TRANSITION
L-N24001654,2025-05,2026-02-01,ANTICIPATED,2026-02-01,REVISED,OCMS_LEGACY,0,1,
L-N24001662,2025-03,2025-03-01,REVISED,2025-05-01,REVISED,OCMS_LEGACY,2,1,
L-N24001662,2025-04,2025-05-01,REVISED,2025-05-01,ANTICIPATED,OCMS_LEGACY,0,1,
L-N24001662,2025-05,2025-05-01,ANTICIPATED,2025-07-01,REVISED,OCMS_LEGACY,2,0,TARGET_SOURCE_TRANSITION
L-N24001663,2025-04,2025-12-01,REVISED,2025-12-01,ANTICIPATED,OCMS_LEGACY,0,1,
L-N24001663,2025-05,2025-12-01,ANTICIPATED,2026-03-01,REVISED,OCMS_LEGACY,3,0,TARGET_SOURCE_TRANSITION
L-N24001670,2025-03,2025-03-01,REVISED,2025-05-01,REVISED,OCMS_LEGACY,2,1,
L-N24001670,2025-05,2025-05-01,REVISED,2025-06-01,REVISED,OCMS_LEGACY,1,1,
L-N24001670,2025-06,2025-06-01,REVISED,2025-07-01,REVISED,OCMS_LEGACY,1,1,
L-N24001671,2025-03,2025-03-01,REVISED,2025-05-01,REVISED,OCMS_LEGACY,2,1,
L-N24001671,2025-05,2025-05-01,REVISED,2025-06-01,REVISED,OCMS_LEGACY,1,1,
L-N24001671,2025-06,2025-06-01,REVISED,2025-07-01,REVISED,OCMS_LEGACY,1,1,
L-N24001673,2025-04,2025-03-01,REVISED,2025-06-01,ANTICIPATED,OCMS_LEGACY,3,0,TARGET_SOURCE_TRANSITION
L-N24001673,2025-05,2025-06-01,ANTICIPATED,2025-06-01,REVISED,OCMS_LEGACY,0,1,
L-N24001673,2025-06,2025-06-01,REVISED,2025-07-01,REVISED,OCMS_LEGACY,1,1,
L-N24001683,2025-02,2024-12-01,ORIGINAL,2024-12-01,REVISED,OCMS_LEGACY,0,1,
L-N24001684,2025-04,2025-05-01,REVISED,2025-05-01,ANTICIPATED,OCMS_LEGACY,0,1,
L-N24001684,2025-05,2025-05-01,ANTICIPATED,2025-05-01,REVISED,OCMS_LEGACY,0,1,
L-N24001686,2025-03,2025-04-01,REVISED,2025-12-01,REVISED,OCMS_LEGACY,8,1,
L-N24001691,2025-02,2025-01-01,REVISED,2025-03-01,REVISED,OCMS_LEGACY,2,1,
L-N24001691,2025-03,2025-03-01,REVISED,2025-12-01,REVISED,OCMS_LEGACY,9,1,
L-N24001692,2025-04,2025-06-01,REVISED,2025-06-01,ANTICIPATED,OCMS_LEGACY,0,1,
L-N24001692,2025-05,2025-06-01,ANTICIPATED,2025-07-01,REVISED,OCMS_LEGACY,1,0,TARGET_SOURCE_TRANSITION
L-N24001692,2025-06,2025-07-01,REVISED,2025-08-01,REVISED,OCMS_LEGACY,1,1,
L-N24001696,2025-04,2024-12-01,REVISED,2024-12-01,ANTICIPATED,OCMS_LEGACY,0,1,
L-N24001696,2025-05,2024-12-01,ANTICIPATED,2024-12-01,REVISED,OCMS_LEGACY,0,1,
L-N24001698,2025-03,2024-08-01,REVISED,2025-09-01,REVISED,OCMS_LEGACY,13,1,
L-N24001698,2025-04,2025-09-01,REVISED,2025-09-01,ANTICIPATED,OCMS_LEGACY,0,1,
L-N24001698,2025-05,2025-09-01,ANTICIPATED,2025-12-01,REVISED,OCMS_LEGACY,3,0,TARGET_SOURCE_TRANSITION
L-N24001701,2025-04,2025-09-01,REVISED,2025-09-01,ANTICIPATED,OCMS_LEGACY,0,1,
L-N24001701,2025-05,2025-09-01,ANTICIPATED,2025-09-01,REVISED,OCMS_LEGACY,0,1,
L-N24001704,2025-03,2024-12-01,REVISED,2025-09-01,REVISED,OCMS_LEGACY,9,1,
L-N24001704,2025-04,2025-09-01,REVISED,2025-09-01,ANTICIPATED,OCMS_LEGACY,0,1,
L-N24001704,2025-05,2025-09-01,ANTICIPATED,2025-09-01,REVISED,OCMS_LEGACY,0,1,
L-N24001705,2025-03,2025-06-01,REVISED,2025-12-01,REVISED,OCMS_LEGACY,6,1,
L-N24001705,2025-04,2025-12-01,REVISED,2025-12-01,ANTICIPATED,OCMS_LEGACY,0,1,
L-N24001705,2025-05,2025-12-01,ANTICIPATED,2025-12-01,REVISED,OCMS_LEGACY,0,1,
L-N24001711,2025-04,2024-12-01,REVISED,2024-12-01,ANTICIPATED,OCMS_LEGACY,0,1,
L-N24001716,2025-04,2024-12-01,REVISED,2024-12-01,ANTICIPATED,OCMS_LEGACY,0,1,
L-N24001716,2025-05,2024-12-01,ANTICIPATED,2024-12-01,REVISED,OCMS_LEGACY,0,1,
L-N24001722,2025-03,2025-02-01,REVISED,2024-12-01,REVISED,OCMS_LEGACY,-2,1,
L-N24001728,2025-03,2025-07-01,REVISED,2025-01-01,REVISED,OCMS_LEGACY,-6,1,
L-N24001736,2025-03,2025-04-01,REVISED,2025-05-01,REVISED,OCMS_LEGACY,1,1,
L-N24001736,2025-04,2025-05-01,REVISED,2025-07-01,REVISED,OCMS_LEGACY,2,1,
L-N24001739,2025-04,2024-12-01,REVISED,2024-12-01,ANTICIPATED,OCMS_LEGACY,0,1,
L-N24001739,2025-05,2024-12-01,ANTICIPATED,2024-12-01,REVISED,OCMS_LEGACY,0,1,
L-N24001744,2025-03,2025-03-01,REVISED,2025-05-01,REVISED,OCMS_LEGACY,2,1,
L-N24001744,2025-04,2025-05-01,REVISED,2025-07-01,REVISED,OCMS_LEGACY,2,1,
L-N24001748,2025-03,2025-06-01,REVISED,2025-09-01,REVISED,OCMS_LEGACY,3,1,
L-N24001748,2025-06,2025-09-01,REVISED,2025-12-01,REVISED,OCMS_LEGACY,3,1,
L-N24001755,2025-04,2024-12-01,REVISED,2024-12-01,ANTICIPATED,OCMS_LEGACY,0,1,
L-N24001755,2025-05,2024-12-01,ANTICIPATED,2024-12-01,REVISED,OCMS_LEGACY,0,1,
L-N24001765,2025-02,2025-05-01,REVISED,2025-12-01,REVISED,OCMS_LEGACY,7,1,
L-N24001770,2025-02,2024-12-01,REVISED,2025-03-01,REVISED,OCMS_LEGACY,3,1,
L-N24001770,2025-03,2025-03-01,REVISED,2025-04-01,REVISED,OCMS_LEGACY,1,1,
L-N24001770,2025-04,2025-04-01,REVISED,2025-05-01,ANTICIPATED,OCMS_LEGACY,1,0,TARGET_SOURCE_TRANSITION
L-N24001770,2025-05,2025-05-01,ANTICIPATED,2025-05-01,REVISED,OCMS_LEGACY,0,1,
L-N24001770,2025-06,2025-05-01,REVISED,2025-07-01,REVISED,OCMS_LEGACY,2,1,
L-N24001775,2025-04,2024-12-01,REVISED,2024-12-01,ANTICIPATED,OCMS_LEGACY,0,1,
L-N24001775,2025-05,2024-12-01,ANTICIPATED,2024-12-01,REVISED,OCMS_LEGACY,0,1,
L-N24001779,2025-05,2025-06-01,REVISED,2025-09-01,REVISED,OCMS_LEGACY,3,1,
L-N24001783,2025-02,2025-02-01,REVISED,2025-03-01,REVISED,OCMS_LEGACY,1,1,
L-N24001783,2025-03,2025-03-01,REVISED,2025-04-01,REVISED,OCMS_LEGACY,1,1,
L-N24001788,2025-03,2025-02-01,REVISED,2025-04-01,REVISED,OCMS_LEGACY,2,1,
L-N24001788,2025-04,2025-04-01,REVISED,2025-05-01,REVISED,OCMS_LEGACY,1,1,
L-N24001797,2025-03,2025-03-01,REVISED,2025-04-01,REVISED,OCMS_LEGACY,1,1,
L-N24001797,2025-04,2025-04-01,REVISED,2025-05-01,REVISED,OCMS_LEGACY,1,1,
L-N24001811,2025-03,2025-03-01,REVISED,2025-05-01,REVISED,OCMS_LEGACY,2,1,
L-N24001817,2025-04,2024-10-01,REVISED,2024-10-01,ANTICIPATED,OCMS_LEGACY,0,1,
L-N24001817,2025-05,2024-10-01,ANTICIPATED,2024-10-01,REVISED,OCMS_LEGACY,0,1,
L-N24001825,2025-05,2025-06-01,REVISED,2025-07-01,REVISED,OCMS_LEGACY,1,1,
L-N24001825,2025-06,2025-07-01,REVISED,2025-08-01,REVISED,OCMS_LEGACY,1,1,
L-N24001828,2025-04,2025-03-01,REVISED,2025-05-01,REVISED,OCMS_LEGACY,2,1,
L-N24001829,2025-03,2025-03-01,REVISED,2025-05-01,REVISED,OCMS_LEGACY,2,1,
L-N24001832,2025-04,2025-05-01,REVISED,2025-07-01,REVISED,OCMS_LEGACY,2,1,
L-N24001832,2025-06,2025-07-01,REVISED,2025-11-01,REVISED,OCMS_LEGACY,4,1,
L-N24001855,2025-04,2025-06-01,REVISED,2025-06-01,ANTICIPATED,OCMS_LEGACY,0,1,
L-N24001855,2025-05,2025-06-01,ANTICIPATED,2025-09-01,REVISED,OCMS_LEGACY,3,0,TARGET_SOURCE_TRANSITION
L-N24001857,2025-02,2025-03-01,REVISED,2025-05-01,REVISED,OCMS_LEGACY,2,1,
L-N24001857,2025-04,2025-05-01,REVISED,2025-08-01,ANTICIPATED,OCMS_LEGACY,3,0,TARGET_SOURCE_TRANSITION
L-N24001857,2025-05,2025-08-01,ANTICIPATED,2025-08-01,REVISED,OCMS_LEGACY,0,1,
L-N24001863,2025-04,2025-06-01,REVISED,2025-08-01,ANTICIPATED,OCMS_LEGACY,2,0,TARGET_SOURCE_TRANSITION
L-N24001863,2025-05,2025-08-01,ANTICIPATED,2025-08-01,REVISED,OCMS_LEGACY,0,1,
L-N24001863,2025-06,2025-08-01,REVISED,2025-05-01,REVISED,OCMS_LEGACY,-3,1,
L-N24001864,2025-04,2025-06-01,REVISED,2025-08-01,REVISED,OCMS_LEGACY,2,1,
L-N24001864,2025-06,2025-08-01,REVISED,2025-10-01,REVISED,OCMS_LEGACY,2,1,
L-N24001868,2025-05,2025-06-01,REVISED,2025-08-01,REVISED,OCMS_LEGACY,2,1,
L-N24001920,2025-02,2025-02-01,REVISED,2025-03-01,REVISED,OCMS_LEGACY,1,1,
L-N24001920,2025-03,2025-03-01,REVISED,2025-05-01,REVISED,OCMS_LEGACY,2,1,
L-N24001932,2025-03,2025-03-01,REVISED,2025-06-01,REVISED,OCMS_LEGACY,3,1,
L-N24001936,2025-04,2024-07-01,REVISED,2024-07-01,ANTICIPATED,OCMS_LEGACY,0,1,
L-N24001936,2025-05,2024-07-01,ANTICIPATED,2024-07-01,REVISED,OCMS_LEGACY,0,1,
L-N24001939,2025-06,2025-12-01,REVISED,2026-12-01,REVISED,OCMS_LEGACY,12,1,
L-N24001943,2025-04,2025-01-01,REVISED,2025-01-01,ANTICIPATED,OCMS_LEGACY,0,1,
L-N24001943,2025-05,2025-01-01,ANTICIPATED,2025-01-01,REVISED,OCMS_LEGACY,0,1,
L-N24001945,2025-04,2024-12-01,REVISED,2024-12-01,ANTICIPATED,OCMS_LEGACY,0,1,
L-N24001945,2025-05,2024-12-01,ANTICIPATED,2024-12-01,REVISED,OCMS_LEGACY,0,1,
L-N24001946,2025-04,2024-11-01,REVISED,2024-11-01,ANTICIPATED,OCMS_LEGACY,0,1,
L-N24001946,2025-05,2024-11-01,ANTICIPATED,2024-11-01,REVISED,OCMS_LEGACY,0,1,
L-N24001947,2025-04,2025-02-01,REVISED,2025-02-01,ANTICIPATED,OCMS_LEGACY,0,1,
L-N24001947,2025-05,2025-02-01,ANTICIPATED,2025-02-01,REVISED,OCMS_LEGACY,0,1,
L-N24001975,2025-02,2026-02-01,REVISED,2025-12-01,REVISED,OCMS_LEGACY,-2,1,
L-N24001990,2025-04,2025-05-01,REVISED,2025-06-01,ANTICIPATED,OCMS_LEGACY,1,0,TARGET_SOURCE_TRANSITION
L-N24001990,2025-05,2025-06-01,ANTICIPATED,2025-10-01,REVISED,OCMS_LEGACY,4,0,TARGET_SOURCE_TRANSITION
L-N24001991,2025-03,2025-05-01,REVISED,2026-03-01,REVISED,OCMS_LEGACY,10,1,
L-N24001991,2025-04,2026-03-01,REVISED,2026-11-01,ANTICIPATED,OCMS_LEGACY,8,0,TARGET_SOURCE_TRANSITION
L-N24001991,2025-05,2026-11-01,ANTICIPATED,2026-11-01,REVISED,OCMS_LEGACY,0,1,
L-N24001992,2025-03,2025-03-01,REVISED,2025-04-01,REVISED,OCMS_LEGACY,1,1,
L-N24001992,2025-04,2025-04-01,REVISED,2025-05-01,ANTICIPATED,OCMS_LEGACY,1,0,TARGET_SOURCE_TRANSITION
L-N24001992,2025-05,2025-05-01,ANTICIPATED,2025-06-01,REVISED,OCMS_LEGACY,1,0,TARGET_SOURCE_TRANSITION
L-N24001992,2025-06,2025-06-01,REVISED,2025-07-01,REVISED,OCMS_LEGACY,1,1,
L-N24002000,2025-03,2024-08-01,REVISED,2024-07-01,REVISED,OCMS_LEGACY,-1,1,
L-N24002006,2025-03,2024-12-01,REVISED,2023-06-01,REVISED,OCMS_LEGACY,-18,1,
L-N24002013,2025-04,2024-10-01,REVISED,2024-10-01,ANTICIPATED,OCMS_LEGACY,0,1,
L-N24002013,2025-05,2024-10-01,ANTICIPATED,2024-10-01,REVISED,OCMS_LEGACY,0,1,
L-N24002028,2025-02,2025-12-01,ORIGINAL,2025-12-01,REVISED,OCMS_LEGACY,0,1,
L-N24002028,2025-03,2025-12-01,REVISED,2026-03-01,ORIGINAL,OCMS_LEGACY,3,0,TARGET_SOURCE_TRANSITION
L-N24002028,2025-04,2026-03-01,ORIGINAL,2026-03-01,ANTICIPATED,OCMS_LEGACY,0,1,
L-N24002028,2025-05,2026-03-01,ANTICIPATED,2026-03-01,REVISED,OCMS_LEGACY,0,1,
L-N24002073,2025-02,2024-06-01,REVISED,2025-06-01,REVISED,OCMS_LEGACY,12,1,
L-N24002078,2025-06,2025-12-01,REVISED,2026-03-01,REVISED,OCMS_LEGACY,3,1,
L-N24002103,2025-03,2025-01-01,REVISED,2025-04-01,REVISED,OCMS_LEGACY,3,1,
L-N24002103,2025-05,2025-04-01,REVISED,2025-06-01,REVISED,OCMS_LEGACY,2,1,
L-N24002112,2025-02,2025-03-01,REVISED,2025-05-01,REVISED,OCMS_LEGACY,2,1,
L-N24002112,2025-03,2025-05-01,REVISED,2025-06-01,REVISED,OCMS_LEGACY,1,1,
L-N24002112,2025-06,2025-06-01,REVISED,2025-07-01,REVISED,OCMS_LEGACY,1,1,
L-N24002117,2025-04,2026-02-01,REVISED,2026-02-01,ANTICIPATED,OCMS_LEGACY,0,1,
L-N24002117,2025-05,2026-02-01,ANTICIPATED,2026-02-01,REVISED,OCMS_LEGACY,0,1,
L-N24002133,2025-06,2025-06-01,REVISED,2025-08-01,REVISED,OCMS_LEGACY,2,1,
L-N24002166,2025-04,2026-03-01,REVISED,2026-03-01,ANTICIPATED,OCMS_LEGACY,0,1,
L-N24002166,2025-05,2026-03-01,ANTICIPATED,2026-03-01,REVISED,OCMS_LEGACY,0,1,
L-N24002184,2025-04,2026-03-01,REVISED,2026-03-01,ANTICIPATED,OCMS_LEGACY,0,1,
L-N24002184,2025-05,2026-03-01,ANTICIPATED,2026-03-01,REVISED,OCMS_LEGACY,0,1,
L-N24002196,2025-04,2026-03-01,REVISED,2026-07-01,REVISED,OCMS_LEGACY,4,1,
L-N24002203,2025-02,2026-06-01,ORIGINAL,2026-06-01,REVISED,OCMS_LEGACY,0,1,
L-N24002203,2025-03,2026-06-01,REVISED,2026-06-01,ORIGINAL,OCMS_LEGACY,0,1,
L-N24002203,2025-04,2026-06-01,ORIGINAL,2026-06-01,REVISED,OCMS_LEGACY,0,1,
L-N24002208,2025-03,2025-09-01,REVISED,2025-09-01,ORIGINAL,OCMS_LEGACY,0,1,
L-N24002208,2025-04,2025-09-01,ORIGINAL,2025-09-01,ANTICIPATED,OCMS_LEGACY,0,1,
L-N24002208,2025-05,2025-09-01,ANTICIPATED,2025-09-01,REVISED,OCMS_LEGACY,0,1,
L-N24002209,2025-03,2025-11-01,REVISED,2025-11-01,ORIGINAL,OCMS_LEGACY,0,1,
L-N24002209,2025-04,2025-11-01,ORIGINAL,2025-11-01,REVISED,OCMS_LEGACY,0,1,
L-N26000115,2025-02,2025-02-01,REVISED,2025-03-01,REVISED,OCMS_LEGACY,1,1,
L-N26000115,2025-04,2025-03-01,REVISED,2025-03-01,ANTICIPATED,OCMS_LEGACY,0,1,
L-N26000115,2025-05,2025-03-01,ANTICIPATED,2025-03-01,REVISED,OCMS_LEGACY,0,1,
L-N28000056,2025-03,2021-08-01,REVISED,2021-08-01,ORIGINAL,OCMS_LEGACY,0,1,
L-N28000056,2025-04,2021-08-01,ORIGINAL,2021-08-01,ANTICIPATED,OCMS_LEGACY,0,1,
L-N28000056,2025-05,2021-08-01,ANTICIPATED,2021-08-01,REVISED,OCMS_LEGACY,0,1,
L-N28000098,2025-04,2025-01-01,REVISED,2025-01-01,ANTICIPATED,OCMS_LEGACY,0,1,
L-N28000098,2025-05,2025-01-01,ANTICIPATED,2025-01-01,REVISED,OCMS_LEGACY,0,1,
L-N28000104,2025-03,2025-08-01,REVISED,2025-08-01,ORIGINAL,OCMS_LEGACY,0,1,
L-N28000104,2025-04,2025-08-01,ORIGINAL,2025-08-01,REVISED,OCMS_LEGACY,0,1,
L-N28000105,2025-05,2024-10-01,ORIGINAL,,MISSING,OCMS_LEGACY,,0,MISSING_TARGET
L-N28000112,2025-04,2024-11-01,REVISED,2024-11-01,ANTICIPATED,OCMS_LEGACY,0,1,
L-N28000117,2025-04,2024-02-01,REVISED,2024-02-01,ANTICIPATED,OCMS_LEGACY,0,1,
L-N28000117,2025-05,2024-02-01,ANTICIPATED,2024-02-01,REVISED,OCMS_LEGACY,0,1,
L-N28000121,2025-02,2024-09-01,ORIGINAL,2024-09-01,REVISED,OCMS_LEGACY,0,1,
L-N28000121,2025-04,2024-09-01,REVISED,2024-09-01,ANTICIPATED,OCMS_LEGACY,0,1,
L-N28000121,2025-05,2024-09-01,ANTICIPATED,2024-09-01,REVISED,OCMS_LEGACY,0,1,
L-N28000131,2025-03,2025-02-01,REVISED,2025-04-01,REVISED,OCMS_LEGACY,2,1,
L-N28000131,2025-04,2025-04-01,REVISED,2025-04-01,ANTICIPATED,OCMS_LEGACY,0,1,
L-N28000131,2025-05,2025-04-01,ANTICIPATED,2025-04-01,REVISED,OCMS_LEGACY,0,1,
L-N28000141,2025-04,2024-03-01,REVISED,2024-03-01,ANTICIPATED,OCMS_LEGACY,0,1,
L-N28000141,2025-05,2024-03-01,ANTICIPATED,2024-03-01,REVISED,OCMS_LEGACY,0,1,
L-N28000147,2025-02,2025-03-01,REVISED,2025-06-01,REVISED,OCMS_LEGACY,3,1,
L-N28000147,2025-04,2025-06-01,REVISED,2025-06-01,ANTICIPATED,OCMS_LEGACY,0,1,
L-N28000147,2025-05,2025-06-01,ANTICIPATED,2025-07-01,REVISED,OCMS_LEGACY,1,0,TARGET_SOURCE_TRANSITION
L-N28000147,2025-06,2025-07-01,REVISED,2025-08-01,REVISED,OCMS_LEGACY,1,1,
L-N28000149,2025-04,2024-10-01,REVISED,2024-10-01,ANTICIPATED,OCMS_LEGACY,0,1,
L-N28000149,2025-05,2024-10-01,ANTICIPATED,2024-10-01,REVISED,OCMS_LEGACY,0,1,
L-N28000153,2025-04,2025-05-01,REVISED,2025-05-01,ANTICIPATED,OCMS_LEGACY,0,1,
L-N28000153,2025-05,2025-05-01,ANTICIPATED,2025-05-01,REVISED,OCMS_LEGACY,0,1,
L-N28000153,2025-06,2025-05-01,REVISED,2025-08-01,REVISED,OCMS_LEGACY,3,1,
L-N28000156,2025-04,2025-03-01,REVISED,2025-03-01,ANTICIPATED,OCMS_LEGACY,0,1,
L-N28000156,2025-05,2025-03-01,ANTICIPATED,2025-03-01,REVISED,OCMS_LEGACY,0,1,
L-N30000014,2025-04,2024-12-01,REVISED,2025-03-01,REVISED,OCMS_LEGACY,3,1,
L-N30000021,2025-03,2024-12-01,REVISED,2025-03-01,REVISED,OCMS_LEGACY,3,1,
L-N30000021,2025-04,2025-03-01,REVISED,2025-03-01,ANTICIPATED,OCMS_LEGACY,0,1,
L-N30000021,2025-05,2025-03-01,ANTICIPATED,2025-03-01,REVISED,OCMS_LEGACY,0,1,
L-N30000032,2025-04,2025-03-01,REVISED,2025-08-01,REVISED,OCMS_LEGACY,5,1,
L-N30000034,2025-04,2026-12-01,REVISED,2026-12-01,ANTICIPATED,OCMS_LEGACY,0,1,
L-N30000034,2025-05,2026-12-01,ANTICIPATED,2026-12-01,REVISED,OCMS_LEGACY,0,1,
L-N30000036,2025-04,2024-06-01,REVISED,2024-06-01,ANTICIPATED,OCMS_LEGACY,0,1,
L-N30000036,2025-05,2024-06-01,ANTICIPATED,2024-06-01,REVISED,OCMS_LEGACY,0,1,
L-N30000039,2025-02,2022-06-01,ORIGINAL,2022-06-01,REVISED,OCMS_LEGACY,0,1,
L-N30000044,2025-04,2023-02-01,REVISED,2023-02-01,ANTICIPATED,OCMS_LEGACY,0,1,
L-N30000044,2025-05,2023-02-01,ANTICIPATED,2023-02-01,REVISED,OCMS_LEGACY,0,1,
L-N38000001,2025-02,2024-03-01,ORIGINAL,2024-03-01,REVISED,OCMS_LEGACY,0,1,
L-N40000001,2025-02,2027-03-01,REVISED,2032-03-01,REVISED,OCMS_LEGACY,60,1,
L-N40000001,2025-04,2032-03-01,REVISED,2032-03-01,ANTICIPATED,OCMS_LEGACY,0,1,
L-N40000001,2025-05,2032-03-01,ANTICIPATED,2032-03-01,REVISED,OCMS_LEGACY,0,1,
L-N40000002,2025-02,2024-11-01,REVISED,2025-04-01,REVISED,OCMS_LEGACY,5,1,
L-N40000002,2025-04,2025-04-01,REVISED,2019-12-01,REVISED,OCMS_LEGACY,-64,1,
L-N40000002,2025-05,2019-12-01,REVISED,2025-04-01,REVISED,OCMS_LEGACY,64,1,
L-N40000002,2025-06,2025-04-01,REVISED,2024-04-01,REVISED,OCMS_LEGACY,-12,1,
L-N42000006,2025-04,2023-03-01,REVISED,2025-11-01,ANTICIPATED,OCMS_LEGACY,32,0,TARGET_SOURCE_TRANSITION
L-N42000006,2025-05,2025-11-01,ANTICIPATED,2025-11-01,REVISED,OCMS_LEGACY,0,1,
L-N42000009,2025-04,2025-03-01,REVISED,2020-09-01,REVISED,OCMS_LEGACY,-54,1,
L-N42000009,2025-05,2020-09-01,REVISED,2025-03-01,REVISED,OCMS_LEGACY,54,1,
L-N42000010,2025-04,2024-11-01,REVISED,2024-11-01,ANTICIPATED,OCMS_LEGACY,0,1,
L-N42000010,2025-05,2024-11-01,ANTICIPATED,2024-11-01,REVISED,OCMS_LEGACY,0,1,
L-N45000003,2025-04,2023-03-01,REVISED,2023-03-01,ANTICIPATED,OCMS_LEGACY,0,1,
NAME-06e0dbaf5e1f,2025-03,2024-12-01,ORIGINAL,2026-12-01,ORIGINAL,OCMS_LEGACY,24,1,
NAME-06e0dbaf5e1f,2025-04,2026-12-01,ORIGINAL,2026-12-01,REVISED,OCMS_LEGACY,0,1,
NAME-31305bb489c4,2025-02,2025-12-01,ORIGINAL,2025-12-01,REVISED,OCMS_LEGACY,0,1,
NAME-31305bb489c4,2025-04,2025-12-01,REVISED,2026-01-01,REVISED,OCMS_LEGACY,1,1,
NAME-49b8a94b2409,2025-02,2025-03-01,ORIGINAL,2025-03-01,REVISED,OCMS_LEGACY,0,1,
NAME-49b8a94b2409,2025-03,2025-03-01,REVISED,2025-03-01,ORIGINAL,OCMS_LEGACY,0,1,
NAME-49b8a94b2409,2025-04,2025-03-01,ORIGINAL,2025-03-01,ANTICIPATED,OCMS_LEGACY,0,1,
NAME-49b8a94b2409,2025-05,2025-03-01,ANTICIPATED,2025-03-01,REVISED,OCMS_LEGACY,0,1,
NAME-56f02451c3bd,2025-02,2026-03-01,ORIGINAL,2026-06-01,REVISED,OCMS_LEGACY,3,0,TARGET_SOURCE_TRANSITION
NAME-56f02451c3bd,2025-04,2026-06-01,REVISED,2026-06-01,ANTICIPATED,OCMS_LEGACY,0,1,
NAME-56f02451c3bd,2025-05,2026-06-01,ANTICIPATED,2026-06-01,REVISED,OCMS_LEGACY,0,1,
NAME-60e47120d156,2025-03,2026-12-01,ORIGINAL,2027-03-01,ORIGINAL,OCMS_LEGACY,3,1,
NAME-60e47120d156,2025-04,2027-03-01,ORIGINAL,2027-03-01,REVISED,OCMS_LEGACY,0,1,
NAME-6b965e76e8c7,2025-04,2026-02-01,REVISED,2026-02-01,ANTICIPATED,OCMS_LEGACY,0,1,
NAME-6b965e76e8c7,2025-05,2026-02-01,ANTICIPATED,2026-02-01,REVISED,OCMS_LEGACY,0,1,
NAME-7da89648eb08,2025-02,2027-03-01,ORIGINAL,2027-03-01,REVISED,OCMS_LEGACY,0,1,
NAME-8ffbf9e4512a,2025-02,2026-12-01,ORIGINAL,2026-12-01,REVISED,OCMS_LEGACY,0,1,
NAME-8ffbf9e4512a,2025-04,2026-12-01,REVISED,2026-12-01,ANTICIPATED,OCMS_LEGACY,0,1,
NAME-8ffbf9e4512a,2025-05,2026-12-01,ANTICIPATED,2026-12-01,REVISED,OCMS_LEGACY,0,1,
NAME-909468513d8c,2025-03,2025-03-01,ORIGINAL,2025-12-01,ORIGINAL,OCMS_LEGACY,9,1,
NAME-909468513d8c,2025-04,2025-12-01,ORIGINAL,2025-12-01,REVISED,OCMS_LEGACY,0,1,
NAME-9cda6030d769,2025-04,2024-12-01,REVISED,2024-12-01,ANTICIPATED,OCMS_LEGACY,0,1,
NAME-adaa740311ec,2025-03,2025-03-01,REVISED,2026-03-01,REVISED,OCMS_LEGACY,12,1,
NAME-adaa740311ec,2025-04,2026-03-01,REVISED,2026-03-01,ANTICIPATED,OCMS_LEGACY,0,1,
NAME-adaa740311ec,2025-05,2026-03-01,ANTICIPATED,2026-03-01,REVISED,OCMS_LEGACY,0,1,
NAME-b06205697ba0,2025-02,2028-12-01,ORIGINAL,2028-12-01,REVISED,OCMS_LEGACY,0,1,
NAME-b06205697ba0,2025-03,2028-12-01,REVISED,2028-12-01,ORIGINAL,OCMS_LEGACY,0,1,
NAME-b06205697ba0,2025-04,2028-12-01,ORIGINAL,2028-03-01,ANTICIPATED,OCMS_LEGACY,-9,0,TARGET_SOURCE_TRANSITION
NAME-b06205697ba0,2025-05,2028-03-01,ANTICIPATED,2028-03-01,REVISED,OCMS_LEGACY,0,1,
NAME-b4ea347c06ee,2025-02,2027-01-01,ORIGINAL,2027-01-01,REVISED,OCMS_LEGACY,0,1,
NAME-b4ea347c06ee,2025-03,2027-01-01,REVISED,2027-06-01,ORIGINAL,OCMS_LEGACY,5,0,TARGET_SOURCE_TRANSITION
NAME-b4ea347c06ee,2025-04,2027-06-01,ORIGINAL,2027-06-01,ANTICIPATED,OCMS_LEGACY,0,1,
NAME-b4ea347c06ee,2025-05,2027-06-01,ANTICIPATED,2027-06-01,REVISED,OCMS_LEGACY,0,1,
NAME-d795ae181fa5,2025-02,2026-03-01,ORIGINAL,2026-03-01,REVISED,OCMS_LEGACY,0,1,
NAME-e5026ba34c47,2025-02,2025-03-01,ORIGINAL,2025-03-01,REVISED,OCMS_LEGACY,0,1,
NAME-e5026ba34c47,2025-03,2025-03-01,REVISED,2025-04-01,REVISED,OCMS_LEGACY,1,1,
NAME-e5026ba34c47,2025-04,2025-04-01,REVISED,2025-04-01,ANTICIPATED,OCMS_LEGACY,0,1,
P-400005,2025-02,2025-05-01,REVISED,2025-06-01,REVISED,OCMS_LEGACY,1,1,
P-400005,2025-04,2025-06-01,REVISED,2025-09-01,REVISED,OCMS_LEGACY,3,1,
P-400005,2025-07,2025-09-01,REVISED,2025-12-01,REVISED,PAIMANA_TRANSITION,3,0,REPORTING_REGIME_CHANGE
P-400005,2025-08,2025-12-01,REVISED,2025-12-01,REVISED,PAIMANA_TRANSITION,0,1,
P-400005,2025-09,2025-12-01,REVISED,2025-12-01,REVISED,PAIMANA,0,1,
P-400005,2025-12,2025-12-01,REVISED,2026-03-01,REVISED,PAIMANA,3,1,
P-400005,2026-01,2026-03-01,REVISED,2026-05-01,REVISED,PAIMANA,2,1,
P-400006,2026-01,2025-12-01,REVISED,2026-12-01,REVISED,PAIMANA,12,1,
P-400010,2025-04,2025-10-01,REVISED,2025-10-01,ANTICIPATED,OCMS_LEGACY,0,1,
P-400010,2025-05,2025-10-01,ANTICIPATED,2025-10-01,REVISED,OCMS_LEGACY,0,1,
P-400010,2025-07,2025-10-01,REVISED,2025-10-01,REVISED,PAIMANA_TRANSITION,0,1,
P-400010,2025-08,2025-10-01,REVISED,2025-10-01,REVISED,PAIMANA_TRANSITION,0,1,
P-400010,2025-09,2025-10-01,REVISED,2025-10-01,REVISED,PAIMANA,0,1,
P-400010,2025-11,2025-10-01,REVISED,2026-07-01,REVISED,PAIMANA,9,1,
P-400012,2025-08,2025-12-01,REVISED,2025-12-01,REVISED,PAIMANA_TRANSITION,0,1,
P-400012,2025-09,2025-12-01,REVISED,2025-12-01,REVISED,PAIMANA,0,1,
P-400012,2025-12,2025-12-01,REVISED,2026-03-01,REVISED,PAIMANA,3,1,
P-400012,2026-03,2026-03-01,REVISED,2026-06-01,REVISED,PAIMANA,3,1,
P-400013,2025-08,2026-03-01,REVISED,2026-03-01,REVISED,PAIMANA_TRANSITION,0,1,
P-400013,2025-09,2026-03-01,REVISED,2026-03-01,REVISED,PAIMANA,0,1,
P-400018,2025-03,2029-03-01,REVISED,2029-03-01,ORIGINAL,OCMS_LEGACY,0,1,
P-400018,2025-04,2029-03-01,ORIGINAL,2029-03-01,REVISED,OCMS_LEGACY,0,1,
P-400018,2025-07,2029-03-01,REVISED,2029-03-01,ORIGINAL,PAIMANA_TRANSITION,0,1,
P-400018,2025-08,2029-03-01,ORIGINAL,2029-03-01,ORIGINAL,PAIMANA_TRANSITION,0,1,
P-400018,2025-09,2029-03-01,ORIGINAL,2029-03-01,ORIGINAL,PAIMANA,0,1,
P-400019,2025-03,2027-09-01,REVISED,2028-03-01,REVISED,OCMS_LEGACY,6,1,
P-400019,2025-07,2028-03-01,REVISED,2027-09-01,REVISED,PAIMANA_TRANSITION,-6,0,REPORTING_REGIME_CHANGE
P-400019,2025-08,2027-09-01,REVISED,2027-09-01,REVISED,PAIMANA_TRANSITION,0,1,
P-400019,2025-09,2027-09-01,REVISED,2027-09-01,REVISED,PAIMANA,0,1,
P-400022,2025-07,2026-12-01,REVISED,2030-07-01,REVISED,PAIMANA_TRANSITION,43,0,REPORTING_REGIME_CHANGE
P-400022,2025-08,2030-07-01,REVISED,2030-07-01,REVISED,PAIMANA_TRANSITION,0,1,
P-400022,2025-09,2030-07-01,REVISED,2030-07-01,REVISED,PAIMANA,0,1,
P-400023,2025-07,2028-03-01,REVISED,2027-04-01,REVISED,PAIMANA_TRANSITION,-11,0,REPORTING_REGIME_CHANGE
P-400023,2025-08,2027-04-01,REVISED,2027-04-01,REVISED,PAIMANA_TRANSITION,0,1,
P-400023,2025-10,2027-04-01,REVISED,2027-04-01,REVISED,PAIMANA,0,1,
P-400033,2025-02,2028-03-01,ORIGINAL,2028-03-01,REVISED,OCMS_LEGACY,0,1,
P-400033,2025-03,2028-03-01,REVISED,2028-03-01,ORIGINAL,OCMS_LEGACY,0,1,
P-400033,2025-04,2028-03-01,ORIGINAL,2028-03-01,REVISED,OCMS_LEGACY,0,1,
P-400033,2025-07,2028-03-01,REVISED,2028-03-01,ORIGINAL,PAIMANA_TRANSITION,0,1,
P-400033,2025-08,2028-03-01,ORIGINAL,2028-03-01,ORIGINAL,PAIMANA_TRANSITION,0,1,
P-400033,2025-09,2028-03-01,ORIGINAL,2028-03-01,ORIGINAL,PAIMANA,0,1,
P-400035,2025-04,2025-09-01,REVISED,2025-09-01,ANTICIPATED,OCMS_LEGACY,0,1,
P-400035,2025-05,2025-09-01,ANTICIPATED,2025-09-01,REVISED,OCMS_LEGACY,0,1,
P-400035,2025-07,2025-09-01,REVISED,2025-09-01,REVISED,PAIMANA_TRANSITION,0,1,
P-400035,2025-08,2025-09-01,REVISED,2026-06-01,REVISED,PAIMANA_TRANSITION,9,1,
P-400035,2025-09,2026-06-01,REVISED,2026-06-01,REVISED,PAIMANA,0,1,
P-400043,2025-04,2026-05-01,REVISED,2026-05-01,ANTICIPATED,OCMS_LEGACY,0,1,
P-400043,2025-05,2026-05-01,ANTICIPATED,2026-05-01,REVISED,OCMS_LEGACY,0,1,
P-400043,2025-07,2026-05-01,REVISED,2026-05-01,REVISED,PAIMANA_TRANSITION,0,1,
P-400043,2025-08,2026-05-01,REVISED,2026-05-01,REVISED,PAIMANA_TRANSITION,0,1,
P-400043,2025-09,2026-05-01,REVISED,2026-05-01,REVISED,PAIMANA,0,1,
P-400045,2025-08,2025-01-01,REVISED,2025-01-01,REVISED,PAIMANA_TRANSITION,0,1,
P-400045,2025-09,2025-01-01,REVISED,2025-01-01,REVISED,PAIMANA,0,1,
P-400047,2026-01,2024-07-01,REVISED,2026-12-01,REVISED,PAIMANA,29,1,
P-400048,2026-01,2024-09-01,REVISED,2026-04-01,REVISED,PAIMANA,19,1,
P-400048,2026-04,2026-04-01,REVISED,2027-06-01,REVISED,PAIMANA,14,1,
P-400062,2025-08,2029-06-01,ORIGINAL,2029-06-01,ORIGINAL,PAIMANA_TRANSITION,0,1,
P-400062,2025-09,2029-06-01,ORIGINAL,2029-06-01,ORIGINAL,PAIMANA,0,1,
P-400065,2025-08,2025-07-01,REVISED,2025-09-01,REVISED,PAIMANA_TRANSITION,2,1,
P-400065,2025-09,2025-09-01,REVISED,2025-09-01,REVISED,PAIMANA,0,1,
P-400073,2025-02,2032-03-01,ORIGINAL,2032-03-01,REVISED,OCMS_LEGACY,0,1,
P-400073,2025-03,2032-03-01,REVISED,2032-03-01,ORIGINAL,OCMS_LEGACY,0,1,
P-400073,2025-04,2032-03-01,ORIGINAL,2032-03-01,REVISED,OCMS_LEGACY,0,1,
P-400073,2025-07,2032-03-01,REVISED,2032-03-01,ORIGINAL,PAIMANA_TRANSITION,0,1,
P-400073,2025-08,2032-03-01,ORIGINAL,2032-03-01,ORIGINAL,PAIMANA_TRANSITION,0,1,
P-400073,2025-09,2032-03-01,ORIGINAL,2032-03-01,ORIGINAL,PAIMANA,0,1,
P-400074,2025-02,2026-03-01,ORIGINAL,2026-03-01,REVISED,OCMS_LEGACY,0,1,
P-400074,2025-03,2026-03-01,REVISED,2026-03-01,ORIGINAL,OCMS_LEGACY,0,1,
P-400074,2025-04,2026-03-01,ORIGINAL,2029-03-01,REVISED,OCMS_LEGACY,36,0,TARGET_SOURCE_TRANSITION
P-400074,2025-07,2029-03-01,REVISED,2029-03-01,ORIGINAL,PAIMANA_TRANSITION,0,1,
P-400074,2025-08,2029-03-01,ORIGINAL,2029-03-01,ORIGINAL,PAIMANA_TRANSITION,0,1,
P-400074,2025-09,2029-03-01,ORIGINAL,2029-03-01,ORIGINAL,PAIMANA,0,1,
P-400077,2025-04,2025-06-01,REVISED,2025-06-01,ANTICIPATED,OCMS_LEGACY,0,1,
P-400077,2025-05,2025-06-01,ANTICIPATED,2025-12-01,REVISED,OCMS_LEGACY,6,0,TARGET_SOURCE_TRANSITION
P-400077,2025-07,2025-12-01,REVISED,2026-03-01,REVISED,PAIMANA_TRANSITION,3,0,REPORTING_REGIME_CHANGE
P-400077,2025-08,2026-03-01,REVISED,2026-03-01,REVISED,PAIMANA_TRANSITION,0,1,
P-400077,2025-09,2026-03-01,REVISED,2026-03-01,REVISED,PAIMANA,0,1,
P-400078,2025-04,2025-12-01,REVISED,2025-12-01,ANTICIPATED,OCMS_LEGACY,0,1,
P-400078,2025-05,2025-12-01,ANTICIPATED,2025-12-01,REVISED,OCMS_LEGACY,0,1,
P-400078,2025-07,2025-12-01,REVISED,2025-12-01,REVISED,PAIMANA_TRANSITION,0,1,
P-400078,2025-08,2025-12-01,REVISED,2025-12-01,REVISED,PAIMANA_TRANSITION,0,1,
P-400078,2025-09,2025-12-01,REVISED,2025-12-01,REVISED,PAIMANA,0,1,
P-400078,2025-11,2025-12-01,REVISED,2026-06-01,REVISED,PAIMANA,6,1,
P-400081,2025-12,2025-11-01,REVISED,2026-08-01,REVISED,PAIMANA,9,1,
P-400087,2025-07,2026-02-01,REVISED,2026-02-01,REVISED,PAIMANA_TRANSITION,0,1,
P-400087,2025-08,2026-02-01,REVISED,2026-02-01,REVISED,PAIMANA_TRANSITION,0,1,
P-400087,2025-09,2026-02-01,REVISED,2026-02-01,REVISED,PAIMANA,0,1,
P-400087,2026-01,2026-02-01,REVISED,2027-03-01,REVISED,PAIMANA,13,1,
P-400093,2025-08,2026-03-01,REVISED,2026-03-01,REVISED,PAIMANA_TRANSITION,0,1,
P-400093,2025-09,2026-03-01,REVISED,2026-03-01,REVISED,PAIMANA,0,1,
P-400095,2025-08,2026-06-01,REVISED,2026-06-01,REVISED,PAIMANA_TRANSITION,0,1,
P-400095,2025-09,2026-06-01,REVISED,2026-06-01,REVISED,PAIMANA,0,1,
P-400096,2025-08,2026-03-01,REVISED,2026-03-01,REVISED,PAIMANA_TRANSITION,0,1,
P-400096,2025-09,2026-03-01,REVISED,2026-03-01,REVISED,PAIMANA,0,1,
P-400096,2026-03,2026-03-01,REVISED,2027-06-01,REVISED,PAIMANA,15,1,
P-400097,2025-08,2025-03-01,REVISED,2025-03-01,REVISED,PAIMANA_TRANSITION,0,1,
P-400097,2025-09,2025-03-01,REVISED,2026-03-01,REVISED,PAIMANA,12,0,REPORTING_REGIME_CHANGE
P-400100,2025-08,2025-03-01,REVISED,2026-06-01,REVISED,PAIMANA_TRANSITION,15,1,
P-400100,2025-09,2026-06-01,REVISED,2026-06-01,REVISED,PAIMANA,0,1,
P-400101,2025-08,2027-03-01,REVISED,2027-03-01,REVISED,PAIMANA_TRANSITION,0,1,
P-400101,2025-09,2027-03-01,REVISED,2027-03-01,REVISED,PAIMANA,0,1,
P-400102,2025-08,2024-12-01,REVISED,2026-03-01,REVISED,PAIMANA_TRANSITION,15,1,
P-400102,2025-09,2026-03-01,REVISED,2026-03-01,REVISED,PAIMANA,0,1,
P-400102,2026-02,2026-03-01,REVISED,2025-12-01,REVISED,PAIMANA,-3,1,
P-400103,2025-08,2025-03-01,REVISED,2026-12-01,REVISED,PAIMANA_TRANSITION,21,1,
P-400103,2025-09,2026-12-01,REVISED,2026-12-01,REVISED,PAIMANA,0,1,
P-400104,2025-08,2026-03-01,REVISED,2026-03-01,REVISED,PAIMANA_TRANSITION,0,1,
P-400104,2025-09,2026-03-01,REVISED,2026-03-01,REVISED,PAIMANA,0,1,
P-400105,2025-08,2025-06-01,REVISED,2026-12-01,REVISED,PAIMANA_TRANSITION,18,1,
P-400105,2025-09,2026-12-01,REVISED,2026-12-01,REVISED,PAIMANA,0,1,
P-400107,2025-08,2027-06-01,REVISED,2027-06-01,REVISED,PAIMANA_TRANSITION,0,1,
P-400107,2025-09,2027-06-01,REVISED,2027-06-01,REVISED,PAIMANA,0,1,
P-400109,2025-08,2025-06-01,REVISED,2026-06-01,REVISED,PAIMANA_TRANSITION,12,1,
P-400109,2025-09,2026-06-01,REVISED,2026-06-01,REVISED,PAIMANA,0,1,
P-400111,2025-08,2025-06-01,REVISED,2026-06-01,REVISED,PAIMANA_TRANSITION,12,1,
P-400111,2025-09,2026-06-01,REVISED,2026-06-01,REVISED,PAIMANA,0,1,
P-400112,2025-08,2028-06-01,ORIGINAL,2028-06-01,ORIGINAL,PAIMANA_TRANSITION,0,1,
P-400112,2025-09,2028-06-01,ORIGINAL,2028-06-01,ORIGINAL,PAIMANA,0,1,
P-400115,2025-08,2025-07-01,REVISED,2025-03-01,REVISED,PAIMANA_TRANSITION,-4,1,
P-400115,2025-09,2025-03-01,REVISED,2026-03-01,REVISED,PAIMANA,12,0,REPORTING_REGIME_CHANGE
P-400116,2025-08,2025-07-01,REVISED,2025-12-01,REVISED,PAIMANA_TRANSITION,5,1,
P-400116,2025-09,2025-12-01,REVISED,2026-03-01,REVISED,PAIMANA,3,0,REPORTING_REGIME_CHANGE
P-400116,2026-03,2026-03-01,REVISED,2026-12-01,REVISED,PAIMANA,9,1,
P-400117,2025-08,2019-12-01,REVISED,2019-12-01,REVISED,PAIMANA_TRANSITION,0,1,
P-400119,2025-04,2025-06-01,REVISED,2025-06-01,ANTICIPATED,OCMS_LEGACY,0,1,
P-400119,2025-05,2025-06-01,ANTICIPATED,2025-06-01,REVISED,OCMS_LEGACY,0,1,
P-400119,2025-07,2025-06-01,REVISED,2025-12-01,REVISED,PAIMANA_TRANSITION,6,0,REPORTING_REGIME_CHANGE
P-400119,2025-08,2025-12-01,REVISED,2025-12-01,REVISED,PAIMANA_TRANSITION,0,1,
P-400119,2025-09,2025-12-01,REVISED,2025-12-01,REVISED,PAIMANA,0,1,
P-400119,2025-11,2025-12-01,REVISED,2026-03-01,REVISED,PAIMANA,3,1,
P-400119,2026-03,2026-03-01,REVISED,2026-08-01,REVISED,PAIMANA,5,1,
P-400120,2025-03,2025-03-01,REVISED,2025-06-01,REVISED,OCMS_LEGACY,3,1,
P-400120,2025-04,2025-06-01,REVISED,2025-06-01,ANTICIPATED,OCMS_LEGACY,0,1,
P-400120,2025-05,2025-06-01,ANTICIPATED,2025-06-01,REVISED,OCMS_LEGACY,0,1,
P-400120,2025-07,2025-06-01,REVISED,2026-06-01,REVISED,PAIMANA_TRANSITION,12,0,REPORTING_REGIME_CHANGE
P-400120,2025-08,2026-06-01,REVISED,2026-06-01,REVISED,PAIMANA_TRANSITION,0,1,
P-400120,2025-09,2026-06-01,REVISED,2026-06-01,REVISED,PAIMANA,0,1,
P-400120,2026-04,2026-06-01,REVISED,2026-09-01,REVISED,PAIMANA,3,1,
P-400121,2025-02,2026-08-01,ORIGINAL,2026-08-01,REVISED,OCMS_LEGACY,0,1,
P-400121,2025-03,2026-08-01,REVISED,2026-08-01,ORIGINAL,OCMS_LEGACY,0,1,
P-400121,2025-04,2026-08-01,ORIGINAL,2026-08-01,REVISED,OCMS_LEGACY,0,1,
P-400121,2025-07,2026-08-01,REVISED,2026-08-01,ORIGINAL,PAIMANA_TRANSITION,0,1,
P-400121,2025-08,2026-08-01,ORIGINAL,2026-08-01,ORIGINAL,PAIMANA_TRANSITION,0,1,
P-400121,2025-09,2026-08-01,ORIGINAL,2026-08-01,ORIGINAL,PAIMANA,0,1,
P-400136,2025-08,2032-03-01,ORIGINAL,2032-03-01,ORIGINAL,PAIMANA_TRANSITION,0,1,
P-400136,2025-09,2032-03-01,ORIGINAL,2032-03-01,ORIGINAL,PAIMANA,0,1,
P-400138,2025-02,2032-03-01,ORIGINAL,2032-03-01,REVISED,OCMS_LEGACY,0,1,
P-400138,2025-03,2032-03-01,REVISED,2032-03-01,ORIGINAL,OCMS_LEGACY,0,1,
P-400138,2025-04,2032-03-01,ORIGINAL,2032-03-01,REVISED,OCMS_LEGACY,0,1,
P-400138,2025-07,2032-03-01,REVISED,2032-03-01,ORIGINAL,PAIMANA_TRANSITION,0,1,
P-400138,2025-08,2032-03-01,ORIGINAL,2032-03-01,ORIGINAL,PAIMANA_TRANSITION,0,1,
P-400138,2025-09,2032-03-01,ORIGINAL,2032-03-01,ORIGINAL,PAIMANA,0,1,
P-400139,2025-02,2032-03-01,ORIGINAL,2032-03-01,REVISED,OCMS_LEGACY,0,1,
P-400139,2025-07,2032-03-01,REVISED,2032-03-01,ORIGINAL,PAIMANA_TRANSITION,0,1,
P-400139,2025-08,2032-03-01,ORIGINAL,2032-03-01,ORIGINAL,PAIMANA_TRANSITION,0,1,
P-400139,2025-09,2032-03-01,ORIGINAL,2032-03-01,ORIGINAL,PAIMANA,0,1,
P-400141,2025-04,2025-09-01,REVISED,2025-09-01,ANTICIPATED,OCMS_LEGACY,0,1,
P-400141,2025-05,2025-09-01,ANTICIPATED,2025-09-01,REVISED,OCMS_LEGACY,0,1,
P-400141,2025-06,2025-09-01,REVISED,2026-06-01,REVISED,OCMS_LEGACY,9,1,
P-400141,2025-07,2026-06-01,REVISED,2025-09-01,REVISED,PAIMANA_TRANSITION,-9,0,REPORTING_REGIME_CHANGE
P-400141,2025-08,2025-09-01,REVISED,2025-09-01,REVISED,PAIMANA_TRANSITION,0,1,
P-400141,2025-09,2025-09-01,REVISED,2025-09-01,REVISED,PAIMANA,0,1,
P-400141,2026-01,2025-09-01,REVISED,2026-06-01,REVISED,PAIMANA,9,1,
P-400142,2025-02,2028-09-01,ORIGINAL,2028-09-01,REVISED,OCMS_LEGACY,0,1,
P-400142,2025-03,2028-09-01,REVISED,2028-09-01,ORIGINAL,OCMS_LEGACY,0,1,
P-400142,2025-04,2028-09-01,ORIGINAL,2028-09-01,REVISED,OCMS_LEGACY,0,1,
P-400142,2025-07,2028-09-01,REVISED,2028-09-01,ORIGINAL,PAIMANA_TRANSITION,0,1,
P-400142,2025-08,2028-09-01,ORIGINAL,2028-09-01,ORIGINAL,PAIMANA_TRANSITION,0,1,
P-400142,2025-09,2028-09-01,ORIGINAL,2028-09-01,ORIGINAL,PAIMANA,0,1,
P-400144,2025-02,2029-03-01,ORIGINAL,2029-03-01,REVISED,OCMS_LEGACY,0,1,
P-400144,2025-07,2029-03-01,REVISED,2029-03-01,ORIGINAL,PAIMANA_TRANSITION,0,1,
P-400144,2025-08,2029-03-01,ORIGINAL,2029-03-01,ORIGINAL,PAIMANA_TRANSITION,0,1,
P-400144,2025-09,2029-03-01,ORIGINAL,2029-03-01,ORIGINAL,PAIMANA,0,1,
P-400145,2025-08,2025-09-01,REVISED,2025-09-01,REVISED,PAIMANA_TRANSITION,0,1,
P-400145,2025-09,2025-09-01,REVISED,2025-10-01,REVISED,PAIMANA,1,0,REPORTING_REGIME_CHANGE
P-400145,2025-10,2025-10-01,REVISED,2025-11-01,REVISED,PAIMANA,1,1,
P-400145,2025-11,2025-11-01,REVISED,2025-12-01,REVISED,PAIMANA,1,1,
P-400147,2025-08,2030-03-01,REVISED,2030-03-01,REVISED,PAIMANA_TRANSITION,0,1,
P-400147,2025-09,2030-03-01,REVISED,2030-03-01,REVISED,PAIMANA,0,1,
P-400148,2025-04,2027-03-01,REVISED,2027-03-01,ANTICIPATED,OCMS_LEGACY,0,1,
P-400148,2025-05,2027-03-01,ANTICIPATED,2027-03-01,REVISED,OCMS_LEGACY,0,1,
P-400148,2025-07,2027-03-01,REVISED,2027-03-01,REVISED,PAIMANA_TRANSITION,0,1,
P-400148,2025-08,2027-03-01,REVISED,2027-03-01,REVISED,PAIMANA_TRANSITION,0,1,
P-400148,2025-09,2027-03-01,REVISED,2027-03-01,REVISED,PAIMANA,0,1,
P-400149,2025-02,2029-03-01,ORIGINAL,2029-03-01,REVISED,OCMS_LEGACY,0,1,
P-400149,2025-07,2029-03-01,REVISED,2029-03-01,ORIGINAL,PAIMANA_TRANSITION,0,1,
P-400149,2025-08,2029-03-01,ORIGINAL,2029-03-01,ORIGINAL,PAIMANA_TRANSITION,0,1,
P-400149,2025-09,2029-03-01,ORIGINAL,2029-03-01,ORIGINAL,PAIMANA,0,1,
P-400150,2025-07,2028-03-01,REVISED,2028-03-01,ORIGINAL,PAIMANA_TRANSITION,0,1,
P-400150,2025-08,2028-03-01,ORIGINAL,2028-03-01,ORIGINAL,PAIMANA_TRANSITION,0,1,
P-400150,2025-09,2028-03-01,ORIGINAL,2028-03-01,ORIGINAL,PAIMANA,0,1,
P-400151,2025-02,2026-03-01,ORIGINAL,2026-03-01,REVISED,OCMS_LEGACY,0,1,
P-400151,2025-04,2026-03-01,REVISED,2029-03-01,REVISED,OCMS_LEGACY,36,1,
P-400151,2025-07,2029-03-01,REVISED,2029-03-01,ORIGINAL,PAIMANA_TRANSITION,0,1,
P-400151,2025-08,2029-03-01,ORIGINAL,2029-03-01,ORIGINAL,PAIMANA_TRANSITION,0,1,
P-400151,2025-09,2029-03-01,ORIGINAL,2029-03-01,ORIGINAL,PAIMANA,0,1,
P-400152,2025-02,2026-03-01,ORIGINAL,2026-03-01,REVISED,OCMS_LEGACY,0,1,
P-400152,2025-03,2026-03-01,REVISED,2026-03-01,ORIGINAL,OCMS_LEGACY,0,1,
P-400152,2025-04,2026-03-01,ORIGINAL,2026-03-01,REVISED,OCMS_LEGACY,0,1,
P-400152,2025-07,2026-03-01,REVISED,2026-03-01,ORIGINAL,PAIMANA_TRANSITION,0,1,
P-400152,2025-08,2026-03-01,ORIGINAL,2026-03-01,ORIGINAL,PAIMANA_TRANSITION,0,1,
P-400152,2025-09,2026-03-01,ORIGINAL,2026-03-01,ORIGINAL,PAIMANA,0,1,
P-400153,2025-02,2028-03-01,ORIGINAL,2028-03-01,REVISED,OCMS_LEGACY,0,1,
P-400153,2025-03,2028-03-01,REVISED,2028-03-01,ORIGINAL,OCMS_LEGACY,0,1,
P-400153,2025-04,2028-03-01,ORIGINAL,2028-03-01,REVISED,OCMS_LEGACY,0,1,
P-400153,2025-07,2028-03-01,REVISED,2028-03-01,ORIGINAL,PAIMANA_TRANSITION,0,1,
P-400153,2025-08,2028-03-01,ORIGINAL,2028-03-01,ORIGINAL,PAIMANA_TRANSITION,0,1,
P-400153,2025-09,2028-03-01,ORIGINAL,2028-03-01,ORIGINAL,PAIMANA,0,1,
P-400154,2025-03,2027-03-01,REVISED,2027-03-01,ORIGINAL,OCMS_LEGACY,0,1,
P-400154,2025-04,2027-03-01,ORIGINAL,2027-03-01,REVISED,OCMS_LEGACY,0,1,
P-400154,2025-07,2027-03-01,REVISED,2027-03-01,ORIGINAL,PAIMANA_TRANSITION,0,1,
P-400154,2025-08,2027-03-01,ORIGINAL,2027-03-01,ORIGINAL,PAIMANA_TRANSITION,0,1,
P-400154,2025-09,2027-03-01,ORIGINAL,2027-03-01,ORIGINAL,PAIMANA,0,1,
P-400155,2025-02,2028-03-01,ORIGINAL,2028-03-01,REVISED,OCMS_LEGACY,0,1,
P-400155,2025-03,2028-03-01,REVISED,2028-03-01,ORIGINAL,OCMS_LEGACY,0,1,
P-400155,2025-04,2028-03-01,ORIGINAL,2028-03-01,REVISED,OCMS_LEGACY,0,1,
P-400155,2025-07,2028-03-01,REVISED,2028-03-01,ORIGINAL,PAIMANA_TRANSITION,0,1,
P-400155,2025-08,2028-03-01,ORIGINAL,2028-03-01,ORIGINAL,PAIMANA_TRANSITION,0,1,
P-400155,2025-09,2028-03-01,ORIGINAL,2031-03-01,ORIGINAL,PAIMANA,36,0,REPORTING_REGIME_CHANGE
P-400156,2025-02,2028-03-01,ORIGINAL,2028-03-01,REVISED,OCMS_LEGACY,0,1,
P-400156,2025-07,2028-03-01,REVISED,2028-03-01,ORIGINAL,PAIMANA_TRANSITION,0,1,
P-400156,2025-08,2028-03-01,ORIGINAL,2028-03-01,ORIGINAL,PAIMANA_TRANSITION,0,1,
P-400156,2025-09,2028-03-01,ORIGINAL,2028-03-01,ORIGINAL,PAIMANA,0,1,
P-400158,2025-08,2025-12-01,REVISED,2025-12-01,REVISED,PAIMANA_TRANSITION,0,1,
P-400158,2025-09,2025-12-01,REVISED,2025-12-01,REVISED,PAIMANA,0,1,
P-400160,2025-02,2025-03-01,ORIGINAL,2027-03-01,REVISED,OCMS_LEGACY,24,0,TARGET_SOURCE_TRANSITION
P-400160,2025-03,2027-03-01,REVISED,2027-03-01,ORIGINAL,OCMS_LEGACY,0,1,
P-400160,2025-04,2027-03-01,ORIGINAL,2027-03-01,REVISED,OCMS_LEGACY,0,1,
P-400160,2025-07,2027-03-01,REVISED,2027-03-01,REVISED,PAIMANA_TRANSITION,0,1,
P-400160,2025-08,2027-03-01,REVISED,2027-03-01,REVISED,PAIMANA_TRANSITION,0,1,
P-400160,2025-09,2027-03-01,REVISED,2027-03-01,REVISED,PAIMANA,0,1,
P-400161,2025-08,2025-08-01,REVISED,2025-09-01,REVISED,PAIMANA_TRANSITION,1,1,
P-400161,2025-09,2025-09-01,REVISED,2025-10-01,REVISED,PAIMANA,1,0,REPORTING_REGIME_CHANGE
P-400161,2025-10,2025-10-01,REVISED,2025-11-01,REVISED,PAIMANA,1,1,
P-400161,2025-11,2025-11-01,REVISED,2025-12-01,REVISED,PAIMANA,1,1,
P-400161,2025-12,2025-12-01,REVISED,2026-12-01,REVISED,PAIMANA,12,1,
P-400161,2026-01,2026-12-01,REVISED,2026-02-01,REVISED,PAIMANA,-10,1,
P-400162,2025-03,2025-03-01,REVISED,2027-03-01,REVISED,OCMS_LEGACY,24,1,
P-400162,2025-07,2027-03-01,REVISED,2027-03-01,REVISED,PAIMANA_TRANSITION,0,1,
P-400162,2025-08,2027-03-01,REVISED,2027-03-01,REVISED,PAIMANA_TRANSITION,0,1,
P-400162,2025-09,2027-03-01,REVISED,2027-03-01,REVISED,PAIMANA,0,1,
P-400165,2025-03,2029-03-01,REVISED,2029-03-01,ORIGINAL,OCMS_LEGACY,0,1,
P-400165,2025-04,2029-03-01,ORIGINAL,2029-03-01,ANTICIPATED,OCMS_LEGACY,0,1,
P-400165,2025-05,2029-03-01,ANTICIPATED,2029-03-01,REVISED,OCMS_LEGACY,0,1,
P-400165,2025-07,2029-03-01,REVISED,2029-03-01,REVISED,PAIMANA_TRANSITION,0,1,
P-400165,2025-08,2029-03-01,REVISED,2032-04-01,ORIGINAL,PAIMANA_TRANSITION,37,0,TARGET_SOURCE_TRANSITION
P-400165,2025-09,2032-04-01,ORIGINAL,2032-04-01,ORIGINAL,PAIMANA,0,1,
P-400166,2025-02,2029-03-01,ORIGINAL,2029-03-01,REVISED,OCMS_LEGACY,0,1,
P-400166,2025-03,2029-03-01,REVISED,2029-03-01,ORIGINAL,OCMS_LEGACY,0,1,
P-400166,2025-04,2029-03-01,ORIGINAL,2029-03-01,REVISED,OCMS_LEGACY,0,1,
P-400166,2025-07,2029-03-01,REVISED,2028-03-01,REVISED,PAIMANA_TRANSITION,-12,0,REPORTING_REGIME_CHANGE
P-400166,2025-08,2028-03-01,REVISED,2029-03-01,ORIGINAL,PAIMANA_TRANSITION,12,0,TARGET_SOURCE_TRANSITION
P-400166,2025-09,2029-03-01,ORIGINAL,2029-03-01,ORIGINAL,PAIMANA,0,1,
P-400167,2025-02,2026-03-01,ORIGINAL,2026-03-01,REVISED,OCMS_LEGACY,0,1,
P-400167,2025-07,2026-03-01,REVISED,2026-03-01,REVISED,PAIMANA_TRANSITION,0,1,
P-400167,2025-08,2026-03-01,REVISED,2026-03-01,REVISED,PAIMANA_TRANSITION,0,1,
P-400167,2025-09,2026-03-01,REVISED,2026-03-01,REVISED,PAIMANA,0,1,
P-400167,2026-03,2026-03-01,REVISED,2026-04-01,REVISED,PAIMANA,1,1,
P-400167,2026-04,2026-04-01,REVISED,2026-12-01,REVISED,PAIMANA,8,1,
P-400168,2025-04,2025-10-01,REVISED,2025-10-01,ANTICIPATED,OCMS_LEGACY,0,1,
P-400168,2025-05,2025-10-01,ANTICIPATED,2025-10-01,REVISED,OCMS_LEGACY,0,1,
P-400168,2025-07,2025-10-01,REVISED,2025-10-01,REVISED,PAIMANA_TRANSITION,0,1,
P-400168,2025-08,2025-10-01,REVISED,2025-10-01,REVISED,PAIMANA_TRANSITION,0,1,
P-400168,2025-09,2025-10-01,REVISED,2025-12-01,REVISED,PAIMANA,2,0,REPORTING_REGIME_CHANGE
P-400168,2025-11,2025-12-01,REVISED,2026-06-01,REVISED,PAIMANA,6,1,
P-400168,2026-02,2026-06-01,REVISED,2027-04-01,REVISED,PAIMANA,10,1,
P-400169,2025-02,2025-07-01,ORIGINAL,2025-07-01,REVISED,OCMS_LEGACY,0,1,
P-400169,2025-07,2025-07-01,REVISED,2025-10-01,REVISED,PAIMANA_TRANSITION,3,0,REPORTING_REGIME_CHANGE
P-400169,2025-08,2025-10-01,REVISED,2025-10-01,REVISED,PAIMANA_TRANSITION,0,1,
P-400169,2025-09,2025-10-01,REVISED,2025-10-01,REVISED,PAIMANA,0,1,
P-400169,2025-10,2025-10-01,REVISED,2026-03-01,REVISED,PAIMANA,5,1,
P-400169,2026-02,2026-03-01,REVISED,2026-05-01,REVISED,PAIMANA,2,1,
P-400169,2026-03,2026-05-01,REVISED,2026-07-01,REVISED,PAIMANA,2,1,
P-400171,2025-03,2025-03-01,REVISED,2025-12-01,REVISED,OCMS_LEGACY,9,1,
P-400171,2025-04,2025-12-01,REVISED,2025-12-01,ANTICIPATED,OCMS_LEGACY,0,1,
P-400171,2025-05,2025-12-01,ANTICIPATED,2025-12-01,REVISED,OCMS_LEGACY,0,1,
P-400171,2025-06,2025-12-01,REVISED,2026-03-01,REVISED,OCMS_LEGACY,3,1,
P-400171,2025-07,2026-03-01,REVISED,2026-03-01,REVISED,PAIMANA_TRANSITION,0,1,
P-400171,2025-08,2026-03-01,REVISED,2026-03-01,REVISED,PAIMANA_TRANSITION,0,1,
P-400171,2025-09,2026-03-01,REVISED,2026-03-01,REVISED,PAIMANA,0,1,
P-400171,2026-03,2026-03-01,REVISED,2026-12-01,REVISED,PAIMANA,9,1,
P-400172,2025-02,2026-03-01,ORIGINAL,2026-03-01,REVISED,OCMS_LEGACY,0,1,
P-400172,2025-03,2026-03-01,REVISED,2026-03-01,ORIGINAL,OCMS_LEGACY,0,1,
P-400172,2025-04,2026-03-01,ORIGINAL,2026-03-01,ANTICIPATED,OCMS_LEGACY,0,1,
P-400172,2025-05,2026-03-01,ANTICIPATED,2026-03-01,REVISED,OCMS_LEGACY,0,1,
P-400172,2025-07,2026-03-01,REVISED,2026-03-01,ORIGINAL,PAIMANA_TRANSITION,0,1,
P-400172,2025-08,2026-03-01,ORIGINAL,2026-03-01,ORIGINAL,PAIMANA_TRANSITION,0,1,
P-400172,2025-09,2026-03-01,ORIGINAL,2026-03-01,ORIGINAL,PAIMANA,0,1,
P-400172,2025-10,2026-03-01,ORIGINAL,2028-03-01,REVISED,PAIMANA,24,0,TARGET_SOURCE_TRANSITION
P-400173,2025-02,2026-03-01,ORIGINAL,2026-03-01,REVISED,OCMS_LEGACY,0,1,
P-400173,2025-07,2026-03-01,REVISED,2026-03-01,ORIGINAL,PAIMANA_TRANSITION,0,1,
P-400173,2025-08,2026-03-01,ORIGINAL,2026-03-01,ORIGINAL,PAIMANA_TRANSITION,0,1,
P-400173,2025-09,2026-03-01,ORIGINAL,2026-03-01,ORIGINAL,PAIMANA,0,1,
P-400173,2025-10,2026-03-01,ORIGINAL,2030-03-01,REVISED,PAIMANA,48,0,TARGET_SOURCE_TRANSITION
P-400174,2025-04,2026-11-01,REVISED,2026-11-01,ANTICIPATED,OCMS_LEGACY,0,1,
P-400174,2025-05,2026-11-01,ANTICIPATED,2026-11-01,REVISED,OCMS_LEGACY,0,1,
P-400174,2025-07,2026-11-01,REVISED,2027-06-01,REVISED,PAIMANA_TRANSITION,7,0,REPORTING_REGIME_CHANGE
P-400174,2025-08,2027-06-01,REVISED,2027-06-01,REVISED,PAIMANA_TRANSITION,0,1,
P-400174,2025-09,2027-06-01,REVISED,2027-06-01,REVISED,PAIMANA,0,1,
P-400177,2025-02,2025-03-01,ORIGINAL,2025-03-01,REVISED,OCMS_LEGACY,0,1,
P-400177,2025-07,2025-03-01,REVISED,2026-03-01,REVISED,PAIMANA_TRANSITION,12,0,REPORTING_REGIME_CHANGE
P-400177,2025-08,2026-03-01,REVISED,2026-03-01,REVISED,PAIMANA_TRANSITION,0,1,
P-400177,2025-09,2026-03-01,REVISED,2026-03-01,REVISED,PAIMANA,0,1,
P-400178,2025-07,2027-03-01,REVISED,2027-03-01,ORIGINAL,PAIMANA_TRANSITION,0,1,
P-400178,2025-08,2027-03-01,ORIGINAL,2027-03-01,ORIGINAL,PAIMANA_TRANSITION,0,1,
P-400178,2025-09,2027-03-01,ORIGINAL,2027-03-01,ORIGINAL,PAIMANA,0,1,
P-400180,2025-02,2026-03-01,ORIGINAL,2026-03-01,REVISED,OCMS_LEGACY,0,1,
P-400180,2025-03,2026-03-01,REVISED,2026-03-01,ORIGINAL,OCMS_LEGACY,0,1,
P-400180,2025-04,2026-03-01,ORIGINAL,2026-03-01,ANTICIPATED,OCMS_LEGACY,0,1,
P-400180,2025-05,2026-03-01,ANTICIPATED,2026-03-01,REVISED,OCMS_LEGACY,0,1,
P-400180,2025-07,2026-03-01,REVISED,2026-03-01,REVISED,PAIMANA_TRANSITION,0,1,
P-400180,2025-08,2026-03-01,REVISED,2026-03-01,REVISED,PAIMANA_TRANSITION,0,1,
P-400180,2025-09,2026-03-01,REVISED,2026-03-01,REVISED,PAIMANA,0,1,
P-400180,2025-10,2026-03-01,REVISED,2030-03-01,REVISED,PAIMANA,48,1,
P-400181,2025-02,2029-03-01,ORIGINAL,2029-03-01,REVISED,OCMS_LEGACY,0,1,
P-400181,2025-03,2029-03-01,REVISED,2029-03-01,ORIGINAL,OCMS_LEGACY,0,1,
P-400181,2025-04,2029-03-01,ORIGINAL,2029-03-01,REVISED,OCMS_LEGACY,0,1,
P-400181,2025-07,2029-03-01,REVISED,2029-03-01,ORIGINAL,PAIMANA_TRANSITION,0,1,
P-400181,2025-08,2029-03-01,ORIGINAL,2029-03-01,ORIGINAL,PAIMANA_TRANSITION,0,1,
P-400181,2025-09,2029-03-01,ORIGINAL,2029-03-01,ORIGINAL,PAIMANA,0,1,
P-400182,2025-02,2027-03-01,ORIGINAL,2027-03-01,REVISED,OCMS_LEGACY,0,1,
P-400182,2025-03,2027-03-01,REVISED,2027-03-01,ORIGINAL,OCMS_LEGACY,0,1,
P-400182,2025-04,2027-03-01,ORIGINAL,2027-03-01,REVISED,OCMS_LEGACY,0,1,
P-400182,2025-07,2027-03-01,REVISED,2027-03-01,ORIGINAL,PAIMANA_TRANSITION,0,1,
P-400182,2025-08,2027-03-01,ORIGINAL,2027-03-01,ORIGINAL,PAIMANA_TRANSITION,0,1,
P-400182,2025-09,2027-03-01,ORIGINAL,2027-03-01,ORIGINAL,PAIMANA,0,1,
P-400182,2025-10,2027-03-01,ORIGINAL,2030-03-01,REVISED,PAIMANA,36,0,TARGET_SOURCE_TRANSITION
P-400183,2025-02,2029-03-01,ORIGINAL,2029-03-01,REVISED,OCMS_LEGACY,0,1,
P-400183,2025-03,2029-03-01,REVISED,2029-03-01,ORIGINAL,OCMS_LEGACY,0,1,
P-400183,2025-04,2029-03-01,ORIGINAL,2029-03-01,REVISED,OCMS_LEGACY,0,1,
P-400183,2025-07,2029-03-01,REVISED,2029-03-01,ORIGINAL,PAIMANA_TRANSITION,0,1,
P-400183,2025-08,2029-03-01,ORIGINAL,2029-03-01,ORIGINAL,PAIMANA_TRANSITION,0,1,
P-400183,2025-09,2029-03-01,ORIGINAL,2029-03-01,ORIGINAL,PAIMANA,0,1,
P-400185,2025-02,2028-03-01,ORIGINAL,2028-03-01,REVISED,OCMS_LEGACY,0,1,
P-400185,2025-03,2028-03-01,REVISED,2028-03-01,ORIGINAL,OCMS_LEGACY,0,1,
P-400185,2025-04,2028-03-01,ORIGINAL,2028-03-01,REVISED,OCMS_LEGACY,0,1,
P-400185,2025-07,2028-03-01,REVISED,2030-03-01,ORIGINAL,PAIMANA_TRANSITION,24,0,REPORTING_REGIME_CHANGE
P-400185,2025-08,2030-03-01,ORIGINAL,2030-03-01,ORIGINAL,PAIMANA_TRANSITION,0,1,
P-400185,2025-09,2030-03-01,ORIGINAL,2030-03-01,ORIGINAL,PAIMANA,0,1,
P-400186,2025-03,2029-03-01,REVISED,2029-03-01,ORIGINAL,OCMS_LEGACY,0,1,
P-400186,2025-04,2029-03-01,ORIGINAL,2029-03-01,REVISED,OCMS_LEGACY,0,1,
P-400186,2025-07,2029-03-01,REVISED,2029-03-01,REVISED,PAIMANA_TRANSITION,0,1,
P-400186,2025-08,2029-03-01,REVISED,2029-03-01,REVISED,PAIMANA_TRANSITION,0,1,
P-400186,2025-09,2029-03-01,REVISED,2029-03-01,REVISED,PAIMANA,0,1,
P-400186,2025-10,2029-03-01,REVISED,2029-03-01,ORIGINAL,PAIMANA,0,1,
P-400187,2025-07,2027-03-01,REVISED,2027-03-01,ORIGINAL,PAIMANA_TRANSITION,0,1,
P-400187,2025-08,2027-03-01,ORIGINAL,2027-03-01,ORIGINAL,PAIMANA_TRANSITION,0,1,
P-400187,2025-09,2027-03-01,ORIGINAL,2027-03-01,ORIGINAL,PAIMANA,0,1,
P-400188,2025-08,2025-12-01,REVISED,2025-12-01,REVISED,PAIMANA_TRANSITION,0,1,
P-400188,2025-09,2025-12-01,REVISED,2025-12-01,REVISED,PAIMANA,0,1,
P-400192,2025-08,2026-05-01,REVISED,2026-05-01,REVISED,PAIMANA_TRANSITION,0,1,
P-400192,2025-09,2026-05-01,REVISED,2026-05-01,REVISED,PAIMANA,0,1,
P-400203,2025-08,2026-08-01,REVISED,2026-08-01,REVISED,PAIMANA_TRANSITION,0,1,
P-400203,2025-09,2026-08-01,REVISED,2026-08-01,REVISED,PAIMANA,0,1,
P-400204,2025-02,2027-03-01,REVISED,2026-12-01,REVISED,OCMS_LEGACY,-3,1,
P-400204,2025-03,2026-12-01,REVISED,2028-03-01,REVISED,OCMS_LEGACY,15,1,
P-400204,2025-07,2028-03-01,REVISED,2030-10-01,REVISED,PAIMANA_TRANSITION,31,0,REPORTING_REGIME_CHANGE
P-400204,2025-08,2030-10-01,REVISED,2030-10-01,REVISED,PAIMANA_TRANSITION,0,1,
P-400204,2025-09,2030-10-01,REVISED,2030-10-01,REVISED,PAIMANA,0,1,
P-400205,2025-02,2027-12-01,ORIGINAL,2027-12-01,REVISED,OCMS_LEGACY,0,1,
P-400205,2025-03,2027-12-01,REVISED,2027-12-01,ORIGINAL,OCMS_LEGACY,0,1,
P-400205,2025-04,2027-12-01,ORIGINAL,2027-12-01,REVISED,OCMS_LEGACY,0,1,
P-400205,2025-05,2027-12-01,REVISED,2027-06-01,REVISED,OCMS_LEGACY,-6,1,
P-400205,2025-06,2027-06-01,REVISED,2027-12-01,REVISED,OCMS_LEGACY,6,1,
P-400205,2025-07,2027-12-01,REVISED,2029-03-01,REVISED,PAIMANA_TRANSITION,15,0,REPORTING_REGIME_CHANGE
P-400205,2025-08,2029-03-01,REVISED,2029-03-01,REVISED,PAIMANA_TRANSITION,0,1,
P-400205,2025-09,2029-03-01,REVISED,2029-03-01,REVISED,PAIMANA,0,1,
P-400220,2025-04,2025-12-01,REVISED,2026-03-01,REVISED,OCMS_LEGACY,3,1,
P-400220,2025-07,2026-03-01,REVISED,2026-03-01,REVISED,PAIMANA_TRANSITION,0,1,
P-400220,2025-08,2026-03-01,REVISED,2026-03-01,REVISED,PAIMANA_TRANSITION,0,1,
P-400220,2025-09,2026-03-01,REVISED,2026-03-01,REVISED,PAIMANA,0,1,
P-400220,2026-04,2026-03-01,REVISED,2026-12-01,REVISED,PAIMANA,9,1,
P-400223,2025-04,2027-03-01,REVISED,2027-03-01,ANTICIPATED,OCMS_LEGACY,0,1,
P-400223,2025-05,2027-03-01,ANTICIPATED,2027-03-01,REVISED,OCMS_LEGACY,0,1,
P-400223,2025-07,2027-03-01,REVISED,2027-03-01,REVISED,PAIMANA_TRANSITION,0,1,
P-400223,2025-08,2027-03-01,REVISED,2027-03-01,REVISED,PAIMANA_TRANSITION,0,1,
P-400223,2025-09,2027-03-01,REVISED,2027-03-01,REVISED,PAIMANA,0,1,
P-400223,2025-11,2027-03-01,REVISED,2028-03-01,REVISED,PAIMANA,12,1,
P-400231,2025-04,2030-03-01,REVISED,2030-03-01,ANTICIPATED,OCMS_LEGACY,0,1,
P-400231,2025-05,2030-03-01,ANTICIPATED,2030-03-01,REVISED,OCMS_LEGACY,0,1,
P-400231,2025-07,2030-03-01,REVISED,2030-03-01,ORIGINAL,PAIMANA_TRANSITION,0,1,
P-400231,2025-08,2030-03-01,ORIGINAL,2030-03-01,ORIGINAL,PAIMANA_TRANSITION,0,1,
P-400231,2025-09,2030-03-01,ORIGINAL,2030-03-01,ORIGINAL,PAIMANA,0,1,
P-400232,2025-07,2026-12-01,REVISED,2026-12-01,REVISED,PAIMANA_TRANSITION,0,1,
P-400232,2025-08,2026-12-01,REVISED,2026-12-01,REVISED,PAIMANA_TRANSITION,0,1,
P-400232,2025-09,2026-12-01,REVISED,2026-12-01,REVISED,PAIMANA,0,1,
P-400234,2025-08,2026-07-01,REVISED,2026-07-01,REVISED,PAIMANA_TRANSITION,0,1,
P-400234,2025-09,2026-07-01,REVISED,2026-07-01,REVISED,PAIMANA,0,1,
P-400234,2025-12,2026-07-01,REVISED,2028-12-01,REVISED,PAIMANA,29,1,
P-400235,2025-08,2025-09-01,REVISED,2026-01-01,REVISED,PAIMANA_TRANSITION,4,1,
P-400235,2025-09,2026-01-01,REVISED,2026-01-01,REVISED,PAIMANA,0,1,
P-400247,2025-04,2026-03-01,REVISED,2025-03-01,REVISED,OCMS_LEGACY,-12,1,
P-400247,2025-06,2025-03-01,REVISED,2026-03-01,REVISED,OCMS_LEGACY,12,1,
P-400247,2025-07,2026-03-01,REVISED,2027-02-01,REVISED,PAIMANA_TRANSITION,11,0,REPORTING_REGIME_CHANGE
P-400247,2025-08,2027-02-01,REVISED,2027-02-01,REVISED,PAIMANA_TRANSITION,0,1,
P-400247,2025-09,2027-02-01,REVISED,2027-02-01,REVISED,PAIMANA,0,1,
P-400247,2026-03,2027-02-01,REVISED,2028-03-01,REVISED,PAIMANA,13,1,
P-400253,2025-02,2026-12-01,ORIGINAL,2026-12-01,REVISED,OCMS_LEGACY,0,1,
P-400253,2025-07,2026-12-01,REVISED,2026-12-01,REVISED,PAIMANA_TRANSITION,0,1,
P-400253,2025-08,2026-12-01,REVISED,2026-12-01,REVISED,PAIMANA_TRANSITION,0,1,
P-400253,2025-09,2026-12-01,REVISED,2026-12-01,REVISED,PAIMANA,0,1,
P-400253,2025-11,2026-12-01,REVISED,2025-12-01,REVISED,PAIMANA,-12,1,
P-400253,2026-01,2025-12-01,REVISED,2026-12-01,REVISED,PAIMANA,12,1,
P-400254,2025-08,2027-03-01,REVISED,2027-03-01,REVISED,PAIMANA_TRANSITION,0,1,
P-400254,2025-09,2027-03-01,REVISED,2027-03-01,REVISED,PAIMANA,0,1,
P-400259,2025-03,2025-06-01,REVISED,2025-10-01,REVISED,OCMS_LEGACY,4,1,
P-400259,2025-04,2025-10-01,REVISED,2025-10-01,ANTICIPATED,OCMS_LEGACY,0,1,
P-400259,2025-05,2025-10-01,ANTICIPATED,2025-10-01,REVISED,OCMS_LEGACY,0,1,
P-400259,2025-07,2025-10-01,REVISED,2025-10-01,REVISED,PAIMANA_TRANSITION,0,1,
P-400259,2025-08,2025-10-01,REVISED,2025-10-01,REVISED,PAIMANA_TRANSITION,0,1,
P-400259,2025-09,2025-10-01,REVISED,2025-12-01,REVISED,PAIMANA,2,0,REPORTING_REGIME_CHANGE
P-400259,2025-11,2025-12-01,REVISED,2026-03-01,REVISED,PAIMANA,3,1,
P-400261,2025-02,2025-11-01,ORIGINAL,2026-03-01,REVISED,OCMS_LEGACY,4,0,TARGET_SOURCE_TRANSITION
P-400261,2025-03,2026-03-01,REVISED,2026-03-01,ORIGINAL,OCMS_LEGACY,0,1,
P-400261,2025-04,2026-03-01,ORIGINAL,2026-03-01,REVISED,OCMS_LEGACY,0,1,
P-400261,2025-07,2026-03-01,REVISED,2026-11-01,REVISED,PAIMANA_TRANSITION,8,0,REPORTING_REGIME_CHANGE
P-400261,2025-08,2026-11-01,REVISED,2026-11-01,REVISED,PAIMANA_TRANSITION,0,1,
P-400261,2025-09,2026-11-01,REVISED,2026-11-01,REVISED,PAIMANA,0,1,
P-400261,2025-12,2026-11-01,REVISED,2027-02-01,REVISED,PAIMANA,3,1,
P-400271,2025-02,2026-12-01,ORIGINAL,2026-01-01,REVISED,OCMS_LEGACY,-11,0,TARGET_SOURCE_TRANSITION
P-400271,2025-03,2026-01-01,REVISED,2027-03-01,REVISED,OCMS_LEGACY,14,1,
P-400271,2025-04,2027-03-01,REVISED,2026-01-01,REVISED,OCMS_LEGACY,-14,1,
P-400271,2025-07,2026-01-01,REVISED,2028-03-01,REVISED,PAIMANA_TRANSITION,26,0,REPORTING_REGIME_CHANGE
P-400271,2025-08,2028-03-01,REVISED,2028-03-01,REVISED,PAIMANA_TRANSITION,0,1,
P-400271,2025-09,2028-03-01,REVISED,2028-03-01,REVISED,PAIMANA,0,1,
P-400271,2025-11,2028-03-01,REVISED,2026-12-01,REVISED,PAIMANA,-15,1,
P-400273,2025-08,2026-02-01,REVISED,2026-02-01,REVISED,PAIMANA_TRANSITION,0,1,
P-400273,2025-09,2026-02-01,REVISED,2026-02-01,REVISED,PAIMANA,0,1,
P-400275,2025-04,2028-03-01,ORIGINAL,2028-03-01,ANTICIPATED,OCMS_LEGACY,0,1,
P-400275,2025-05,2028-03-01,ANTICIPATED,2028-03-01,REVISED,OCMS_LEGACY,0,1,
P-400275,2025-07,2028-03-01,REVISED,2028-03-01,REVISED,PAIMANA_TRANSITION,0,1,
P-400275,2025-08,2028-03-01,REVISED,2028-03-01,REVISED,PAIMANA_TRANSITION,0,1,
P-400275,2025-09,2028-03-01,REVISED,2028-03-01,REVISED,PAIMANA,0,1,
P-400277,2025-07,2026-03-01,REVISED,2026-03-01,REVISED,PAIMANA_TRANSITION,0,1,
P-400277,2025-08,2026-03-01,REVISED,2026-03-01,REVISED,PAIMANA_TRANSITION,0,1,
P-400277,2025-09,2026-03-01,REVISED,2026-03-01,REVISED,PAIMANA,0,1,
P-400277,2026-03,2026-03-01,REVISED,2027-12-01,REVISED,PAIMANA,21,1,
P-400280,2025-04,2025-05-01,REVISED,2025-05-01,ANTICIPATED,OCMS_LEGACY,0,1,
P-400280,2025-05,2025-05-01,ANTICIPATED,2025-05-01,REVISED,OCMS_LEGACY,0,1,
P-400280,2025-06,2025-05-01,REVISED,2025-08-01,REVISED,OCMS_LEGACY,3,1,
P-400280,2025-07,2025-08-01,REVISED,2025-08-01,REVISED,PAIMANA_TRANSITION,0,1,
P-400280,2025-08,2025-08-01,REVISED,2025-08-01,REVISED,PAIMANA_TRANSITION,0,1,
P-400280,2025-09,2025-08-01,REVISED,2025-08-01,REVISED,PAIMANA,0,1,
P-400280,2025-11,2025-08-01,REVISED,2025-09-01,REVISED,PAIMANA,1,1,
P-400291,2025-02,2024-03-01,ORIGINAL,2024-03-01,REVISED,OCMS_LEGACY,0,1,
P-400291,2025-07,2024-03-01,REVISED,2025-12-01,REVISED,PAIMANA_TRANSITION,21,0,REPORTING_REGIME_CHANGE
P-400291,2025-08,2025-12-01,REVISED,2025-12-01,REVISED,PAIMANA_TRANSITION,0,1,
P-400291,2025-09,2025-12-01,REVISED,2025-12-01,REVISED,PAIMANA,0,1,
P-400291,2026-01,2025-12-01,REVISED,2026-05-01,REVISED,PAIMANA,5,1,
P-400291,2026-04,2026-05-01,REVISED,2027-04-01,REVISED,PAIMANA,11,1,
P-400298,2025-02,2027-05-01,ORIGINAL,2027-05-01,REVISED,OCMS_LEGACY,0,1,
P-400298,2025-03,2027-05-01,REVISED,2027-05-01,ORIGINAL,OCMS_LEGACY,0,1,
P-400298,2025-04,2027-05-01,ORIGINAL,2027-05-01,REVISED,OCMS_LEGACY,0,1,
P-400298,2025-07,2027-05-01,REVISED,2028-03-01,REVISED,PAIMANA_TRANSITION,10,0,REPORTING_REGIME_CHANGE
P-400298,2025-08,2028-03-01,REVISED,2028-03-01,REVISED,PAIMANA_TRANSITION,0,1,
P-400298,2025-09,2028-03-01,REVISED,2028-03-01,REVISED,PAIMANA,0,1,
P-400299,2025-02,2025-05-01,ORIGINAL,2025-05-01,REVISED,OCMS_LEGACY,0,1,
P-400299,2025-03,2025-05-01,REVISED,2025-05-01,ORIGINAL,OCMS_LEGACY,0,1,
P-400299,2025-04,2025-05-01,ORIGINAL,2025-05-01,REVISED,OCMS_LEGACY,0,1,
P-400299,2025-07,2025-05-01,REVISED,2026-05-01,REVISED,PAIMANA_TRANSITION,12,0,REPORTING_REGIME_CHANGE
P-400299,2025-08,2026-05-01,REVISED,2026-05-01,REVISED,PAIMANA_TRANSITION,0,1,
P-400299,2025-09,2026-05-01,REVISED,2026-05-01,REVISED,PAIMANA,0,1,
P-400301,2025-02,2025-10-01,ORIGINAL,2025-10-01,REVISED,OCMS_LEGACY,0,1,
P-400301,2025-04,2025-10-01,REVISED,2025-10-01,ANTICIPATED,OCMS_LEGACY,0,1,
P-400301,2025-05,2025-10-01,ANTICIPATED,2025-10-01,REVISED,OCMS_LEGACY,0,1,
P-400301,2025-07,2025-10-01,REVISED,2025-10-01,REVISED,PAIMANA_TRANSITION,0,1,
P-400301,2025-08,2025-10-01,REVISED,2025-10-01,REVISED,PAIMANA_TRANSITION,0,1,
P-400301,2025-09,2025-10-01,REVISED,2026-09-01,REVISED,PAIMANA,11,0,REPORTING_REGIME_CHANGE
P-400312,2025-07,2029-03-01,REVISED,2029-03-01,ORIGINAL,PAIMANA_TRANSITION,0,1,
P-400312,2025-08,2029-03-01,ORIGINAL,2029-03-01,ORIGINAL,PAIMANA_TRANSITION,0,1,
P-400312,2025-09,2029-03-01,ORIGINAL,2029-03-01,ORIGINAL,PAIMANA,0,1,
P-400313,2025-02,2024-08-01,ORIGINAL,2024-08-01,REVISED,OCMS_LEGACY,0,1,
P-400313,2025-03,2024-08-01,REVISED,2019-08-01,ORIGINAL,OCMS_LEGACY,-60,0,TARGET_SOURCE_TRANSITION
P-400313,2025-04,2019-08-01,ORIGINAL,2019-08-01,REVISED,OCMS_LEGACY,0,1,
P-400313,2025-05,2019-08-01,REVISED,2024-08-01,REVISED,OCMS_LEGACY,60,1,
P-400313,2025-06,2024-08-01,REVISED,2019-08-01,REVISED,OCMS_LEGACY,-60,1,
P-400313,2025-07,2019-08-01,REVISED,2028-12-01,REVISED,PAIMANA_TRANSITION,112,0,REPORTING_REGIME_CHANGE
P-400313,2025-08,2028-12-01,REVISED,2028-12-01,REVISED,PAIMANA_TRANSITION,0,1,
P-400313,2025-09,2028-12-01,REVISED,2028-12-01,REVISED,PAIMANA,0,1,
P-400315,2025-02,2029-03-01,ORIGINAL,2029-03-01,REVISED,OCMS_LEGACY,0,1,
P-400315,2025-07,2029-03-01,REVISED,2029-03-01,ORIGINAL,PAIMANA_TRANSITION,0,1,
P-400315,2025-08,2029-03-01,ORIGINAL,2029-03-01,ORIGINAL,PAIMANA_TRANSITION,0,1,
P-400315,2025-09,2029-03-01,ORIGINAL,2029-03-01,ORIGINAL,PAIMANA,0,1,
P-400321,2025-03,2025-03-01,REVISED,2028-03-01,REVISED,OCMS_LEGACY,36,1,
P-400321,2025-07,2028-03-01,REVISED,2028-03-01,REVISED,PAIMANA_TRANSITION,0,1,
P-400321,2025-08,2028-03-01,REVISED,2028-03-01,REVISED,PAIMANA_TRANSITION,0,1,
P-400321,2025-09,2028-03-01,REVISED,2028-03-01,REVISED,PAIMANA,0,1,
P-400352,2025-02,2031-03-01,ORIGINAL,2031-03-01,REVISED,OCMS_LEGACY,0,1,
P-400352,2025-03,2031-03-01,REVISED,2031-03-01,ORIGINAL,OCMS_LEGACY,0,1,
P-400352,2025-04,2031-03-01,ORIGINAL,2031-03-01,REVISED,OCMS_LEGACY,0,1,
P-400352,2025-07,2031-03-01,REVISED,2031-03-01,ORIGINAL,PAIMANA_TRANSITION,0,1,
P-400352,2025-08,2031-03-01,ORIGINAL,2031-03-01,ORIGINAL,PAIMANA_TRANSITION,0,1,
P-400352,2025-09,2031-03-01,ORIGINAL,2031-03-01,ORIGINAL,PAIMANA,0,1,
P-400353,2025-02,2028-03-01,ORIGINAL,2028-03-01,REVISED,OCMS_LEGACY,0,1,
P-400353,2025-03,2028-03-01,REVISED,2028-03-01,ORIGINAL,OCMS_LEGACY,0,1,
P-400353,2025-04,2028-03-01,ORIGINAL,2028-03-01,REVISED,OCMS_LEGACY,0,1,
P-400353,2025-07,2028-03-01,REVISED,2028-03-01,ORIGINAL,PAIMANA_TRANSITION,0,1,
P-400353,2025-08,2028-03-01,ORIGINAL,2028-03-01,ORIGINAL,PAIMANA_TRANSITION,0,1,
P-400353,2025-09,2028-03-01,ORIGINAL,2028-03-01,ORIGINAL,PAIMANA,0,1,
P-400354,2025-02,2029-03-01,ORIGINAL,2029-03-01,REVISED,OCMS_LEGACY,0,1,
P-400354,2025-03,2029-03-01,REVISED,2029-03-01,ORIGINAL,OCMS_LEGACY,0,1,
P-400354,2025-04,2029-03-01,ORIGINAL,2029-03-01,REVISED,OCMS_LEGACY,0,1,
P-400354,2025-07,2029-03-01,REVISED,2029-03-01,ORIGINAL,PAIMANA_TRANSITION,0,1,
P-400354,2025-08,2029-03-01,ORIGINAL,2029-03-01,ORIGINAL,PAIMANA_TRANSITION,0,1,
P-400354,2025-09,2029-03-01,ORIGINAL,2029-03-01,ORIGINAL,PAIMANA,0,1,
P-400369,2025-03,2025-03-01,REVISED,2027-03-01,REVISED,OCMS_LEGACY,24,1,
P-400369,2025-07,2027-03-01,REVISED,2027-03-01,REVISED,PAIMANA_TRANSITION,0,1,
P-400369,2025-08,2027-03-01,REVISED,2027-03-01,REVISED,PAIMANA_TRANSITION,0,1,
P-400369,2025-09,2027-03-01,REVISED,2027-03-01,REVISED,PAIMANA,0,1,
P-400392,2025-07,2029-03-01,REVISED,2029-03-01,ORIGINAL,PAIMANA_TRANSITION,0,1,
P-400392,2025-08,2029-03-01,ORIGINAL,2029-03-01,ORIGINAL,PAIMANA_TRANSITION,0,1,
P-400392,2025-09,2029-03-01,ORIGINAL,2029-03-01,ORIGINAL,PAIMANA,0,1,
P-400416,2025-08,2025-06-01,ORIGINAL,2025-06-01,ORIGINAL,PAIMANA_TRANSITION,0,1,
P-400416,2025-09,2025-06-01,ORIGINAL,2026-06-01,REVISED,PAIMANA,12,0,REPORTING_REGIME_CHANGE
P-400424,2025-08,2026-03-01,REVISED,2026-03-01,REVISED,PAIMANA_TRANSITION,0,1,
P-400424,2025-09,2026-03-01,REVISED,2026-03-01,REVISED,PAIMANA,0,1,
P-400424,2025-11,2026-03-01,REVISED,2027-03-01,REVISED,PAIMANA,12,1,
P-400425,2025-02,2026-02-01,ORIGINAL,2026-02-01,REVISED,OCMS_LEGACY,0,1,
P-400425,2025-03,2026-02-01,REVISED,2026-02-01,ORIGINAL,OCMS_LEGACY,0,1,
P-400425,2025-04,2026-02-01,ORIGINAL,2026-05-01,REVISED,OCMS_LEGACY,3,0,TARGET_SOURCE_TRANSITION
P-400425,2025-07,2026-05-01,REVISED,2026-05-01,REVISED,PAIMANA_TRANSITION,0,1,
P-400425,2025-08,2026-05-01,REVISED,2026-05-01,REVISED,PAIMANA_TRANSITION,0,1,
P-400425,2025-09,2026-05-01,REVISED,2026-05-01,REVISED,PAIMANA,0,1,
P-400425,2026-02,2026-05-01,REVISED,2026-08-01,REVISED,PAIMANA,3,1,
P-400426,2025-08,2026-04-01,REVISED,2026-04-01,REVISED,PAIMANA_TRANSITION,0,1,
P-400426,2025-09,2026-04-01,REVISED,2026-04-01,REVISED,PAIMANA,0,1,
P-400426,2026-04,2026-04-01,REVISED,2029-03-01,REVISED,PAIMANA,35,1,
P-602096,2025-08,2026-05-01,REVISED,2026-05-01,REVISED,PAIMANA_TRANSITION,0,1,
P-602096,2025-09,2026-05-01,REVISED,2026-05-01,REVISED,PAIMANA,0,1,
P-602098,2025-04,2025-01-01,REVISED,2025-01-01,ANTICIPATED,OCMS_LEGACY,0,1,
P-602098,2025-05,2025-01-01,ANTICIPATED,2025-01-01,REVISED,OCMS_LEGACY,0,1,
P-602098,2025-07,2025-01-01,REVISED,2025-08-01,REVISED,PAIMANA_TRANSITION,7,0,REPORTING_REGIME_CHANGE
P-602098,2025-08,2025-08-01,REVISED,2025-09-01,REVISED,PAIMANA_TRANSITION,1,1,
P-602098,2025-09,2025-09-01,REVISED,2025-09-01,REVISED,PAIMANA,0,1,
P-602098,2025-10,2025-09-01,REVISED,2025-11-01,REVISED,PAIMANA,2,1,
P-602099,2025-03,2025-06-01,REVISED,2025-08-01,REVISED,OCMS_LEGACY,2,1,
P-602099,2025-04,2025-08-01,REVISED,2025-08-01,ANTICIPATED,OCMS_LEGACY,0,1,
P-602099,2025-05,2025-08-01,ANTICIPATED,2025-08-01,REVISED,OCMS_LEGACY,0,1,
P-602099,2025-07,2025-08-01,REVISED,2026-02-01,REVISED,PAIMANA_TRANSITION,6,0,REPORTING_REGIME_CHANGE
P-602099,2025-08,2026-02-01,REVISED,2026-02-01,REVISED,PAIMANA_TRANSITION,0,1,
P-602099,2025-09,2026-02-01,REVISED,2026-02-01,REVISED,PAIMANA,0,1,
P-602099,2026-02,2026-02-01,REVISED,2026-04-01,REVISED,PAIMANA,2,1,
P-602099,2026-04,2026-04-01,REVISED,2026-05-01,REVISED,PAIMANA,1,1,
P-602181,2025-04,2027-12-01,ORIGINAL,2027-12-01,REVISED,OCMS_LEGACY,0,1,
P-602181,2025-07,2027-12-01,REVISED,2027-12-01,REVISED,PAIMANA_TRANSITION,0,1,
P-602181,2025-08,2027-12-01,REVISED,2027-12-01,REVISED,PAIMANA_TRANSITION,0,1,
P-602181,2025-09,2027-12-01,REVISED,2027-12-01,REVISED,PAIMANA,0,1,
P-602182,2025-07,2032-02-01,REVISED,2032-02-01,REVISED,PAIMANA_TRANSITION,0,1,
P-602182,2025-08,2032-02-01,REVISED,2032-02-01,REVISED,PAIMANA_TRANSITION,0,1,
P-602182,2025-09,2032-02-01,REVISED,2032-02-01,REVISED,PAIMANA,0,1,
P-602184,2025-02,2029-03-01,ORIGINAL,2029-03-01,REVISED,OCMS_LEGACY,0,1,
P-602184,2025-03,2029-03-01,REVISED,2029-03-01,ORIGINAL,OCMS_LEGACY,0,1,
P-602184,2025-04,2029-03-01,ORIGINAL,2029-03-01,ANTICIPATED,OCMS_LEGACY,0,1,
P-602184,2025-05,2029-03-01,ANTICIPATED,2029-03-01,REVISED,OCMS_LEGACY,0,1,
P-602184,2025-07,2029-03-01,REVISED,2029-03-01,REVISED,PAIMANA_TRANSITION,0,1,
P-602184,2025-08,2029-03-01,REVISED,2029-03-01,REVISED,PAIMANA_TRANSITION,0,1,
P-602184,2025-09,2029-03-01,REVISED,2029-03-01,REVISED,PAIMANA,0,1,
P-602185,2025-02,2029-04-01,ORIGINAL,2029-04-01,REVISED,OCMS_LEGACY,0,1,
P-602185,2025-04,2029-04-01,REVISED,2029-04-01,ANTICIPATED,OCMS_LEGACY,0,1,
P-602185,2025-05,2029-04-01,ANTICIPATED,2029-04-01,REVISED,OCMS_LEGACY,0,1,
P-602185,2025-07,2029-04-01,REVISED,2029-04-01,REVISED,PAIMANA_TRANSITION,0,1,
P-602185,2025-08,2029-04-01,REVISED,2029-04-01,REVISED,PAIMANA_TRANSITION,0,1,
P-602185,2025-09,2029-04-01,REVISED,2029-04-01,REVISED,PAIMANA,0,1,
P-602193,2025-02,2025-06-01,REVISED,2025-07-01,REVISED,OCMS_LEGACY,1,1,
P-602193,2025-03,2025-07-01,REVISED,2025-08-01,REVISED,OCMS_LEGACY,1,1,
P-602193,2025-04,2025-08-01,REVISED,2025-09-01,ANTICIPATED,OCMS_LEGACY,1,0,TARGET_SOURCE_TRANSITION
P-602193,2025-05,2025-09-01,ANTICIPATED,2025-09-01,REVISED,OCMS_LEGACY,0,1,
P-602193,2025-07,2025-09-01,REVISED,2025-11-01,REVISED,PAIMANA_TRANSITION,2,0,REPORTING_REGIME_CHANGE
P-602193,2025-08,2025-11-01,REVISED,2025-11-01,REVISED,PAIMANA_TRANSITION,0,1,
P-602193,2025-09,2025-11-01,REVISED,2025-11-01,REVISED,PAIMANA,0,1,
P-602193,2025-10,2025-11-01,REVISED,2025-12-01,REVISED,PAIMANA,1,1,
P-602193,2025-11,2025-12-01,REVISED,2026-01-01,REVISED,PAIMANA,1,1,
P-602193,2025-12,2026-01-01,REVISED,2026-03-01,REVISED,PAIMANA,2,1,
P-602194,2025-08,2025-08-01,REVISED,2025-09-01,REVISED,PAIMANA_TRANSITION,1,1,
P-602194,2025-09,2025-09-01,REVISED,2025-09-01,REVISED,PAIMANA,0,1,
P-602195,2025-04,2026-12-01,REVISED,2027-03-01,REVISED,OCMS_LEGACY,3,1,
P-602195,2025-07,2027-03-01,REVISED,2027-03-01,REVISED,PAIMANA_TRANSITION,0,1,
P-602195,2025-08,2027-03-01,REVISED,2027-03-01,REVISED,PAIMANA_TRANSITION,0,1,
P-602195,2025-09,2027-03-01,REVISED,2027-03-01,REVISED,PAIMANA,0,1,
P-602195,2025-12,2027-03-01,REVISED,2027-09-01,REVISED,PAIMANA,6,1,
P-602223,2025-03,2025-03-01,REVISED,2027-03-01,REVISED,OCMS_LEGACY,24,1,
P-602223,2025-04,2027-03-01,REVISED,2029-03-01,ANTICIPATED,OCMS_LEGACY,24,0,TARGET_SOURCE_TRANSITION
P-602223,2025-05,2029-03-01,ANTICIPATED,2027-03-01,REVISED,OCMS_LEGACY,-24,0,TARGET_SOURCE_TRANSITION
P-602223,2025-07,2027-03-01,REVISED,2027-03-01,REVISED,PAIMANA_TRANSITION,0,1,
P-602223,2025-08,2027-03-01,REVISED,2027-03-01,REVISED,PAIMANA_TRANSITION,0,1,
P-602223,2025-09,2027-03-01,REVISED,2027-03-01,REVISED,PAIMANA,0,1,
P-602525,2025-04,2026-09-01,REVISED,2026-09-01,ANTICIPATED,OCMS_LEGACY,0,1,
P-602525,2025-05,2026-09-01,ANTICIPATED,2026-09-01,REVISED,OCMS_LEGACY,0,1,
P-602525,2025-06,2026-09-01,REVISED,2026-12-01,REVISED,OCMS_LEGACY,3,1,
P-602525,2025-07,2026-12-01,REVISED,2026-09-01,REVISED,PAIMANA_TRANSITION,-3,0,REPORTING_REGIME_CHANGE
P-602525,2025-08,2026-09-01,REVISED,2026-12-01,REVISED,PAIMANA_TRANSITION,3,1,
P-602525,2025-09,2026-12-01,REVISED,2026-12-01,REVISED,PAIMANA,0,1,
P-602532,2025-02,2026-09-01,ORIGINAL,2026-09-01,REVISED,OCMS_LEGACY,0,1,
P-602532,2025-03,2026-09-01,REVISED,2026-09-01,ORIGINAL,OCMS_LEGACY,0,1,
P-602532,2025-04,2026-09-01,ORIGINAL,2026-09-01,REVISED,OCMS_LEGACY,0,1,
P-602532,2025-06,2026-09-01,REVISED,2026-12-01,REVISED,OCMS_LEGACY,3,1,
P-602532,2025-07,2026-12-01,REVISED,2026-03-01,REVISED,PAIMANA_TRANSITION,-9,0,REPORTING_REGIME_CHANGE
P-602532,2025-08,2026-03-01,REVISED,2026-12-01,REVISED,PAIMANA_TRANSITION,9,1,
P-602532,2025-09,2026-12-01,REVISED,2026-12-01,REVISED,PAIMANA,0,1,
P-602535,2025-03,2028-11-01,REVISED,2028-11-01,ORIGINAL,OCMS_LEGACY,0,1,
P-602535,2025-04,2028-11-01,ORIGINAL,2028-11-01,REVISED,OCMS_LEGACY,0,1,
P-602535,2025-05,2028-11-01,REVISED,2028-08-01,REVISED,OCMS_LEGACY,-3,1,
P-602535,2025-07,2028-08-01,REVISED,2029-08-01,REVISED,PAIMANA_TRANSITION,12,0,REPORTING_REGIME_CHANGE
P-602535,2025-08,2029-08-01,REVISED,2029-08-01,REVISED,PAIMANA_TRANSITION,0,1,
P-602535,2025-09,2029-08-01,REVISED,2029-08-01,REVISED,PAIMANA,0,1,
P-602535,2025-10,2029-08-01,REVISED,2028-11-01,REVISED,PAIMANA,-9,1,
P-602538,2025-08,2025-12-01,REVISED,2025-12-01,REVISED,PAIMANA_TRANSITION,0,1,
P-602538,2025-09,2025-12-01,REVISED,2025-12-01,REVISED,PAIMANA,0,1,
P-602538,2026-01,2025-12-01,REVISED,2026-05-01,REVISED,PAIMANA,5,1,
P-602579,2025-02,2025-06-01,REVISED,2025-09-01,REVISED,OCMS_LEGACY,3,1,
P-602579,2025-05,2025-09-01,REVISED,2025-10-01,REVISED,OCMS_LEGACY,1,1,
P-602579,2025-07,2025-10-01,REVISED,2025-11-01,REVISED,PAIMANA_TRANSITION,1,0,REPORTING_REGIME_CHANGE
P-602579,2025-08,2025-11-01,REVISED,2025-12-01,REVISED,PAIMANA_TRANSITION,1,1,
P-602579,2025-09,2025-12-01,REVISED,2025-12-01,REVISED,PAIMANA,0,1,
P-602579,2026-03,2025-12-01,REVISED,2026-05-01,REVISED,PAIMANA,5,1,
P-602582,2025-07,2027-03-01,REVISED,2027-03-01,REVISED,PAIMANA_TRANSITION,0,1,
P-602582,2025-08,2027-03-01,REVISED,2027-03-01,REVISED,PAIMANA_TRANSITION,0,1,
P-602582,2025-09,2027-03-01,REVISED,2027-03-01,REVISED,PAIMANA,0,1,
P-602593,2025-07,2028-12-01,REVISED,2029-08-01,REVISED,PAIMANA_TRANSITION,8,0,REPORTING_REGIME_CHANGE
P-602593,2025-08,2029-08-01,REVISED,2029-10-01,REVISED,PAIMANA_TRANSITION,2,1,
P-602593,2025-09,2029-10-01,REVISED,2029-10-01,REVISED,PAIMANA,0,1,
P-602593,2025-11,2029-10-01,REVISED,2030-02-01,REVISED,PAIMANA,4,1,
P-602633,2025-08,2027-03-01,ORIGINAL,2027-03-01,ORIGINAL,PAIMANA_TRANSITION,0,1,
P-602633,2025-09,2027-03-01,ORIGINAL,2027-03-01,ORIGINAL,PAIMANA,0,1,
P-602792,2025-07,2025-06-01,REVISED,2025-11-01,REVISED,PAIMANA_TRANSITION,5,0,REPORTING_REGIME_CHANGE
P-602792,2025-08,2025-11-01,REVISED,2025-11-01,REVISED,PAIMANA_TRANSITION,0,1,
P-602792,2025-09,2025-11-01,REVISED,2025-11-01,REVISED,PAIMANA,0,1,
P-602792,2025-10,2025-11-01,REVISED,2026-03-01,REVISED,PAIMANA,4,1,
P-602792,2026-03,2026-03-01,REVISED,2026-06-01,REVISED,PAIMANA,3,1,
P-602797,2025-02,2027-03-01,ORIGINAL,2027-03-01,REVISED,OCMS_LEGACY,0,1,
P-602797,2025-07,2027-03-01,REVISED,2027-03-01,REVISED,PAIMANA_TRANSITION,0,1,
P-602797,2025-08,2027-03-01,REVISED,2027-03-01,REVISED,PAIMANA_TRANSITION,0,1,
P-602797,2025-09,2027-03-01,REVISED,2027-03-01,REVISED,PAIMANA,0,1,
P-602961,2025-02,2027-05-01,REVISED,2027-12-01,REVISED,OCMS_LEGACY,7,1,
P-602961,2025-07,2027-12-01,REVISED,2028-03-01,REVISED,PAIMANA_TRANSITION,3,0,REPORTING_REGIME_CHANGE
P-602961,2025-08,2028-03-01,REVISED,2028-03-01,REVISED,PAIMANA_TRANSITION,0,1,
P-602961,2025-09,2028-03-01,REVISED,2028-03-01,REVISED,PAIMANA,0,1,
P-603293,2025-02,2025-06-01,ORIGINAL,2025-06-01,REVISED,OCMS_LEGACY,0,1,
P-603293,2025-03,2025-06-01,REVISED,2027-04-01,ORIGINAL,OCMS_LEGACY,22,0,TARGET_SOURCE_TRANSITION
P-603293,2025-04,2027-04-01,ORIGINAL,2027-04-01,ANTICIPATED,OCMS_LEGACY,0,1,
P-603293,2025-05,2027-04-01,ANTICIPATED,2027-04-01,REVISED,OCMS_LEGACY,0,1,
P-603293,2025-07,2027-04-01,REVISED,2027-04-01,REVISED,PAIMANA_TRANSITION,0,1,
P-603293,2025-08,2027-04-01,REVISED,2027-04-01,REVISED,PAIMANA_TRANSITION,0,1,
P-603293,2025-09,2027-04-01,REVISED,2027-04-01,REVISED,PAIMANA,0,1,
P-603945,2025-08,2025-06-01,REVISED,2026-06-01,REVISED,PAIMANA_TRANSITION,12,1,
P-603945,2025-09,2026-06-01,REVISED,2026-06-01,REVISED,PAIMANA,0,1,
P-604791,2025-07,2025-12-01,REVISED,2025-12-01,REVISED,PAIMANA_TRANSITION,0,1,
P-604791,2025-08,2025-12-01,REVISED,2025-12-01,REVISED,PAIMANA_TRANSITION,0,1,
P-604791,2025-09,2025-12-01,REVISED,2025-12-01,REVISED,PAIMANA,0,1,
P-604791,2025-12,2025-12-01,REVISED,2026-09-01,REVISED,PAIMANA,9,1,
P-604791,2026-03,2026-09-01,REVISED,2027-03-01,REVISED,PAIMANA,6,1,
P-604792,2025-08,2025-07-01,REVISED,2025-09-01,REVISED,PAIMANA_TRANSITION,2,1,
P-604795,2025-02,2025-06-01,ORIGINAL,2025-06-01,REVISED,OCMS_LEGACY,0,1,
P-604795,2025-03,2025-06-01,REVISED,2025-06-01,ORIGINAL,OCMS_LEGACY,0,1,
P-604795,2025-04,2025-06-01,ORIGINAL,2025-06-01,REVISED,OCMS_LEGACY,0,1,
P-604795,2025-07,2025-06-01,REVISED,2028-10-01,REVISED,PAIMANA_TRANSITION,40,0,REPORTING_REGIME_CHANGE
P-604795,2025-08,2028-10-01,REVISED,2028-10-01,REVISED,PAIMANA_TRANSITION,0,1,
P-604795,2025-09,2028-10-01,REVISED,2028-10-01,REVISED,PAIMANA,0,1,
P-604833,2025-04,2026-06-01,REVISED,2026-06-01,ANTICIPATED,OCMS_LEGACY,0,1,
P-604833,2025-05,2026-06-01,ANTICIPATED,2026-06-01,REVISED,OCMS_LEGACY,0,1,
P-604833,2025-07,2026-06-01,REVISED,2026-06-01,REVISED,PAIMANA_TRANSITION,0,1,
P-604833,2025-08,2026-06-01,REVISED,2026-06-01,REVISED,PAIMANA_TRANSITION,0,1,
P-604833,2025-09,2026-06-01,REVISED,2026-06-01,REVISED,PAIMANA,0,1,
P-604852,2025-07,2026-11-01,REVISED,2026-11-01,REVISED,PAIMANA_TRANSITION,0,1,
P-604852,2025-08,2026-11-01,REVISED,2026-11-01,REVISED,PAIMANA_TRANSITION,0,1,
P-604852,2025-09,2026-11-01,REVISED,2026-11-01,REVISED,PAIMANA,0,1,
P-604853,2025-02,2025-07-01,ORIGINAL,2025-07-01,REVISED,OCMS_LEGACY,0,1,
P-604853,2025-04,2025-07-01,REVISED,2026-03-01,ANTICIPATED,OCMS_LEGACY,8,0,TARGET_SOURCE_TRANSITION
P-604853,2025-05,2026-03-01,ANTICIPATED,2026-03-01,REVISED,OCMS_LEGACY,0,1,
P-604853,2025-07,2026-03-01,REVISED,2026-03-01,REVISED,PAIMANA_TRANSITION,0,1,
P-604853,2025-08,2026-03-01,REVISED,2026-03-01,REVISED,PAIMANA_TRANSITION,0,1,
P-604853,2025-09,2026-03-01,REVISED,2026-10-01,REVISED,PAIMANA,7,0,REPORTING_REGIME_CHANGE
P-604859,2025-03,2025-04-01,REVISED,2026-04-01,REVISED,OCMS_LEGACY,12,1,
P-604859,2025-04,2026-04-01,REVISED,2026-04-01,ANTICIPATED,OCMS_LEGACY,0,1,
P-604859,2025-05,2026-04-01,ANTICIPATED,2026-04-01,REVISED,OCMS_LEGACY,0,1,
P-604859,2025-07,2026-04-01,REVISED,2026-08-01,REVISED,PAIMANA_TRANSITION,4,0,REPORTING_REGIME_CHANGE
P-604859,2025-08,2026-08-01,REVISED,2026-08-01,REVISED,PAIMANA_TRANSITION,0,1,
P-604859,2025-09,2026-08-01,REVISED,2026-08-01,REVISED,PAIMANA,0,1,
P-604863,2025-04,2025-06-01,REVISED,2025-06-01,ANTICIPATED,OCMS_LEGACY,0,1,
P-604863,2025-05,2025-06-01,ANTICIPATED,2025-06-01,REVISED,OCMS_LEGACY,0,1,
P-604863,2025-06,2025-06-01,REVISED,2025-12-01,REVISED,OCMS_LEGACY,6,1,
P-604863,2025-07,2025-12-01,REVISED,2025-12-01,REVISED,PAIMANA_TRANSITION,0,1,
P-604863,2025-08,2025-12-01,REVISED,2025-12-01,REVISED,PAIMANA_TRANSITION,0,1,
P-604863,2025-09,2025-12-01,REVISED,2025-12-01,REVISED,PAIMANA,0,1,
P-604863,2025-12,2025-12-01,REVISED,2026-06-01,REVISED,PAIMANA,6,1,
P-605155,2025-03,2027-12-01,REVISED,2027-12-01,ORIGINAL,OCMS_LEGACY,0,1,
P-605155,2025-04,2027-12-01,ORIGINAL,2027-12-01,REVISED,OCMS_LEGACY,0,1,
P-605155,2025-06,2027-12-01,REVISED,2028-03-01,REVISED,OCMS_LEGACY,3,1,
P-605155,2025-07,2028-03-01,REVISED,2026-11-01,ORIGINAL,PAIMANA_TRANSITION,-16,0,REPORTING_REGIME_CHANGE
P-605155,2025-08,2026-11-01,ORIGINAL,2028-03-01,REVISED,PAIMANA_TRANSITION,16,0,TARGET_SOURCE_TRANSITION
P-605155,2025-09,2028-03-01,REVISED,2028-03-01,REVISED,PAIMANA,0,1,
P-605156,2025-04,2025-12-01,ORIGINAL,2025-12-01,REVISED,OCMS_LEGACY,0,1,
P-605156,2025-07,2025-12-01,REVISED,2025-12-01,REVISED,PAIMANA_TRANSITION,0,1,
P-605156,2025-08,2025-12-01,REVISED,2025-12-01,REVISED,PAIMANA_TRANSITION,0,1,
P-605156,2025-09,2025-12-01,REVISED,2025-12-01,REVISED,PAIMANA,0,1,
P-605292,2025-03,2025-06-01,REVISED,2025-07-01,REVISED,OCMS_LEGACY,1,1,
P-605292,2025-06,2025-07-01,REVISED,2025-08-01,REVISED,OCMS_LEGACY,1,1,
P-605292,2025-07,2025-08-01,REVISED,2025-12-01,REVISED,PAIMANA_TRANSITION,4,0,REPORTING_REGIME_CHANGE
P-605292,2025-08,2025-12-01,REVISED,2025-12-01,REVISED,PAIMANA_TRANSITION,0,1,
P-605292,2025-09,2025-12-01,REVISED,2025-12-01,REVISED,PAIMANA,0,1,
P-605292,2026-01,2025-12-01,REVISED,2026-09-01,REVISED,PAIMANA,9,1,
P-606013,2025-08,2026-01-01,REVISED,2026-01-01,REVISED,PAIMANA_TRANSITION,0,1,
P-606013,2025-09,2026-01-01,REVISED,2026-01-01,REVISED,PAIMANA,0,1,
P-606112,2025-08,2025-08-01,REVISED,2025-08-01,REVISED,PAIMANA_TRANSITION,0,1,
P-606112,2025-09,2025-08-01,REVISED,2025-10-01,REVISED,PAIMANA,2,0,REPORTING_REGIME_CHANGE
P-606112,2025-11,2025-10-01,REVISED,2025-12-01,REVISED,PAIMANA,2,1,
P-606431,2025-07,2025-11-01,REVISED,2026-11-01,REVISED,PAIMANA_TRANSITION,12,0,REPORTING_REGIME_CHANGE
P-606431,2025-08,2026-11-01,REVISED,2026-11-01,REVISED,PAIMANA_TRANSITION,0,1,
P-606431,2025-09,2026-11-01,REVISED,2026-11-01,REVISED,PAIMANA,0,1,
P-606431,2025-11,2026-11-01,REVISED,2026-06-01,REVISED,PAIMANA,-5,1,
P-606479,2025-08,2026-03-01,REVISED,2026-03-01,REVISED,PAIMANA_TRANSITION,0,1,
P-606479,2025-09,2026-03-01,REVISED,2026-03-01,REVISED,PAIMANA,0,1,
P-606781,2025-08,2025-09-01,REVISED,2025-10-01,REVISED,PAIMANA_TRANSITION,1,1,
P-606781,2025-09,2025-10-01,REVISED,2025-10-01,REVISED,PAIMANA,0,1,
P-606781,2025-10,2025-10-01,REVISED,2025-11-01,REVISED,PAIMANA,1,1,
P-607701,2025-04,2026-05-01,REVISED,2026-05-01,ANTICIPATED,OCMS_LEGACY,0,1,
P-607701,2025-05,2026-05-01,ANTICIPATED,2026-05-01,REVISED,OCMS_LEGACY,0,1,
P-607701,2025-07,2026-05-01,REVISED,2026-05-01,REVISED,PAIMANA_TRANSITION,0,1,
P-607701,2025-08,2026-05-01,REVISED,2026-05-01,REVISED,PAIMANA_TRANSITION,0,1,
P-607701,2025-09,2026-05-01,REVISED,2026-05-01,REVISED,PAIMANA,0,1,
P-607709,2025-02,2025-03-01,REVISED,2025-06-01,REVISED,OCMS_LEGACY,3,1,
P-607709,2025-04,2025-06-01,REVISED,2025-06-01,ANTICIPATED,OCMS_LEGACY,0,1,
P-607709,2025-05,2025-06-01,ANTICIPATED,2025-09-01,REVISED,OCMS_LEGACY,3,0,TARGET_SOURCE_TRANSITION
P-607709,2025-07,2025-09-01,REVISED,2025-09-01,REVISED,PAIMANA_TRANSITION,0,1,
P-607709,2025-08,2025-09-01,REVISED,2025-12-01,REVISED,PAIMANA_TRANSITION,3,1,
P-607709,2025-09,2025-12-01,REVISED,2025-12-01,REVISED,PAIMANA,0,1,
P-607709,2025-10,2025-12-01,REVISED,2026-03-01,REVISED,PAIMANA,3,1,
P-607709,2026-03,2026-03-01,REVISED,2027-03-01,REVISED,PAIMANA,12,1,
P-608301,2025-08,2025-11-01,REVISED,2025-11-01,REVISED,PAIMANA_TRANSITION,0,1,
P-608301,2025-09,2025-11-01,REVISED,2025-11-01,REVISED,PAIMANA,0,1,
P-608301,2025-10,2025-11-01,REVISED,2025-12-01,REVISED,PAIMANA,1,1,
P-608302,2025-08,2025-08-01,REVISED,2025-09-01,REVISED,PAIMANA_TRANSITION,1,1,
P-608302,2025-09,2025-09-01,REVISED,2025-09-01,REVISED,PAIMANA,0,1,
P-608302,2025-10,2025-09-01,REVISED,2025-11-01,REVISED,PAIMANA,2,1,
P-608922,2025-08,2025-11-01,REVISED,2025-11-01,REVISED,PAIMANA_TRANSITION,0,1,
P-608922,2025-09,2025-11-01,REVISED,2025-11-01,REVISED,PAIMANA,0,1,
P-609019,2025-05,2024-05-01,REVISED,2024-03-01,REVISED,OCMS_LEGACY,-2,1,
P-609019,2025-07,2024-03-01,REVISED,2026-03-01,REVISED,PAIMANA_TRANSITION,24,0,REPORTING_REGIME_CHANGE
P-609019,2025-08,2026-03-01,REVISED,2026-03-01,REVISED,PAIMANA_TRANSITION,0,1,
P-609019,2025-09,2026-03-01,REVISED,2026-03-01,REVISED,PAIMANA,0,1,
P-609041,2025-08,2026-12-01,REVISED,2026-12-01,REVISED,PAIMANA_TRANSITION,0,1,
P-609424,2025-08,2026-12-01,ORIGINAL,2026-12-01,ORIGINAL,PAIMANA_TRANSITION,0,1,
P-609424,2025-09,2026-12-01,ORIGINAL,2026-12-01,ORIGINAL,PAIMANA,0,1,
P-609424,2025-10,2026-12-01,ORIGINAL,2027-03-01,ORIGINAL,PAIMANA,3,1,
P-609424,2026-03,2027-03-01,ORIGINAL,2027-09-01,REVISED,PAIMANA,6,0,TARGET_SOURCE_TRANSITION
P-609736,2025-04,2024-12-01,REVISED,2025-01-01,REVISED,OCMS_LEGACY,1,1,
P-609736,2025-07,2025-01-01,REVISED,2025-09-01,REVISED,PAIMANA_TRANSITION,8,0,REPORTING_REGIME_CHANGE
P-609736,2025-08,2025-09-01,REVISED,2025-09-01,REVISED,PAIMANA_TRANSITION,0,1,
P-609736,2025-09,2025-09-01,REVISED,2025-09-01,REVISED,PAIMANA,0,1,
P-609736,2025-10,2025-09-01,REVISED,2026-03-01,REVISED,PAIMANA,6,1,
P-609996,2025-08,2026-01-01,REVISED,2026-01-01,REVISED,PAIMANA_TRANSITION,0,1,
P-609996,2025-09,2026-01-01,REVISED,2026-01-01,REVISED,PAIMANA,0,1,
P-610315,2025-02,2025-04-01,REVISED,2025-06-01,REVISED,OCMS_LEGACY,2,1,
P-610315,2025-05,2025-06-01,REVISED,2025-10-01,REVISED,OCMS_LEGACY,4,1,
P-610315,2025-07,2025-10-01,REVISED,2025-11-01,REVISED,PAIMANA_TRANSITION,1,0,REPORTING_REGIME_CHANGE
P-610315,2025-08,2025-11-01,REVISED,2025-12-01,REVISED,PAIMANA_TRANSITION,1,1,
P-610315,2025-09,2025-12-01,REVISED,2025-12-01,REVISED,PAIMANA,0,1,
P-610315,2025-11,2025-12-01,REVISED,2026-06-01,REVISED,PAIMANA,6,1,
P-610940,2025-08,2025-09-01,REVISED,2025-09-01,REVISED,PAIMANA_TRANSITION,0,1,
P-610940,2025-09,2025-09-01,REVISED,2025-09-01,REVISED,PAIMANA,0,1,
P-610940,2025-10,2025-09-01,REVISED,2025-12-01,REVISED,PAIMANA,3,1,
P-610984,2025-03,2025-03-01,REVISED,2025-06-01,REVISED,OCMS_LEGACY,3,1,
P-610984,2025-04,2025-06-01,REVISED,2025-06-01,ANTICIPATED,OCMS_LEGACY,0,1,
P-610984,2025-05,2025-06-01,ANTICIPATED,2025-06-01,REVISED,OCMS_LEGACY,0,1,
P-610984,2025-07,2025-06-01,REVISED,2025-08-01,REVISED,PAIMANA_TRANSITION,2,0,REPORTING_REGIME_CHANGE
P-610984,2025-08,2025-08-01,REVISED,2025-11-01,REVISED,PAIMANA_TRANSITION,3,1,
P-610984,2025-09,2025-11-01,REVISED,2025-11-01,REVISED,PAIMANA,0,1,
P-610984,2025-10,2025-11-01,REVISED,2026-01-01,REVISED,PAIMANA,2,1,
P-610984,2025-11,2026-01-01,REVISED,2026-03-01,REVISED,PAIMANA,2,1,
P-610984,2026-03,2026-03-01,REVISED,2026-05-01,REVISED,PAIMANA,2,1,
P-610985,2025-08,2025-12-01,REVISED,2025-12-01,REVISED,PAIMANA_TRANSITION,0,1,
P-610985,2025-09,2025-12-01,REVISED,2025-12-01,REVISED,PAIMANA,0,1,
P-611016,2025-02,2025-02-01,ORIGINAL,2025-03-01,REVISED,OCMS_LEGACY,1,0,TARGET_SOURCE_TRANSITION
P-611016,2025-03,2025-03-01,REVISED,2025-05-01,REVISED,OCMS_LEGACY,2,1,
P-611016,2025-05,2025-05-01,REVISED,2025-07-01,REVISED,OCMS_LEGACY,2,1,
P-611016,2025-07,2025-07-01,REVISED,2025-09-01,REVISED,PAIMANA_TRANSITION,2,0,REPORTING_REGIME_CHANGE
P-611016,2025-08,2025-09-01,REVISED,2025-10-01,REVISED,PAIMANA_TRANSITION,1,1,
P-611016,2025-09,2025-10-01,REVISED,2025-11-01,REVISED,PAIMANA,1,0,REPORTING_REGIME_CHANGE
P-611016,2025-10,2025-11-01,REVISED,2025-12-01,REVISED,PAIMANA,1,1,
P-611016,2026-01,2025-12-01,REVISED,2026-02-01,REVISED,PAIMANA,2,1,
P-611016,2026-02,2026-02-01,REVISED,2026-03-01,REVISED,PAIMANA,1,1,
P-611016,2026-03,2026-03-01,REVISED,2026-04-01,REVISED,PAIMANA,1,1,
P-611016,2026-04,2026-04-01,REVISED,2026-05-01,REVISED,PAIMANA,1,1,
P-611017,2025-02,2025-06-01,ORIGINAL,2026-03-01,REVISED,OCMS_LEGACY,9,0,TARGET_SOURCE_TRANSITION
P-611017,2025-07,2026-03-01,REVISED,2026-03-01,REVISED,PAIMANA_TRANSITION,0,1,
P-611017,2025-08,2026-03-01,REVISED,2026-03-01,REVISED,PAIMANA_TRANSITION,0,1,
P-611017,2025-09,2026-03-01,REVISED,2026-03-01,REVISED,PAIMANA,0,1,
P-611017,2026-01,2026-03-01,REVISED,2026-12-01,REVISED,PAIMANA,9,1,
P-611047,2025-07,2026-06-01,REVISED,2026-06-01,REVISED,PAIMANA_TRANSITION,0,1,
P-611047,2025-08,2026-06-01,REVISED,2026-06-01,REVISED,PAIMANA_TRANSITION,0,1,
P-611047,2025-09,2026-06-01,REVISED,2026-06-01,REVISED,PAIMANA,0,1,
P-611047,2026-03,2026-06-01,REVISED,2026-11-01,REVISED,PAIMANA,5,1,
P-611452,2025-04,2024-03-01,ORIGINAL,2024-03-01,REVISED,OCMS_LEGACY,0,1,
P-611452,2025-07,2024-03-01,REVISED,2025-06-01,REVISED,PAIMANA_TRANSITION,15,0,REPORTING_REGIME_CHANGE
P-611452,2025-08,2025-06-01,REVISED,2025-06-01,REVISED,PAIMANA_TRANSITION,0,1,
P-611452,2025-09,2025-06-01,REVISED,2025-06-01,REVISED,PAIMANA,0,1,
P-611452,2025-11,2025-06-01,REVISED,2026-12-01,REVISED,PAIMANA,18,1,
P-611495,2025-07,2027-03-01,REVISED,2027-01-01,REVISED,PAIMANA_TRANSITION,-2,0,REPORTING_REGIME_CHANGE
P-611495,2025-08,2027-01-01,REVISED,2027-01-01,REVISED,PAIMANA_TRANSITION,0,1,
P-611495,2025-09,2027-01-01,REVISED,2027-01-01,REVISED,PAIMANA,0,1,
P-611509,2025-08,2029-03-01,ORIGINAL,2029-03-01,ORIGINAL,PAIMANA_TRANSITION,0,1,
P-611509,2025-09,2029-03-01,ORIGINAL,2029-03-01,ORIGINAL,PAIMANA,0,1,
P-611570,2025-08,2025-09-01,ORIGINAL,2026-08-01,REVISED,PAIMANA_TRANSITION,11,0,TARGET_SOURCE_TRANSITION
P-611570,2025-09,2026-08-01,REVISED,2026-08-01,REVISED,PAIMANA,0,1,
P-611586,2025-02,2028-12-01,ORIGINAL,2028-12-01,REVISED,OCMS_LEGACY,0,1,
P-611586,2025-07,2028-12-01,REVISED,2028-12-01,REVISED,PAIMANA_TRANSITION,0,1,
P-611586,2025-08,2028-12-01,REVISED,2029-12-01,REVISED,PAIMANA_TRANSITION,12,1,
P-611586,2025-09,2029-12-01,REVISED,2029-12-01,REVISED,PAIMANA,0,1,
P-611602,2025-08,2026-03-01,REVISED,2026-03-01,REVISED,PAIMANA_TRANSITION,0,1,
P-611602,2025-09,2026-03-01,REVISED,2026-06-01,REVISED,PAIMANA,3,0,REPORTING_REGIME_CHANGE
P-611602,2026-02,2026-06-01,REVISED,2026-12-01,REVISED,PAIMANA,6,1,
P-611614,2025-08,2026-11-01,REVISED,2026-11-01,REVISED,PAIMANA_TRANSITION,0,1,
P-611614,2025-09,2026-11-01,REVISED,2026-11-01,REVISED,PAIMANA,0,1,
P-611615,2025-08,2027-12-01,REVISED,2027-12-01,REVISED,PAIMANA_TRANSITION,0,1,
P-611615,2025-10,2027-12-01,REVISED,2027-12-01,REVISED,PAIMANA,0,1,
P-611656,2025-08,2025-10-01,REVISED,2025-10-01,REVISED,PAIMANA_TRANSITION,0,1,
P-611656,2025-09,2025-10-01,REVISED,2025-10-01,REVISED,PAIMANA,0,1,
P-611656,2025-10,2025-10-01,REVISED,2025-11-01,REVISED,PAIMANA,1,1,
P-611657,2025-08,2025-11-01,REVISED,2025-11-01,REVISED,PAIMANA_TRANSITION,0,1,
P-611657,2025-09,2025-11-01,REVISED,2025-11-01,REVISED,PAIMANA,0,1,
P-611657,2025-10,2025-11-01,REVISED,2025-12-01,REVISED,PAIMANA,1,1,
P-611657,2025-12,2025-12-01,REVISED,2026-01-01,REVISED,PAIMANA,1,1,
P-611659,2025-08,2025-10-01,REVISED,2025-10-01,REVISED,PAIMANA_TRANSITION,0,1,
P-611659,2025-09,2025-10-01,REVISED,2025-10-01,REVISED,PAIMANA,0,1,
P-611659,2025-10,2025-10-01,REVISED,2025-11-01,REVISED,PAIMANA,1,1,
P-611659,2025-11,2025-11-01,REVISED,2025-12-01,REVISED,PAIMANA,1,1,
P-611660,2025-08,2025-08-01,REVISED,2025-10-01,REVISED,PAIMANA_TRANSITION,2,1,
P-611660,2025-09,2025-10-01,REVISED,2025-10-01,REVISED,PAIMANA,0,1,
P-611660,2025-10,2025-10-01,REVISED,2025-11-01,REVISED,PAIMANA,1,1,
P-611669,2025-08,2027-03-01,ORIGINAL,2027-03-01,ORIGINAL,PAIMANA_TRANSITION,0,1,
P-611669,2025-09,2027-03-01,ORIGINAL,2027-03-01,ORIGINAL,PAIMANA,0,1,
P-611669,2025-12,2027-03-01,ORIGINAL,2028-03-01,REVISED,PAIMANA,12,0,TARGET_SOURCE_TRANSITION
P-611698,2025-08,2029-07-01,ORIGINAL,2029-07-01,ORIGINAL,PAIMANA_TRANSITION,0,1,
P-611698,2025-09,2029-07-01,ORIGINAL,2029-07-01,ORIGINAL,PAIMANA,0,1,
P-611699,2025-08,2029-07-01,ORIGINAL,2029-07-01,ORIGINAL,PAIMANA_TRANSITION,0,1,
P-611699,2025-09,2029-07-01,ORIGINAL,2029-07-01,ORIGINAL,PAIMANA,0,1,
P-611735,2025-02,2025-08-01,REVISED,2026-03-01,REVISED,OCMS_LEGACY,7,1,
P-611735,2025-03,2026-03-01,REVISED,2026-04-01,REVISED,OCMS_LEGACY,1,1,
P-611735,2025-04,2026-04-01,REVISED,2026-04-01,ANTICIPATED,OCMS_LEGACY,0,1,
P-611735,2025-05,2026-04-01,ANTICIPATED,2026-04-01,REVISED,OCMS_LEGACY,0,1,
P-611735,2025-07,2026-04-01,REVISED,2026-04-01,REVISED,PAIMANA_TRANSITION,0,1,
P-611735,2025-08,2026-04-01,REVISED,2026-04-01,REVISED,PAIMANA_TRANSITION,0,1,
P-611735,2025-09,2026-04-01,REVISED,2026-04-01,REVISED,PAIMANA,0,1,
P-611735,2025-10,2026-04-01,REVISED,2026-07-01,REVISED,PAIMANA,3,1,
P-611735,2026-03,2026-07-01,REVISED,2026-12-01,REVISED,PAIMANA,5,1,
P-611737,2025-08,2025-09-01,REVISED,2025-12-01,REVISED,PAIMANA_TRANSITION,3,1,
P-611737,2025-09,2025-12-01,REVISED,2025-12-01,REVISED,PAIMANA,0,1,
P-611737,2025-10,2025-12-01,REVISED,2025-10-01,REVISED,PAIMANA,-2,1,
P-611751,2025-08,2027-03-01,ORIGINAL,2027-03-01,ORIGINAL,PAIMANA_TRANSITION,0,1,
P-611751,2025-09,2027-03-01,ORIGINAL,2027-03-01,ORIGINAL,PAIMANA,0,1,
P-611752,2025-07,2027-03-01,REVISED,2027-03-01,REVISED,PAIMANA_TRANSITION,0,1,
P-611752,2025-08,2027-03-01,REVISED,2027-03-01,REVISED,PAIMANA_TRANSITION,0,1,
P-611752,2025-09,2027-03-01,REVISED,2027-03-01,REVISED,PAIMANA,0,1,
P-611754,2025-08,2026-07-01,ORIGINAL,2026-07-01,ORIGINAL,PAIMANA_TRANSITION,0,1,
P-611754,2025-09,2026-07-01,ORIGINAL,2026-07-01,ORIGINAL,PAIMANA,0,1,
P-611798,2025-08,2033-03-01,ORIGINAL,2033-03-01,ORIGINAL,PAIMANA_TRANSITION,0,1,
P-611798,2025-09,2033-03-01,ORIGINAL,2033-03-01,ORIGINAL,PAIMANA,0,1,
P-611800,2025-08,2028-03-01,ORIGINAL,2028-03-01,ORIGINAL,PAIMANA_TRANSITION,0,1,
P-611800,2025-09,2028-03-01,ORIGINAL,2028-03-01,ORIGINAL,PAIMANA,0,1,
P-611849,2025-07,2026-12-01,REVISED,2028-06-01,REVISED,PAIMANA_TRANSITION,18,0,REPORTING_REGIME_CHANGE
P-611849,2025-08,2028-06-01,REVISED,2028-06-01,REVISED,PAIMANA_TRANSITION,0,1,
P-611849,2025-09,2028-06-01,REVISED,2028-06-01,REVISED,PAIMANA,0,1,
P-611861,2025-06,2025-12-01,REVISED,2026-05-01,REVISED,OCMS_LEGACY,5,1,
P-611861,2025-07,2026-05-01,REVISED,2027-06-01,REVISED,PAIMANA_TRANSITION,13,0,REPORTING_REGIME_CHANGE
P-611861,2025-08,2027-06-01,REVISED,2027-06-01,REVISED,PAIMANA_TRANSITION,0,1,
P-611861,2025-09,2027-06-01,REVISED,2027-06-01,REVISED,PAIMANA,0,1,
P-611864,2025-07,2030-03-01,REVISED,2030-03-01,ORIGINAL,PAIMANA_TRANSITION,0,1,
P-611864,2025-08,2030-03-01,ORIGINAL,2030-03-01,ORIGINAL,PAIMANA_TRANSITION,0,1,
P-611864,2025-09,2030-03-01,ORIGINAL,2030-03-01,ORIGINAL,PAIMANA,0,1,
P-611884,2025-06,2025-12-01,REVISED,2026-03-01,REVISED,OCMS_LEGACY,3,1,
P-611884,2025-07,2026-03-01,REVISED,2028-02-01,REVISED,PAIMANA_TRANSITION,23,0,REPORTING_REGIME_CHANGE
P-611884,2025-08,2028-02-01,REVISED,2028-02-01,REVISED,PAIMANA_TRANSITION,0,1,
P-611884,2025-09,2028-02-01,REVISED,2028-02-01,REVISED,PAIMANA,0,1,
P-611917,2025-04,2026-06-01,REVISED,2026-06-01,ANTICIPATED,OCMS_LEGACY,0,1,
P-611917,2025-05,2026-06-01,ANTICIPATED,2026-06-01,REVISED,OCMS_LEGACY,0,1,
P-611917,2025-07,2026-06-01,REVISED,2026-06-01,REVISED,PAIMANA_TRANSITION,0,1,
P-611917,2025-08,2026-06-01,REVISED,2026-06-01,REVISED,PAIMANA_TRANSITION,0,1,
P-611917,2025-09,2026-06-01,REVISED,2026-06-01,REVISED,PAIMANA,0,1,
P-611917,2026-04,2026-06-01,REVISED,2026-12-01,REVISED,PAIMANA,6,1,
P-611918,2025-08,2027-03-01,ORIGINAL,2027-03-01,ORIGINAL,PAIMANA_TRANSITION,0,1,
P-611918,2025-09,2027-03-01,ORIGINAL,2027-03-01,ORIGINAL,PAIMANA,0,1,
P-611927,2025-08,2023-12-01,ORIGINAL,2023-12-01,ORIGINAL,PAIMANA_TRANSITION,0,1,
P-611927,2025-09,2023-12-01,ORIGINAL,2023-12-01,ORIGINAL,PAIMANA,0,1,
P-611929,2025-08,2024-12-01,ORIGINAL,2024-12-01,ORIGINAL,PAIMANA_TRANSITION,0,1,
P-611929,2025-09,2024-12-01,ORIGINAL,2024-12-01,ORIGINAL,PAIMANA,0,1,
P-611930,2025-07,2028-06-01,REVISED,2028-06-01,ORIGINAL,PAIMANA_TRANSITION,0,1,
P-611930,2025-08,2028-06-01,ORIGINAL,2028-06-01,ORIGINAL,PAIMANA_TRANSITION,0,1,
P-611930,2025-09,2028-06-01,ORIGINAL,2028-06-01,ORIGINAL,PAIMANA,0,1,
P-611930,2025-12,2028-06-01,ORIGINAL,2028-09-01,REVISED,PAIMANA,3,0,TARGET_SOURCE_TRANSITION
P-611937,2025-08,2026-05-01,REVISED,2026-05-01,REVISED,PAIMANA_TRANSITION,0,1,
P-611937,2025-09,2026-05-01,REVISED,2026-05-01,REVISED,PAIMANA,0,1,
P-611937,2025-10,2026-05-01,REVISED,2025-12-01,REVISED,PAIMANA,-5,1,
P-611938,2025-08,2026-05-01,REVISED,2026-05-01,REVISED,PAIMANA_TRANSITION,0,1,
P-611938,2025-09,2026-05-01,REVISED,2026-05-01,REVISED,PAIMANA,0,1,
P-611939,2025-08,2026-06-01,REVISED,2026-06-01,REVISED,PAIMANA_TRANSITION,0,1,
P-611939,2025-09,2026-06-01,REVISED,2026-06-01,REVISED,PAIMANA,0,1,
P-611943,2025-04,2026-09-01,REVISED,2026-09-01,ANTICIPATED,OCMS_LEGACY,0,1,
P-611943,2025-05,2026-09-01,ANTICIPATED,2026-12-01,REVISED,OCMS_LEGACY,3,0,TARGET_SOURCE_TRANSITION
P-611943,2025-07,2026-12-01,REVISED,2028-01-01,REVISED,PAIMANA_TRANSITION,13,0,REPORTING_REGIME_CHANGE
P-611943,2025-08,2028-01-01,REVISED,2028-01-01,REVISED,PAIMANA_TRANSITION,0,1,
P-611943,2025-09,2028-01-01,REVISED,2028-01-01,REVISED,PAIMANA,0,1,
P-611943,2026-03,2028-01-01,REVISED,2027-06-01,REVISED,PAIMANA,-7,1,
P-611943,2026-04,2027-06-01,REVISED,2028-02-01,REVISED,PAIMANA,8,1,
P-611944,2025-08,2026-03-01,REVISED,2026-03-01,REVISED,PAIMANA_TRANSITION,0,1,
P-611944,2025-09,2026-03-01,REVISED,2026-03-01,REVISED,PAIMANA,0,1,
P-611944,2025-11,2026-03-01,REVISED,2026-01-01,REVISED,PAIMANA,-2,1,
P-611945,2025-02,2025-12-01,ORIGINAL,2025-12-01,REVISED,OCMS_LEGACY,0,1,
P-611945,2025-03,2025-12-01,REVISED,2025-12-01,ORIGINAL,OCMS_LEGACY,0,1,
P-611945,2025-04,2025-12-01,ORIGINAL,2025-12-01,ANTICIPATED,OCMS_LEGACY,0,1,
P-611945,2025-05,2025-12-01,ANTICIPATED,2025-12-01,REVISED,OCMS_LEGACY,0,1,
P-611945,2025-07,2025-12-01,REVISED,2030-05-01,REVISED,PAIMANA_TRANSITION,53,0,REPORTING_REGIME_CHANGE
P-611945,2025-08,2030-05-01,REVISED,2030-05-01,REVISED,PAIMANA_TRANSITION,0,1,
P-611945,2025-09,2030-05-01,REVISED,2030-05-01,REVISED,PAIMANA,0,1,
P-611947,2025-04,2025-06-01,REVISED,2025-09-01,REVISED,OCMS_LEGACY,3,1,
P-611947,2025-07,2025-09-01,REVISED,2025-09-01,REVISED,PAIMANA_TRANSITION,0,1,
P-611947,2025-08,2025-09-01,REVISED,2025-12-01,REVISED,PAIMANA_TRANSITION,3,1,
P-611947,2025-09,2025-12-01,REVISED,2025-12-01,REVISED,PAIMANA,0,1,
P-611947,2025-10,2025-12-01,REVISED,2026-03-01,REVISED,PAIMANA,3,1,
P-611947,2026-03,2026-03-01,REVISED,2026-06-01,REVISED,PAIMANA,3,1,
P-611948,2025-02,2025-04-01,REVISED,2025-05-01,REVISED,OCMS_LEGACY,1,1,
P-611948,2025-04,2025-05-01,REVISED,2025-08-01,REVISED,OCMS_LEGACY,3,1,
P-611948,2025-07,2025-08-01,REVISED,2025-12-01,REVISED,PAIMANA_TRANSITION,4,0,REPORTING_REGIME_CHANGE
P-611948,2025-08,2025-12-01,REVISED,2025-12-01,REVISED,PAIMANA_TRANSITION,0,1,
P-611948,2025-09,2025-12-01,REVISED,2025-12-01,REVISED,PAIMANA,0,1,
P-611948,2025-10,2025-12-01,REVISED,2026-01-01,REVISED,PAIMANA,1,1,
P-611948,2025-12,2026-01-01,REVISED,2026-03-01,REVISED,PAIMANA,2,1,
P-611948,2026-03,2026-03-01,REVISED,2026-06-01,REVISED,PAIMANA,3,1,
P-611949,2025-04,2025-10-01,REVISED,2025-10-01,ANTICIPATED,OCMS_LEGACY,0,1,
P-611949,2025-05,2025-10-01,ANTICIPATED,2025-10-01,REVISED,OCMS_LEGACY,0,1,
P-611949,2025-07,2025-10-01,REVISED,2025-10-01,REVISED,PAIMANA_TRANSITION,0,1,
P-611949,2025-08,2025-10-01,REVISED,2025-10-01,REVISED,PAIMANA_TRANSITION,0,1,
P-611949,2025-09,2025-10-01,REVISED,2026-03-01,REVISED,PAIMANA,5,0,REPORTING_REGIME_CHANGE
P-611949,2026-01,2026-03-01,REVISED,2026-05-01,REVISED,PAIMANA,2,1,
P-611950,2025-08,2025-12-01,REVISED,2025-12-01,REVISED,PAIMANA_TRANSITION,0,1,
P-611950,2025-09,2025-12-01,REVISED,2025-12-01,REVISED,PAIMANA,0,1,
P-611950,2025-12,2025-12-01,REVISED,2026-01-01,REVISED,PAIMANA,1,1,
P-611950,2026-01,2026-01-01,REVISED,2026-02-01,REVISED,PAIMANA,1,1,
P-611951,2025-02,2025-03-01,REVISED,2025-04-01,REVISED,OCMS_LEGACY,1,1,
P-611951,2025-04,2025-04-01,REVISED,2025-09-01,REVISED,OCMS_LEGACY,5,1,
P-611951,2025-07,2025-09-01,REVISED,2025-09-01,REVISED,PAIMANA_TRANSITION,0,1,
P-611951,2025-08,2025-09-01,REVISED,2025-09-01,REVISED,PAIMANA_TRANSITION,0,1,
P-611951,2025-09,2025-09-01,REVISED,2025-09-01,REVISED,PAIMANA,0,1,
P-611951,2025-10,2025-09-01,REVISED,2025-12-01,REVISED,PAIMANA,3,1,
P-611951,2025-12,2025-12-01,REVISED,2026-01-01,REVISED,PAIMANA,1,1,
P-611951,2026-01,2026-01-01,REVISED,2026-02-01,REVISED,PAIMANA,1,1,
P-611951,2026-03,2026-02-01,REVISED,2026-04-01,REVISED,PAIMANA,2,1,
P-611957,2025-08,2026-12-01,ORIGINAL,2026-12-01,ORIGINAL,PAIMANA_TRANSITION,0,1,
P-611957,2025-09,2026-12-01,ORIGINAL,2027-02-01,ORIGINAL,PAIMANA,2,0,REPORTING_REGIME_CHANGE
P-611963,2025-08,2027-09-01,ORIGINAL,2027-09-01,ORIGINAL,PAIMANA_TRANSITION,0,1,
P-611963,2025-09,2027-09-01,ORIGINAL,2027-09-01,ORIGINAL,PAIMANA,0,1,
P-611966,2025-04,2025-07-01,REVISED,2025-09-01,REVISED,OCMS_LEGACY,2,1,
P-611966,2025-06,2025-09-01,REVISED,2025-11-01,REVISED,OCMS_LEGACY,2,1,
P-611966,2025-07,2025-11-01,REVISED,2025-11-01,REVISED,PAIMANA_TRANSITION,0,1,
P-611966,2025-08,2025-11-01,REVISED,2025-12-01,REVISED,PAIMANA_TRANSITION,1,1,
P-611966,2025-09,2025-12-01,REVISED,2025-12-01,REVISED,PAIMANA,0,1,
P-611966,2025-10,2025-12-01,REVISED,2026-03-01,REVISED,PAIMANA,3,1,
P-611966,2026-03,2026-03-01,REVISED,2026-04-01,REVISED,PAIMANA,1,1,
P-611967,2025-07,2025-09-01,REVISED,2026-04-01,REVISED,PAIMANA_TRANSITION,7,0,REPORTING_REGIME_CHANGE
P-611967,2025-08,2026-04-01,REVISED,2026-04-01,REVISED,PAIMANA_TRANSITION,0,1,
P-611967,2025-09,2026-04-01,REVISED,2026-03-01,REVISED,PAIMANA,-1,0,REPORTING_REGIME_CHANGE
P-611967,2026-03,2026-03-01,REVISED,2026-04-01,REVISED,PAIMANA,1,1,
P-611967,2026-04,2026-04-01,REVISED,2026-05-01,REVISED,PAIMANA,1,1,
P-611969,2025-08,2026-10-01,ORIGINAL,2026-10-01,ORIGINAL,PAIMANA_TRANSITION,0,1,
P-611970,2025-02,2026-07-01,ORIGINAL,2026-07-01,REVISED,OCMS_LEGACY,0,1,
P-611970,2025-04,2026-07-01,REVISED,2026-07-01,ANTICIPATED,OCMS_LEGACY,0,1,
P-611970,2025-05,2026-07-01,ANTICIPATED,2026-07-01,REVISED,OCMS_LEGACY,0,1,
P-611970,2025-07,2026-07-01,REVISED,2030-03-01,REVISED,PAIMANA_TRANSITION,44,0,REPORTING_REGIME_CHANGE
P-611970,2025-08,2030-03-01,REVISED,2030-03-01,REVISED,PAIMANA_TRANSITION,0,1,
P-611970,2025-09,2030-03-01,REVISED,2030-03-01,REVISED,PAIMANA,0,1,
P-611971,2025-02,2025-12-01,ORIGINAL,2025-12-01,REVISED,OCMS_LEGACY,0,1,
P-611971,2025-03,2025-12-01,REVISED,2025-12-01,ORIGINAL,OCMS_LEGACY,0,1,
P-611971,2025-04,2025-12-01,ORIGINAL,2025-12-01,ANTICIPATED,OCMS_LEGACY,0,1,
P-611971,2025-05,2025-12-01,ANTICIPATED,2025-12-01,REVISED,OCMS_LEGACY,0,1,
P-611971,2025-07,2025-12-01,REVISED,2030-03-01,REVISED,PAIMANA_TRANSITION,51,0,REPORTING_REGIME_CHANGE
P-611971,2025-08,2030-03-01,REVISED,2030-03-01,REVISED,PAIMANA_TRANSITION,0,1,
P-611971,2025-09,2030-03-01,REVISED,2030-03-01,REVISED,PAIMANA,0,1,
P-611972,2025-08,2026-12-01,ORIGINAL,2026-12-01,ORIGINAL,PAIMANA_TRANSITION,0,1,
P-611973,2025-08,2026-12-01,ORIGINAL,2026-12-01,ORIGINAL,PAIMANA_TRANSITION,0,1,
P-611974,2025-08,2026-12-01,ORIGINAL,2026-12-01,ORIGINAL,PAIMANA_TRANSITION,0,1,
P-611974,2025-09,2026-12-01,ORIGINAL,2026-12-01,ORIGINAL,PAIMANA,0,1,
P-611974,2025-10,2026-12-01,ORIGINAL,2027-06-01,REVISED,PAIMANA,6,0,TARGET_SOURCE_TRANSITION
P-611974,2026-02,2027-06-01,REVISED,2027-07-01,REVISED,PAIMANA,1,1,
P-611974,2026-03,2027-07-01,REVISED,2027-12-01,REVISED,PAIMANA,5,1,
P-611975,2025-08,2026-03-01,ORIGINAL,2026-03-01,ORIGINAL,PAIMANA_TRANSITION,0,1,
P-611976,2025-08,2025-10-01,ORIGINAL,2025-10-01,ORIGINAL,PAIMANA_TRANSITION,0,1,
P-611977,2025-08,2025-02-01,ORIGINAL,2025-02-01,ORIGINAL,PAIMANA_TRANSITION,0,1,
P-611977,2025-09,2025-02-01,ORIGINAL,2025-02-01,ORIGINAL,PAIMANA,0,1,
P-611978,2025-08,2025-03-01,ORIGINAL,2025-03-01,ORIGINAL,PAIMANA_TRANSITION,0,1,
P-611978,2025-09,2025-03-01,ORIGINAL,2025-03-01,ORIGINAL,PAIMANA,0,1,
P-611979,2025-08,2025-06-01,ORIGINAL,2025-06-01,ORIGINAL,PAIMANA_TRANSITION,0,1,
P-611979,2025-09,2025-06-01,ORIGINAL,2025-06-01,ORIGINAL,PAIMANA,0,1,
P-611979,2025-11,2025-06-01,ORIGINAL,2026-03-01,REVISED,PAIMANA,9,0,TARGET_SOURCE_TRANSITION
P-611979,2026-03,2026-03-01,REVISED,2026-05-01,REVISED,PAIMANA,2,1,
P-611980,2025-08,2028-09-01,REVISED,2028-09-01,REVISED,PAIMANA_TRANSITION,0,1,
P-612063,2025-08,2025-08-01,REVISED,2025-08-01,REVISED,PAIMANA_TRANSITION,0,1,
P-612063,2025-09,2025-08-01,REVISED,2025-08-01,REVISED,PAIMANA,0,1,
P-612063,2025-11,2025-08-01,REVISED,2025-10-01,REVISED,PAIMANA,2,1,
P-612072,2025-04,2027-02-01,REVISED,2027-02-01,ANTICIPATED,OCMS_LEGACY,0,1,
P-612072,2025-05,2027-02-01,ANTICIPATED,2027-02-01,REVISED,OCMS_LEGACY,0,1,
P-612072,2025-06,2027-02-01,REVISED,2027-03-01,REVISED,OCMS_LEGACY,1,1,
P-612072,2025-07,2027-03-01,REVISED,2027-03-01,REVISED,PAIMANA_TRANSITION,0,1,
P-612072,2025-08,2027-03-01,REVISED,2027-03-01,REVISED,PAIMANA_TRANSITION,0,1,
P-612072,2025-09,2027-03-01,REVISED,2027-03-01,REVISED,PAIMANA,0,1,
P-612072,2025-10,2027-03-01,REVISED,2028-07-01,REVISED,PAIMANA,16,1,
P-612096,2025-07,2027-03-01,REVISED,2025-03-01,REVISED,PAIMANA_TRANSITION,-24,0,REPORTING_REGIME_CHANGE
P-612096,2025-08,2025-03-01,REVISED,2025-03-01,REVISED,PAIMANA_TRANSITION,0,1,
P-612096,2025-09,2025-03-01,REVISED,2025-03-01,REVISED,PAIMANA,0,1,
P-612096,2025-11,2025-03-01,REVISED,2027-03-01,REVISED,PAIMANA,24,1,
P-612128,2025-08,2026-03-01,REVISED,2026-03-01,REVISED,PAIMANA_TRANSITION,0,1,
P-612128,2025-09,2026-03-01,REVISED,2026-03-01,REVISED,PAIMANA,0,1,
P-612128,2026-03,2026-03-01,REVISED,2026-07-01,REVISED,PAIMANA,4,1,
P-612132,2025-06,2025-08-01,REVISED,2025-09-01,REVISED,OCMS_LEGACY,1,1,
P-612132,2025-07,2025-09-01,REVISED,2026-05-01,REVISED,PAIMANA_TRANSITION,8,0,REPORTING_REGIME_CHANGE
P-612132,2025-08,2026-05-01,REVISED,2026-05-01,REVISED,PAIMANA_TRANSITION,0,1,
P-612132,2025-09,2026-05-01,REVISED,2026-05-01,REVISED,PAIMANA,0,1,
P-612132,2025-10,2026-05-01,REVISED,2026-06-01,REVISED,PAIMANA,1,1,
P-612132,2026-03,2026-06-01,REVISED,2026-09-01,REVISED,PAIMANA,3,1,
P-612133,2025-07,2025-12-01,REVISED,2026-06-01,REVISED,PAIMANA_TRANSITION,6,0,REPORTING_REGIME_CHANGE
P-612133,2025-08,2026-06-01,REVISED,2026-06-01,REVISED,PAIMANA_TRANSITION,0,1,
P-612133,2025-09,2026-06-01,REVISED,2026-06-01,REVISED,PAIMANA,0,1,
P-612133,2026-03,2026-06-01,REVISED,2026-12-01,REVISED,PAIMANA,6,1,
P-612134,2025-07,2025-12-01,REVISED,2026-03-01,REVISED,PAIMANA_TRANSITION,3,0,REPORTING_REGIME_CHANGE
P-612134,2025-08,2026-03-01,REVISED,2026-03-01,REVISED,PAIMANA_TRANSITION,0,1,
P-612134,2025-09,2026-03-01,REVISED,2026-06-01,REVISED,PAIMANA,3,0,REPORTING_REGIME_CHANGE
P-612134,2026-03,2026-06-01,REVISED,2026-12-01,REVISED,PAIMANA,6,1,
P-612135,2025-08,2025-09-01,ORIGINAL,2025-09-01,ORIGINAL,PAIMANA_TRANSITION,0,1,
P-612135,2025-09,2025-09-01,ORIGINAL,2025-09-01,ORIGINAL,PAIMANA,0,1,
P-612135,2025-10,2025-09-01,ORIGINAL,2025-12-01,REVISED,PAIMANA,3,0,TARGET_SOURCE_TRANSITION
P-612138,2025-07,2026-02-01,REVISED,2026-02-01,ORIGINAL,PAIMANA_TRANSITION,0,1,
P-612138,2025-08,2026-02-01,ORIGINAL,2026-02-01,ORIGINAL,PAIMANA_TRANSITION,0,1,
P-612138,2025-09,2026-02-01,ORIGINAL,2026-06-01,REVISED,PAIMANA,4,0,REPORTING_REGIME_CHANGE
P-612139,2025-04,2025-12-01,REVISED,2026-06-01,REVISED,OCMS_LEGACY,6,1,
P-612139,2025-07,2026-06-01,REVISED,2026-06-01,REVISED,PAIMANA_TRANSITION,0,1,
P-612139,2025-08,2026-06-01,REVISED,2026-06-01,REVISED,PAIMANA_TRANSITION,0,1,
P-612139,2025-09,2026-06-01,REVISED,2026-12-01,REVISED,PAIMANA,6,0,REPORTING_REGIME_CHANGE
P-612140,2025-07,2025-12-01,REVISED,2025-12-01,ORIGINAL,PAIMANA_TRANSITION,0,1,
P-612140,2025-08,2025-12-01,ORIGINAL,2026-03-01,REVISED,PAIMANA_TRANSITION,3,0,TARGET_SOURCE_TRANSITION
P-612140,2025-09,2026-03-01,REVISED,2026-03-01,REVISED,PAIMANA,0,1,
P-612140,2025-10,2026-03-01,REVISED,2026-06-01,REVISED,PAIMANA,3,1,
P-612140,2026-03,2026-06-01,REVISED,2026-09-01,REVISED,PAIMANA,3,1,
P-612142,2025-07,2030-02-01,REVISED,2030-02-01,ORIGINAL,PAIMANA_TRANSITION,0,1,
P-612142,2025-08,2030-02-01,ORIGINAL,2030-02-01,ORIGINAL,PAIMANA_TRANSITION,0,1,
P-612142,2025-09,2030-02-01,ORIGINAL,2030-02-01,ORIGINAL,PAIMANA,0,1,
P-612151,2025-04,2025-07-01,REVISED,2025-08-01,REVISED,OCMS_LEGACY,1,1,
P-612151,2025-06,2025-08-01,REVISED,2025-09-01,REVISED,OCMS_LEGACY,1,1,
P-612151,2025-07,2025-09-01,REVISED,2025-10-01,REVISED,PAIMANA_TRANSITION,1,0,REPORTING_REGIME_CHANGE
P-612151,2025-08,2025-10-01,REVISED,2025-12-01,REVISED,PAIMANA_TRANSITION,2,1,
P-612151,2025-09,2025-12-01,REVISED,2025-12-01,REVISED,PAIMANA,0,1,
P-612151,2025-10,2025-12-01,REVISED,2026-03-01,REVISED,PAIMANA,3,1,
P-612151,2026-03,2026-03-01,REVISED,2026-04-01,REVISED,PAIMANA,1,1,
P-612167,2025-12,2026-01-01,REVISED,2026-03-01,REVISED,PAIMANA,2,1,
P-612178,2025-11,2025-06-01,ORIGINAL,2026-01-01,REVISED,PAIMANA,7,0,TARGET_SOURCE_TRANSITION
P-612178,2026-01,2026-01-01,REVISED,2026-02-01,REVISED,PAIMANA,1,1,
P-612178,2026-02,2026-02-01,REVISED,2026-03-01,REVISED,PAIMANA,1,1,
P-612183,2025-08,2027-09-01,ORIGINAL,2027-09-01,ORIGINAL,PAIMANA_TRANSITION,0,1,
P-612183,2025-09,2027-09-01,ORIGINAL,2027-09-01,ORIGINAL,PAIMANA,0,1,
P-612183,2025-12,2027-09-01,ORIGINAL,2027-03-01,ORIGINAL,PAIMANA,-6,1,
P-612185,2025-11,2025-05-01,REVISED,2026-01-01,REVISED,PAIMANA,8,1,
P-612186,2025-11,2026-02-01,REVISED,2027-05-01,REVISED,PAIMANA,15,1,
P-612188,2025-10,2025-09-01,REVISED,2026-02-01,REVISED,PAIMANA,5,0,REPORTING_REGIME_CHANGE
P-612188,2026-02,2026-02-01,REVISED,2026-08-01,REVISED,PAIMANA,6,1,
P-612194,2025-07,2026-07-01,REVISED,2026-01-01,ORIGINAL,PAIMANA_TRANSITION,-6,0,REPORTING_REGIME_CHANGE
P-612194,2025-08,2026-01-01,ORIGINAL,2026-01-01,ORIGINAL,PAIMANA_TRANSITION,0,1,
P-612194,2025-09,2026-01-01,ORIGINAL,2026-01-01,ORIGINAL,PAIMANA,0,1,
P-612194,2025-11,2026-01-01,ORIGINAL,2026-07-01,ORIGINAL,PAIMANA,6,1,
P-612194,2026-04,2026-07-01,ORIGINAL,2026-11-01,REVISED,PAIMANA,4,0,TARGET_SOURCE_TRANSITION
P-612201,2025-11,2025-10-01,REVISED,2026-02-01,REVISED,PAIMANA,4,1,
P-612201,2026-02,2026-02-01,REVISED,2026-04-01,REVISED,PAIMANA,2,1,
P-612201,2026-04,2026-04-01,REVISED,2026-06-01,REVISED,PAIMANA,2,1,
P-612203,2025-08,2027-03-01,REVISED,2027-03-01,REVISED,PAIMANA_TRANSITION,0,1,
P-612203,2025-09,2027-03-01,REVISED,2027-03-01,REVISED,PAIMANA,0,1,
P-612211,2026-04,2026-06-01,REVISED,2026-11-01,REVISED,PAIMANA,5,1,
P-612213,2025-11,2025-08-01,REVISED,2026-09-01,REVISED,PAIMANA,13,1,
P-612239,2025-11,2025-05-01,REVISED,2025-12-01,REVISED,PAIMANA,7,1,
P-612259,2025-11,2025-06-01,REVISED,2026-03-01,REVISED,PAIMANA,9,1,
P-612745,2025-12,2027-01-01,ORIGINAL,2027-05-01,REVISED,PAIMANA,4,0,TARGET_SOURCE_TRANSITION
P-612781,2025-07,2026-12-01,REVISED,2026-12-01,ORIGINAL,PAIMANA_TRANSITION,0,1,
P-612781,2025-08,2026-12-01,ORIGINAL,2026-12-01,ORIGINAL,PAIMANA_TRANSITION,0,1,
P-612781,2025-09,2026-12-01,ORIGINAL,2026-12-01,ORIGINAL,PAIMANA,0,1,
P-612781,2026-03,2026-12-01,ORIGINAL,2027-09-01,REVISED,PAIMANA,9,0,TARGET_SOURCE_TRANSITION
P-612786,2025-06,2026-01-01,REVISED,2026-03-01,REVISED,OCMS_LEGACY,2,1,
P-612786,2025-07,2026-03-01,REVISED,2026-03-01,REVISED,PAIMANA_TRANSITION,0,1,
P-612786,2025-08,2026-03-01,REVISED,2026-03-01,REVISED,PAIMANA_TRANSITION,0,1,
P-612786,2025-09,2026-03-01,REVISED,2026-03-01,REVISED,PAIMANA,0,1,
P-612786,2026-01,2026-03-01,REVISED,2026-05-01,REVISED,PAIMANA,2,1,
P-612786,2026-04,2026-05-01,REVISED,2026-07-01,REVISED,PAIMANA,2,1,
P-612787,2025-03,2026-01-01,REVISED,2026-02-01,REVISED,OCMS_LEGACY,1,1,
P-612787,2025-07,2026-02-01,REVISED,2026-03-01,REVISED,PAIMANA_TRANSITION,1,0,REPORTING_REGIME_CHANGE
P-612787,2025-08,2026-03-01,REVISED,2026-03-01,REVISED,PAIMANA_TRANSITION,0,1,
P-612787,2025-09,2026-03-01,REVISED,2026-03-01,REVISED,PAIMANA,0,1,
P-612787,2026-01,2026-03-01,REVISED,2026-06-01,REVISED,PAIMANA,3,1,
P-612788,2025-07,2026-02-01,REVISED,2026-01-01,REVISED,PAIMANA_TRANSITION,-1,0,REPORTING_REGIME_CHANGE
P-612788,2025-08,2026-01-01,REVISED,2026-01-01,REVISED,PAIMANA_TRANSITION,0,1,
P-612788,2025-09,2026-01-01,REVISED,2026-01-01,REVISED,PAIMANA,0,1,
P-612788,2025-11,2026-01-01,REVISED,2026-02-01,REVISED,PAIMANA,1,1,
P-612788,2025-12,2026-02-01,REVISED,2026-04-01,REVISED,PAIMANA,2,1,
P-612788,2026-04,2026-04-01,REVISED,2026-06-01,REVISED,PAIMANA,2,1,
P-612789,2025-07,2025-09-01,REVISED,2026-03-01,REVISED,PAIMANA_TRANSITION,6,0,REPORTING_REGIME_CHANGE
P-612789,2025-08,2026-03-01,REVISED,2026-03-01,REVISED,PAIMANA_TRANSITION,0,1,
P-612789,2025-09,2026-03-01,REVISED,2026-03-01,REVISED,PAIMANA,0,1,
P-612789,2025-12,2026-03-01,REVISED,2026-06-01,REVISED,PAIMANA,3,1,
P-612789,2026-03,2026-06-01,REVISED,2026-12-01,REVISED,PAIMANA,6,1,
P-612790,2025-07,2026-02-01,REVISED,2025-11-01,REVISED,PAIMANA_TRANSITION,-3,0,REPORTING_REGIME_CHANGE
P-612790,2025-08,2025-11-01,REVISED,2026-05-01,REVISED,PAIMANA_TRANSITION,6,1,
P-612790,2025-09,2026-05-01,REVISED,2026-05-01,REVISED,PAIMANA,0,1,
P-612790,2026-04,2026-05-01,REVISED,2026-09-01,REVISED,PAIMANA,4,1,
P-612791,2025-07,2025-10-01,REVISED,2026-08-01,REVISED,PAIMANA_TRANSITION,10,0,REPORTING_REGIME_CHANGE
P-612791,2025-08,2026-08-01,REVISED,2026-08-01,REVISED,PAIMANA_TRANSITION,0,1,
P-612791,2025-09,2026-08-01,REVISED,2026-08-01,REVISED,PAIMANA,0,1,
P-612793,2025-07,2026-06-01,REVISED,2026-02-01,ORIGINAL,PAIMANA_TRANSITION,-4,0,REPORTING_REGIME_CHANGE
P-612793,2025-08,2026-02-01,ORIGINAL,2026-02-01,ORIGINAL,PAIMANA_TRANSITION,0,1,
P-612793,2025-09,2026-02-01,ORIGINAL,2026-02-01,ORIGINAL,PAIMANA,0,1,
P-612793,2026-01,2026-02-01,ORIGINAL,2026-06-01,ORIGINAL,PAIMANA,4,1,
P-612793,2026-04,2026-06-01,ORIGINAL,2027-06-01,REVISED,PAIMANA,12,0,TARGET_SOURCE_TRANSITION
P-612815,2025-07,2026-12-01,REVISED,2027-03-01,ORIGINAL,PAIMANA_TRANSITION,3,0,REPORTING_REGIME_CHANGE
P-612815,2025-08,2027-03-01,ORIGINAL,2027-03-01,ORIGINAL,PAIMANA_TRANSITION,0,1,
P-612815,2025-09,2027-03-01,ORIGINAL,2027-03-01,ORIGINAL,PAIMANA,0,1,
P-612816,2025-03,2030-03-01,REVISED,2030-03-01,ORIGINAL,OCMS_LEGACY,0,1,
P-612816,2025-04,2030-03-01,ORIGINAL,2030-03-01,REVISED,OCMS_LEGACY,0,1,
P-612816,2025-07,2030-03-01,REVISED,2030-03-01,ORIGINAL,PAIMANA_TRANSITION,0,1,
P-612816,2025-08,2030-03-01,ORIGINAL,2030-03-01,ORIGINAL,PAIMANA_TRANSITION,0,1,
P-612816,2025-09,2030-03-01,ORIGINAL,2030-03-01,ORIGINAL,PAIMANA,0,1,
P-612819,2025-03,2025-03-01,REVISED,2025-09-01,REVISED,OCMS_LEGACY,6,1,
P-612819,2025-06,2025-09-01,REVISED,2025-11-01,REVISED,OCMS_LEGACY,2,1,
P-612819,2025-07,2025-11-01,REVISED,2025-09-01,REVISED,PAIMANA_TRANSITION,-2,0,REPORTING_REGIME_CHANGE
P-612819,2025-08,2025-09-01,REVISED,2025-09-01,REVISED,PAIMANA_TRANSITION,0,1,
P-612819,2025-09,2025-09-01,REVISED,2025-12-01,REVISED,PAIMANA,3,0,REPORTING_REGIME_CHANGE
P-612827,2025-08,2027-04-01,ORIGINAL,2027-04-01,ORIGINAL,PAIMANA_TRANSITION,0,1,
P-612827,2025-09,2027-04-01,ORIGINAL,2027-04-01,ORIGINAL,PAIMANA,0,1,
P-612834,2025-08,2025-12-01,ORIGINAL,2025-12-01,ORIGINAL,PAIMANA_TRANSITION,0,1,
P-612834,2025-09,2025-12-01,ORIGINAL,2025-12-01,ORIGINAL,PAIMANA,0,1,
P-612838,2025-08,2025-03-01,ORIGINAL,2025-03-01,ORIGINAL,PAIMANA_TRANSITION,0,1,
P-612838,2025-09,2025-03-01,ORIGINAL,2025-03-01,ORIGINAL,PAIMANA,0,1,
P-612851,2025-08,2025-09-01,ORIGINAL,2025-09-01,ORIGINAL,PAIMANA_TRANSITION,0,1,
P-612851,2025-09,2025-09-01,ORIGINAL,2025-09-01,ORIGINAL,PAIMANA,0,1,
P-612851,2025-11,2025-09-01,ORIGINAL,2026-01-01,REVISED,PAIMANA,4,0,TARGET_SOURCE_TRANSITION
P-612853,2025-02,2026-07-01,ORIGINAL,2026-07-01,REVISED,OCMS_LEGACY,0,1,
P-612853,2025-03,2026-07-01,REVISED,2026-07-01,ORIGINAL,OCMS_LEGACY,0,1,
P-612853,2025-04,2026-07-01,ORIGINAL,2026-07-01,ANTICIPATED,OCMS_LEGACY,0,1,
P-612853,2025-05,2026-07-01,ANTICIPATED,2026-07-01,REVISED,OCMS_LEGACY,0,1,
P-612853,2025-07,2026-07-01,REVISED,2026-07-01,REVISED,PAIMANA_TRANSITION,0,1,
P-612853,2025-08,2026-07-01,REVISED,2026-07-01,REVISED,PAIMANA_TRANSITION,0,1,
P-612853,2025-09,2026-07-01,REVISED,2026-07-01,REVISED,PAIMANA,0,1,
P-612855,2025-06,2026-05-01,REVISED,2026-02-01,REVISED,OCMS_LEGACY,-3,1,
P-612855,2025-07,2026-02-01,REVISED,2026-02-01,REVISED,PAIMANA_TRANSITION,0,1,
P-612855,2025-08,2026-02-01,REVISED,2026-02-01,REVISED,PAIMANA_TRANSITION,0,1,
P-612855,2025-09,2026-02-01,REVISED,2026-06-01,REVISED,PAIMANA,4,0,REPORTING_REGIME_CHANGE
P-612856,2025-07,2025-09-01,REVISED,2025-11-01,REVISED,PAIMANA_TRANSITION,2,0,REPORTING_REGIME_CHANGE
P-612856,2025-08,2025-11-01,REVISED,2025-11-01,REVISED,PAIMANA_TRANSITION,0,1,
P-612856,2025-09,2025-11-01,REVISED,2026-01-01,REVISED,PAIMANA,2,0,REPORTING_REGIME_CHANGE
P-612856,2025-12,2026-01-01,REVISED,2026-03-01,REVISED,PAIMANA,2,1,
P-612876,2025-08,2029-12-01,REVISED,2029-12-01,REVISED,PAIMANA_TRANSITION,0,1,
P-612876,2025-09,2029-12-01,REVISED,2029-12-01,REVISED,PAIMANA,0,1,
P-612876,2025-12,2029-12-01,REVISED,2022-03-01,REVISED,PAIMANA,-93,1,
P-612877,2025-08,2025-08-01,REVISED,2025-08-01,REVISED,PAIMANA_TRANSITION,0,1,
P-612877,2025-09,2025-08-01,REVISED,2025-08-01,REVISED,PAIMANA,0,1,
P-612877,2026-01,2025-08-01,REVISED,2026-05-01,REVISED,PAIMANA,9,1,
P-612883,2025-08,2026-12-01,REVISED,2026-12-01,REVISED,PAIMANA_TRANSITION,0,1,
P-612883,2025-09,2026-12-01,REVISED,2026-12-01,REVISED,PAIMANA,0,1,
P-612885,2025-02,2024-07-01,REVISED,2025-07-01,REVISED,OCMS_LEGACY,12,1,
P-612885,2025-04,2025-07-01,REVISED,2025-07-01,ANTICIPATED,OCMS_LEGACY,0,1,
P-612885,2025-05,2025-07-01,ANTICIPATED,2025-07-01,REVISED,OCMS_LEGACY,0,1,
P-612885,2025-07,2025-07-01,REVISED,2025-07-01,REVISED,PAIMANA_TRANSITION,0,1,
P-612885,2025-08,2025-07-01,REVISED,2025-07-01,REVISED,PAIMANA_TRANSITION,0,1,
P-612885,2025-09,2025-07-01,REVISED,2025-07-01,REVISED,PAIMANA,0,1,
P-612885,2025-12,2025-07-01,REVISED,2026-10-01,REVISED,PAIMANA,15,1,
P-612894,2025-04,2025-07-01,REVISED,2025-07-01,ANTICIPATED,OCMS_LEGACY,0,1,
P-612894,2025-05,2025-07-01,ANTICIPATED,2025-07-01,REVISED,OCMS_LEGACY,0,1,
P-612894,2025-07,2025-07-01,REVISED,2025-11-01,REVISED,PAIMANA_TRANSITION,4,0,REPORTING_REGIME_CHANGE
P-612894,2025-08,2025-11-01,REVISED,2025-11-01,REVISED,PAIMANA_TRANSITION,0,1,
P-612894,2025-09,2025-11-01,REVISED,2025-11-01,REVISED,PAIMANA,0,1,
P-612894,2025-12,2025-11-01,REVISED,2026-03-01,REVISED,PAIMANA,4,1,
P-612898,2025-08,2026-08-01,ORIGINAL,2026-08-01,ORIGINAL,PAIMANA_TRANSITION,0,1,
P-612898,2025-09,2026-08-01,ORIGINAL,2026-08-01,ORIGINAL,PAIMANA,0,1,
P-612898,2025-12,2026-08-01,ORIGINAL,2024-08-01,REVISED,PAIMANA,-24,0,TARGET_SOURCE_TRANSITION
P-612916,2025-08,2026-03-01,REVISED,2026-03-01,REVISED,PAIMANA_TRANSITION,0,1,
P-612916,2025-09,2026-03-01,REVISED,2026-03-01,REVISED,PAIMANA,0,1,
P-612998,2025-08,2025-08-01,REVISED,2025-09-01,REVISED,PAIMANA_TRANSITION,1,1,
P-612998,2025-09,2025-09-01,REVISED,2025-10-01,REVISED,PAIMANA,1,0,REPORTING_REGIME_CHANGE
P-613002,2025-08,2026-03-01,ORIGINAL,2026-03-01,ORIGINAL,PAIMANA_TRANSITION,0,1,
P-613002,2025-09,2026-03-01,ORIGINAL,2026-03-01,ORIGINAL,PAIMANA,0,1,
P-613003,2025-08,2026-08-01,ORIGINAL,2026-08-01,ORIGINAL,PAIMANA_TRANSITION,0,1,
P-613003,2025-09,2026-08-01,ORIGINAL,2026-08-01,ORIGINAL,PAIMANA,0,1,
P-613008,2025-08,2027-06-01,ORIGINAL,2027-06-01,ORIGINAL,PAIMANA_TRANSITION,0,1,
P-613008,2025-09,2027-06-01,ORIGINAL,2027-06-01,ORIGINAL,PAIMANA,0,1,
P-613013,2025-08,2025-12-01,ORIGINAL,2025-12-01,ORIGINAL,PAIMANA_TRANSITION,0,1,
P-613013,2025-09,2025-12-01,ORIGINAL,2025-12-01,ORIGINAL,PAIMANA,0,1,
P-613015,2025-08,2027-03-01,ORIGINAL,2027-03-01,ORIGINAL,PAIMANA_TRANSITION,0,1,
P-613015,2025-09,2027-03-01,ORIGINAL,2027-03-01,ORIGINAL,PAIMANA,0,1,
P-613785,2025-08,2028-12-01,ORIGINAL,2028-12-01,ORIGINAL,PAIMANA_TRANSITION,0,1,
P-613785,2025-09,2028-12-01,ORIGINAL,2028-12-01,ORIGINAL,PAIMANA,0,1,
P-613786,2025-08,2028-03-01,ORIGINAL,2028-03-01,ORIGINAL,PAIMANA_TRANSITION,0,1,
P-613786,2025-09,2028-03-01,ORIGINAL,2028-03-01,ORIGINAL,PAIMANA,0,1,
P-613787,2025-08,2029-06-01,ORIGINAL,2029-06-01,ORIGINAL,PAIMANA_TRANSITION,0,1,
P-613787,2025-09,2029-06-01,ORIGINAL,2029-06-01,ORIGINAL,PAIMANA,0,1,
P-613793,2025-04,2026-03-01,REVISED,2026-03-01,ANTICIPATED,OCMS_LEGACY,0,1,
P-613793,2025-05,2026-03-01,ANTICIPATED,2026-03-01,REVISED,OCMS_LEGACY,0,1,
P-613793,2025-07,2026-03-01,REVISED,2026-03-01,ORIGINAL,PAIMANA_TRANSITION,0,1,
P-613793,2025-08,2026-03-01,ORIGINAL,2026-03-01,ORIGINAL,PAIMANA_TRANSITION,0,1,
P-613793,2025-09,2026-03-01,ORIGINAL,2026-03-01,ORIGINAL,PAIMANA,0,1,
P-613793,2025-10,2026-03-01,ORIGINAL,2028-03-01,REVISED,PAIMANA,24,0,TARGET_SOURCE_TRANSITION
P-613794,2025-04,2028-03-01,REVISED,2028-03-01,ANTICIPATED,OCMS_LEGACY,0,1,
P-613794,2025-05,2028-03-01,ANTICIPATED,2028-03-01,REVISED,OCMS_LEGACY,0,1,
P-613794,2025-07,2028-03-01,REVISED,2028-03-01,ORIGINAL,PAIMANA_TRANSITION,0,1,
P-613794,2025-08,2028-03-01,ORIGINAL,2028-03-01,ORIGINAL,PAIMANA_TRANSITION,0,1,
P-613794,2025-09,2028-03-01,ORIGINAL,2028-03-01,ORIGINAL,PAIMANA,0,1,
P-613795,2025-08,2025-06-01,REVISED,2025-06-01,REVISED,PAIMANA_TRANSITION,0,1,
P-613795,2025-09,2025-06-01,REVISED,2025-06-01,REVISED,PAIMANA,0,1,
P-613798,2025-03,2026-03-01,REVISED,2026-03-01,ORIGINAL,OCMS_LEGACY,0,1,
P-613798,2025-04,2026-03-01,ORIGINAL,2026-03-01,ANTICIPATED,OCMS_LEGACY,0,1,
P-613798,2025-05,2026-03-01,ANTICIPATED,2026-03-01,REVISED,OCMS_LEGACY,0,1,
P-613798,2025-07,2026-03-01,REVISED,2026-03-01,ORIGINAL,PAIMANA_TRANSITION,0,1,
P-613798,2025-08,2026-03-01,ORIGINAL,2026-03-01,ORIGINAL,PAIMANA_TRANSITION,0,1,
P-613798,2025-09,2026-03-01,ORIGINAL,2026-03-01,ORIGINAL,PAIMANA,0,1,
P-613799,2025-02,2026-03-01,ORIGINAL,2026-03-01,REVISED,OCMS_LEGACY,0,1,
P-613799,2025-04,2026-03-01,REVISED,2026-03-01,ANTICIPATED,OCMS_LEGACY,0,1,
P-613799,2025-05,2026-03-01,ANTICIPATED,2026-03-01,REVISED,OCMS_LEGACY,0,1,
P-613799,2025-07,2026-03-01,REVISED,2026-03-01,ORIGINAL,PAIMANA_TRANSITION,0,1,
P-613799,2025-08,2026-03-01,ORIGINAL,2026-03-01,ORIGINAL,PAIMANA_TRANSITION,0,1,
P-613799,2025-09,2026-03-01,ORIGINAL,2026-03-01,ORIGINAL,PAIMANA,0,1,
P-613800,2025-02,2025-03-01,ORIGINAL,2025-03-01,REVISED,OCMS_LEGACY,0,1,
P-613800,2025-03,2025-03-01,REVISED,2026-03-01,REVISED,OCMS_LEGACY,12,1,
P-613800,2025-04,2026-03-01,REVISED,2026-03-01,ANTICIPATED,OCMS_LEGACY,0,1,
P-613800,2025-05,2026-03-01,ANTICIPATED,2026-03-01,REVISED,OCMS_LEGACY,0,1,
P-613800,2025-07,2026-03-01,REVISED,2026-03-01,REVISED,PAIMANA_TRANSITION,0,1,
P-613800,2025-08,2026-03-01,REVISED,2026-03-01,REVISED,PAIMANA_TRANSITION,0,1,
P-613800,2025-09,2026-03-01,REVISED,2026-03-01,REVISED,PAIMANA,0,1,
P-613800,2026-03,2026-03-01,REVISED,2027-03-01,REVISED,PAIMANA,12,1,
P-613801,2025-02,2026-03-01,ORIGINAL,2026-03-01,REVISED,OCMS_LEGACY,0,1,
P-613801,2025-03,2026-03-01,REVISED,2026-03-01,ORIGINAL,OCMS_LEGACY,0,1,
P-613801,2025-04,2026-03-01,ORIGINAL,2026-03-01,REVISED,OCMS_LEGACY,0,1,
P-613801,2025-07,2026-03-01,REVISED,2026-03-01,ORIGINAL,PAIMANA_TRANSITION,0,1,
P-613801,2025-08,2026-03-01,ORIGINAL,2026-03-01,ORIGINAL,PAIMANA_TRANSITION,0,1,
P-613801,2025-09,2026-03-01,ORIGINAL,2026-03-01,ORIGINAL,PAIMANA,0,1,
P-613801,2025-11,2026-03-01,ORIGINAL,2028-03-01,REVISED,PAIMANA,24,0,TARGET_SOURCE_TRANSITION
P-613802,2025-02,2026-03-01,ORIGINAL,2026-03-01,REVISED,OCMS_LEGACY,0,1,
P-613802,2025-03,2026-03-01,REVISED,2026-03-01,ORIGINAL,OCMS_LEGACY,0,1,
P-613802,2025-04,2026-03-01,ORIGINAL,2026-03-01,ANTICIPATED,OCMS_LEGACY,0,1,
P-613802,2025-05,2026-03-01,ANTICIPATED,2026-03-01,REVISED,OCMS_LEGACY,0,1,
P-613802,2025-07,2026-03-01,REVISED,2026-03-01,ORIGINAL,PAIMANA_TRANSITION,0,1,
P-613802,2025-08,2026-03-01,ORIGINAL,2026-03-01,ORIGINAL,PAIMANA_TRANSITION,0,1,
P-613802,2025-09,2026-03-01,ORIGINAL,2026-03-01,ORIGINAL,PAIMANA,0,1,
P-613802,2025-12,2026-03-01,ORIGINAL,2028-03-01,REVISED,PAIMANA,24,0,TARGET_SOURCE_TRANSITION
P-613803,2025-02,2026-03-01,ORIGINAL,2029-03-01,REVISED,OCMS_LEGACY,36,0,TARGET_SOURCE_TRANSITION
P-613803,2025-07,2029-03-01,REVISED,2026-03-01,ORIGINAL,PAIMANA_TRANSITION,-36,0,REPORTING_REGIME_CHANGE
P-613803,2025-08,2026-03-01,ORIGINAL,2026-03-01,ORIGINAL,PAIMANA_TRANSITION,0,1,
P-613803,2025-09,2026-03-01,ORIGINAL,2029-03-01,ORIGINAL,PAIMANA,36,0,REPORTING_REGIME_CHANGE
P-613804,2025-03,2027-03-01,REVISED,2027-03-01,ORIGINAL,OCMS_LEGACY,0,1,
P-613804,2025-04,2027-03-01,ORIGINAL,2027-03-01,REVISED,OCMS_LEGACY,0,1,
P-613804,2025-07,2027-03-01,REVISED,2027-03-01,ORIGINAL,PAIMANA_TRANSITION,0,1,
P-613804,2025-08,2027-03-01,ORIGINAL,2027-03-01,ORIGINAL,PAIMANA_TRANSITION,0,1,
P-613804,2025-09,2027-03-01,ORIGINAL,2027-03-01,ORIGINAL,PAIMANA,0,1,
P-613808,2025-02,2026-01-01,ORIGINAL,2026-01-01,REVISED,OCMS_LEGACY,0,1,
P-613808,2025-06,2026-01-01,REVISED,2026-12-01,REVISED,OCMS_LEGACY,11,1,
P-613808,2025-07,2026-12-01,REVISED,2026-12-01,REVISED,PAIMANA_TRANSITION,0,1,
P-613808,2025-08,2026-12-01,REVISED,2026-12-01,REVISED,PAIMANA_TRANSITION,0,1,
P-613808,2025-09,2026-12-01,REVISED,2026-12-01,REVISED,PAIMANA,0,1,
P-615183,2025-02,2025-03-01,ORIGINAL,2025-03-01,REVISED,OCMS_LEGACY,0,1,
P-615183,2025-03,2025-03-01,REVISED,2027-03-01,ORIGINAL,OCMS_LEGACY,24,0,TARGET_SOURCE_TRANSITION
P-615183,2025-04,2027-03-01,ORIGINAL,2027-03-01,REVISED,OCMS_LEGACY,0,1,
P-615183,2025-07,2027-03-01,REVISED,2027-03-01,REVISED,PAIMANA_TRANSITION,0,1,
P-615183,2025-08,2027-03-01,REVISED,2027-03-01,REVISED,PAIMANA_TRANSITION,0,1,
P-615183,2025-09,2027-03-01,REVISED,2027-03-01,REVISED,PAIMANA,0,1,
P-615184,2025-02,2028-03-01,ORIGINAL,2028-03-01,REVISED,OCMS_LEGACY,0,1,
P-615184,2025-03,2028-03-01,REVISED,2028-03-01,ORIGINAL,OCMS_LEGACY,0,1,
P-615184,2025-04,2028-03-01,ORIGINAL,2028-03-01,REVISED,OCMS_LEGACY,0,1,
P-615184,2025-07,2028-03-01,REVISED,2028-03-01,ORIGINAL,PAIMANA_TRANSITION,0,1,
P-615184,2025-08,2028-03-01,ORIGINAL,2028-03-01,ORIGINAL,PAIMANA_TRANSITION,0,1,
P-615184,2025-09,2028-03-01,ORIGINAL,2028-03-01,ORIGINAL,PAIMANA,0,1,
P-615185,2025-07,2027-03-01,REVISED,2027-03-01,ORIGINAL,PAIMANA_TRANSITION,0,1,
P-615185,2025-08,2027-03-01,ORIGINAL,2027-03-01,ORIGINAL,PAIMANA_TRANSITION,0,1,
P-615185,2025-09,2027-03-01,ORIGINAL,2027-03-01,ORIGINAL,PAIMANA,0,1,
P-615186,2025-02,2026-03-01,ORIGINAL,2026-03-01,REVISED,OCMS_LEGACY,0,1,
P-615186,2025-03,2026-03-01,REVISED,2026-03-01,ORIGINAL,OCMS_LEGACY,0,1,
P-615186,2025-04,2026-03-01,ORIGINAL,2026-03-01,REVISED,OCMS_LEGACY,0,1,
P-615186,2025-07,2026-03-01,REVISED,2026-03-01,ORIGINAL,PAIMANA_TRANSITION,0,1,
P-615186,2025-08,2026-03-01,ORIGINAL,2026-03-01,ORIGINAL,PAIMANA_TRANSITION,0,1,
P-615186,2025-09,2026-03-01,ORIGINAL,2026-03-01,ORIGINAL,PAIMANA,0,1,
P-615187,2025-02,2029-03-01,ORIGINAL,2029-03-01,REVISED,OCMS_LEGACY,0,1,
P-615187,2025-03,2029-03-01,REVISED,2029-03-01,ORIGINAL,OCMS_LEGACY,0,1,
P-615187,2025-04,2029-03-01,ORIGINAL,2029-03-01,REVISED,OCMS_LEGACY,0,1,
P-615187,2025-07,2029-03-01,REVISED,2029-03-01,ORIGINAL,PAIMANA_TRANSITION,0,1,
P-615187,2025-08,2029-03-01,ORIGINAL,2029-03-01,ORIGINAL,PAIMANA_TRANSITION,0,1,
P-615187,2025-09,2029-03-01,ORIGINAL,2029-03-01,ORIGINAL,PAIMANA,0,1,
P-615188,2025-02,2027-03-01,ORIGINAL,2027-03-01,REVISED,OCMS_LEGACY,0,1,
P-615188,2025-03,2027-03-01,REVISED,2027-03-01,ORIGINAL,OCMS_LEGACY,0,1,
P-615188,2025-04,2027-03-01,ORIGINAL,2027-03-01,REVISED,OCMS_LEGACY,0,1,
P-615188,2025-07,2027-03-01,REVISED,2027-03-01,ORIGINAL,PAIMANA_TRANSITION,0,1,
P-615188,2025-08,2027-03-01,ORIGINAL,2027-03-01,ORIGINAL,PAIMANA_TRANSITION,0,1,
P-615188,2025-09,2027-03-01,ORIGINAL,2027-03-01,ORIGINAL,PAIMANA,0,1,
P-615189,2025-02,2026-03-01,ORIGINAL,2026-03-01,REVISED,OCMS_LEGACY,0,1,
P-615189,2025-03,2026-03-01,REVISED,2026-03-01,ORIGINAL,OCMS_LEGACY,0,1,
P-615189,2025-04,2026-03-01,ORIGINAL,2026-03-01,REVISED,OCMS_LEGACY,0,1,
P-615189,2025-07,2026-03-01,REVISED,2026-03-01,ORIGINAL,PAIMANA_TRANSITION,0,1,
P-615189,2025-08,2026-03-01,ORIGINAL,2026-03-01,ORIGINAL,PAIMANA_TRANSITION,0,1,
P-615189,2025-09,2026-03-01,ORIGINAL,2026-03-01,ORIGINAL,PAIMANA,0,1,
P-615190,2025-03,2029-03-01,REVISED,2029-03-01,ORIGINAL,OCMS_LEGACY,0,1,
P-615190,2025-04,2029-03-01,ORIGINAL,2029-03-01,REVISED,OCMS_LEGACY,0,1,
P-615190,2025-07,2029-03-01,REVISED,2029-03-01,ORIGINAL,PAIMANA_TRANSITION,0,1,
P-615190,2025-08,2029-03-01,ORIGINAL,2029-03-01,ORIGINAL,PAIMANA_TRANSITION,0,1,
P-615190,2025-09,2029-03-01,ORIGINAL,2029-03-01,ORIGINAL,PAIMANA,0,1,
P-615191,2025-02,2029-03-01,ORIGINAL,2029-03-01,REVISED,OCMS_LEGACY,0,1,
P-615191,2025-07,2029-03-01,REVISED,2029-03-01,ORIGINAL,PAIMANA_TRANSITION,0,1,
P-615191,2025-08,2029-03-01,ORIGINAL,2029-03-01,ORIGINAL,PAIMANA_TRANSITION,0,1,
P-615191,2025-09,2029-03-01,ORIGINAL,2029-03-01,ORIGINAL,PAIMANA,0,1,
P-615192,2025-02,2026-03-01,ORIGINAL,2026-03-01,REVISED,OCMS_LEGACY,0,1,
P-615192,2025-03,2026-03-01,REVISED,2026-03-01,ORIGINAL,OCMS_LEGACY,0,1,
P-615192,2025-04,2026-03-01,ORIGINAL,2026-03-01,REVISED,OCMS_LEGACY,0,1,
P-615192,2025-07,2026-03-01,REVISED,2026-03-01,ORIGINAL,PAIMANA_TRANSITION,0,1,
P-615192,2025-08,2026-03-01,ORIGINAL,2026-03-01,ORIGINAL,PAIMANA_TRANSITION,0,1,
P-615192,2025-09,2026-03-01,ORIGINAL,2026-03-01,ORIGINAL,PAIMANA,0,1,
P-615193,2025-05,2027-03-01,REVISED,2028-03-01,REVISED,OCMS_LEGACY,12,1,
P-615193,2025-07,2028-03-01,REVISED,2027-03-01,ORIGINAL,PAIMANA_TRANSITION,-12,0,REPORTING_REGIME_CHANGE
P-615193,2025-08,2027-03-01,ORIGINAL,2029-03-01,REVISED,PAIMANA_TRANSITION,24,0,TARGET_SOURCE_TRANSITION
P-615193,2025-09,2029-03-01,REVISED,2029-03-01,REVISED,PAIMANA,0,1,
P-615194,2025-03,2031-03-01,REVISED,2031-03-01,ORIGINAL,OCMS_LEGACY,0,1,
P-615194,2025-04,2031-03-01,ORIGINAL,2031-03-01,REVISED,OCMS_LEGACY,0,1,
P-615194,2025-07,2031-03-01,REVISED,2031-03-01,ORIGINAL,PAIMANA_TRANSITION,0,1,
P-615194,2025-08,2031-03-01,ORIGINAL,2031-03-01,ORIGINAL,PAIMANA_TRANSITION,0,1,
P-615194,2025-09,2031-03-01,ORIGINAL,2031-03-01,ORIGINAL,PAIMANA,0,1,
P-615195,2025-03,2028-03-01,REVISED,2028-03-01,ORIGINAL,OCMS_LEGACY,0,1,
P-615195,2025-04,2028-03-01,ORIGINAL,2028-03-01,REVISED,OCMS_LEGACY,0,1,
P-615195,2025-07,2028-03-01,REVISED,2028-03-01,ORIGINAL,PAIMANA_TRANSITION,0,1,
P-615195,2025-08,2028-03-01,ORIGINAL,2028-03-01,ORIGINAL,PAIMANA_TRANSITION,0,1,
P-615195,2025-09,2028-03-01,ORIGINAL,2028-03-01,ORIGINAL,PAIMANA,0,1,
P-615199,2025-02,2027-03-01,ORIGINAL,2027-03-01,REVISED,OCMS_LEGACY,0,1,
P-615199,2025-07,2027-03-01,REVISED,2027-03-01,ORIGINAL,PAIMANA_TRANSITION,0,1,
P-615199,2025-08,2027-03-01,ORIGINAL,2027-03-01,ORIGINAL,PAIMANA_TRANSITION,0,1,
P-615199,2025-09,2027-03-01,ORIGINAL,2027-03-01,ORIGINAL,PAIMANA,0,1,
P-615202,2025-08,2028-03-01,REVISED,2028-03-01,REVISED,PAIMANA_TRANSITION,0,1,
P-615202,2025-09,2028-03-01,REVISED,2028-03-01,REVISED,PAIMANA,0,1,
P-615206,2025-02,2026-03-01,ORIGINAL,2026-03-01,REVISED,OCMS_LEGACY,0,1,
P-615206,2025-03,2026-03-01,REVISED,2026-03-01,ORIGINAL,OCMS_LEGACY,0,1,
P-615206,2025-04,2026-03-01,ORIGINAL,2026-03-01,REVISED,OCMS_LEGACY,0,1,
P-615206,2025-07,2026-03-01,REVISED,2026-03-01,ORIGINAL,PAIMANA_TRANSITION,0,1,
P-615206,2025-08,2026-03-01,ORIGINAL,2026-03-01,ORIGINAL,PAIMANA_TRANSITION,0,1,
P-615206,2025-09,2026-03-01,ORIGINAL,2026-03-01,ORIGINAL,PAIMANA,0,1,
P-615327,2025-03,2025-04-01,REVISED,2025-06-01,REVISED,OCMS_LEGACY,2,1,
P-615327,2025-05,2025-06-01,REVISED,2025-09-01,REVISED,OCMS_LEGACY,3,1,
P-615327,2025-06,2025-09-01,REVISED,2025-11-01,REVISED,OCMS_LEGACY,2,1,
P-615327,2025-07,2025-11-01,REVISED,2025-09-01,REVISED,PAIMANA_TRANSITION,-2,0,REPORTING_REGIME_CHANGE
P-615327,2025-08,2025-09-01,REVISED,2025-09-01,REVISED,PAIMANA_TRANSITION,0,1,
P-615327,2025-09,2025-09-01,REVISED,2025-12-01,REVISED,PAIMANA,3,0,REPORTING_REGIME_CHANGE
P-615330,2025-02,2029-03-01,ORIGINAL,2029-03-01,REVISED,OCMS_LEGACY,0,1,
P-615330,2025-07,2029-03-01,REVISED,2029-03-01,ORIGINAL,PAIMANA_TRANSITION,0,1,
P-615330,2025-08,2029-03-01,ORIGINAL,2029-03-01,ORIGINAL,PAIMANA_TRANSITION,0,1,
P-615330,2025-09,2029-03-01,ORIGINAL,2029-03-01,ORIGINAL,PAIMANA,0,1,
P-615331,2025-08,2030-03-01,ORIGINAL,2030-03-01,ORIGINAL,PAIMANA_TRANSITION,0,1,
P-615331,2025-09,2030-03-01,ORIGINAL,2030-03-01,ORIGINAL,PAIMANA,0,1,
P-615332,2025-07,2026-08-01,REVISED,2026-08-01,ORIGINAL,PAIMANA_TRANSITION,0,1,
P-615332,2025-08,2026-08-01,ORIGINAL,2026-08-01,ORIGINAL,PAIMANA_TRANSITION,0,1,
P-615332,2025-09,2026-08-01,ORIGINAL,2026-12-01,REVISED,PAIMANA,4,0,REPORTING_REGIME_CHANGE
P-615332,2026-03,2026-12-01,REVISED,2027-03-01,REVISED,PAIMANA,3,1,
P-615333,2025-07,2026-08-01,REVISED,2026-08-01,ORIGINAL,PAIMANA_TRANSITION,0,1,
P-615333,2025-08,2026-08-01,ORIGINAL,2026-08-01,ORIGINAL,PAIMANA_TRANSITION,0,1,
P-615333,2025-09,2026-08-01,ORIGINAL,2026-08-01,ORIGINAL,PAIMANA,0,1,
P-615333,2026-03,2026-08-01,ORIGINAL,2026-12-01,REVISED,PAIMANA,4,0,TARGET_SOURCE_TRANSITION
P-615334,2025-07,2026-08-01,REVISED,2026-08-01,ORIGINAL,PAIMANA_TRANSITION,0,1,
P-615334,2025-08,2026-08-01,ORIGINAL,2026-08-01,ORIGINAL,PAIMANA_TRANSITION,0,1,
P-615334,2025-09,2026-08-01,ORIGINAL,2027-03-01,REVISED,PAIMANA,7,0,REPORTING_REGIME_CHANGE
P-615334,2026-03,2027-03-01,REVISED,2027-04-01,REVISED,PAIMANA,1,1,
P-615335,2025-07,2026-08-01,REVISED,2026-08-01,ORIGINAL,PAIMANA_TRANSITION,0,1,
P-615335,2025-08,2026-08-01,ORIGINAL,2026-08-01,ORIGINAL,PAIMANA_TRANSITION,0,1,
P-615335,2025-09,2026-08-01,ORIGINAL,2026-12-01,REVISED,PAIMANA,4,0,REPORTING_REGIME_CHANGE
P-615335,2026-03,2026-12-01,REVISED,2027-03-01,REVISED,PAIMANA,3,1,
P-615337,2025-07,2026-02-01,REVISED,2026-02-01,ORIGINAL,PAIMANA_TRANSITION,0,1,
P-615337,2025-08,2026-02-01,ORIGINAL,2026-02-01,ORIGINAL,PAIMANA_TRANSITION,0,1,
P-615337,2025-09,2026-02-01,ORIGINAL,2026-03-01,REVISED,PAIMANA,1,0,REPORTING_REGIME_CHANGE
P-615337,2026-03,2026-03-01,REVISED,2026-09-01,REVISED,PAIMANA,6,1,
P-615338,2025-07,2026-11-01,REVISED,2026-11-01,ORIGINAL,PAIMANA_TRANSITION,0,1,
P-615338,2025-08,2026-11-01,ORIGINAL,2026-11-01,ORIGINAL,PAIMANA_TRANSITION,0,1,
P-615338,2025-09,2026-11-01,ORIGINAL,2027-06-01,REVISED,PAIMANA,7,0,REPORTING_REGIME_CHANGE
P-615339,2025-07,2026-11-01,REVISED,2026-11-01,ORIGINAL,PAIMANA_TRANSITION,0,1,
P-615339,2025-08,2026-11-01,ORIGINAL,2026-11-01,ORIGINAL,PAIMANA_TRANSITION,0,1,
P-615339,2025-09,2026-11-01,ORIGINAL,2027-03-01,REVISED,PAIMANA,4,0,REPORTING_REGIME_CHANGE
P-615339,2026-03,2027-03-01,REVISED,2027-04-01,REVISED,PAIMANA,1,1,
P-615340,2025-07,2026-11-01,REVISED,2026-11-01,ORIGINAL,PAIMANA_TRANSITION,0,1,
P-615340,2025-08,2026-11-01,ORIGINAL,2026-11-01,ORIGINAL,PAIMANA_TRANSITION,0,1,
P-615340,2025-09,2026-11-01,ORIGINAL,2027-03-01,REVISED,PAIMANA,4,0,REPORTING_REGIME_CHANGE
P-615340,2026-03,2027-03-01,REVISED,2027-06-01,REVISED,PAIMANA,3,1,
P-615342,2025-07,2026-07-01,REVISED,2026-07-01,ORIGINAL,PAIMANA_TRANSITION,0,1,
P-615342,2025-08,2026-07-01,ORIGINAL,2026-07-01,ORIGINAL,PAIMANA_TRANSITION,0,1,
P-615342,2025-09,2026-07-01,ORIGINAL,2026-07-01,ORIGINAL,PAIMANA,0,1,
P-615342,2026-03,2026-07-01,ORIGINAL,2027-04-01,REVISED,PAIMANA,9,0,TARGET_SOURCE_TRANSITION
P-615343,2025-02,2026-11-01,REVISED,2026-05-01,REVISED,OCMS_LEGACY,-6,1,
P-615343,2025-03,2026-05-01,REVISED,2026-11-01,REVISED,OCMS_LEGACY,6,1,
P-615343,2025-07,2026-11-01,REVISED,2026-11-01,ORIGINAL,PAIMANA_TRANSITION,0,1,
P-615343,2025-08,2026-11-01,ORIGINAL,2026-11-01,ORIGINAL,PAIMANA_TRANSITION,0,1,
P-615343,2025-09,2026-11-01,ORIGINAL,2026-11-01,ORIGINAL,PAIMANA,0,1,
P-615344,2025-07,2026-10-01,REVISED,2026-10-01,ORIGINAL,PAIMANA_TRANSITION,0,1,
P-615344,2025-08,2026-10-01,ORIGINAL,2026-10-01,ORIGINAL,PAIMANA_TRANSITION,0,1,
P-615344,2025-09,2026-10-01,ORIGINAL,2027-03-01,REVISED,PAIMANA,5,0,REPORTING_REGIME_CHANGE
P-615344,2026-03,2027-03-01,REVISED,2027-06-01,REVISED,PAIMANA,3,1,
P-615345,2025-07,2026-10-01,REVISED,2026-10-01,ORIGINAL,PAIMANA_TRANSITION,0,1,
P-615345,2025-08,2026-10-01,ORIGINAL,2026-10-01,ORIGINAL,PAIMANA_TRANSITION,0,1,
P-615345,2025-09,2026-10-01,ORIGINAL,2027-03-01,REVISED,PAIMANA,5,0,REPORTING_REGIME_CHANGE
P-615345,2026-03,2027-03-01,REVISED,2027-10-01,REVISED,PAIMANA,7,1,
P-615346,2025-07,2026-08-01,REVISED,2026-08-01,ORIGINAL,PAIMANA_TRANSITION,0,1,
P-615346,2025-08,2026-08-01,ORIGINAL,2026-08-01,ORIGINAL,PAIMANA_TRANSITION,0,1,
P-615346,2025-09,2026-08-01,ORIGINAL,2026-12-01,REVISED,PAIMANA,4,0,REPORTING_REGIME_CHANGE
P-615346,2026-03,2026-12-01,REVISED,2027-02-01,REVISED,PAIMANA,2,1,
P-615347,2025-07,2029-05-01,REVISED,2029-05-01,ORIGINAL,PAIMANA_TRANSITION,0,1,
P-615347,2025-08,2029-05-01,ORIGINAL,2029-05-01,ORIGINAL,PAIMANA_TRANSITION,0,1,
P-615347,2025-09,2029-05-01,ORIGINAL,2029-05-01,ORIGINAL,PAIMANA,0,1,
P-615349,2025-02,2025-03-01,ORIGINAL,2025-03-01,REVISED,OCMS_LEGACY,0,1,
P-615349,2025-03,2025-03-01,REVISED,2025-03-01,ORIGINAL,OCMS_LEGACY,0,1,
P-615349,2025-04,2025-03-01,ORIGINAL,2028-03-01,REVISED,OCMS_LEGACY,36,0,TARGET_SOURCE_TRANSITION
P-615349,2025-07,2028-03-01,REVISED,2028-03-01,ORIGINAL,PAIMANA_TRANSITION,0,1,
P-615349,2025-08,2028-03-01,ORIGINAL,2028-03-01,ORIGINAL,PAIMANA_TRANSITION,0,1,
P-615349,2025-09,2028-03-01,ORIGINAL,2028-03-01,ORIGINAL,PAIMANA,0,1,
P-615818,2025-04,2025-03-01,REVISED,2026-03-01,REVISED,OCMS_LEGACY,12,1,
P-615818,2025-07,2026-03-01,REVISED,2027-03-01,REVISED,PAIMANA_TRANSITION,12,0,REPORTING_REGIME_CHANGE
P-615818,2025-08,2027-03-01,REVISED,2027-03-01,REVISED,PAIMANA_TRANSITION,0,1,
P-615818,2025-09,2027-03-01,REVISED,2027-03-01,REVISED,PAIMANA,0,1,
P-615820,2025-04,2030-11-01,ORIGINAL,2030-11-01,REVISED,OCMS_LEGACY,0,1,
P-615820,2025-07,2030-11-01,REVISED,2031-07-01,ORIGINAL,PAIMANA_TRANSITION,8,0,REPORTING_REGIME_CHANGE
P-615820,2025-08,2031-07-01,ORIGINAL,2031-07-01,ORIGINAL,PAIMANA_TRANSITION,0,1,
P-615820,2025-09,2031-07-01,ORIGINAL,2031-07-01,ORIGINAL,PAIMANA,0,1,
P-615821,2025-07,2027-11-01,REVISED,2030-11-01,ORIGINAL,PAIMANA_TRANSITION,36,0,REPORTING_REGIME_CHANGE
P-615821,2025-08,2030-11-01,ORIGINAL,2030-11-01,ORIGINAL,PAIMANA_TRANSITION,0,1,
P-615821,2025-09,2030-11-01,ORIGINAL,2030-11-01,ORIGINAL,PAIMANA,0,1,
P-615822,2025-03,2025-03-01,REVISED,2025-03-01,ORIGINAL,OCMS_LEGACY,0,1,
P-615822,2025-04,2025-03-01,ORIGINAL,2028-03-01,REVISED,OCMS_LEGACY,36,0,TARGET_SOURCE_TRANSITION
P-615822,2025-07,2028-03-01,REVISED,2028-03-01,ORIGINAL,PAIMANA_TRANSITION,0,1,
P-615822,2025-08,2028-03-01,ORIGINAL,2028-03-01,ORIGINAL,PAIMANA_TRANSITION,0,1,
P-615822,2025-09,2028-03-01,ORIGINAL,2028-03-01,ORIGINAL,PAIMANA,0,1,
P-615843,2025-02,2025-03-01,ORIGINAL,2025-03-01,REVISED,OCMS_LEGACY,0,1,
P-615843,2025-03,2025-03-01,REVISED,2027-03-01,ORIGINAL,OCMS_LEGACY,24,0,TARGET_SOURCE_TRANSITION
P-615843,2025-04,2027-03-01,ORIGINAL,2027-03-01,REVISED,OCMS_LEGACY,0,1,
P-615843,2025-07,2027-03-01,REVISED,2027-03-01,REVISED,PAIMANA_TRANSITION,0,1,
P-615843,2025-08,2027-03-01,REVISED,2027-03-01,REVISED,PAIMANA_TRANSITION,0,1,
P-615843,2025-09,2027-03-01,REVISED,2027-03-01,REVISED,PAIMANA,0,1,
P-615857,2025-03,2026-03-01,REVISED,2026-03-01,ORIGINAL,OCMS_LEGACY,0,1,
P-615857,2025-04,2026-03-01,ORIGINAL,2027-03-01,REVISED,OCMS_LEGACY,12,0,TARGET_SOURCE_TRANSITION
P-615857,2025-07,2027-03-01,REVISED,2026-03-01,ORIGINAL,PAIMANA_TRANSITION,-12,0,REPORTING_REGIME_CHANGE
P-615857,2025-08,2026-03-01,ORIGINAL,2026-03-01,ORIGINAL,PAIMANA_TRANSITION,0,1,
P-615857,2025-09,2026-03-01,ORIGINAL,2026-03-01,ORIGINAL,PAIMANA,0,1,
P-615858,2025-04,2025-03-01,REVISED,2026-03-01,REVISED,OCMS_LEGACY,12,1,
P-615858,2025-07,2026-03-01,REVISED,2026-03-01,ORIGINAL,PAIMANA_TRANSITION,0,1,
P-615858,2025-08,2026-03-01,ORIGINAL,2026-03-01,ORIGINAL,PAIMANA_TRANSITION,0,1,
P-615858,2025-09,2026-03-01,ORIGINAL,2026-03-01,ORIGINAL,PAIMANA,0,1,
P-615859,2025-08,2026-03-01,ORIGINAL,2026-03-01,ORIGINAL,PAIMANA_TRANSITION,0,1,
P-615859,2025-09,2026-03-01,ORIGINAL,2026-03-01,ORIGINAL,PAIMANA,0,1,
P-615860,2025-02,2025-03-01,ORIGINAL,2025-03-01,REVISED,OCMS_LEGACY,0,1,
P-615860,2025-03,2025-03-01,REVISED,2025-03-01,ORIGINAL,OCMS_LEGACY,0,1,
P-615860,2025-04,2025-03-01,ORIGINAL,2026-03-01,REVISED,OCMS_LEGACY,12,0,TARGET_SOURCE_TRANSITION
P-615860,2025-07,2026-03-01,REVISED,2026-03-01,REVISED,PAIMANA_TRANSITION,0,1,
P-615860,2025-08,2026-03-01,REVISED,2026-03-01,REVISED,PAIMANA_TRANSITION,0,1,
P-615860,2025-09,2026-03-01,REVISED,2026-03-01,REVISED,PAIMANA,0,1,
P-615861,2025-02,2025-03-01,ORIGINAL,2025-03-01,REVISED,OCMS_LEGACY,0,1,
P-615861,2025-07,2025-03-01,REVISED,2026-03-01,REVISED,PAIMANA_TRANSITION,12,0,REPORTING_REGIME_CHANGE
P-615861,2025-08,2026-03-01,REVISED,2026-03-01,REVISED,PAIMANA_TRANSITION,0,1,
P-615861,2025-09,2026-03-01,REVISED,2026-03-01,REVISED,PAIMANA,0,1,
P-615862,2025-02,2026-03-01,ORIGINAL,2026-03-01,REVISED,OCMS_LEGACY,0,1,
P-615862,2025-03,2026-03-01,REVISED,2026-03-01,ORIGINAL,OCMS_LEGACY,0,1,
P-615862,2025-04,2026-03-01,ORIGINAL,2026-03-01,REVISED,OCMS_LEGACY,0,1,
P-615862,2025-07,2026-03-01,REVISED,2026-03-01,ORIGINAL,PAIMANA_TRANSITION,0,1,
P-615862,2025-08,2026-03-01,ORIGINAL,2026-03-01,ORIGINAL,PAIMANA_TRANSITION,0,1,
P-615862,2025-09,2026-03-01,ORIGINAL,2026-03-01,ORIGINAL,PAIMANA,0,1,
P-615863,2025-02,2026-03-01,ORIGINAL,2026-03-01,REVISED,OCMS_LEGACY,0,1,
P-615863,2025-03,2026-03-01,REVISED,2026-03-01,ORIGINAL,OCMS_LEGACY,0,1,
P-615863,2025-04,2026-03-01,ORIGINAL,2027-03-01,REVISED,OCMS_LEGACY,12,0,TARGET_SOURCE_TRANSITION
P-615863,2025-07,2027-03-01,REVISED,2026-03-01,ORIGINAL,PAIMANA_TRANSITION,-12,0,REPORTING_REGIME_CHANGE
P-615863,2025-08,2026-03-01,ORIGINAL,2026-03-01,ORIGINAL,PAIMANA_TRANSITION,0,1,
P-615863,2025-09,2026-03-01,ORIGINAL,2026-03-01,ORIGINAL,PAIMANA,0,1,
P-615864,2025-08,2026-03-01,ORIGINAL,2026-03-01,ORIGINAL,PAIMANA_TRANSITION,0,1,
P-615864,2025-09,2026-03-01,ORIGINAL,2026-03-01,ORIGINAL,PAIMANA,0,1,
P-615865,2025-04,2025-03-01,REVISED,2026-03-01,REVISED,OCMS_LEGACY,12,1,
P-615865,2025-07,2026-03-01,REVISED,2026-03-01,REVISED,PAIMANA_TRANSITION,0,1,
P-615865,2025-08,2026-03-01,REVISED,2026-03-01,REVISED,PAIMANA_TRANSITION,0,1,
P-615865,2025-09,2026-03-01,REVISED,2026-03-01,REVISED,PAIMANA,0,1,
P-615914,2025-02,2029-03-01,ORIGINAL,2029-03-01,REVISED,OCMS_LEGACY,0,1,
P-615914,2025-03,2029-03-01,REVISED,2029-03-01,ORIGINAL,OCMS_LEGACY,0,1,
P-615914,2025-04,2029-03-01,ORIGINAL,2029-03-01,REVISED,OCMS_LEGACY,0,1,
P-615914,2025-07,2029-03-01,REVISED,2029-03-01,ORIGINAL,PAIMANA_TRANSITION,0,1,
P-615914,2025-08,2029-03-01,ORIGINAL,2029-03-01,ORIGINAL,PAIMANA_TRANSITION,0,1,
P-615914,2025-09,2029-03-01,ORIGINAL,2029-03-01,ORIGINAL,PAIMANA,0,1,
P-615916,2025-07,2030-03-01,REVISED,2030-03-01,ORIGINAL,PAIMANA_TRANSITION,0,1,
P-615916,2025-08,2030-03-01,ORIGINAL,2030-03-01,ORIGINAL,PAIMANA_TRANSITION,0,1,
P-615916,2025-09,2030-03-01,ORIGINAL,2030-03-01,ORIGINAL,PAIMANA,0,1,
P-615917,2025-02,2030-03-01,ORIGINAL,2030-03-01,REVISED,OCMS_LEGACY,0,1,
P-615917,2025-03,2030-03-01,REVISED,2030-03-01,ORIGINAL,OCMS_LEGACY,0,1,
P-615917,2025-04,2030-03-01,ORIGINAL,2030-03-01,REVISED,OCMS_LEGACY,0,1,
P-615917,2025-07,2030-03-01,REVISED,2030-03-01,ORIGINAL,PAIMANA_TRANSITION,0,1,
P-615917,2025-08,2030-03-01,ORIGINAL,2030-03-01,ORIGINAL,PAIMANA_TRANSITION,0,1,
P-615917,2025-09,2030-03-01,ORIGINAL,2030-03-01,ORIGINAL,PAIMANA,0,1,
P-615918,2025-02,2028-03-01,ORIGINAL,2028-03-01,REVISED,OCMS_LEGACY,0,1,
P-615918,2025-03,2028-03-01,REVISED,2028-03-01,ORIGINAL,OCMS_LEGACY,0,1,
P-615918,2025-04,2028-03-01,ORIGINAL,2028-03-01,REVISED,OCMS_LEGACY,0,1,
P-615918,2025-07,2028-03-01,REVISED,2028-03-01,ORIGINAL,PAIMANA_TRANSITION,0,1,
P-615918,2025-08,2028-03-01,ORIGINAL,2028-03-01,ORIGINAL,PAIMANA_TRANSITION,0,1,
P-615918,2025-09,2028-03-01,ORIGINAL,2028-03-01,ORIGINAL,PAIMANA,0,1,
P-615919,2025-07,2029-03-01,REVISED,2030-03-01,ORIGINAL,PAIMANA_TRANSITION,12,0,REPORTING_REGIME_CHANGE
P-615919,2025-08,2030-03-01,ORIGINAL,2030-03-01,ORIGINAL,PAIMANA_TRANSITION,0,1,
P-615919,2025-09,2030-03-01,ORIGINAL,2029-03-01,ORIGINAL,PAIMANA,-12,0,REPORTING_REGIME_CHANGE
P-615982,2025-02,2025-03-01,ORIGINAL,2025-03-01,REVISED,OCMS_LEGACY,0,1,
P-615982,2025-04,2025-03-01,REVISED,2025-03-01,ANTICIPATED,OCMS_LEGACY,0,1,
P-615982,2025-05,2025-03-01,ANTICIPATED,2025-03-01,REVISED,OCMS_LEGACY,0,1,
P-615982,2025-07,2025-03-01,REVISED,2026-03-01,REVISED,PAIMANA_TRANSITION,12,0,REPORTING_REGIME_CHANGE
P-615982,2025-08,2026-03-01,REVISED,2026-03-01,REVISED,PAIMANA_TRANSITION,0,1,
P-615982,2025-09,2026-03-01,REVISED,2026-03-01,REVISED,PAIMANA,0,1,
P-616044,2025-03,2025-03-01,REVISED,2025-03-01,ORIGINAL,OCMS_LEGACY,0,1,
P-616044,2025-04,2025-03-01,ORIGINAL,2025-03-01,ANTICIPATED,OCMS_LEGACY,0,1,
P-616044,2025-05,2025-03-01,ANTICIPATED,2025-03-01,REVISED,OCMS_LEGACY,0,1,
P-616044,2025-07,2025-03-01,REVISED,2026-03-01,REVISED,PAIMANA_TRANSITION,12,0,REPORTING_REGIME_CHANGE
P-616044,2025-08,2026-03-01,REVISED,2026-03-01,REVISED,PAIMANA_TRANSITION,0,1,
P-616044,2025-09,2026-03-01,REVISED,2026-03-01,REVISED,PAIMANA,0,1,
P-616050,2025-04,2025-03-01,REVISED,2025-03-01,ANTICIPATED,OCMS_LEGACY,0,1,
P-616050,2025-05,2025-03-01,ANTICIPATED,2025-03-01,REVISED,OCMS_LEGACY,0,1,
P-616050,2025-07,2025-03-01,REVISED,2026-03-01,REVISED,PAIMANA_TRANSITION,12,0,REPORTING_REGIME_CHANGE
P-616050,2025-08,2026-03-01,REVISED,2026-03-01,REVISED,PAIMANA_TRANSITION,0,1,
P-616050,2025-09,2026-03-01,REVISED,2026-03-01,REVISED,PAIMANA,0,1,
P-616223,2025-02,2025-03-01,ORIGINAL,2025-03-01,REVISED,OCMS_LEGACY,0,1,
P-616223,2025-03,2025-03-01,REVISED,2025-03-01,ORIGINAL,OCMS_LEGACY,0,1,
P-616223,2025-04,2025-03-01,ORIGINAL,2025-03-01,ANTICIPATED,OCMS_LEGACY,0,1,
P-616223,2025-05,2025-03-01,ANTICIPATED,2025-03-01,REVISED,OCMS_LEGACY,0,1,
P-616223,2025-07,2025-03-01,REVISED,2026-03-01,REVISED,PAIMANA_TRANSITION,12,0,REPORTING_REGIME_CHANGE
P-616223,2025-08,2026-03-01,REVISED,2026-03-01,REVISED,PAIMANA_TRANSITION,0,1,
P-616223,2025-09,2026-03-01,REVISED,2026-03-01,REVISED,PAIMANA,0,1,
P-616225,2025-02,2037-03-01,ORIGINAL,2037-03-01,REVISED,OCMS_LEGACY,0,1,
P-616225,2025-03,2037-03-01,REVISED,2037-03-01,ORIGINAL,OCMS_LEGACY,0,1,
P-616225,2025-04,2037-03-01,ORIGINAL,2037-03-01,ANTICIPATED,OCMS_LEGACY,0,1,
P-616225,2025-05,2037-03-01,ANTICIPATED,2037-03-01,REVISED,OCMS_LEGACY,0,1,
P-616225,2025-07,2037-03-01,REVISED,2037-03-01,ORIGINAL,PAIMANA_TRANSITION,0,1,
P-616225,2025-08,2037-03-01,ORIGINAL,2037-03-01,ORIGINAL,PAIMANA_TRANSITION,0,1,
P-616225,2025-09,2037-03-01,ORIGINAL,2037-03-01,ORIGINAL,PAIMANA,0,1,
P-616226,2025-07,2030-03-01,REVISED,2033-03-01,ORIGINAL,PAIMANA_TRANSITION,36,0,REPORTING_REGIME_CHANGE
P-616226,2025-08,2033-03-01,ORIGINAL,2033-03-01,ORIGINAL,PAIMANA_TRANSITION,0,1,
P-616226,2025-09,2033-03-01,ORIGINAL,2033-03-01,ORIGINAL,PAIMANA,0,1,
P-616227,2025-08,2029-09-01,ORIGINAL,2029-09-01,ORIGINAL,PAIMANA_TRANSITION,0,1,
P-616227,2025-11,2029-09-01,ORIGINAL,2029-09-01,ORIGINAL,PAIMANA,0,1,
P-616229,2025-07,2029-03-01,REVISED,2030-03-01,ORIGINAL,PAIMANA_TRANSITION,12,0,REPORTING_REGIME_CHANGE
P-616229,2025-08,2030-03-01,ORIGINAL,2030-03-01,ORIGINAL,PAIMANA_TRANSITION,0,1,
P-616229,2025-09,2030-03-01,ORIGINAL,2029-03-01,ORIGINAL,PAIMANA,-12,0,REPORTING_REGIME_CHANGE
P-616230,2025-02,2037-03-01,ORIGINAL,2037-03-01,REVISED,OCMS_LEGACY,0,1,
P-616230,2025-03,2037-03-01,REVISED,2037-03-01,ORIGINAL,OCMS_LEGACY,0,1,
P-616230,2025-04,2037-03-01,ORIGINAL,2037-03-01,REVISED,OCMS_LEGACY,0,1,
P-616230,2025-07,2037-03-01,REVISED,2037-03-01,ORIGINAL,PAIMANA_TRANSITION,0,1,
P-616230,2025-08,2037-03-01,ORIGINAL,2037-03-01,ORIGINAL,PAIMANA_TRANSITION,0,1,
P-616230,2025-09,2037-03-01,ORIGINAL,2037-03-01,ORIGINAL,PAIMANA,0,1,
P-616231,2025-02,2031-03-01,ORIGINAL,2031-03-01,REVISED,OCMS_LEGACY,0,1,
P-616231,2025-07,2031-03-01,REVISED,2033-03-01,ORIGINAL,PAIMANA_TRANSITION,24,0,REPORTING_REGIME_CHANGE
P-616231,2025-08,2033-03-01,ORIGINAL,2033-03-01,ORIGINAL,PAIMANA_TRANSITION,0,1,
P-616231,2025-09,2033-03-01,ORIGINAL,2033-03-01,ORIGINAL,PAIMANA,0,1,
P-616232,2025-02,2029-03-01,ORIGINAL,2029-03-01,REVISED,OCMS_LEGACY,0,1,
P-616232,2025-07,2029-03-01,REVISED,2029-03-01,ORIGINAL,PAIMANA_TRANSITION,0,1,
P-616232,2025-08,2029-03-01,ORIGINAL,2029-03-01,ORIGINAL,PAIMANA_TRANSITION,0,1,
P-616232,2025-09,2029-03-01,ORIGINAL,2029-03-01,ORIGINAL,PAIMANA,0,1,
P-616233,2025-03,2030-03-01,REVISED,2030-03-01,ORIGINAL,OCMS_LEGACY,0,1,
P-616233,2025-04,2030-03-01,ORIGINAL,2030-03-01,REVISED,OCMS_LEGACY,0,1,
P-616233,2025-07,2030-03-01,REVISED,2030-03-01,ORIGINAL,PAIMANA_TRANSITION,0,1,
P-616233,2025-08,2030-03-01,ORIGINAL,2030-03-01,ORIGINAL,PAIMANA_TRANSITION,0,1,
P-616233,2025-09,2030-03-01,ORIGINAL,2030-03-01,ORIGINAL,PAIMANA,0,1,
P-616234,2025-02,2033-03-01,ORIGINAL,2033-03-01,REVISED,OCMS_LEGACY,0,1,
P-616234,2025-03,2033-03-01,REVISED,2033-03-01,ORIGINAL,OCMS_LEGACY,0,1,
P-616234,2025-04,2033-03-01,ORIGINAL,2033-03-01,REVISED,OCMS_LEGACY,0,1,
P-616234,2025-07,2033-03-01,REVISED,2033-03-01,ORIGINAL,PAIMANA_TRANSITION,0,1,
P-616234,2025-08,2033-03-01,ORIGINAL,2033-03-01,ORIGINAL,PAIMANA_TRANSITION,0,1,
P-616234,2025-09,2033-03-01,ORIGINAL,2033-03-01,ORIGINAL,PAIMANA,0,1,
P-616235,2025-07,2026-03-01,REVISED,2026-03-01,REVISED,PAIMANA_TRANSITION,0,1,
P-616235,2025-08,2026-03-01,REVISED,2026-03-01,REVISED,PAIMANA_TRANSITION,0,1,
P-616235,2025-09,2026-03-01,REVISED,2026-03-01,REVISED,PAIMANA,0,1,
P-616236,2025-07,2029-03-01,REVISED,2029-03-01,ORIGINAL,PAIMANA_TRANSITION,0,1,
P-616236,2025-08,2029-03-01,ORIGINAL,2029-03-01,ORIGINAL,PAIMANA_TRANSITION,0,1,
P-616236,2025-09,2029-03-01,ORIGINAL,2029-03-01,ORIGINAL,PAIMANA,0,1,
P-616253,2025-03,2029-03-01,REVISED,2029-03-01,ORIGINAL,OCMS_LEGACY,0,1,
P-616253,2025-04,2029-03-01,ORIGINAL,2029-03-01,REVISED,OCMS_LEGACY,0,1,
P-616253,2025-07,2029-03-01,REVISED,2029-03-01,ORIGINAL,PAIMANA_TRANSITION,0,1,
P-616253,2025-08,2029-03-01,ORIGINAL,2029-03-01,ORIGINAL,PAIMANA_TRANSITION,0,1,
P-616253,2025-09,2029-03-01,ORIGINAL,2029-03-01,ORIGINAL,PAIMANA,0,1,
P-616254,2025-02,2027-09-01,ORIGINAL,2027-09-01,REVISED,OCMS_LEGACY,0,1,
P-616254,2025-07,2027-09-01,REVISED,2027-09-01,REVISED,PAIMANA_TRANSITION,0,1,
P-616254,2025-08,2027-09-01,REVISED,2027-09-01,REVISED,PAIMANA_TRANSITION,0,1,
P-616254,2025-09,2027-09-01,REVISED,2027-09-01,REVISED,PAIMANA,0,1,
P-616586,2025-08,2029-12-01,ORIGINAL,2029-12-01,ORIGINAL,PAIMANA_TRANSITION,0,1,
P-616586,2025-10,2029-12-01,ORIGINAL,2029-12-01,ORIGINAL,PAIMANA,0,1,
P-616587,2025-08,2029-12-01,ORIGINAL,2029-12-01,ORIGINAL,PAIMANA_TRANSITION,0,1,
P-616587,2025-10,2029-12-01,ORIGINAL,2029-12-01,ORIGINAL,PAIMANA,0,1,
P-616588,2025-08,2029-12-01,ORIGINAL,2029-12-01,ORIGINAL,PAIMANA_TRANSITION,0,1,
P-616588,2025-10,2029-12-01,ORIGINAL,2029-12-01,ORIGINAL,PAIMANA,0,1,
P-616594,2025-08,2025-12-01,REVISED,2025-12-01,REVISED,PAIMANA_TRANSITION,0,1,
P-616594,2025-09,2025-12-01,REVISED,2025-12-01,REVISED,PAIMANA,0,1,
P-616594,2026-01,2025-12-01,REVISED,2026-12-01,REVISED,PAIMANA,12,1,
P-616600,2025-02,2025-02-01,REVISED,2025-04-01,REVISED,OCMS_LEGACY,2,1,
P-616600,2025-04,2025-04-01,REVISED,2025-04-01,ANTICIPATED,OCMS_LEGACY,0,1,
P-616600,2025-05,2025-04-01,ANTICIPATED,2025-04-01,REVISED,OCMS_LEGACY,0,1,
P-616600,2025-06,2025-04-01,REVISED,2025-09-01,REVISED,OCMS_LEGACY,5,1,
P-616600,2025-07,2025-09-01,REVISED,2025-12-01,REVISED,PAIMANA_TRANSITION,3,0,REPORTING_REGIME_CHANGE
P-616600,2025-08,2025-12-01,REVISED,2025-12-01,REVISED,PAIMANA_TRANSITION,0,1,
P-616600,2025-09,2025-12-01,REVISED,2025-12-01,REVISED,PAIMANA,0,1,
P-616600,2026-01,2025-12-01,REVISED,2026-12-01,REVISED,PAIMANA,12,1,
P-616604,2025-04,2025-03-01,REVISED,2025-03-01,ANTICIPATED,OCMS_LEGACY,0,1,
P-616604,2025-05,2025-03-01,ANTICIPATED,2025-03-01,REVISED,OCMS_LEGACY,0,1,
P-616604,2025-07,2025-03-01,REVISED,2025-12-01,REVISED,PAIMANA_TRANSITION,9,0,REPORTING_REGIME_CHANGE
P-616604,2025-08,2025-12-01,REVISED,2025-12-01,REVISED,PAIMANA_TRANSITION,0,1,
P-616604,2025-09,2025-12-01,REVISED,2025-12-01,REVISED,PAIMANA,0,1,
P-616604,2026-01,2025-12-01,REVISED,2026-08-01,REVISED,PAIMANA,8,1,
P-616605,2025-08,2027-05-01,REVISED,2027-05-01,REVISED,PAIMANA_TRANSITION,0,1,
P-616605,2025-09,2027-05-01,REVISED,2027-05-01,REVISED,PAIMANA,0,1,
P-616611,2025-07,2025-12-01,REVISED,2025-12-01,ORIGINAL,PAIMANA_TRANSITION,0,1,
P-616611,2025-08,2025-12-01,ORIGINAL,2025-12-01,ORIGINAL,PAIMANA_TRANSITION,0,1,
P-616611,2025-09,2025-12-01,ORIGINAL,2025-12-01,ORIGINAL,PAIMANA,0,1,
P-616611,2026-03,2025-12-01,ORIGINAL,2026-09-01,REVISED,PAIMANA,9,0,TARGET_SOURCE_TRANSITION
P-616612,2025-07,2025-12-01,REVISED,2025-12-01,ORIGINAL,PAIMANA_TRANSITION,0,1,
P-616612,2025-08,2025-12-01,ORIGINAL,2025-12-01,ORIGINAL,PAIMANA_TRANSITION,0,1,
P-616612,2025-09,2025-12-01,ORIGINAL,2025-12-01,ORIGINAL,PAIMANA,0,1,
P-616615,2025-03,2024-12-01,REVISED,2025-04-01,REVISED,OCMS_LEGACY,4,1,
P-616615,2025-04,2025-04-01,REVISED,2025-04-01,ANTICIPATED,OCMS_LEGACY,0,1,
P-616615,2025-05,2025-04-01,ANTICIPATED,2025-04-01,REVISED,OCMS_LEGACY,0,1,
P-616615,2025-07,2025-04-01,REVISED,2025-12-01,REVISED,PAIMANA_TRANSITION,8,0,REPORTING_REGIME_CHANGE
P-616615,2025-08,2025-12-01,REVISED,2025-12-01,REVISED,PAIMANA_TRANSITION,0,1,
P-616615,2025-09,2025-12-01,REVISED,2025-12-01,REVISED,PAIMANA,0,1,
P-616616,2025-04,2025-06-01,REVISED,2025-06-01,ANTICIPATED,OCMS_LEGACY,0,1,
P-616616,2025-05,2025-06-01,ANTICIPATED,2025-06-01,REVISED,OCMS_LEGACY,0,1,
P-616616,2025-06,2025-06-01,REVISED,2025-09-01,REVISED,OCMS_LEGACY,3,1,
P-616616,2025-07,2025-09-01,REVISED,2025-12-01,REVISED,PAIMANA_TRANSITION,3,0,REPORTING_REGIME_CHANGE
P-616616,2025-08,2025-12-01,REVISED,2025-12-01,REVISED,PAIMANA_TRANSITION,0,1,
P-616616,2025-09,2025-12-01,REVISED,2025-12-01,REVISED,PAIMANA,0,1,
P-616670,2025-07,2026-12-01,REVISED,2026-12-01,ORIGINAL,PAIMANA_TRANSITION,0,1,
P-616670,2025-08,2026-12-01,ORIGINAL,2026-12-01,ORIGINAL,PAIMANA_TRANSITION,0,1,
P-616670,2025-09,2026-12-01,ORIGINAL,2027-03-01,REVISED,PAIMANA,3,0,REPORTING_REGIME_CHANGE
P-616670,2026-03,2027-03-01,REVISED,2027-06-01,REVISED,PAIMANA,3,1,
P-616671,2025-07,2028-07-01,REVISED,2026-12-01,REVISED,PAIMANA_TRANSITION,-19,0,REPORTING_REGIME_CHANGE
P-616671,2025-08,2026-12-01,REVISED,2026-12-01,REVISED,PAIMANA_TRANSITION,0,1,
P-616671,2025-09,2026-12-01,REVISED,2026-12-01,REVISED,PAIMANA,0,1,
P-616671,2026-03,2026-12-01,REVISED,2027-03-01,REVISED,PAIMANA,3,1,
P-616672,2025-07,2027-01-01,REVISED,2027-06-01,ORIGINAL,PAIMANA_TRANSITION,5,0,REPORTING_REGIME_CHANGE
P-616672,2025-08,2027-06-01,ORIGINAL,2027-06-01,ORIGINAL,PAIMANA_TRANSITION,0,1,
P-616672,2025-09,2027-06-01,ORIGINAL,2027-06-01,ORIGINAL,PAIMANA,0,1,
P-616691,2025-12,2025-12-01,REVISED,2026-09-01,REVISED,PAIMANA,9,1,
P-616694,2025-08,2028-07-01,ORIGINAL,2028-07-01,ORIGINAL,PAIMANA_TRANSITION,0,1,
P-616694,2025-12,2028-07-01,ORIGINAL,2028-07-01,ORIGINAL,PAIMANA,0,1,
P-616695,2025-08,2028-11-01,ORIGINAL,2028-11-01,ORIGINAL,PAIMANA_TRANSITION,0,1,
P-616695,2025-09,2028-11-01,ORIGINAL,2028-11-01,ORIGINAL,PAIMANA,0,1,
P-616696,2025-08,2028-03-01,ORIGINAL,2028-03-01,ORIGINAL,PAIMANA_TRANSITION,0,1,
P-616697,2025-08,2026-06-01,ORIGINAL,2026-06-01,ORIGINAL,PAIMANA_TRANSITION,0,1,
P-616697,2025-09,2026-06-01,ORIGINAL,2026-06-01,ORIGINAL,PAIMANA,0,1,
P-616699,2025-08,2028-03-01,ORIGINAL,2028-03-01,ORIGINAL,PAIMANA_TRANSITION,0,1,
P-616699,2025-09,2028-03-01,ORIGINAL,2028-03-01,ORIGINAL,PAIMANA,0,1,
P-616701,2025-08,2028-02-01,ORIGINAL,2028-02-01,ORIGINAL,PAIMANA_TRANSITION,0,1,
P-616701,2025-09,2028-02-01,ORIGINAL,2028-02-01,ORIGINAL,PAIMANA,0,1,
P-616702,2025-08,2031-11-01,ORIGINAL,2031-11-01,ORIGINAL,PAIMANA_TRANSITION,0,1,
P-616840,2025-08,2028-03-01,ORIGINAL,2028-03-01,ORIGINAL,PAIMANA_TRANSITION,0,1,
P-616841,2025-08,2026-12-01,ORIGINAL,2026-12-01,ORIGINAL,PAIMANA_TRANSITION,0,1,
P-616841,2025-09,2026-12-01,ORIGINAL,2026-12-01,ORIGINAL,PAIMANA,0,1,
P-616842,2025-08,2027-07-01,ORIGINAL,2027-07-01,ORIGINAL,PAIMANA_TRANSITION,0,1,
P-616842,2025-09,2027-07-01,ORIGINAL,2027-07-01,ORIGINAL,PAIMANA,0,1,
P-616843,2025-08,2027-06-01,ORIGINAL,2027-06-01,ORIGINAL,PAIMANA_TRANSITION,0,1,
P-616843,2025-09,2027-06-01,ORIGINAL,2027-06-01,ORIGINAL,PAIMANA,0,1,
P-616856,2025-08,2029-04-01,ORIGINAL,2029-04-01,ORIGINAL,PAIMANA_TRANSITION,0,1,
P-616856,2025-10,2029-04-01,ORIGINAL,2029-04-01,ORIGINAL,PAIMANA,0,1,
P-616857,2025-08,2029-03-01,ORIGINAL,2029-03-01,ORIGINAL,PAIMANA_TRANSITION,0,1,
P-616857,2025-09,2029-03-01,ORIGINAL,2029-03-01,ORIGINAL,PAIMANA,0,1,
P-616858,2025-04,2025-06-01,REVISED,2025-06-01,ANTICIPATED,OCMS_LEGACY,0,1,
P-616858,2025-05,2025-06-01,ANTICIPATED,2025-06-01,REVISED,OCMS_LEGACY,0,1,
P-616858,2025-06,2025-06-01,REVISED,2025-12-01,REVISED,OCMS_LEGACY,6,1,
P-616858,2025-07,2025-12-01,REVISED,2025-12-01,REVISED,PAIMANA_TRANSITION,0,1,
P-616858,2025-08,2025-12-01,REVISED,2025-12-01,REVISED,PAIMANA_TRANSITION,0,1,
P-616858,2025-09,2025-12-01,REVISED,2025-12-01,REVISED,PAIMANA,0,1,
P-616858,2025-12,2025-12-01,REVISED,2026-03-01,REVISED,PAIMANA,3,1,
P-616858,2026-03,2026-03-01,REVISED,2026-06-01,REVISED,PAIMANA,3,1,
P-616879,2025-07,2027-03-01,REVISED,2027-01-01,REVISED,PAIMANA_TRANSITION,-2,0,REPORTING_REGIME_CHANGE
P-616879,2025-08,2027-01-01,REVISED,2027-01-01,REVISED,PAIMANA_TRANSITION,0,1,
P-616879,2025-09,2027-01-01,REVISED,2027-01-01,REVISED,PAIMANA,0,1,
P-616886,2025-08,2026-10-01,ORIGINAL,2026-10-01,ORIGINAL,PAIMANA_TRANSITION,0,1,
P-616886,2025-09,2026-10-01,ORIGINAL,2026-10-01,ORIGINAL,PAIMANA,0,1,
P-616933,2025-07,2028-03-01,REVISED,2028-03-01,REVISED,PAIMANA_TRANSITION,0,1,
P-616933,2025-08,2028-03-01,REVISED,2028-03-01,REVISED,PAIMANA_TRANSITION,0,1,
P-616933,2025-09,2028-03-01,REVISED,2028-03-01,REVISED,PAIMANA,0,1,
P-616950,2025-08,2026-02-01,REVISED,2026-02-01,REVISED,PAIMANA_TRANSITION,0,1,
P-616950,2025-09,2026-02-01,REVISED,2026-02-01,REVISED,PAIMANA,0,1,
P-616950,2025-11,2026-02-01,REVISED,2026-05-01,REVISED,PAIMANA,3,1,
P-616950,2026-03,2026-05-01,REVISED,2026-12-01,REVISED,PAIMANA,7,1,
P-617068,2025-07,2027-02-01,REVISED,2027-06-01,ORIGINAL,PAIMANA_TRANSITION,4,0,REPORTING_REGIME_CHANGE
P-617068,2025-08,2027-06-01,ORIGINAL,2027-06-01,ORIGINAL,PAIMANA_TRANSITION,0,1,
P-617068,2025-09,2027-06-01,ORIGINAL,2027-06-01,ORIGINAL,PAIMANA,0,1,
P-617069,2025-07,2027-03-01,REVISED,2027-02-01,ORIGINAL,PAIMANA_TRANSITION,-1,0,REPORTING_REGIME_CHANGE
P-617069,2025-08,2027-02-01,ORIGINAL,2027-02-01,ORIGINAL,PAIMANA_TRANSITION,0,1,
P-617069,2025-09,2027-02-01,ORIGINAL,2027-02-01,ORIGINAL,PAIMANA,0,1,
P-617179,2025-07,2027-03-01,REVISED,2026-07-01,ORIGINAL,PAIMANA_TRANSITION,-8,0,REPORTING_REGIME_CHANGE
P-617179,2025-08,2026-07-01,ORIGINAL,2026-07-01,ORIGINAL,PAIMANA_TRANSITION,0,1,
P-617179,2025-09,2026-07-01,ORIGINAL,2027-03-01,REVISED,PAIMANA,8,0,REPORTING_REGIME_CHANGE
P-617179,2026-03,2027-03-01,REVISED,2027-06-01,REVISED,PAIMANA,3,1,
P-617181,2025-07,2026-12-01,REVISED,2026-12-01,ORIGINAL,PAIMANA_TRANSITION,0,1,
P-617181,2025-08,2026-12-01,ORIGINAL,2026-12-01,ORIGINAL,PAIMANA_TRANSITION,0,1,
P-617181,2025-09,2026-12-01,ORIGINAL,2027-03-01,REVISED,PAIMANA,3,0,REPORTING_REGIME_CHANGE
P-617181,2026-03,2027-03-01,REVISED,2027-06-01,REVISED,PAIMANA,3,1,
P-617182,2025-07,2027-03-01,REVISED,2027-03-01,ORIGINAL,PAIMANA_TRANSITION,0,1,
P-617182,2025-08,2027-03-01,ORIGINAL,2027-03-01,ORIGINAL,PAIMANA_TRANSITION,0,1,
P-617182,2025-09,2027-03-01,ORIGINAL,2027-03-01,ORIGINAL,PAIMANA,0,1,
P-617183,2025-07,2027-03-01,REVISED,2027-12-01,ORIGINAL,PAIMANA_TRANSITION,9,0,REPORTING_REGIME_CHANGE
P-617183,2025-08,2027-12-01,ORIGINAL,2027-12-01,ORIGINAL,PAIMANA_TRANSITION,0,1,
P-617183,2025-09,2027-12-01,ORIGINAL,2027-12-01,ORIGINAL,PAIMANA,0,1,
P-617184,2025-07,2027-03-01,REVISED,2027-09-01,ORIGINAL,PAIMANA_TRANSITION,6,0,REPORTING_REGIME_CHANGE
P-617184,2025-08,2027-09-01,ORIGINAL,2027-09-01,ORIGINAL,PAIMANA_TRANSITION,0,1,
P-617184,2025-09,2027-09-01,ORIGINAL,2027-09-01,ORIGINAL,PAIMANA,0,1,
P-617185,2025-07,2027-03-01,REVISED,2027-03-01,ORIGINAL,PAIMANA_TRANSITION,0,1,
P-617185,2025-08,2027-03-01,ORIGINAL,2027-03-01,ORIGINAL,PAIMANA_TRANSITION,0,1,
P-617185,2025-09,2027-03-01,ORIGINAL,2027-03-01,ORIGINAL,PAIMANA,0,1,
P-617185,2026-03,2027-03-01,ORIGINAL,2027-09-01,REVISED,PAIMANA,6,0,TARGET_SOURCE_TRANSITION
P-617186,2025-07,2027-03-01,REVISED,2027-03-01,ORIGINAL,PAIMANA_TRANSITION,0,1,
P-617186,2025-08,2027-03-01,ORIGINAL,2027-03-01,ORIGINAL,PAIMANA_TRANSITION,0,1,
P-617186,2025-09,2027-03-01,ORIGINAL,2027-03-01,ORIGINAL,PAIMANA,0,1,
P-617186,2026-03,2027-03-01,ORIGINAL,2027-06-01,REVISED,PAIMANA,3,0,TARGET_SOURCE_TRANSITION
P-617188,2025-08,2029-09-01,ORIGINAL,2029-09-01,ORIGINAL,PAIMANA_TRANSITION,0,1,
P-617188,2025-09,2029-09-01,ORIGINAL,2029-09-01,ORIGINAL,PAIMANA,0,1,
P-617200,2025-08,2031-03-01,ORIGINAL,2031-03-01,ORIGINAL,PAIMANA_TRANSITION,0,1,
P-617200,2025-10,2031-03-01,ORIGINAL,2031-03-01,ORIGINAL,PAIMANA,0,1,
P-617201,2025-08,2030-04-01,ORIGINAL,2030-04-01,ORIGINAL,PAIMANA_TRANSITION,0,1,
P-617201,2025-10,2030-04-01,ORIGINAL,2031-03-01,ORIGINAL,PAIMANA,11,0,REPORTING_REGIME_CHANGE
P-617206,2025-08,2029-01-01,ORIGINAL,2029-01-01,ORIGINAL,PAIMANA_TRANSITION,0,1,
P-617206,2025-09,2029-01-01,ORIGINAL,2029-01-01,ORIGINAL,PAIMANA,0,1,
P-617207,2025-08,2029-03-01,ORIGINAL,2029-03-01,ORIGINAL,PAIMANA_TRANSITION,0,1,
P-617207,2025-09,2029-03-01,ORIGINAL,2029-03-01,ORIGINAL,PAIMANA,0,1,
P-617210,2025-08,2029-03-01,ORIGINAL,2029-03-01,ORIGINAL,PAIMANA_TRANSITION,0,1,
P-617210,2025-10,2029-03-01,ORIGINAL,2029-03-01,ORIGINAL,PAIMANA,0,1,
P-617211,2025-08,2029-03-01,ORIGINAL,2029-03-01,ORIGINAL,PAIMANA_TRANSITION,0,1,
P-617211,2025-09,2029-03-01,ORIGINAL,2029-03-01,ORIGINAL,PAIMANA,0,1,
P-617212,2025-08,2029-03-01,ORIGINAL,2029-03-01,ORIGINAL,PAIMANA_TRANSITION,0,1,
P-617212,2025-09,2029-03-01,ORIGINAL,2029-03-01,ORIGINAL,PAIMANA,0,1,
P-617214,2025-08,2027-03-01,ORIGINAL,2027-03-01,ORIGINAL,PAIMANA_TRANSITION,0,1,
P-617214,2025-10,2027-03-01,ORIGINAL,2027-03-01,ORIGINAL,PAIMANA,0,1,
P-617215,2025-08,2028-03-01,ORIGINAL,2028-03-01,ORIGINAL,PAIMANA_TRANSITION,0,1,
P-617215,2025-09,2028-03-01,ORIGINAL,2028-03-01,ORIGINAL,PAIMANA,0,1,
P-617216,2025-08,2027-03-01,ORIGINAL,2027-03-01,ORIGINAL,PAIMANA_TRANSITION,0,1,
P-617216,2025-10,2027-03-01,ORIGINAL,2027-03-01,ORIGINAL,PAIMANA,0,1,
P-617221,2025-08,2027-10-01,ORIGINAL,2027-10-01,ORIGINAL,PAIMANA_TRANSITION,0,1,
P-617221,2025-09,2027-10-01,ORIGINAL,2027-10-01,ORIGINAL,PAIMANA,0,1,
P-617224,2025-08,2027-12-01,ORIGINAL,2027-12-01,ORIGINAL,PAIMANA_TRANSITION,0,1,
P-617224,2025-09,2027-12-01,ORIGINAL,2027-12-01,ORIGINAL,PAIMANA,0,1,
P-617225,2025-07,2027-01-01,REVISED,2027-01-01,ORIGINAL,PAIMANA_TRANSITION,0,1,
P-617225,2025-08,2027-01-01,ORIGINAL,2027-01-01,ORIGINAL,PAIMANA_TRANSITION,0,1,
P-617225,2025-09,2027-01-01,ORIGINAL,2027-01-01,ORIGINAL,PAIMANA,0,1,
P-617226,2025-07,2029-03-01,REVISED,2029-03-01,ORIGINAL,PAIMANA_TRANSITION,0,1,
P-617226,2025-08,2029-03-01,ORIGINAL,2029-03-01,ORIGINAL,PAIMANA_TRANSITION,0,1,
P-617226,2025-09,2029-03-01,ORIGINAL,2029-03-01,ORIGINAL,PAIMANA,0,1,
P-617231,2025-10,2028-06-01,ORIGINAL,2028-06-01,ORIGINAL,PAIMANA,0,1,
P-617233,2025-07,2030-03-01,REVISED,2030-03-01,ORIGINAL,PAIMANA_TRANSITION,0,1,
P-617233,2025-08,2030-03-01,ORIGINAL,2030-03-01,ORIGINAL,PAIMANA_TRANSITION,0,1,
P-617233,2025-09,2030-03-01,ORIGINAL,2030-03-01,ORIGINAL,PAIMANA,0,1,
P-617242,2025-07,2027-06-01,REVISED,2027-06-01,ORIGINAL,PAIMANA_TRANSITION,0,1,
P-617242,2025-08,2027-06-01,ORIGINAL,2027-06-01,ORIGINAL,PAIMANA_TRANSITION,0,1,
P-617242,2025-09,2027-06-01,ORIGINAL,2027-06-01,ORIGINAL,PAIMANA,0,1,
P-617243,2025-07,2026-07-01,REVISED,2026-07-01,ORIGINAL,PAIMANA_TRANSITION,0,1,
P-617243,2025-08,2026-07-01,ORIGINAL,2026-07-01,ORIGINAL,PAIMANA_TRANSITION,0,1,
P-617243,2025-09,2026-07-01,ORIGINAL,2026-07-01,ORIGINAL,PAIMANA,0,1,
P-617246,2025-07,2026-06-01,REVISED,2026-06-01,ORIGINAL,PAIMANA_TRANSITION,0,1,
P-617246,2025-08,2026-06-01,ORIGINAL,2026-06-01,ORIGINAL,PAIMANA_TRANSITION,0,1,
P-617246,2025-09,2026-06-01,ORIGINAL,2026-06-01,ORIGINAL,PAIMANA,0,1,
P-617246,2026-03,2026-06-01,ORIGINAL,2027-10-01,REVISED,PAIMANA,16,0,TARGET_SOURCE_TRANSITION
P-617248,2025-07,2026-07-01,REVISED,2026-07-01,ORIGINAL,PAIMANA_TRANSITION,0,1,
P-617248,2025-08,2026-07-01,ORIGINAL,2026-07-01,ORIGINAL,PAIMANA_TRANSITION,0,1,
P-617248,2025-09,2026-07-01,ORIGINAL,2026-07-01,ORIGINAL,PAIMANA,0,1,
P-617249,2025-07,2027-01-01,REVISED,2027-01-01,ORIGINAL,PAIMANA_TRANSITION,0,1,
P-617249,2025-08,2027-01-01,ORIGINAL,2027-01-01,ORIGINAL,PAIMANA_TRANSITION,0,1,
P-617249,2025-09,2027-01-01,ORIGINAL,2027-01-01,ORIGINAL,PAIMANA,0,1,
P-617250,2025-07,2026-10-01,REVISED,2026-10-01,ORIGINAL,PAIMANA_TRANSITION,0,1,
P-617250,2025-08,2026-10-01,ORIGINAL,2026-10-01,ORIGINAL,PAIMANA_TRANSITION,0,1,
P-617250,2025-09,2026-10-01,ORIGINAL,2026-10-01,ORIGINAL,PAIMANA,0,1,
P-617251,2025-07,2026-05-01,REVISED,2026-05-01,ORIGINAL,PAIMANA_TRANSITION,0,1,
P-617251,2025-08,2026-05-01,ORIGINAL,2026-05-01,ORIGINAL,PAIMANA_TRANSITION,0,1,
P-617251,2025-09,2026-05-01,ORIGINAL,2026-05-01,ORIGINAL,PAIMANA,0,1,
P-617252,2025-08,2028-03-01,ORIGINAL,2028-03-01,ORIGINAL,PAIMANA_TRANSITION,0,1,
P-617252,2025-09,2028-03-01,ORIGINAL,2028-03-01,ORIGINAL,PAIMANA,0,1,
P-617253,2025-04,2025-07-01,REVISED,2025-11-01,ANTICIPATED,OCMS_LEGACY,4,0,TARGET_SOURCE_TRANSITION
P-617253,2025-05,2025-11-01,ANTICIPATED,2025-11-01,REVISED,OCMS_LEGACY,0,1,
P-617253,2025-07,2025-11-01,REVISED,2025-11-01,REVISED,PAIMANA_TRANSITION,0,1,
P-617253,2025-08,2025-11-01,REVISED,2025-11-01,REVISED,PAIMANA_TRANSITION,0,1,
P-617253,2025-09,2025-11-01,REVISED,2025-11-01,REVISED,PAIMANA,0,1,
P-617253,2026-01,2025-11-01,REVISED,2026-05-01,REVISED,PAIMANA,6,1,
P-617254,2025-07,2025-10-01,REVISED,2026-06-01,ORIGINAL,PAIMANA_TRANSITION,8,0,REPORTING_REGIME_CHANGE
P-617254,2025-08,2026-06-01,ORIGINAL,2026-06-01,ORIGINAL,PAIMANA_TRANSITION,0,1,
P-617254,2025-09,2026-06-01,ORIGINAL,2026-06-01,ORIGINAL,PAIMANA,0,1,
P-617254,2026-02,2026-06-01,ORIGINAL,2027-04-01,REVISED,PAIMANA,10,0,TARGET_SOURCE_TRANSITION
P-617255,2025-07,2026-06-01,REVISED,2026-06-01,ORIGINAL,PAIMANA_TRANSITION,0,1,
P-617255,2025-08,2026-06-01,ORIGINAL,2026-06-01,ORIGINAL,PAIMANA_TRANSITION,0,1,
P-617255,2025-09,2026-06-01,ORIGINAL,2026-06-01,ORIGINAL,PAIMANA,0,1,
P-617256,2025-07,2026-11-01,REVISED,2025-10-01,ORIGINAL,PAIMANA_TRANSITION,-13,0,REPORTING_REGIME_CHANGE
P-617256,2025-08,2025-10-01,ORIGINAL,2025-10-01,ORIGINAL,PAIMANA_TRANSITION,0,1,
P-617256,2025-09,2025-10-01,ORIGINAL,2025-10-01,ORIGINAL,PAIMANA,0,1,
P-617256,2025-11,2025-10-01,ORIGINAL,2026-03-01,REVISED,PAIMANA,5,0,TARGET_SOURCE_TRANSITION
P-617257,2025-07,2026-06-01,REVISED,2026-11-01,ORIGINAL,PAIMANA_TRANSITION,5,0,REPORTING_REGIME_CHANGE
P-617257,2025-08,2026-11-01,ORIGINAL,2026-11-01,ORIGINAL,PAIMANA_TRANSITION,0,1,
P-617257,2025-09,2026-11-01,ORIGINAL,2026-11-01,ORIGINAL,PAIMANA,0,1,
P-617269,2025-07,2026-06-01,REVISED,2026-06-01,ORIGINAL,PAIMANA_TRANSITION,0,1,
P-617269,2025-08,2026-06-01,ORIGINAL,2026-06-01,ORIGINAL,PAIMANA_TRANSITION,0,1,
P-617269,2025-09,2026-06-01,ORIGINAL,2026-08-01,REVISED,PAIMANA,2,0,REPORTING_REGIME_CHANGE
P-617270,2025-07,2026-05-01,REVISED,2026-05-01,ORIGINAL,PAIMANA_TRANSITION,0,1,
P-617270,2025-08,2026-05-01,ORIGINAL,2026-05-01,ORIGINAL,PAIMANA_TRANSITION,0,1,
P-617270,2025-09,2026-05-01,ORIGINAL,2027-03-01,REVISED,PAIMANA,10,0,REPORTING_REGIME_CHANGE
P-617270,2025-11,2027-03-01,REVISED,2026-06-01,REVISED,PAIMANA,-9,1,
P-617270,2025-12,2026-06-01,REVISED,2027-03-01,REVISED,PAIMANA,9,1,
P-617270,2026-03,2027-03-01,REVISED,2027-06-01,REVISED,PAIMANA,3,1,
P-617271,2025-07,2026-05-01,REVISED,2026-03-01,ORIGINAL,PAIMANA_TRANSITION,-2,0,REPORTING_REGIME_CHANGE
P-617271,2025-08,2026-03-01,ORIGINAL,2026-03-01,ORIGINAL,PAIMANA_TRANSITION,0,1,
P-617271,2025-09,2026-03-01,ORIGINAL,2026-06-01,REVISED,PAIMANA,3,0,REPORTING_REGIME_CHANGE
P-617271,2026-04,2026-06-01,REVISED,2026-09-01,REVISED,PAIMANA,3,1,
P-617272,2025-07,2026-12-01,REVISED,2026-12-01,ORIGINAL,PAIMANA_TRANSITION,0,1,
P-617272,2025-08,2026-12-01,ORIGINAL,2026-12-01,ORIGINAL,PAIMANA_TRANSITION,0,1,
P-617272,2025-09,2026-12-01,ORIGINAL,2026-12-01,ORIGINAL,PAIMANA,0,1,
P-617278,2025-07,2030-03-01,REVISED,2030-03-01,ORIGINAL,PAIMANA_TRANSITION,0,1,
P-617278,2025-08,2030-03-01,ORIGINAL,2030-03-01,ORIGINAL,PAIMANA_TRANSITION,0,1,
P-617278,2025-09,2030-03-01,ORIGINAL,2030-03-01,ORIGINAL,PAIMANA,0,1,
P-617279,2025-08,2027-12-01,ORIGINAL,2027-12-01,ORIGINAL,PAIMANA_TRANSITION,0,1,
P-617279,2025-09,2027-12-01,ORIGINAL,2027-12-01,ORIGINAL,PAIMANA,0,1,
P-617280,2025-07,2026-08-01,REVISED,2026-08-01,ORIGINAL,PAIMANA_TRANSITION,0,1,
P-617280,2025-08,2026-08-01,ORIGINAL,2026-08-01,ORIGINAL,PAIMANA_TRANSITION,0,1,
P-617280,2025-09,2026-08-01,ORIGINAL,2026-08-01,ORIGINAL,PAIMANA,0,1,
P-617282,2025-08,2025-08-01,REVISED,2025-08-01,REVISED,PAIMANA_TRANSITION,0,1,
P-617282,2025-09,2025-08-01,REVISED,2025-09-01,REVISED,PAIMANA,1,0,REPORTING_REGIME_CHANGE
P-617284,2025-08,2028-03-01,ORIGINAL,2028-03-01,ORIGINAL,PAIMANA_TRANSITION,0,1,
P-617284,2025-09,2028-03-01,ORIGINAL,2028-03-01,ORIGINAL,PAIMANA,0,1,
P-617287,2025-08,2030-03-01,ORIGINAL,2030-03-01,ORIGINAL,PAIMANA_TRANSITION,0,1,
P-617287,2025-09,2030-03-01,ORIGINAL,2030-03-01,ORIGINAL,PAIMANA,0,1,
P-617288,2025-08,2029-03-01,ORIGINAL,2029-03-01,ORIGINAL,PAIMANA_TRANSITION,0,1,
P-617288,2025-09,2029-03-01,ORIGINAL,2029-03-01,ORIGINAL,PAIMANA,0,1,
P-617299,2025-07,2026-01-01,REVISED,2026-01-01,REVISED,PAIMANA_TRANSITION,0,1,
P-617299,2025-08,2026-01-01,REVISED,2026-01-01,REVISED,PAIMANA_TRANSITION,0,1,
P-617299,2025-09,2026-01-01,REVISED,2026-01-01,REVISED,PAIMANA,0,1,
P-617302,2025-02,2025-12-01,ORIGINAL,2025-12-01,REVISED,OCMS_LEGACY,0,1,
P-617302,2025-04,2025-12-01,REVISED,2025-12-01,ANTICIPATED,OCMS_LEGACY,0,1,
P-617302,2025-05,2025-12-01,ANTICIPATED,2025-12-01,REVISED,OCMS_LEGACY,0,1,
P-617302,2025-07,2025-12-01,REVISED,2025-12-01,REVISED,PAIMANA_TRANSITION,0,1,
P-617302,2025-08,2025-12-01,REVISED,2025-12-01,REVISED,PAIMANA_TRANSITION,0,1,
P-617302,2025-09,2025-12-01,REVISED,2025-12-01,REVISED,PAIMANA,0,1,
P-617302,2025-12,2025-12-01,REVISED,2026-03-01,REVISED,PAIMANA,3,1,
P-617302,2026-03,2026-03-01,REVISED,2026-09-01,REVISED,PAIMANA,6,1,
P-617303,2025-08,2030-03-01,REVISED,2030-03-01,REVISED,PAIMANA_TRANSITION,0,1,
P-617304,2025-08,2027-03-01,REVISED,2027-03-01,REVISED,PAIMANA_TRANSITION,0,1,
P-617304,2025-09,2027-03-01,REVISED,2027-03-01,REVISED,PAIMANA,0,1,
P-617322,2025-08,2027-06-01,REVISED,2027-06-01,REVISED,PAIMANA_TRANSITION,0,1,
P-617326,2025-12,2026-03-01,ORIGINAL,2026-08-01,REVISED,PAIMANA,5,0,TARGET_SOURCE_TRANSITION
P-617372,2026-01,2025-12-01,ORIGINAL,2026-03-01,REVISED,PAIMANA,3,0,TARGET_SOURCE_TRANSITION
P-617374,2025-09,2025-06-01,REVISED,2025-03-01,ORIGINAL,PAIMANA,-3,0,REPORTING_REGIME_CHANGE
P-617374,2025-11,2025-03-01,ORIGINAL,2026-02-01,REVISED,PAIMANA,11,0,TARGET_SOURCE_TRANSITION
P-617379,2025-11,2020-03-01,ORIGINAL,2025-12-01,REVISED,PAIMANA,69,0,TARGET_SOURCE_TRANSITION
P-617379,2025-12,2025-12-01,REVISED,2026-12-01,REVISED,PAIMANA,12,1,
P-617391,2026-03,2027-03-01,REVISED,2027-06-01,REVISED,PAIMANA,3,1,
P-617409,2025-12,2026-12-01,ORIGINAL,2026-03-01,REVISED,PAIMANA,-9,0,TARGET_SOURCE_TRANSITION
P-617413,2025-11,2025-11-01,REVISED,2026-03-01,REVISED,PAIMANA,4,1,
P-617801,2026-03,2027-03-01,REVISED,2027-06-01,REVISED,PAIMANA,3,1,
P-617818,2026-03,2030-02-01,REVISED,2031-12-01,REVISED,PAIMANA,22,1,
P-617822,2026-04,2027-09-01,ORIGINAL,2027-09-01,REVISED,PAIMANA,0,1,
P-617828,2026-04,2029-03-01,REVISED,2029-08-01,REVISED,PAIMANA,5,1,
P-617830,2025-12,2027-01-01,ORIGINAL,2027-01-01,REVISED,PAIMANA,0,1,
P-617836,2025-12,2025-12-01,REVISED,2026-09-01,REVISED,PAIMANA,9,1,
P-617837,2025-12,2025-12-01,REVISED,2026-09-01,REVISED,PAIMANA,9,1,
P-617839,2025-12,2026-07-01,ORIGINAL,2026-07-01,REVISED,PAIMANA,0,1,
P-617885,2025-02,2025-02-01,REVISED,2025-03-01,REVISED,OCMS_LEGACY,1,1,
P-617885,2025-04,2025-03-01,REVISED,2025-03-01,ANTICIPATED,OCMS_LEGACY,0,1,
P-617885,2025-05,2025-03-01,ANTICIPATED,2025-03-01,REVISED,OCMS_LEGACY,0,1,
P-617885,2025-06,2025-03-01,REVISED,2025-07-01,REVISED,OCMS_LEGACY,4,1,
P-617885,2025-12,2025-07-01,REVISED,2024-07-01,REVISED,PAIMANA,-12,0,REPORTING_REGIME_CHANGE
P-617885,2026-03,2024-07-01,REVISED,2026-05-01,REVISED,PAIMANA,22,1,
P-617886,2025-04,2026-06-01,REVISED,2026-06-01,ANTICIPATED,OCMS_LEGACY,0,1,
P-617886,2025-05,2026-06-01,ANTICIPATED,2026-06-01,REVISED,OCMS_LEGACY,0,1,
P-617886,2025-12,2026-06-01,REVISED,2026-06-01,ORIGINAL,PAIMANA,0,1,
P-617886,2026-03,2026-06-01,ORIGINAL,2026-12-01,REVISED,PAIMANA,6,0,TARGET_SOURCE_TRANSITION
P-617887,2025-12,2025-12-01,REVISED,2025-12-01,REVISED,PAIMANA,0,1,
P-617887,2026-01,2025-12-01,REVISED,2026-02-01,REVISED,PAIMANA,2,1,
P-617887,2026-03,2026-02-01,REVISED,2025-12-01,REVISED,PAIMANA,-2,1,
P-617888,2026-03,2025-02-01,ORIGINAL,2026-06-01,REVISED,PAIMANA,16,0,TARGET_SOURCE_TRANSITION
P-617889,2026-03,2024-06-01,ORIGINAL,2026-04-01,REVISED,PAIMANA,22,0,TARGET_SOURCE_TRANSITION
P-617889,2026-04,2026-04-01,REVISED,2026-05-01,REVISED,PAIMANA,1,1,
P-617891,2025-12,2025-06-01,REVISED,2025-06-01,REVISED,PAIMANA,0,1,
P-617891,2026-01,2025-06-01,REVISED,2026-01-01,REVISED,PAIMANA,7,1,
P-617891,2026-03,2026-01-01,REVISED,2025-08-01,REVISED,PAIMANA,-5,1,
P-617892,2025-12,2027-03-01,REVISED,2024-07-01,REVISED,PAIMANA,-32,0,REPORTING_REGIME_CHANGE
P-617892,2026-03,2024-07-01,REVISED,2026-05-01,REVISED,PAIMANA,22,1,
P-617893,2026-03,2028-05-01,ORIGINAL,2028-05-01,REVISED,PAIMANA,0,1,
P-617894,2026-03,2026-03-01,ORIGINAL,2026-12-01,REVISED,PAIMANA,9,0,TARGET_SOURCE_TRANSITION
P-617895,2025-05,2025-04-01,REVISED,2026-03-01,REVISED,OCMS_LEGACY,11,1,
P-617895,2025-12,2026-03-01,REVISED,2025-04-01,ORIGINAL,PAIMANA,-11,0,REPORTING_REGIME_CHANGE
P-617895,2026-03,2025-04-01,ORIGINAL,2026-12-01,REVISED,PAIMANA,20,0,TARGET_SOURCE_TRANSITION
P-617896,2026-01,2026-10-01,REVISED,2026-10-01,ORIGINAL,PAIMANA,0,1,
P-617896,2026-03,2026-10-01,ORIGINAL,2026-10-01,REVISED,PAIMANA,0,1,
P-617897,2025-06,2025-07-01,REVISED,2025-10-01,REVISED,OCMS_LEGACY,3,1,
P-617897,2025-12,2025-10-01,REVISED,2025-07-01,ORIGINAL,PAIMANA,-3,0,REPORTING_REGIME_CHANGE
P-617897,2026-03,2025-07-01,ORIGINAL,2026-06-01,REVISED,PAIMANA,11,0,TARGET_SOURCE_TRANSITION
P-617898,2026-03,2027-10-01,ORIGINAL,2027-10-01,REVISED,PAIMANA,0,1,
P-617899,2025-12,2026-02-01,REVISED,2026-02-01,ORIGINAL,PAIMANA,0,1,
P-617899,2026-03,2026-02-01,ORIGINAL,2026-11-01,REVISED,PAIMANA,9,0,TARGET_SOURCE_TRANSITION
P-617900,2025-02,2025-03-01,REVISED,2025-07-01,REVISED,OCMS_LEGACY,4,1,
P-617900,2025-04,2025-07-01,REVISED,2025-08-01,REVISED,OCMS_LEGACY,1,1,
P-617900,2025-12,2025-08-01,REVISED,2025-03-01,REVISED,PAIMANA,-5,0,REPORTING_REGIME_CHANGE
P-617900,2026-01,2025-03-01,REVISED,2026-01-01,REVISED,PAIMANA,10,1,
P-617900,2026-03,2026-01-01,REVISED,2025-09-01,REVISED,PAIMANA,-4,1,
P-617901,2025-02,2024-03-01,REVISED,2025-06-01,REVISED,OCMS_LEGACY,15,1,
P-617901,2025-04,2025-06-01,REVISED,2025-08-01,ANTICIPATED,OCMS_LEGACY,2,0,TARGET_SOURCE_TRANSITION
P-617901,2025-05,2025-08-01,ANTICIPATED,2025-08-01,REVISED,OCMS_LEGACY,0,1,
P-617901,2025-12,2025-08-01,REVISED,2025-07-01,REVISED,PAIMANA,-1,0,REPORTING_REGIME_CHANGE
P-617901,2026-01,2025-07-01,REVISED,2026-02-01,REVISED,PAIMANA,7,1,
P-617901,2026-02,2026-02-01,REVISED,2025-07-01,REVISED,PAIMANA,-7,1,
P-617901,2026-03,2025-07-01,REVISED,2026-03-01,REVISED,PAIMANA,8,1,
P-617902,2026-03,2026-12-01,ORIGINAL,2026-12-01,REVISED,PAIMANA,0,1,
P-617904,2025-04,2025-11-01,REVISED,2025-11-01,ANTICIPATED,OCMS_LEGACY,0,1,
P-617904,2025-05,2025-11-01,ANTICIPATED,2025-11-01,REVISED,OCMS_LEGACY,0,1,
P-617904,2025-12,2025-11-01,REVISED,2025-10-01,ORIGINAL,PAIMANA,-1,0,REPORTING_REGIME_CHANGE
P-617904,2026-03,2025-10-01,ORIGINAL,2026-07-01,REVISED,PAIMANA,9,0,TARGET_SOURCE_TRANSITION
P-617905,2025-03,2025-05-01,REVISED,2025-08-01,REVISED,OCMS_LEGACY,3,1,
P-617905,2025-04,2025-08-01,REVISED,2025-08-01,ANTICIPATED,OCMS_LEGACY,0,1,
P-617905,2025-05,2025-08-01,ANTICIPATED,2025-08-01,REVISED,OCMS_LEGACY,0,1,
P-617905,2025-06,2025-08-01,REVISED,2025-10-01,REVISED,OCMS_LEGACY,2,1,
P-617905,2025-12,2025-10-01,REVISED,2025-05-01,ORIGINAL,PAIMANA,-5,0,REPORTING_REGIME_CHANGE
P-617905,2026-03,2025-05-01,ORIGINAL,2026-10-01,REVISED,PAIMANA,17,0,TARGET_SOURCE_TRANSITION
P-617906,2026-03,2027-01-01,ORIGINAL,2027-01-01,REVISED,PAIMANA,0,1,
P-617907,2025-06,2025-03-01,REVISED,2025-09-01,REVISED,OCMS_LEGACY,6,1,
P-617907,2025-12,2025-09-01,REVISED,2024-09-01,ORIGINAL,PAIMANA,-12,0,REPORTING_REGIME_CHANGE
P-617907,2026-03,2024-09-01,ORIGINAL,2026-04-01,REVISED,PAIMANA,19,0,TARGET_SOURCE_TRANSITION
P-617908,2026-03,2027-04-01,ORIGINAL,2027-04-01,REVISED,PAIMANA,0,1,
P-617909,2026-03,2027-02-01,ORIGINAL,2027-02-01,REVISED,PAIMANA,0,1,
P-617911,2025-04,2025-06-01,REVISED,2025-06-01,ANTICIPATED,OCMS_LEGACY,0,1,
P-617911,2025-05,2025-06-01,ANTICIPATED,2025-06-01,REVISED,OCMS_LEGACY,0,1,
P-617911,2025-12,2025-06-01,REVISED,2023-07-01,REVISED,PAIMANA,-23,0,REPORTING_REGIME_CHANGE
P-617911,2026-03,2023-07-01,REVISED,2026-06-01,REVISED,PAIMANA,35,1,
P-617912,2026-03,2027-10-01,ORIGINAL,2027-10-01,REVISED,PAIMANA,0,1,
P-617913,2025-03,2024-08-01,REVISED,2020-05-01,REVISED,OCMS_LEGACY,-51,1,
P-617913,2025-12,2020-05-01,REVISED,2021-07-01,REVISED,PAIMANA,14,0,REPORTING_REGIME_CHANGE
P-617913,2026-03,2021-07-01,REVISED,2025-12-01,REVISED,PAIMANA,53,1,
P-617913,2026-04,2025-12-01,REVISED,2026-06-01,REVISED,PAIMANA,6,1,
P-617914,2026-03,2025-12-01,ORIGINAL,2026-06-01,REVISED,PAIMANA,6,0,TARGET_SOURCE_TRANSITION
P-617914,2026-04,2026-06-01,REVISED,2027-06-01,REVISED,PAIMANA,12,1,
P-617915,2025-12,2025-09-01,REVISED,2025-09-01,ORIGINAL,PAIMANA,0,1,
P-617915,2026-03,2025-09-01,ORIGINAL,2026-03-01,REVISED,PAIMANA,6,0,TARGET_SOURCE_TRANSITION
P-617915,2026-04,2026-03-01,REVISED,2026-05-01,REVISED,PAIMANA,2,1,
P-617916,2026-03,2028-02-01,ORIGINAL,2028-02-01,REVISED,PAIMANA,0,1,
P-617917,2025-12,2024-04-01,REVISED,2025-04-01,REVISED,PAIMANA,12,0,REPORTING_REGIME_CHANGE
P-617919,2025-03,2025-03-01,REVISED,2025-05-01,REVISED,OCMS_LEGACY,2,1,
P-617919,2025-12,2025-05-01,REVISED,2021-01-01,REVISED,PAIMANA,-52,0,REPORTING_REGIME_CHANGE
P-617919,2026-03,2021-01-01,REVISED,2025-08-01,REVISED,PAIMANA,55,1,
P-617920,2026-03,2027-06-01,ORIGINAL,2027-06-01,REVISED,PAIMANA,0,1,
P-617921,2025-04,2025-06-01,REVISED,2025-12-01,REVISED,OCMS_LEGACY,6,1,
P-617921,2025-12,2025-12-01,REVISED,2025-06-01,ORIGINAL,PAIMANA,-6,0,REPORTING_REGIME_CHANGE
P-617921,2026-03,2025-06-01,ORIGINAL,2026-05-01,REVISED,PAIMANA,11,0,TARGET_SOURCE_TRANSITION
P-617922,2026-03,2027-07-01,ORIGINAL,2027-07-01,REVISED,PAIMANA,0,1,
P-617923,2026-03,2027-05-01,ORIGINAL,2027-05-01,REVISED,PAIMANA,0,1,
P-617924,2025-03,2025-05-01,REVISED,2025-06-01,REVISED,OCMS_LEGACY,1,1,
P-617924,2025-04,2025-06-01,REVISED,2025-08-01,REVISED,OCMS_LEGACY,2,1,
P-617924,2025-12,2025-08-01,REVISED,2025-04-01,ORIGINAL,PAIMANA,-4,0,REPORTING_REGIME_CHANGE
P-617924,2026-03,2025-04-01,ORIGINAL,2026-03-01,REVISED,PAIMANA,11,0,TARGET_SOURCE_TRANSITION
P-617925,2025-03,2025-05-01,REVISED,2025-06-01,REVISED,OCMS_LEGACY,1,1,
P-617925,2025-04,2025-06-01,REVISED,2025-08-01,ANTICIPATED,OCMS_LEGACY,2,0,TARGET_SOURCE_TRANSITION
P-617925,2025-05,2025-08-01,ANTICIPATED,2025-08-01,REVISED,OCMS_LEGACY,0,1,
P-617925,2025-12,2025-08-01,REVISED,2025-07-01,REVISED,PAIMANA,-1,0,REPORTING_REGIME_CHANGE
P-617925,2026-03,2025-07-01,REVISED,2026-06-01,REVISED,PAIMANA,11,1,
P-617926,2026-03,2025-11-01,REVISED,2027-08-01,REVISED,PAIMANA,21,1,
P-617927,2026-03,2026-08-01,ORIGINAL,2027-09-01,REVISED,PAIMANA,13,0,TARGET_SOURCE_TRANSITION
P-617928,2025-12,2026-03-01,REVISED,2026-03-01,ORIGINAL,PAIMANA,0,1,
P-617928,2026-03,2026-03-01,ORIGINAL,2026-04-01,REVISED,PAIMANA,1,0,TARGET_SOURCE_TRANSITION
P-617928,2026-04,2026-04-01,REVISED,2026-06-01,REVISED,PAIMANA,2,1,
P-617929,2025-04,2023-12-01,REVISED,2023-12-01,ANTICIPATED,OCMS_LEGACY,0,1,
P-617929,2025-05,2023-12-01,ANTICIPATED,2023-12-01,REVISED,OCMS_LEGACY,0,1,
P-617929,2025-06,2023-12-01,REVISED,2020-05-01,REVISED,OCMS_LEGACY,-43,1,
P-617929,2025-12,2020-05-01,REVISED,2021-02-01,REVISED,PAIMANA,9,0,REPORTING_REGIME_CHANGE
P-617929,2026-03,2021-02-01,REVISED,2026-12-01,REVISED,PAIMANA,70,1,
P-617930,2025-03,2025-05-01,REVISED,2025-06-01,REVISED,OCMS_LEGACY,1,1,
P-617930,2025-04,2025-06-01,REVISED,2025-08-01,REVISED,OCMS_LEGACY,2,1,
P-617930,2025-12,2025-08-01,REVISED,2024-03-01,ORIGINAL,PAIMANA,-17,0,REPORTING_REGIME_CHANGE
P-617930,2026-01,2024-03-01,ORIGINAL,2025-12-01,ORIGINAL,PAIMANA,21,1,
P-617930,2026-03,2025-12-01,ORIGINAL,2026-06-01,REVISED,PAIMANA,6,0,TARGET_SOURCE_TRANSITION
P-617931,2026-03,2025-08-01,ORIGINAL,2027-03-01,REVISED,PAIMANA,19,0,TARGET_SOURCE_TRANSITION
P-617932,2025-12,2024-10-01,REVISED,2025-05-01,REVISED,PAIMANA,7,0,REPORTING_REGIME_CHANGE
P-617932,2026-03,2025-05-01,REVISED,2026-06-01,REVISED,PAIMANA,13,1,
P-617933,2025-12,2026-08-01,REVISED,2026-08-01,ORIGINAL,PAIMANA,0,1,
P-617933,2026-03,2026-08-01,ORIGINAL,2026-08-01,REVISED,PAIMANA,0,1,
P-617934,2025-02,2024-03-01,ORIGINAL,2024-03-01,REVISED,OCMS_LEGACY,0,1,
P-617934,2025-03,2024-03-01,REVISED,2019-09-01,ORIGINAL,OCMS_LEGACY,-54,0,TARGET_SOURCE_TRANSITION
P-617934,2025-04,2019-09-01,ORIGINAL,2019-09-01,REVISED,OCMS_LEGACY,0,1,
P-617934,2025-12,2019-09-01,REVISED,2020-12-01,REVISED,PAIMANA,15,0,REPORTING_REGIME_CHANGE
P-617934,2026-03,2020-12-01,REVISED,2026-06-01,REVISED,PAIMANA,66,1,
P-617935,2025-04,2025-06-01,REVISED,2025-06-01,ANTICIPATED,OCMS_LEGACY,0,1,
P-617935,2025-05,2025-06-01,ANTICIPATED,2025-06-01,REVISED,OCMS_LEGACY,0,1,
P-617935,2025-12,2025-06-01,REVISED,2025-08-01,REVISED,PAIMANA,2,0,REPORTING_REGIME_CHANGE
P-617935,2026-03,2025-08-01,REVISED,2026-11-01,REVISED,PAIMANA,15,1,
P-617936,2025-03,2024-08-01,REVISED,2019-03-01,REVISED,OCMS_LEGACY,-65,1,
P-617936,2025-12,2019-03-01,REVISED,2019-03-01,ORIGINAL,PAIMANA,0,1,
P-617938,2026-03,2027-03-01,ORIGINAL,2027-03-01,REVISED,PAIMANA,0,1,
P-617939,2026-03,2026-07-01,ORIGINAL,2026-07-01,REVISED,PAIMANA,0,1,
P-617940,2025-06,2025-06-01,REVISED,2024-07-01,REVISED,OCMS_LEGACY,-11,1,
P-617940,2025-12,2024-07-01,REVISED,2025-09-01,REVISED,PAIMANA,14,0,REPORTING_REGIME_CHANGE
P-617940,2026-03,2025-09-01,REVISED,2026-06-01,REVISED,PAIMANA,9,1,
P-617941,2026-04,2028-02-01,ORIGINAL,2028-02-01,REVISED,PAIMANA,0,1,
P-617942,2025-12,2026-04-01,REVISED,2026-02-01,REVISED,PAIMANA,-2,0,REPORTING_REGIME_CHANGE
P-617942,2026-03,2026-02-01,REVISED,2026-10-01,REVISED,PAIMANA,8,1,
P-617944,2025-02,2023-12-01,ORIGINAL,2023-12-01,REVISED,OCMS_LEGACY,0,1,
P-617944,2025-03,2023-12-01,REVISED,2023-12-01,ORIGINAL,OCMS_LEGACY,0,1,
P-617944,2025-04,2023-12-01,ORIGINAL,2023-12-01,REVISED,OCMS_LEGACY,0,1,
P-617944,2025-12,2023-12-01,REVISED,2021-04-01,REVISED,PAIMANA,-32,0,REPORTING_REGIME_CHANGE
P-617945,2026-03,2027-04-01,ORIGINAL,2027-04-01,REVISED,PAIMANA,0,1,
P-617946,2026-01,2023-12-01,ORIGINAL,2020-12-01,REVISED,PAIMANA,-36,0,REPORTING_REGIME_CHANGE
P-617946,2026-03,2020-12-01,REVISED,2025-12-01,REVISED,PAIMANA,60,1,
P-617947,2025-12,,MISSING,2024-02-01,REVISED,PAIMANA,,0,MISSING_TARGET
P-617947,2026-03,2024-02-01,REVISED,2026-03-01,REVISED,PAIMANA,25,1,
P-617948,2025-03,2024-12-01,REVISED,2024-12-01,ORIGINAL,OCMS_LEGACY,0,1,
P-617948,2025-04,2024-12-01,ORIGINAL,2024-12-01,REVISED,OCMS_LEGACY,0,1,
P-617948,2025-12,2024-12-01,REVISED,2023-03-01,REVISED,PAIMANA,-21,0,REPORTING_REGIME_CHANGE
P-617948,2026-03,2023-03-01,REVISED,2025-11-01,REVISED,PAIMANA,32,1,
P-617949,2025-12,2026-03-01,REVISED,2026-03-01,ORIGINAL,PAIMANA,0,1,
P-617949,2026-03,2026-03-01,ORIGINAL,2026-03-01,REVISED,PAIMANA,0,1,
P-617950,2026-03,2027-01-01,ORIGINAL,2027-01-01,REVISED,PAIMANA,0,1,
P-617954,2025-04,2025-02-01,REVISED,2025-02-01,ANTICIPATED,OCMS_LEGACY,0,1,
P-617954,2025-05,2025-02-01,ANTICIPATED,2025-02-01,REVISED,OCMS_LEGACY,0,1,
P-617954,2025-12,2025-02-01,REVISED,2025-02-01,ORIGINAL,PAIMANA,0,1,
P-617954,2026-03,2025-02-01,ORIGINAL,2026-04-01,REVISED,PAIMANA,14,0,TARGET_SOURCE_TRANSITION
P-617955,2025-04,2025-03-01,REVISED,2025-03-01,ANTICIPATED,OCMS_LEGACY,0,1,
P-617955,2025-05,2025-03-01,ANTICIPATED,2025-03-01,REVISED,OCMS_LEGACY,0,1,
P-617955,2025-12,2025-03-01,REVISED,2025-03-01,ORIGINAL,PAIMANA,0,1,
P-617955,2026-03,2025-03-01,ORIGINAL,2026-12-01,REVISED,PAIMANA,21,0,TARGET_SOURCE_TRANSITION
P-617957,2025-12,2025-09-01,REVISED,2025-09-01,ORIGINAL,PAIMANA,0,1,
P-617958,2025-12,2025-09-01,REVISED,2024-11-01,ORIGINAL,PAIMANA,-10,0,REPORTING_REGIME_CHANGE
P-617958,2026-03,2024-11-01,ORIGINAL,2026-05-01,REVISED,PAIMANA,18,0,TARGET_SOURCE_TRANSITION
P-617958,2026-04,2026-05-01,REVISED,2026-07-01,REVISED,PAIMANA,2,1,
P-617959,2025-02,2025-03-01,REVISED,2025-04-01,REVISED,OCMS_LEGACY,1,1,
P-617959,2025-03,2025-04-01,REVISED,2025-05-01,REVISED,OCMS_LEGACY,1,1,
P-617959,2025-04,2025-05-01,REVISED,2025-06-01,REVISED,OCMS_LEGACY,1,1,
P-617959,2025-06,2025-06-01,REVISED,2025-07-01,REVISED,OCMS_LEGACY,1,1,
P-617959,2025-12,2025-07-01,REVISED,2025-01-01,ORIGINAL,PAIMANA,-6,0,REPORTING_REGIME_CHANGE
P-617960,2025-03,2025-03-01,REVISED,2025-07-01,REVISED,OCMS_LEGACY,4,1,
P-617960,2025-04,2025-07-01,REVISED,2025-07-01,ANTICIPATED,OCMS_LEGACY,0,1,
P-617960,2025-05,2025-07-01,ANTICIPATED,2025-07-01,REVISED,OCMS_LEGACY,0,1,
P-617960,2025-06,2025-07-01,REVISED,2025-09-01,REVISED,OCMS_LEGACY,2,1,
P-617960,2025-12,2025-09-01,REVISED,2021-11-01,REVISED,PAIMANA,-46,0,REPORTING_REGIME_CHANGE
P-617960,2026-03,2021-11-01,REVISED,2026-06-01,REVISED,PAIMANA,55,1,
P-617961,2025-04,2025-06-01,REVISED,2025-06-01,ANTICIPATED,OCMS_LEGACY,0,1,
P-617961,2025-05,2025-06-01,ANTICIPATED,2025-06-01,REVISED,OCMS_LEGACY,0,1,
P-617961,2025-06,2025-06-01,REVISED,2025-08-01,REVISED,OCMS_LEGACY,2,1,
P-617961,2025-12,2025-08-01,REVISED,2022-07-01,REVISED,PAIMANA,-37,0,REPORTING_REGIME_CHANGE
P-617961,2026-03,2022-07-01,REVISED,2026-07-01,REVISED,PAIMANA,48,1,
P-617962,2025-12,2026-08-01,REVISED,2026-08-01,ORIGINAL,PAIMANA,0,1,
P-617962,2026-03,2026-08-01,ORIGINAL,2026-08-01,REVISED,PAIMANA,0,1,
P-617963,2026-01,2027-01-01,REVISED,2027-01-01,ORIGINAL,PAIMANA,0,1,
P-617963,2026-03,2027-01-01,ORIGINAL,2027-01-01,REVISED,PAIMANA,0,1,
P-617963,2026-04,2027-01-01,REVISED,2027-07-01,REVISED,PAIMANA,6,1,
P-617964,2025-12,2026-11-01,REVISED,2026-11-01,ORIGINAL,PAIMANA,0,1,
P-617964,2026-04,2026-11-01,ORIGINAL,2026-11-01,REVISED,PAIMANA,0,1,
P-617965,2025-02,2024-07-01,ORIGINAL,2024-07-01,REVISED,OCMS_LEGACY,0,1,
P-617965,2025-12,2024-07-01,REVISED,2025-09-01,REVISED,PAIMANA,14,0,REPORTING_REGIME_CHANGE
P-617965,2026-03,2025-09-01,REVISED,2026-06-01,REVISED,PAIMANA,9,1,
P-617966,2025-04,2025-04-01,REVISED,2025-06-01,ANTICIPATED,OCMS_LEGACY,2,0,TARGET_SOURCE_TRANSITION
P-617966,2025-05,2025-06-01,ANTICIPATED,2025-06-01,REVISED,OCMS_LEGACY,0,1,
P-617966,2025-06,2025-06-01,REVISED,2025-08-01,REVISED,OCMS_LEGACY,2,1,
P-617966,2025-12,2025-08-01,REVISED,2022-06-01,REVISED,PAIMANA,-38,0,REPORTING_REGIME_CHANGE
P-617966,2026-03,2022-06-01,REVISED,2026-04-01,REVISED,PAIMANA,46,1,
P-617966,2026-04,2026-04-01,REVISED,2026-05-01,REVISED,PAIMANA,1,1,
P-617967,2026-03,2025-07-01,ORIGINAL,2026-03-01,REVISED,PAIMANA,8,0,TARGET_SOURCE_TRANSITION
P-617967,2026-04,2026-03-01,REVISED,2026-05-01,REVISED,PAIMANA,2,1,
P-617968,2025-04,2023-03-01,REVISED,2023-03-01,ANTICIPATED,OCMS_LEGACY,0,1,
P-617968,2025-05,2023-03-01,ANTICIPATED,2023-03-01,REVISED,OCMS_LEGACY,0,1,
P-617968,2025-06,2023-03-01,REVISED,2020-02-01,REVISED,OCMS_LEGACY,-37,1,
P-617968,2025-12,2020-02-01,REVISED,2021-07-01,REVISED,PAIMANA,17,0,REPORTING_REGIME_CHANGE
P-617968,2026-03,2021-07-01,REVISED,2024-03-01,REVISED,PAIMANA,32,1,
P-617969,2025-12,2026-07-01,REVISED,2026-07-01,ORIGINAL,PAIMANA,0,1,
P-617969,2026-03,2026-07-01,ORIGINAL,2026-07-01,REVISED,PAIMANA,0,1,
P-617970,2025-04,2023-03-01,REVISED,2023-03-01,ANTICIPATED,OCMS_LEGACY,0,1,
P-617970,2025-05,2023-03-01,ANTICIPATED,2023-03-01,REVISED,OCMS_LEGACY,0,1,
P-617970,2025-06,2023-03-01,REVISED,2019-06-01,REVISED,OCMS_LEGACY,-45,1,
P-617970,2025-12,2019-06-01,REVISED,2021-03-01,REVISED,PAIMANA,21,0,REPORTING_REGIME_CHANGE
P-617970,2026-03,2021-03-01,REVISED,2023-10-01,REVISED,PAIMANA,31,1,
P-617971,2026-03,2027-03-01,ORIGINAL,2027-03-01,REVISED,PAIMANA,0,1,
P-617973,2025-02,2025-02-01,REVISED,2025-03-01,REVISED,OCMS_LEGACY,1,1,
P-617973,2025-03,2025-03-01,REVISED,2025-05-01,REVISED,OCMS_LEGACY,2,1,
P-617973,2025-12,2025-05-01,REVISED,2020-11-01,ORIGINAL,PAIMANA,-54,0,REPORTING_REGIME_CHANGE
P-617973,2026-03,2020-11-01,ORIGINAL,2026-02-01,REVISED,PAIMANA,63,0,TARGET_SOURCE_TRANSITION
P-617975,2025-12,2019-11-01,REVISED,2021-10-01,REVISED,PAIMANA,23,0,REPORTING_REGIME_CHANGE
P-617975,2026-03,2021-10-01,REVISED,2024-07-01,REVISED,PAIMANA,33,1,
P-617976,2025-12,2026-03-01,REVISED,2026-06-01,ORIGINAL,PAIMANA,3,0,REPORTING_REGIME_CHANGE
P-617976,2026-03,2026-06-01,ORIGINAL,2026-06-01,REVISED,PAIMANA,0,1,
P-617978,2026-03,2027-05-01,ORIGINAL,2027-05-01,REVISED,PAIMANA,0,1,
P-617979,2026-03,2027-05-01,ORIGINAL,2026-11-01,REVISED,PAIMANA,-6,0,TARGET_SOURCE_TRANSITION
P-617980,2025-12,2026-02-01,REVISED,2026-04-01,REVISED,PAIMANA,2,0,REPORTING_REGIME_CHANGE
P-617980,2026-03,2026-04-01,REVISED,2026-10-01,REVISED,PAIMANA,6,1,
P-617981,2026-03,2019-05-01,ORIGINAL,2025-12-01,REVISED,PAIMANA,79,0,TARGET_SOURCE_TRANSITION
P-617981,2026-04,2025-12-01,REVISED,2026-05-01,REVISED,PAIMANA,5,1,
P-617982,2025-03,2020-11-01,REVISED,2019-12-01,REVISED,OCMS_LEGACY,-11,1,
P-617982,2025-12,2019-12-01,REVISED,2020-12-01,REVISED,PAIMANA,12,0,REPORTING_REGIME_CHANGE
P-617983,2025-12,2025-08-01,REVISED,2025-04-01,REVISED,PAIMANA,-4,0,REPORTING_REGIME_CHANGE
P-617983,2026-03,2025-04-01,REVISED,2026-06-01,REVISED,PAIMANA,14,1,
P-617984,2026-03,2025-05-01,ORIGINAL,2026-06-01,REVISED,PAIMANA,13,0,TARGET_SOURCE_TRANSITION
P-617984,2026-04,2026-06-01,REVISED,2026-11-01,REVISED,PAIMANA,5,1,
P-617985,2026-03,2024-02-01,REVISED,2026-07-01,REVISED,PAIMANA,29,1,
P-617985,2026-04,2026-07-01,REVISED,2027-05-01,REVISED,PAIMANA,10,1,
P-617986,2026-03,2026-12-01,ORIGINAL,2026-12-01,REVISED,PAIMANA,0,1,
P-617987,2026-03,2027-09-01,ORIGINAL,2027-09-01,REVISED,PAIMANA,0,1,
P-617988,2026-03,2027-07-01,ORIGINAL,2027-07-01,REVISED,PAIMANA,0,1,
P-617989,2026-03,2024-10-01,REVISED,2026-03-01,REVISED,PAIMANA,17,1,
P-617991,2026-03,2020-11-01,REVISED,2026-07-01,REVISED,PAIMANA,68,1,
P-617991,2026-04,2026-07-01,REVISED,2026-10-01,REVISED,PAIMANA,3,1,
P-617992,2025-02,2024-10-01,REVISED,2025-06-01,REVISED,OCMS_LEGACY,8,1,
P-617992,2025-05,2025-06-01,REVISED,2024-10-01,REVISED,OCMS_LEGACY,-8,1,
P-617992,2025-12,2024-10-01,REVISED,2020-09-01,ORIGINAL,PAIMANA,-49,0,REPORTING_REGIME_CHANGE
P-617992,2026-03,2020-09-01,ORIGINAL,2026-06-01,REVISED,PAIMANA,69,0,TARGET_SOURCE_TRANSITION
P-617993,2026-03,2019-11-01,ORIGINAL,2026-06-01,REVISED,PAIMANA,79,0,TARGET_SOURCE_TRANSITION
P-617994,2026-03,2019-11-01,ORIGINAL,2025-12-01,REVISED,PAIMANA,73,0,TARGET_SOURCE_TRANSITION
P-617995,2025-02,2025-03-01,ORIGINAL,2025-03-01,REVISED,OCMS_LEGACY,0,1,
P-617995,2025-03,2025-03-01,REVISED,2024-10-01,ORIGINAL,OCMS_LEGACY,-5,0,TARGET_SOURCE_TRANSITION
P-617995,2025-04,2024-10-01,ORIGINAL,2024-10-01,ANTICIPATED,OCMS_LEGACY,0,1,
P-617995,2025-05,2024-10-01,ANTICIPATED,2024-10-01,REVISED,OCMS_LEGACY,0,1,
P-617995,2025-06,2024-10-01,REVISED,2024-11-01,REVISED,OCMS_LEGACY,1,1,
P-617995,2025-12,2024-11-01,REVISED,2021-07-01,REVISED,PAIMANA,-40,0,REPORTING_REGIME_CHANGE
P-617995,2026-03,2021-07-01,REVISED,2025-12-01,REVISED,PAIMANA,53,1,
P-617996,2026-03,2023-07-01,REVISED,2026-03-01,REVISED,PAIMANA,32,1,
P-617998,2026-03,2025-02-01,ORIGINAL,2026-03-01,REVISED,PAIMANA,13,0,TARGET_SOURCE_TRANSITION
P-617999,2026-03,2026-04-01,ORIGINAL,2026-10-01,REVISED,PAIMANA,6,0,TARGET_SOURCE_TRANSITION
P-618000,2026-03,2024-02-01,ORIGINAL,2026-04-01,REVISED,PAIMANA,26,0,TARGET_SOURCE_TRANSITION
P-618001,2025-04,2025-03-01,REVISED,2025-03-01,ANTICIPATED,OCMS_LEGACY,0,1,
P-618001,2025-05,2025-03-01,ANTICIPATED,2025-03-01,REVISED,OCMS_LEGACY,0,1,
P-618001,2025-12,2025-03-01,REVISED,2024-04-01,REVISED,PAIMANA,-11,0,REPORTING_REGIME_CHANGE
P-618001,2026-03,2024-04-01,REVISED,2026-02-01,REVISED,PAIMANA,22,1,
P-618001,2026-04,2026-02-01,REVISED,2026-06-01,REVISED,PAIMANA,4,1,
P-618003,2026-03,2024-12-01,ORIGINAL,2026-06-01,REVISED,PAIMANA,18,0,TARGET_SOURCE_TRANSITION
P-618004,2026-03,2026-07-01,ORIGINAL,2027-04-01,REVISED,PAIMANA,9,0,TARGET_SOURCE_TRANSITION
P-618005,2026-03,2021-06-01,REVISED,2025-08-01,REVISED,PAIMANA,50,1,
P-618005,2026-04,2025-08-01,REVISED,2026-06-01,REVISED,PAIMANA,10,1,
P-618006,2026-03,2021-06-01,REVISED,2026-05-01,REVISED,PAIMANA,59,1,
P-618006,2026-04,2026-05-01,REVISED,2026-06-01,REVISED,PAIMANA,1,1,
P-618007,2026-03,2021-03-01,REVISED,2025-08-01,REVISED,PAIMANA,53,1,
P-618007,2026-04,2025-08-01,REVISED,2026-06-01,REVISED,PAIMANA,10,1,
P-618008,2026-03,2024-03-01,REVISED,2024-12-01,REVISED,PAIMANA,9,1,
P-618009,2025-03,2025-04-01,REVISED,2025-06-01,REVISED,OCMS_LEGACY,2,1,
P-618009,2025-05,2025-06-01,REVISED,2025-07-01,REVISED,OCMS_LEGACY,1,1,
P-618009,2025-12,2025-07-01,REVISED,2022-07-01,REVISED,PAIMANA,-36,0,REPORTING_REGIME_CHANGE
P-618009,2026-03,2022-07-01,REVISED,2026-06-01,REVISED,PAIMANA,47,1,
P-618010,2026-03,2026-11-01,ORIGINAL,2026-11-01,REVISED,PAIMANA,0,1,
P-618011,2025-02,2025-04-01,REVISED,2025-06-01,REVISED,OCMS_LEGACY,2,1,
P-618011,2025-04,2025-06-01,REVISED,2025-12-01,ANTICIPATED,OCMS_LEGACY,6,0,TARGET_SOURCE_TRANSITION
P-618011,2025-05,2025-12-01,ANTICIPATED,2025-12-01,REVISED,OCMS_LEGACY,0,1,
P-618011,2025-12,2025-12-01,REVISED,2025-06-01,REVISED,PAIMANA,-6,0,REPORTING_REGIME_CHANGE
P-618011,2026-01,2025-06-01,REVISED,2026-05-01,REVISED,PAIMANA,11,1,
P-618011,2026-02,2026-05-01,REVISED,2025-06-01,REVISED,PAIMANA,-11,1,
P-618011,2026-03,2025-06-01,REVISED,2026-05-01,REVISED,PAIMANA,11,1,
P-618012,2025-12,2026-02-01,REVISED,2026-02-01,ORIGINAL,PAIMANA,0,1,
P-618012,2026-03,2026-02-01,ORIGINAL,2026-06-01,REVISED,PAIMANA,4,0,TARGET_SOURCE_TRANSITION
P-618013,2026-03,2025-11-01,ORIGINAL,2026-04-01,REVISED,PAIMANA,5,0,TARGET_SOURCE_TRANSITION
P-618013,2026-04,2026-04-01,REVISED,2026-06-01,REVISED,PAIMANA,2,1,
P-618014,2026-03,2026-10-01,ORIGINAL,2026-10-01,REVISED,PAIMANA,0,1,
P-618015,2026-03,2026-01-01,ORIGINAL,2026-12-01,REVISED,PAIMANA,11,0,TARGET_SOURCE_TRANSITION
P-618016,2026-03,2027-05-01,ORIGINAL,2027-05-01,REVISED,PAIMANA,0,1,
P-618017,2026-03,2026-01-01,ORIGINAL,2026-12-01,REVISED,PAIMANA,11,0,TARGET_SOURCE_TRANSITION
P-618018,2026-03,2025-07-01,ORIGINAL,2026-12-01,REVISED,PAIMANA,17,0,TARGET_SOURCE_TRANSITION
P-618019,2025-12,2025-05-01,REVISED,2025-05-01,ORIGINAL,PAIMANA,0,1,
P-618019,2026-03,2025-05-01,ORIGINAL,2026-06-01,REVISED,PAIMANA,13,0,TARGET_SOURCE_TRANSITION
P-618020,2025-02,2025-03-01,REVISED,2025-12-01,REVISED,OCMS_LEGACY,9,1,
P-618020,2025-12,2025-12-01,REVISED,2025-07-01,REVISED,PAIMANA,-5,0,REPORTING_REGIME_CHANGE
P-618020,2026-03,2025-07-01,REVISED,2026-06-01,REVISED,PAIMANA,11,1,
P-618021,2026-03,2025-07-01,ORIGINAL,2027-06-01,REVISED,PAIMANA,23,0,TARGET_SOURCE_TRANSITION
P-618022,2025-04,2025-08-01,REVISED,2025-08-01,ANTICIPATED,OCMS_LEGACY,0,1,
P-618022,2025-05,2025-08-01,ANTICIPATED,2025-08-01,REVISED,OCMS_LEGACY,0,1,
P-618022,2026-01,2025-08-01,REVISED,2025-08-01,ORIGINAL,PAIMANA,0,1,
P-618022,2026-03,2025-08-01,ORIGINAL,2026-05-01,REVISED,PAIMANA,9,0,TARGET_SOURCE_TRANSITION
P-618022,2026-04,2026-05-01,REVISED,2026-12-01,REVISED,PAIMANA,7,1,
P-618023,2025-05,2025-04-01,REVISED,2025-07-01,REVISED,OCMS_LEGACY,3,1,
P-618023,2025-12,2025-07-01,REVISED,2025-04-01,ORIGINAL,PAIMANA,-3,0,REPORTING_REGIME_CHANGE
P-618023,2026-03,2025-04-01,ORIGINAL,2026-03-01,REVISED,PAIMANA,11,0,TARGET_SOURCE_TRANSITION
P-618024,2025-05,2025-04-01,REVISED,2025-10-01,REVISED,OCMS_LEGACY,6,1,
P-618024,2025-12,2025-10-01,REVISED,2025-04-01,ORIGINAL,PAIMANA,-6,0,REPORTING_REGIME_CHANGE
P-618024,2026-03,2025-04-01,ORIGINAL,2026-04-01,REVISED,PAIMANA,12,0,TARGET_SOURCE_TRANSITION
P-618024,2026-04,2026-04-01,REVISED,2026-06-01,REVISED,PAIMANA,2,1,
P-618025,2025-03,2024-08-01,REVISED,2019-07-01,REVISED,OCMS_LEGACY,-61,1,
P-618025,2025-12,2019-07-01,REVISED,2019-12-01,ORIGINAL,PAIMANA,5,0,REPORTING_REGIME_CHANGE
P-618025,2026-03,2019-12-01,ORIGINAL,2026-05-01,REVISED,PAIMANA,77,0,TARGET_SOURCE_TRANSITION
P-618026,2025-03,2021-06-01,REVISED,2019-10-01,REVISED,OCMS_LEGACY,-20,1,
P-618026,2025-12,2019-10-01,REVISED,2019-10-01,ORIGINAL,PAIMANA,0,1,
P-618026,2026-03,2019-10-01,ORIGINAL,2026-04-01,REVISED,PAIMANA,78,0,TARGET_SOURCE_TRANSITION
P-618026,2026-04,2026-04-01,REVISED,2026-05-01,REVISED,PAIMANA,1,1,
P-618027,2026-03,2026-03-01,ORIGINAL,2026-03-01,REVISED,PAIMANA,0,1,
P-618028,2026-03,2027-06-01,ORIGINAL,2027-06-01,REVISED,PAIMANA,0,1,
P-618029,2025-04,2025-01-01,REVISED,2025-01-01,ANTICIPATED,OCMS_LEGACY,0,1,
P-618029,2025-05,2025-01-01,ANTICIPATED,2025-01-01,REVISED,OCMS_LEGACY,0,1,
P-618029,2025-12,2025-01-01,REVISED,2025-01-01,ORIGINAL,PAIMANA,0,1,
P-618029,2026-03,2025-01-01,ORIGINAL,2027-01-01,REVISED,PAIMANA,24,0,TARGET_SOURCE_TRANSITION
P-618030,2025-04,2025-09-01,REVISED,2025-09-01,ANTICIPATED,OCMS_LEGACY,0,1,
P-618030,2025-05,2025-09-01,ANTICIPATED,2025-09-01,REVISED,OCMS_LEGACY,0,1,
P-618030,2025-12,2025-09-01,REVISED,2024-05-01,ORIGINAL,PAIMANA,-16,0,REPORTING_REGIME_CHANGE
P-618030,2026-03,2024-05-01,ORIGINAL,2026-12-01,REVISED,PAIMANA,31,0,TARGET_SOURCE_TRANSITION
P-618031,2025-04,2024-12-01,REVISED,2024-12-01,ANTICIPATED,OCMS_LEGACY,0,1,
P-618031,2025-05,2024-12-01,ANTICIPATED,2024-12-01,REVISED,OCMS_LEGACY,0,1,
P-618031,2025-12,2024-12-01,REVISED,2024-06-01,ORIGINAL,PAIMANA,-6,0,REPORTING_REGIME_CHANGE
P-618031,2026-01,2024-06-01,ORIGINAL,2025-12-01,ORIGINAL,PAIMANA,18,1,
P-618031,2026-03,2025-12-01,ORIGINAL,2026-08-01,REVISED,PAIMANA,8,0,TARGET_SOURCE_TRANSITION
P-618033,2025-12,2027-03-01,REVISED,2024-12-01,ORIGINAL,PAIMANA,-27,0,REPORTING_REGIME_CHANGE
P-618033,2026-03,2024-12-01,ORIGINAL,2026-07-01,REVISED,PAIMANA,19,0,TARGET_SOURCE_TRANSITION
P-618034,2026-01,2026-08-01,REVISED,2026-08-01,ORIGINAL,PAIMANA,0,1,
P-618034,2026-03,2026-08-01,ORIGINAL,2026-08-01,REVISED,PAIMANA,0,1,
P-618035,2026-03,2026-05-01,ORIGINAL,2026-05-01,REVISED,PAIMANA,0,1,
P-618035,2026-04,2026-05-01,REVISED,2026-12-01,REVISED,PAIMANA,7,1,
P-618036,2026-03,2026-11-01,ORIGINAL,2026-11-01,REVISED,PAIMANA,0,1,
P-618037,2025-02,2025-07-01,ORIGINAL,2025-07-01,REVISED,OCMS_LEGACY,0,1,
P-618037,2025-12,2025-07-01,REVISED,2024-05-01,ORIGINAL,PAIMANA,-14,0,REPORTING_REGIME_CHANGE
P-618037,2026-03,2024-05-01,ORIGINAL,2026-06-01,REVISED,PAIMANA,25,0,TARGET_SOURCE_TRANSITION
P-618042,2025-12,2025-05-01,REVISED,2025-05-01,ORIGINAL,PAIMANA,0,1,
P-618042,2026-03,2025-05-01,ORIGINAL,2026-03-01,REVISED,PAIMANA,10,0,TARGET_SOURCE_TRANSITION
P-618043,2026-03,2026-07-01,ORIGINAL,2026-07-01,REVISED,PAIMANA,0,1,
P-618045,2025-02,2025-02-01,REVISED,2025-03-01,REVISED,OCMS_LEGACY,1,1,
P-618045,2025-12,2025-03-01,REVISED,2024-12-01,ORIGINAL,PAIMANA,-3,0,REPORTING_REGIME_CHANGE
P-618046,2025-12,2024-09-01,REVISED,2024-09-01,ORIGINAL,PAIMANA,0,1,
P-618047,2026-03,2027-05-01,ORIGINAL,2027-05-01,REVISED,PAIMANA,0,1,
P-618049,2026-03,2026-07-01,ORIGINAL,2026-07-01,REVISED,PAIMANA,0,1,
P-618050,2025-04,2024-07-01,REVISED,2021-09-01,REVISED,OCMS_LEGACY,-34,1,
P-618050,2025-05,2021-09-01,REVISED,2024-07-01,REVISED,OCMS_LEGACY,34,1,
P-618050,2025-12,2024-07-01,REVISED,2024-11-01,REVISED,PAIMANA,4,0,REPORTING_REGIME_CHANGE
P-618052,2026-03,2027-08-01,ORIGINAL,2027-08-01,REVISED,PAIMANA,0,1,
P-618053,2026-03,2027-08-01,ORIGINAL,2027-08-01,REVISED,PAIMANA,0,1,
P-618054,2025-12,2026-02-01,REVISED,2026-02-01,ORIGINAL,PAIMANA,0,1,
P-618054,2026-03,2026-02-01,ORIGINAL,2026-08-01,REVISED,PAIMANA,6,0,TARGET_SOURCE_TRANSITION
P-618055,2025-04,2025-06-01,REVISED,2025-08-01,REVISED,OCMS_LEGACY,2,1,
P-618055,2025-12,2025-08-01,REVISED,2025-06-01,ORIGINAL,PAIMANA,-2,0,REPORTING_REGIME_CHANGE
P-618055,2026-04,2025-06-01,ORIGINAL,2026-06-01,REVISED,PAIMANA,12,0,TARGET_SOURCE_TRANSITION
P-618056,2025-04,2025-09-01,REVISED,2026-02-01,REVISED,OCMS_LEGACY,5,1,
P-618056,2025-12,2026-02-01,REVISED,2026-04-01,REVISED,PAIMANA,2,0,REPORTING_REGIME_CHANGE
P-618056,2026-03,2026-04-01,REVISED,2026-12-01,REVISED,PAIMANA,8,1,
P-618057,2025-04,2025-05-01,REVISED,2025-08-01,REVISED,OCMS_LEGACY,3,1,
P-618057,2025-05,2025-08-01,REVISED,2026-02-01,REVISED,OCMS_LEGACY,6,1,
P-618057,2025-12,2026-02-01,REVISED,2025-05-01,ORIGINAL,PAIMANA,-9,0,REPORTING_REGIME_CHANGE
P-618057,2026-03,2025-05-01,ORIGINAL,2026-12-01,REVISED,PAIMANA,19,0,TARGET_SOURCE_TRANSITION
P-618059,2025-12,2025-08-01,REVISED,2025-08-01,ORIGINAL,PAIMANA,0,1,
P-618059,2026-03,2025-08-01,ORIGINAL,2026-07-01,REVISED,PAIMANA,11,0,TARGET_SOURCE_TRANSITION
P-618060,2025-12,2024-12-01,REVISED,2024-07-01,ORIGINAL,PAIMANA,-5,0,REPORTING_REGIME_CHANGE
P-618060,2026-03,2024-07-01,ORIGINAL,2026-04-01,REVISED,PAIMANA,21,0,TARGET_SOURCE_TRANSITION
P-618061,2026-03,2026-09-01,ORIGINAL,2026-09-01,REVISED,PAIMANA,0,1,
P-618062,2025-12,2026-03-01,REVISED,2025-09-01,ORIGINAL,PAIMANA,-6,0,REPORTING_REGIME_CHANGE
P-618062,2026-03,2025-09-01,ORIGINAL,2026-01-01,REVISED,PAIMANA,4,0,TARGET_SOURCE_TRANSITION
P-618063,2025-02,2025-03-01,REVISED,2025-04-01,REVISED,OCMS_LEGACY,1,1,
P-618063,2025-03,2025-04-01,REVISED,2025-05-01,REVISED,OCMS_LEGACY,1,1,
P-618063,2025-04,2025-05-01,REVISED,2025-06-01,REVISED,OCMS_LEGACY,1,1,
P-618063,2025-05,2025-06-01,REVISED,2025-07-01,REVISED,OCMS_LEGACY,1,1,
P-618063,2025-06,2025-07-01,REVISED,2025-08-01,REVISED,OCMS_LEGACY,1,1,
P-618063,2025-12,2025-08-01,REVISED,2025-08-01,REVISED,PAIMANA,0,1,
P-618063,2026-03,2025-08-01,REVISED,2026-06-01,REVISED,PAIMANA,10,1,
P-618064,2025-02,2025-02-01,REVISED,2025-03-01,REVISED,OCMS_LEGACY,1,1,
P-618064,2025-03,2025-03-01,REVISED,2025-05-01,REVISED,OCMS_LEGACY,2,1,
P-618064,2025-04,2025-05-01,REVISED,2025-06-01,REVISED,OCMS_LEGACY,1,1,
P-618064,2025-12,2025-06-01,REVISED,2024-05-01,ORIGINAL,PAIMANA,-13,0,REPORTING_REGIME_CHANGE
P-618065,2025-12,2025-09-01,REVISED,2025-09-01,ORIGINAL,PAIMANA,0,1,
P-618065,2026-03,2025-09-01,ORIGINAL,2026-08-01,REVISED,PAIMANA,11,0,TARGET_SOURCE_TRANSITION
P-618066,2026-01,2027-02-01,REVISED,2027-02-01,ORIGINAL,PAIMANA,0,1,
P-618066,2026-03,2027-02-01,ORIGINAL,2027-02-01,REVISED,PAIMANA,0,1,
P-618067,2026-03,2027-11-01,ORIGINAL,2027-11-01,REVISED,PAIMANA,0,1,
P-618068,2025-12,2025-10-01,REVISED,2025-10-01,ORIGINAL,PAIMANA,0,1,
P-618068,2026-03,2025-10-01,ORIGINAL,2026-12-01,REVISED,PAIMANA,14,0,TARGET_SOURCE_TRANSITION
P-618069,2026-01,2026-10-01,REVISED,2026-10-01,ORIGINAL,PAIMANA,0,1,
P-618069,2026-03,2026-10-01,ORIGINAL,2026-10-01,REVISED,PAIMANA,0,1,
P-618070,2025-04,2024-08-01,REVISED,2024-08-01,ANTICIPATED,OCMS_LEGACY,0,1,
P-618070,2025-05,2024-08-01,ANTICIPATED,2024-08-01,REVISED,OCMS_LEGACY,0,1,
P-618070,2025-12,2024-08-01,REVISED,2025-06-01,REVISED,PAIMANA,10,0,REPORTING_REGIME_CHANGE
P-618070,2026-03,2025-06-01,REVISED,2026-04-01,REVISED,PAIMANA,10,1,
P-618071,2025-04,2026-01-01,REVISED,2026-01-01,ANTICIPATED,OCMS_LEGACY,0,1,
P-618071,2025-05,2026-01-01,ANTICIPATED,2026-01-01,REVISED,OCMS_LEGACY,0,1,
P-618071,2025-06,2026-01-01,REVISED,2026-03-01,REVISED,OCMS_LEGACY,2,1,
P-618071,2025-12,2026-03-01,REVISED,2025-01-01,REVISED,PAIMANA,-14,0,REPORTING_REGIME_CHANGE
P-618071,2026-03,2025-01-01,REVISED,2026-06-01,REVISED,PAIMANA,17,1,
P-618072,2025-03,2025-03-01,REVISED,2025-06-01,REVISED,OCMS_LEGACY,3,1,
P-618072,2025-04,2025-06-01,REVISED,2025-06-01,ANTICIPATED,OCMS_LEGACY,0,1,
P-618072,2025-05,2025-06-01,ANTICIPATED,2025-12-01,REVISED,OCMS_LEGACY,6,0,TARGET_SOURCE_TRANSITION
P-618072,2025-12,2025-12-01,REVISED,2025-03-01,REVISED,PAIMANA,-9,0,REPORTING_REGIME_CHANGE
P-618072,2026-02,2025-03-01,REVISED,2025-10-01,REVISED,PAIMANA,7,1,
P-618072,2026-03,2025-10-01,REVISED,2026-03-01,REVISED,PAIMANA,5,1,
P-618073,2025-12,2026-02-01,REVISED,2025-11-01,ORIGINAL,PAIMANA,-3,0,REPORTING_REGIME_CHANGE
P-618073,2026-01,2025-11-01,ORIGINAL,2026-02-01,ORIGINAL,PAIMANA,3,1,
P-618073,2026-03,2026-02-01,ORIGINAL,2026-12-01,REVISED,PAIMANA,10,0,TARGET_SOURCE_TRANSITION
P-618074,2025-12,2025-11-01,REVISED,2024-11-01,ORIGINAL,PAIMANA,-12,0,REPORTING_REGIME_CHANGE
P-618074,2026-03,2024-11-01,ORIGINAL,2026-06-01,REVISED,PAIMANA,19,0,TARGET_SOURCE_TRANSITION
P-618075,2025-12,2026-02-01,REVISED,2026-02-01,ORIGINAL,PAIMANA,0,1,
P-618075,2026-03,2026-02-01,ORIGINAL,2026-06-01,REVISED,PAIMANA,4,0,TARGET_SOURCE_TRANSITION
P-618076,2026-01,2027-05-01,REVISED,2027-05-01,ORIGINAL,PAIMANA,0,1,
P-618078,2025-02,2025-02-01,REVISED,2025-03-01,REVISED,OCMS_LEGACY,1,1,
P-618078,2025-03,2025-03-01,REVISED,2025-05-01,REVISED,OCMS_LEGACY,2,1,
P-618078,2025-04,2025-05-01,REVISED,2025-06-01,ANTICIPATED,OCMS_LEGACY,1,0,TARGET_SOURCE_TRANSITION
P-618078,2025-05,2025-06-01,ANTICIPATED,2025-06-01,REVISED,OCMS_LEGACY,0,1,
P-618078,2025-12,2025-06-01,REVISED,2023-09-01,ORIGINAL,PAIMANA,-21,0,REPORTING_REGIME_CHANGE
P-618078,2026-03,2023-09-01,ORIGINAL,2026-02-01,REVISED,PAIMANA,29,0,TARGET_SOURCE_TRANSITION
P-618079,2026-03,2026-10-01,ORIGINAL,2026-10-01,REVISED,PAIMANA,0,1,
P-618080,2025-12,2026-03-01,REVISED,2026-03-01,ORIGINAL,PAIMANA,0,1,
P-618081,2025-02,2025-08-01,REVISED,2026-02-01,REVISED,OCMS_LEGACY,6,1,
P-618081,2025-12,2026-02-01,REVISED,2026-02-01,ORIGINAL,PAIMANA,0,1,
P-618081,2026-03,2026-02-01,ORIGINAL,2026-06-01,REVISED,PAIMANA,4,0,TARGET_SOURCE_TRANSITION
P-618082,2025-05,2025-06-01,REVISED,2025-07-01,REVISED,OCMS_LEGACY,1,1,
P-618082,2025-06,2025-07-01,REVISED,2025-08-01,REVISED,OCMS_LEGACY,1,1,
P-618082,2025-12,2025-08-01,REVISED,2024-05-01,ORIGINAL,PAIMANA,-15,0,REPORTING_REGIME_CHANGE
P-618082,2026-03,2024-05-01,ORIGINAL,2026-06-01,REVISED,PAIMANA,25,0,TARGET_SOURCE_TRANSITION
P-618083,2026-03,2026-01-01,ORIGINAL,2026-09-01,REVISED,PAIMANA,8,0,TARGET_SOURCE_TRANSITION
P-618084,2025-12,2024-12-01,REVISED,2023-11-01,REVISED,PAIMANA,-13,0,REPORTING_REGIME_CHANGE
P-618084,2026-03,2023-11-01,REVISED,2026-03-01,REVISED,PAIMANA,28,1,
P-618085,2025-02,2025-03-01,REVISED,2025-09-01,REVISED,OCMS_LEGACY,6,1,
P-618085,2025-12,2025-09-01,REVISED,2025-02-01,REVISED,PAIMANA,-7,0,REPORTING_REGIME_CHANGE
P-618085,2026-03,2025-02-01,REVISED,2026-06-01,REVISED,PAIMANA,16,1,
P-618086,2026-03,2027-01-01,ORIGINAL,2027-01-01,REVISED,PAIMANA,0,1,
P-618087,2025-04,2024-07-01,REVISED,2024-07-01,ANTICIPATED,OCMS_LEGACY,0,1,
P-618087,2025-05,2024-07-01,ANTICIPATED,2024-07-01,REVISED,OCMS_LEGACY,0,1,
P-618087,2025-12,2024-07-01,REVISED,2024-07-01,ORIGINAL,PAIMANA,0,1,
P-618087,2026-03,2024-07-01,ORIGINAL,2026-05-01,REVISED,PAIMANA,22,0,TARGET_SOURCE_TRANSITION
P-618088,2026-04,2026-12-01,ORIGINAL,2026-12-01,REVISED,PAIMANA,0,1,
P-618089,2025-12,2025-04-01,REVISED,2025-04-01,REVISED,PAIMANA,0,1,
P-618089,2026-03,2025-04-01,REVISED,2026-06-01,REVISED,PAIMANA,14,1,
P-618090,2025-02,2023-12-01,ORIGINAL,2023-12-01,REVISED,OCMS_LEGACY,0,1,
P-618090,2025-03,2023-12-01,REVISED,2023-12-01,ORIGINAL,OCMS_LEGACY,0,1,
P-618090,2025-04,2023-12-01,ORIGINAL,2023-12-01,REVISED,OCMS_LEGACY,0,1,
P-618090,2025-12,2023-12-01,REVISED,2022-10-01,REVISED,PAIMANA,-14,0,REPORTING_REGIME_CHANGE
P-618090,2026-03,2022-10-01,REVISED,2025-11-01,REVISED,PAIMANA,37,1,
P-618091,2026-03,2026-02-01,ORIGINAL,2027-03-01,REVISED,PAIMANA,13,0,TARGET_SOURCE_TRANSITION
P-618092,2026-01,2026-10-01,REVISED,2026-10-01,ORIGINAL,PAIMANA,0,1,
P-618092,2026-03,2026-10-01,ORIGINAL,2026-10-01,REVISED,PAIMANA,0,1,
P-618093,2025-12,2025-09-01,REVISED,2025-09-01,ORIGINAL,PAIMANA,0,1,
P-618094,2025-03,2024-01-01,REVISED,2024-01-01,ORIGINAL,OCMS_LEGACY,0,1,
P-618094,2025-04,2024-01-01,ORIGINAL,2024-01-01,REVISED,OCMS_LEGACY,0,1,
P-618094,2025-12,2024-01-01,REVISED,2022-10-01,REVISED,PAIMANA,-15,0,REPORTING_REGIME_CHANGE
P-618094,2026-03,2022-10-01,REVISED,2025-12-01,REVISED,PAIMANA,38,1,
P-618095,2026-03,2026-03-01,ORIGINAL,2026-03-01,REVISED,PAIMANA,0,1,
P-618096,2026-03,2026-04-01,ORIGINAL,2026-04-01,REVISED,PAIMANA,0,1,
P-618096,2026-04,2026-04-01,REVISED,2026-07-01,REVISED,PAIMANA,3,1,
P-618097,2025-02,2023-10-01,ORIGINAL,2023-10-01,REVISED,OCMS_LEGACY,0,1,
P-618097,2025-06,2023-10-01,REVISED,2019-06-01,REVISED,OCMS_LEGACY,-52,1,
P-618097,2025-12,2019-06-01,REVISED,2022-09-01,REVISED,PAIMANA,39,0,REPORTING_REGIME_CHANGE
P-618097,2026-03,2022-09-01,REVISED,2025-08-01,REVISED,PAIMANA,35,1,
P-618098,2025-12,2024-05-01,REVISED,2025-05-01,REVISED,PAIMANA,12,0,REPORTING_REGIME_CHANGE
P-618098,2026-03,2025-05-01,REVISED,2026-03-01,REVISED,PAIMANA,10,1,
P-618099,2026-03,2026-04-01,ORIGINAL,2026-04-01,REVISED,PAIMANA,0,1,
P-618101,2026-03,2027-04-01,ORIGINAL,2027-04-01,REVISED,PAIMANA,0,1,
P-618103,2026-03,2026-04-01,ORIGINAL,2026-04-01,REVISED,PAIMANA,0,1,
P-618103,2026-04,2026-04-01,REVISED,2026-06-01,REVISED,PAIMANA,2,1,
P-618104,2025-12,2025-07-01,REVISED,2025-07-01,ORIGINAL,PAIMANA,0,1,
P-618104,2026-03,2025-07-01,ORIGINAL,2026-06-01,REVISED,PAIMANA,11,0,TARGET_SOURCE_TRANSITION
P-618105,2025-12,2025-10-01,REVISED,2025-10-01,ORIGINAL,PAIMANA,0,1,
P-618105,2026-03,2025-10-01,ORIGINAL,2026-11-01,REVISED,PAIMANA,13,0,TARGET_SOURCE_TRANSITION
P-618106,2025-12,2025-07-01,REVISED,2025-01-01,ORIGINAL,PAIMANA,-6,0,REPORTING_REGIME_CHANGE
P-618106,2026-03,2025-01-01,ORIGINAL,2026-03-01,REVISED,PAIMANA,14,0,TARGET_SOURCE_TRANSITION
P-618106,2026-04,2026-03-01,REVISED,2026-05-01,REVISED,PAIMANA,2,1,
P-618107,2026-03,2028-06-01,ORIGINAL,2028-06-01,REVISED,PAIMANA,0,1,
P-618108,2025-04,2025-12-01,REVISED,2025-12-01,ANTICIPATED,OCMS_LEGACY,0,1,
P-618108,2025-05,2025-12-01,ANTICIPATED,2025-12-01,REVISED,OCMS_LEGACY,0,1,
P-618108,2025-12,2025-12-01,REVISED,2025-12-01,ORIGINAL,PAIMANA,0,1,
P-618108,2026-03,2025-12-01,ORIGINAL,2026-05-01,REVISED,PAIMANA,5,0,TARGET_SOURCE_TRANSITION
P-618109,2025-04,2024-12-01,REVISED,2024-12-01,ANTICIPATED,OCMS_LEGACY,0,1,
P-618109,2025-05,2024-12-01,ANTICIPATED,2024-12-01,REVISED,OCMS_LEGACY,0,1,
P-618109,2025-12,2024-12-01,REVISED,2024-12-01,ORIGINAL,PAIMANA,0,1,
P-618109,2026-03,2024-12-01,ORIGINAL,2026-05-01,REVISED,PAIMANA,17,0,TARGET_SOURCE_TRANSITION
P-618110,2025-02,2025-03-01,REVISED,2025-04-01,REVISED,OCMS_LEGACY,1,1,
P-618110,2025-03,2025-04-01,REVISED,2025-07-01,REVISED,OCMS_LEGACY,3,1,
P-618110,2025-12,2025-07-01,REVISED,2025-07-01,REVISED,PAIMANA,0,1,
P-618111,2025-05,2025-06-01,REVISED,2025-07-01,REVISED,OCMS_LEGACY,1,1,
P-618111,2025-06,2025-07-01,REVISED,2025-08-01,REVISED,OCMS_LEGACY,1,1,
P-618111,2025-12,2025-08-01,REVISED,2025-06-01,ORIGINAL,PAIMANA,-2,0,REPORTING_REGIME_CHANGE
P-618111,2026-03,2025-06-01,ORIGINAL,2026-04-01,REVISED,PAIMANA,10,0,TARGET_SOURCE_TRANSITION
P-618111,2026-04,2026-04-01,REVISED,2026-05-01,REVISED,PAIMANA,1,1,
P-618112,2026-01,2026-11-01,REVISED,2026-11-01,ORIGINAL,PAIMANA,0,1,
P-618112,2026-03,2026-11-01,ORIGINAL,2026-11-01,REVISED,PAIMANA,0,1,
P-618113,2026-01,2026-11-01,REVISED,2026-11-01,ORIGINAL,PAIMANA,0,1,
P-618113,2026-03,2026-11-01,ORIGINAL,2026-11-01,REVISED,PAIMANA,0,1,
P-618116,2026-03,2028-01-01,ORIGINAL,2028-01-01,REVISED,PAIMANA,0,1,
P-618117,2026-03,2026-05-01,ORIGINAL,2026-05-01,REVISED,PAIMANA,0,1,
P-618118,2025-05,2025-06-01,REVISED,2025-08-01,REVISED,OCMS_LEGACY,2,1,
P-618118,2025-12,2025-08-01,REVISED,2025-03-01,REVISED,PAIMANA,-5,0,REPORTING_REGIME_CHANGE
P-618118,2026-01,2025-03-01,REVISED,2026-01-01,REVISED,PAIMANA,10,1,
P-618118,2026-03,2026-01-01,REVISED,2025-07-01,REVISED,PAIMANA,-6,1,
P-618120,2026-03,2028-01-01,ORIGINAL,2028-01-01,REVISED,PAIMANA,0,1,
P-618121,2025-04,2025-04-01,REVISED,2025-07-01,REVISED,OCMS_LEGACY,3,1,
P-618121,2025-12,2025-07-01,REVISED,2024-12-01,ORIGINAL,PAIMANA,-7,0,REPORTING_REGIME_CHANGE
P-618121,2026-03,2024-12-01,ORIGINAL,2026-07-01,REVISED,PAIMANA,19,0,TARGET_SOURCE_TRANSITION
P-618122,2026-03,2026-10-01,ORIGINAL,2026-10-01,REVISED,PAIMANA,0,1,
P-618124,2025-12,2025-08-01,REVISED,2025-08-01,ORIGINAL,PAIMANA,0,1,
P-618124,2026-03,2025-08-01,ORIGINAL,2026-06-01,REVISED,PAIMANA,10,0,TARGET_SOURCE_TRANSITION
P-618125,2026-03,2021-03-01,REVISED,2025-10-01,REVISED,PAIMANA,55,1,
P-618126,2026-03,2026-12-01,ORIGINAL,2026-12-01,REVISED,PAIMANA,0,1,
P-618127,2026-03,2027-05-01,ORIGINAL,2027-05-01,REVISED,PAIMANA,0,1,
P-618129,2026-03,2026-12-01,ORIGINAL,2026-12-01,REVISED,PAIMANA,0,1,
P-618130,2026-03,2026-05-01,ORIGINAL,2026-05-01,REVISED,PAIMANA,0,1,
P-618132,2025-03,2021-01-01,REVISED,2020-06-01,REVISED,OCMS_LEGACY,-7,1,
P-618132,2025-12,2020-06-01,REVISED,2020-06-01,ORIGINAL,PAIMANA,0,1,
P-618133,2026-03,2025-07-01,REVISED,2026-05-01,REVISED,PAIMANA,10,1,
P-618134,2026-03,2026-09-01,ORIGINAL,2026-09-01,REVISED,PAIMANA,0,1,
P-618136,2025-02,2025-02-01,ORIGINAL,2025-05-01,REVISED,OCMS_LEGACY,3,0,TARGET_SOURCE_TRANSITION
P-618136,2025-03,2025-05-01,REVISED,2025-05-01,ORIGINAL,OCMS_LEGACY,0,1,
P-618136,2025-04,2025-05-01,ORIGINAL,2025-05-01,REVISED,OCMS_LEGACY,0,1,
P-618136,2025-05,2025-05-01,REVISED,2025-07-01,REVISED,OCMS_LEGACY,2,1,
P-618136,2025-12,2025-07-01,REVISED,2024-08-01,REVISED,PAIMANA,-11,0,REPORTING_REGIME_CHANGE
P-618136,2026-03,2024-08-01,REVISED,2026-03-01,REVISED,PAIMANA,19,1,
P-618137,2026-03,2027-05-01,ORIGINAL,2027-05-01,REVISED,PAIMANA,0,1,
P-618138,2026-03,2026-11-01,ORIGINAL,2026-11-01,REVISED,PAIMANA,0,1,
P-618139,2026-03,2026-09-01,ORIGINAL,2026-09-01,REVISED,PAIMANA,0,1,
P-618140,2026-03,2027-01-01,ORIGINAL,2027-01-01,REVISED,PAIMANA,0,1,
P-618141,2025-02,2025-02-01,ORIGINAL,2025-03-01,REVISED,OCMS_LEGACY,1,0,TARGET_SOURCE_TRANSITION
P-618141,2025-03,2025-03-01,REVISED,2025-05-01,ORIGINAL,OCMS_LEGACY,2,0,TARGET_SOURCE_TRANSITION
P-618141,2025-04,2025-05-01,ORIGINAL,2025-05-01,REVISED,OCMS_LEGACY,0,1,
P-618141,2025-12,2025-05-01,REVISED,2025-06-01,REVISED,PAIMANA,1,0,REPORTING_REGIME_CHANGE
P-618141,2026-03,2025-06-01,REVISED,2026-04-01,REVISED,PAIMANA,10,1,
P-618141,2026-04,2026-04-01,REVISED,2026-05-01,REVISED,PAIMANA,1,1,
P-618142,2025-12,2026-12-01,REVISED,2019-05-01,REVISED,PAIMANA,-91,0,REPORTING_REGIME_CHANGE
P-618142,2026-03,2019-05-01,REVISED,2019-09-01,REVISED,PAIMANA,4,1,
P-618143,2025-03,2024-02-01,REVISED,2019-10-01,REVISED,OCMS_LEGACY,-52,1,
P-618143,2025-12,2019-10-01,REVISED,2019-10-01,REVISED,PAIMANA,0,1,
P-618145,2026-03,2025-01-01,ORIGINAL,2026-04-01,REVISED,PAIMANA,15,0,TARGET_SOURCE_TRANSITION
P-618146,2026-03,2026-04-01,ORIGINAL,2027-04-01,REVISED,PAIMANA,12,0,TARGET_SOURCE_TRANSITION
P-618147,2026-03,2025-09-01,ORIGINAL,2026-08-01,REVISED,PAIMANA,11,0,TARGET_SOURCE_TRANSITION
P-618149,2026-03,2027-01-01,ORIGINAL,2027-01-01,REVISED,PAIMANA,0,1,
P-618150,2026-03,2027-05-01,ORIGINAL,2027-05-01,REVISED,PAIMANA,0,1,
P-618152,2026-03,2019-07-01,REVISED,2025-12-01,REVISED,PAIMANA,77,1,
P-618153,2026-03,2019-08-01,ORIGINAL,2025-07-01,REVISED,PAIMANA,71,0,TARGET_SOURCE_TRANSITION
P-618154,2026-03,2024-07-01,ORIGINAL,2026-06-01,REVISED,PAIMANA,23,0,TARGET_SOURCE_TRANSITION
P-618155,2026-03,2026-07-01,ORIGINAL,2026-07-01,REVISED,PAIMANA,0,1,
P-618156,2026-03,2026-10-01,ORIGINAL,2026-10-01,REVISED,PAIMANA,0,1,
P-618157,2026-03,2026-06-01,ORIGINAL,2026-06-01,REVISED,PAIMANA,0,1,
P-618157,2026-04,2026-06-01,REVISED,2026-12-01,REVISED,PAIMANA,6,1,
P-618158,2026-03,2026-12-01,ORIGINAL,2026-12-01,REVISED,PAIMANA,0,1,
P-618159,2026-03,2027-03-01,ORIGINAL,2027-03-01,REVISED,PAIMANA,0,1,
P-618160,2026-03,2027-12-01,ORIGINAL,2027-12-01,REVISED,PAIMANA,0,1,
P-618161,2026-03,2025-12-01,ORIGINAL,2026-04-01,REVISED,PAIMANA,4,0,TARGET_SOURCE_TRANSITION
P-618162,2026-03,2028-01-01,ORIGINAL,2028-01-01,REVISED,PAIMANA,0,1,
P-618163,2025-04,2025-09-01,REVISED,2025-09-01,ANTICIPATED,OCMS_LEGACY,0,1,
P-618163,2025-05,2025-09-01,ANTICIPATED,2025-09-01,REVISED,OCMS_LEGACY,0,1,
P-618163,2025-12,2025-09-01,REVISED,2025-12-01,ORIGINAL,PAIMANA,3,0,REPORTING_REGIME_CHANGE
P-618163,2026-03,2025-12-01,ORIGINAL,2026-12-01,REVISED,PAIMANA,12,0,TARGET_SOURCE_TRANSITION
P-618164,2025-04,2024-11-01,REVISED,2024-11-01,ANTICIPATED,OCMS_LEGACY,0,1,
P-618164,2025-05,2024-11-01,ANTICIPATED,2024-11-01,REVISED,OCMS_LEGACY,0,1,
P-618164,2025-12,2024-11-01,REVISED,2026-06-01,ORIGINAL,PAIMANA,19,0,REPORTING_REGIME_CHANGE
P-618164,2026-03,2026-06-01,ORIGINAL,2026-06-01,REVISED,PAIMANA,0,1,
P-618165,2025-04,2024-06-01,REVISED,2024-06-01,ANTICIPATED,OCMS_LEGACY,0,1,
P-618165,2025-05,2024-06-01,ANTICIPATED,2024-06-01,REVISED,OCMS_LEGACY,0,1,
P-618165,2025-12,2024-06-01,REVISED,2026-01-01,ORIGINAL,PAIMANA,19,0,REPORTING_REGIME_CHANGE
P-618165,2026-03,2026-01-01,ORIGINAL,2026-06-01,REVISED,PAIMANA,5,0,TARGET_SOURCE_TRANSITION
P-618166,2025-03,2025-03-01,REVISED,2025-05-01,REVISED,OCMS_LEGACY,2,1,
P-618166,2025-05,2025-05-01,REVISED,2025-06-01,REVISED,OCMS_LEGACY,1,1,
P-618166,2025-06,2025-06-01,REVISED,2025-07-01,REVISED,OCMS_LEGACY,1,1,
P-618166,2025-12,2025-07-01,REVISED,2025-10-01,ORIGINAL,PAIMANA,3,0,REPORTING_REGIME_CHANGE
P-618166,2026-03,2025-10-01,ORIGINAL,2026-04-01,REVISED,PAIMANA,6,0,TARGET_SOURCE_TRANSITION
P-618166,2026-04,2026-04-01,REVISED,2026-06-01,REVISED,PAIMANA,2,1,
P-618167,2025-04,2025-01-01,REVISED,2025-01-01,ANTICIPATED,OCMS_LEGACY,0,1,
P-618167,2025-05,2025-01-01,ANTICIPATED,2025-01-01,REVISED,OCMS_LEGACY,0,1,
P-618167,2025-12,2025-01-01,REVISED,2023-08-01,ORIGINAL,PAIMANA,-17,0,REPORTING_REGIME_CHANGE
P-618167,2026-04,2023-08-01,ORIGINAL,2026-05-01,REVISED,PAIMANA,33,0,TARGET_SOURCE_TRANSITION
P-618168,2025-02,2025-01-01,REVISED,2025-02-01,REVISED,OCMS_LEGACY,1,1,
P-618168,2025-03,2025-02-01,REVISED,2025-01-01,REVISED,OCMS_LEGACY,-1,1,
P-618168,2025-12,2025-01-01,REVISED,2026-01-01,ORIGINAL,PAIMANA,12,0,REPORTING_REGIME_CHANGE
P-618168,2026-03,2026-01-01,ORIGINAL,2027-01-01,REVISED,PAIMANA,12,0,TARGET_SOURCE_TRANSITION
P-618169,2026-03,2025-11-01,ORIGINAL,2026-07-01,REVISED,PAIMANA,8,0,TARGET_SOURCE_TRANSITION
P-618170,2026-03,2025-09-01,ORIGINAL,2026-05-01,REVISED,PAIMANA,8,0,TARGET_SOURCE_TRANSITION
P-618170,2026-04,2026-05-01,REVISED,2026-12-01,REVISED,PAIMANA,7,1,
P-618171,2026-03,2026-01-01,ORIGINAL,2026-08-01,REVISED,PAIMANA,7,0,TARGET_SOURCE_TRANSITION
P-618171,2026-04,2026-08-01,REVISED,2026-10-01,REVISED,PAIMANA,2,1,
P-618172,2025-03,2024-03-01,REVISED,2024-03-01,ORIGINAL,OCMS_LEGACY,0,1,
P-618172,2025-04,2024-03-01,ORIGINAL,2024-03-01,REVISED,OCMS_LEGACY,0,1,
P-618172,2025-12,2024-03-01,REVISED,2022-03-01,REVISED,PAIMANA,-24,0,REPORTING_REGIME_CHANGE
P-618172,2026-03,2022-03-01,REVISED,2026-05-01,REVISED,PAIMANA,50,1,
P-618173,2025-02,2023-12-01,ORIGINAL,2023-12-01,REVISED,OCMS_LEGACY,0,1,
P-618173,2025-03,2023-12-01,REVISED,2023-12-01,ORIGINAL,OCMS_LEGACY,0,1,
P-618173,2025-04,2023-12-01,ORIGINAL,2023-12-01,REVISED,OCMS_LEGACY,0,1,
P-618173,2025-12,2023-12-01,REVISED,2022-03-01,REVISED,PAIMANA,-21,0,REPORTING_REGIME_CHANGE
P-618173,2026-03,2022-03-01,REVISED,2025-09-01,REVISED,PAIMANA,42,1,
P-618174,2026-03,2026-10-01,ORIGINAL,2026-10-01,REVISED,PAIMANA,0,1,
P-618175,2025-12,2025-05-01,REVISED,2025-05-01,ORIGINAL,PAIMANA,0,1,
P-618175,2026-03,2025-05-01,ORIGINAL,2026-06-01,REVISED,PAIMANA,13,0,TARGET_SOURCE_TRANSITION
P-618176,2026-03,2026-01-01,REVISED,2028-01-01,ORIGINAL,PAIMANA,24,0,TARGET_SOURCE_TRANSITION
P-618177,2025-02,2023-12-01,ORIGINAL,2023-12-01,REVISED,OCMS_LEGACY,0,1,
P-618177,2025-03,2023-12-01,REVISED,2023-12-01,ORIGINAL,OCMS_LEGACY,0,1,
P-618177,2025-04,2023-12-01,ORIGINAL,2023-12-01,REVISED,OCMS_LEGACY,0,1,
P-618177,2025-12,2023-12-01,REVISED,2021-06-01,REVISED,PAIMANA,-30,0,REPORTING_REGIME_CHANGE
P-618177,2026-03,2021-06-01,REVISED,2025-12-01,REVISED,PAIMANA,54,1,
P-618178,2026-04,2026-06-01,ORIGINAL,2026-05-01,REVISED,PAIMANA,-1,0,TARGET_SOURCE_TRANSITION
P-618179,2026-03,2026-02-01,ORIGINAL,2026-02-01,REVISED,PAIMANA,0,1,
P-618180,2025-12,2023-12-01,REVISED,2019-12-01,ORIGINAL,PAIMANA,-48,0,REPORTING_REGIME_CHANGE
P-618180,2026-03,2019-12-01,ORIGINAL,2024-06-01,REVISED,PAIMANA,54,0,TARGET_SOURCE_TRANSITION
P-618181,2025-12,2025-07-01,REVISED,2025-07-01,ORIGINAL,PAIMANA,0,1,
P-618181,2026-03,2025-07-01,ORIGINAL,2025-03-01,REVISED,PAIMANA,-4,0,TARGET_SOURCE_TRANSITION
P-618182,2026-03,2026-07-01,ORIGINAL,2026-07-01,REVISED,PAIMANA,0,1,
P-618183,2026-03,2026-08-01,ORIGINAL,2026-08-01,REVISED,PAIMANA,0,1,
P-618184,2026-03,2026-02-01,ORIGINAL,2027-12-01,REVISED,PAIMANA,22,0,TARGET_SOURCE_TRANSITION
P-618185,2026-03,2027-08-01,ORIGINAL,2027-08-01,REVISED,PAIMANA,0,1,
P-618186,2025-03,2025-03-01,REVISED,2024-12-01,REVISED,OCMS_LEGACY,-3,1,
P-618186,2025-12,2024-12-01,REVISED,2025-04-01,REVISED,PAIMANA,4,0,REPORTING_REGIME_CHANGE
P-618186,2026-03,2025-04-01,REVISED,2026-04-01,REVISED,PAIMANA,12,1,
P-618186,2026-04,2026-04-01,REVISED,2026-05-01,REVISED,PAIMANA,1,1,
P-618187,2026-03,2027-10-01,ORIGINAL,2027-10-01,REVISED,PAIMANA,0,1,
P-618188,2025-12,2025-04-01,REVISED,2025-05-01,ORIGINAL,PAIMANA,1,0,REPORTING_REGIME_CHANGE
P-618188,2026-03,2025-05-01,ORIGINAL,2026-06-01,REVISED,PAIMANA,13,0,TARGET_SOURCE_TRANSITION
P-618190,2025-06,2025-06-01,REVISED,2025-03-01,REVISED,OCMS_LEGACY,-3,1,
P-618190,2025-12,2025-03-01,REVISED,2025-03-01,ORIGINAL,PAIMANA,0,1,
P-618190,2026-03,2025-03-01,ORIGINAL,2026-04-01,REVISED,PAIMANA,13,0,TARGET_SOURCE_TRANSITION
P-618190,2026-04,2026-04-01,REVISED,2026-05-01,REVISED,PAIMANA,1,1,
P-618191,2025-12,2025-01-01,REVISED,2025-01-01,ORIGINAL,PAIMANA,0,1,
P-618191,2026-03,2025-01-01,ORIGINAL,2026-03-01,REVISED,PAIMANA,14,0,TARGET_SOURCE_TRANSITION
P-618192,2025-06,2025-03-01,REVISED,2026-06-01,REVISED,OCMS_LEGACY,15,1,
P-618192,2025-12,2026-06-01,REVISED,2024-07-01,ORIGINAL,PAIMANA,-23,0,REPORTING_REGIME_CHANGE
P-618192,2026-03,2024-07-01,ORIGINAL,2026-04-01,REVISED,PAIMANA,21,0,TARGET_SOURCE_TRANSITION
P-618193,2026-03,2026-12-01,ORIGINAL,2026-10-01,REVISED,PAIMANA,-2,0,TARGET_SOURCE_TRANSITION
P-618193,2026-04,2026-10-01,REVISED,2026-12-01,REVISED,PAIMANA,2,1,
P-618194,2025-12,2024-11-01,REVISED,2021-11-01,REVISED,PAIMANA,-36,0,REPORTING_REGIME_CHANGE
P-618194,2026-03,2021-11-01,REVISED,2025-09-01,REVISED,PAIMANA,46,1,
P-618196,2025-12,2024-12-01,REVISED,2025-01-01,REVISED,PAIMANA,1,0,REPORTING_REGIME_CHANGE
P-618196,2026-03,2025-01-01,REVISED,2026-06-01,REVISED,PAIMANA,17,1,
P-618197,2025-06,2025-06-01,REVISED,2025-01-01,REVISED,OCMS_LEGACY,-5,1,
P-618197,2025-12,2025-01-01,REVISED,2025-07-01,REVISED,PAIMANA,6,0,REPORTING_REGIME_CHANGE
P-618197,2026-03,2025-07-01,REVISED,2026-06-01,REVISED,PAIMANA,11,1,
P-618198,2025-02,2020-05-01,ORIGINAL,2020-05-01,REVISED,OCMS_LEGACY,0,1,
P-618198,2025-03,2020-05-01,REVISED,2020-05-01,ORIGINAL,OCMS_LEGACY,0,1,
P-618198,2025-04,2020-05-01,ORIGINAL,2020-05-01,REVISED,OCMS_LEGACY,0,1,
P-618198,2025-12,2020-05-01,REVISED,2024-01-01,ORIGINAL,PAIMANA,44,0,REPORTING_REGIME_CHANGE
P-618198,2026-03,2024-01-01,ORIGINAL,2026-06-01,REVISED,PAIMANA,29,0,TARGET_SOURCE_TRANSITION
P-618199,2025-12,2026-07-01,REVISED,2026-07-01,ORIGINAL,PAIMANA,0,1,
P-618199,2026-03,2026-07-01,ORIGINAL,2026-07-01,REVISED,PAIMANA,0,1,
P-618200,2025-02,2025-04-01,REVISED,2025-12-01,REVISED,OCMS_LEGACY,8,1,
P-618200,2025-12,2025-12-01,REVISED,2026-06-01,REVISED,PAIMANA,6,0,REPORTING_REGIME_CHANGE
P-618200,2026-03,2026-06-01,REVISED,2027-02-01,REVISED,PAIMANA,8,1,
P-618202,2026-01,2026-09-01,REVISED,2026-09-01,ORIGINAL,PAIMANA,0,1,
P-618203,2026-01,2026-07-01,REVISED,2026-07-01,ORIGINAL,PAIMANA,0,1,
P-618204,2026-01,2025-06-01,REVISED,2025-06-01,ORIGINAL,PAIMANA,0,1,
P-618204,2026-03,2025-06-01,ORIGINAL,2026-07-01,REVISED,PAIMANA,13,0,TARGET_SOURCE_TRANSITION
P-618205,2026-01,2025-08-01,REVISED,2025-08-01,ORIGINAL,PAIMANA,0,1,
P-618205,2026-03,2025-08-01,ORIGINAL,2026-08-01,REVISED,PAIMANA,12,0,TARGET_SOURCE_TRANSITION
P-618207,2026-03,2027-10-01,ORIGINAL,2028-10-01,REVISED,PAIMANA,12,0,TARGET_SOURCE_TRANSITION
P-618209,2026-03,2025-09-01,ORIGINAL,2027-08-01,REVISED,PAIMANA,23,0,TARGET_SOURCE_TRANSITION
P-618210,2026-03,2024-01-01,REVISED,2026-06-01,REVISED,PAIMANA,29,1,
P-618211,2026-03,2026-11-01,ORIGINAL,2026-11-01,REVISED,PAIMANA,0,1,
P-618213,2026-03,2021-01-01,ORIGINAL,2026-01-01,REVISED,PAIMANA,60,0,TARGET_SOURCE_TRANSITION
P-618214,2026-03,2021-07-01,ORIGINAL,2024-06-01,REVISED,PAIMANA,35,0,TARGET_SOURCE_TRANSITION
P-618215,2026-03,2027-06-01,ORIGINAL,2027-06-01,REVISED,PAIMANA,0,1,
P-618216,2025-12,2026-06-01,REVISED,2026-06-01,ORIGINAL,PAIMANA,0,1,
P-618216,2026-03,2026-06-01,ORIGINAL,2026-06-01,REVISED,PAIMANA,0,1,
P-618216,2026-04,2026-06-01,REVISED,2027-09-01,REVISED,PAIMANA,15,1,
P-618217,2025-12,2026-05-01,REVISED,2026-05-01,ORIGINAL,PAIMANA,0,1,
P-618217,2026-03,2026-05-01,ORIGINAL,2026-05-01,REVISED,PAIMANA,0,1,
P-618217,2026-04,2026-05-01,REVISED,2027-08-01,REVISED,PAIMANA,15,1,
P-618218,2026-03,2025-05-01,ORIGINAL,2027-03-01,REVISED,PAIMANA,22,0,TARGET_SOURCE_TRANSITION
P-618219,2026-03,2026-05-01,ORIGINAL,2026-12-01,REVISED,PAIMANA,7,0,TARGET_SOURCE_TRANSITION
P-618220,2025-04,2024-03-01,REVISED,2024-03-01,ANTICIPATED,OCMS_LEGACY,0,1,
P-618220,2025-05,2024-03-01,ANTICIPATED,2024-03-01,REVISED,OCMS_LEGACY,0,1,
P-618220,2026-01,2024-03-01,REVISED,2024-07-01,ORIGINAL,PAIMANA,4,0,REPORTING_REGIME_CHANGE
P-618220,2026-03,2024-07-01,ORIGINAL,2026-03-01,REVISED,PAIMANA,20,0,TARGET_SOURCE_TRANSITION
P-618221,2026-01,2026-07-01,REVISED,2026-07-01,ORIGINAL,PAIMANA,0,1,
P-618222,2026-01,2026-01-01,REVISED,2026-01-01,ORIGINAL,PAIMANA,0,1,
P-618222,2026-03,2026-01-01,ORIGINAL,2026-09-01,REVISED,PAIMANA,8,0,TARGET_SOURCE_TRANSITION
P-618223,2026-03,2023-09-01,ORIGINAL,2026-05-01,REVISED,PAIMANA,32,0,TARGET_SOURCE_TRANSITION
P-618224,2026-01,2025-03-01,REVISED,2024-08-01,ORIGINAL,PAIMANA,-7,0,REPORTING_REGIME_CHANGE
P-618224,2026-03,2024-08-01,ORIGINAL,2026-05-01,REVISED,PAIMANA,21,0,TARGET_SOURCE_TRANSITION
P-618225,2026-01,2025-03-01,REVISED,2024-07-01,ORIGINAL,PAIMANA,-8,0,REPORTING_REGIME_CHANGE
P-618225,2026-03,2024-07-01,ORIGINAL,2026-06-01,REVISED,PAIMANA,23,0,TARGET_SOURCE_TRANSITION
P-618226,2026-01,2024-11-01,REVISED,2024-11-01,ORIGINAL,PAIMANA,0,1,
P-618226,2026-03,2024-11-01,ORIGINAL,2026-06-01,REVISED,PAIMANA,19,0,TARGET_SOURCE_TRANSITION
P-618227,2025-04,2025-09-01,REVISED,2025-09-01,ANTICIPATED,OCMS_LEGACY,0,1,
P-618227,2025-05,2025-09-01,ANTICIPATED,2025-09-01,REVISED,OCMS_LEGACY,0,1,
P-618227,2025-12,2025-09-01,REVISED,2025-09-01,ORIGINAL,PAIMANA,0,1,
P-618227,2026-03,2025-09-01,ORIGINAL,2027-03-01,REVISED,PAIMANA,18,0,TARGET_SOURCE_TRANSITION
P-618228,2025-02,2026-02-01,REVISED,2026-09-01,REVISED,OCMS_LEGACY,7,1,
P-618228,2025-12,2026-09-01,REVISED,2025-01-01,REVISED,PAIMANA,-20,0,REPORTING_REGIME_CHANGE
P-618228,2026-03,2025-01-01,REVISED,2027-06-01,REVISED,PAIMANA,29,1,
P-618229,2025-02,2025-03-01,REVISED,2025-04-01,REVISED,OCMS_LEGACY,1,1,
P-618229,2025-03,2025-04-01,REVISED,2025-07-01,REVISED,OCMS_LEGACY,3,1,
P-618229,2025-06,2025-07-01,REVISED,2025-08-01,REVISED,OCMS_LEGACY,1,1,
P-618229,2025-12,2025-08-01,REVISED,2025-02-01,REVISED,PAIMANA,-6,0,REPORTING_REGIME_CHANGE
P-618230,2025-12,2025-04-01,REVISED,2025-04-01,ORIGINAL,PAIMANA,0,1,
P-618230,2026-03,2025-04-01,ORIGINAL,2026-06-01,REVISED,PAIMANA,14,0,TARGET_SOURCE_TRANSITION
P-618230,2026-04,2026-06-01,REVISED,2026-12-01,REVISED,PAIMANA,6,1,
P-618231,2025-12,2024-12-01,REVISED,2024-12-01,ORIGINAL,PAIMANA,0,1,
P-618231,2026-03,2024-12-01,ORIGINAL,2026-03-01,REVISED,PAIMANA,15,0,TARGET_SOURCE_TRANSITION
P-618231,2026-04,2026-03-01,REVISED,2026-05-01,REVISED,PAIMANA,2,1,
P-618232,2026-03,2026-05-01,ORIGINAL,2026-11-01,REVISED,PAIMANA,6,0,TARGET_SOURCE_TRANSITION
P-618232,2026-04,2026-11-01,REVISED,2026-12-01,REVISED,PAIMANA,1,1,
P-618233,2025-12,2025-08-01,REVISED,2024-07-01,REVISED,PAIMANA,-13,0,REPORTING_REGIME_CHANGE
P-618233,2026-03,2024-07-01,REVISED,2026-09-01,REVISED,PAIMANA,26,1,
P-618234,2025-04,2026-05-01,REVISED,2026-05-01,ANTICIPATED,OCMS_LEGACY,0,1,
P-618234,2025-05,2026-05-01,ANTICIPATED,2026-05-01,REVISED,OCMS_LEGACY,0,1,
P-618234,2025-12,2026-05-01,REVISED,2026-03-01,REVISED,PAIMANA,-2,0,REPORTING_REGIME_CHANGE
P-618234,2026-03,2026-03-01,REVISED,2027-02-01,REVISED,PAIMANA,11,1,
P-618235,2026-03,2026-12-01,ORIGINAL,2026-12-01,REVISED,PAIMANA,0,1,
P-618236,2026-03,2020-07-01,REVISED,2023-11-01,REVISED,PAIMANA,40,1,
P-618237,2025-03,2025-03-01,REVISED,2025-06-01,REVISED,OCMS_LEGACY,3,1,
P-618237,2025-12,2025-06-01,REVISED,2024-05-01,REVISED,PAIMANA,-13,0,REPORTING_REGIME_CHANGE
P-618237,2026-03,2024-05-01,REVISED,2025-09-01,REVISED,PAIMANA,16,1,
P-618238,2025-12,2025-05-01,REVISED,2021-12-01,REVISED,PAIMANA,-41,0,REPORTING_REGIME_CHANGE
P-618238,2026-01,2021-12-01,REVISED,2025-06-01,REVISED,PAIMANA,42,1,
P-618238,2026-03,2025-06-01,REVISED,2026-07-01,REVISED,PAIMANA,13,1,
P-618239,2026-03,2023-10-01,REVISED,2025-07-01,REVISED,PAIMANA,21,1,
P-618240,2025-03,2025-04-01,REVISED,2025-07-01,REVISED,OCMS_LEGACY,3,1,
P-618240,2025-06,2025-07-01,REVISED,2025-08-01,REVISED,OCMS_LEGACY,1,1,
P-618240,2025-12,2025-08-01,REVISED,2024-05-01,REVISED,PAIMANA,-15,0,REPORTING_REGIME_CHANGE
P-618240,2026-03,2024-05-01,REVISED,2026-04-01,REVISED,PAIMANA,23,1,
P-618240,2026-04,2026-04-01,REVISED,2026-06-01,REVISED,PAIMANA,2,1,
P-618242,2026-03,2026-01-01,ORIGINAL,2026-06-01,REVISED,PAIMANA,5,0,TARGET_SOURCE_TRANSITION
P-618243,2026-01,2027-06-01,REVISED,2027-06-01,ORIGINAL,PAIMANA,0,1,
P-618243,2026-03,2027-06-01,ORIGINAL,2027-06-01,REVISED,PAIMANA,0,1,
P-618244,2026-01,2027-05-01,REVISED,2027-05-01,ORIGINAL,PAIMANA,0,1,
P-618244,2026-03,2027-05-01,ORIGINAL,2027-05-01,REVISED,PAIMANA,0,1,
P-618246,2025-12,2027-05-01,REVISED,2027-05-01,ORIGINAL,PAIMANA,0,1,
P-618246,2026-03,2027-05-01,ORIGINAL,2027-05-01,REVISED,PAIMANA,0,1,
P-618247,2026-03,2029-01-01,ORIGINAL,2029-01-01,REVISED,PAIMANA,0,1,
P-618248,2026-04,2028-01-01,ORIGINAL,2028-01-01,REVISED,PAIMANA,0,1,
P-618249,2026-01,2027-03-01,REVISED,2027-03-01,ORIGINAL,PAIMANA,0,1,
P-618249,2026-03,2027-03-01,ORIGINAL,2027-03-01,REVISED,PAIMANA,0,1,
P-618250,2025-12,2027-11-01,REVISED,2027-11-01,ORIGINAL,PAIMANA,0,1,
P-618250,2026-03,2027-11-01,ORIGINAL,2028-12-01,REVISED,PAIMANA,13,0,TARGET_SOURCE_TRANSITION
P-618251,2026-03,2025-11-01,REVISED,2028-03-01,REVISED,PAIMANA,28,1,
P-618252,2026-01,2027-05-01,REVISED,2027-05-01,ORIGINAL,PAIMANA,0,1,
P-618252,2026-03,2027-05-01,ORIGINAL,2027-05-01,REVISED,PAIMANA,0,1,
P-618254,2025-12,2026-02-01,REVISED,2026-07-01,ORIGINAL,PAIMANA,5,0,REPORTING_REGIME_CHANGE
P-618254,2026-03,2026-07-01,ORIGINAL,2026-12-01,REVISED,PAIMANA,5,0,TARGET_SOURCE_TRANSITION
P-618255,2025-12,2025-11-01,REVISED,2025-11-01,ORIGINAL,PAIMANA,0,1,
P-618255,2026-03,2025-11-01,ORIGINAL,2026-11-01,REVISED,PAIMANA,12,0,TARGET_SOURCE_TRANSITION
P-618256,2025-03,2025-03-01,REVISED,2025-06-01,REVISED,OCMS_LEGACY,3,1,
P-618256,2025-12,2025-06-01,REVISED,2024-10-01,ORIGINAL,PAIMANA,-8,0,REPORTING_REGIME_CHANGE
P-618256,2026-03,2024-10-01,ORIGINAL,2026-04-01,REVISED,PAIMANA,18,0,TARGET_SOURCE_TRANSITION
P-618256,2026-04,2026-04-01,REVISED,2026-05-01,REVISED,PAIMANA,1,1,
P-618257,2025-03,2025-03-01,REVISED,2025-06-01,REVISED,OCMS_LEGACY,3,1,
P-618257,2025-06,2025-06-01,REVISED,2024-07-01,REVISED,OCMS_LEGACY,-11,1,
P-618257,2025-12,2024-07-01,REVISED,2025-06-01,REVISED,PAIMANA,11,0,REPORTING_REGIME_CHANGE
P-618257,2026-01,2025-06-01,REVISED,2025-10-01,REVISED,PAIMANA,4,1,
P-618257,2026-03,2025-10-01,REVISED,2026-03-01,REVISED,PAIMANA,5,1,
P-618258,2025-12,2024-12-01,REVISED,2024-09-01,REVISED,PAIMANA,-3,0,REPORTING_REGIME_CHANGE
P-618258,2026-01,2024-09-01,REVISED,2024-04-01,REVISED,PAIMANA,-5,1,
P-618259,2025-03,2024-10-01,REVISED,2025-06-01,REVISED,OCMS_LEGACY,8,1,
P-618259,2025-12,2025-06-01,REVISED,2024-03-01,REVISED,PAIMANA,-15,0,REPORTING_REGIME_CHANGE
P-618260,2026-03,2027-11-01,ORIGINAL,2027-11-01,REVISED,PAIMANA,0,1,
P-618262,2026-03,2027-07-01,ORIGINAL,2027-07-01,REVISED,PAIMANA,0,1,
P-618263,2026-01,2026-07-01,REVISED,2026-07-01,ORIGINAL,PAIMANA,0,1,
P-618263,2026-03,2026-07-01,ORIGINAL,2026-07-01,REVISED,PAIMANA,0,1,
P-618264,2026-03,2028-05-01,ORIGINAL,2028-05-01,REVISED,PAIMANA,0,1,
P-618265,2025-02,2025-03-01,REVISED,2025-04-01,REVISED,OCMS_LEGACY,1,1,
P-618265,2025-03,2025-04-01,REVISED,2025-09-01,REVISED,OCMS_LEGACY,5,1,
P-618265,2025-12,2025-09-01,REVISED,2025-12-01,REVISED,PAIMANA,3,0,REPORTING_REGIME_CHANGE
P-618265,2026-03,2025-12-01,REVISED,2026-04-01,REVISED,PAIMANA,4,1,
P-618265,2026-04,2026-04-01,REVISED,2026-06-01,REVISED,PAIMANA,2,1,
P-618266,2025-03,2025-04-01,REVISED,2025-05-01,REVISED,OCMS_LEGACY,1,1,
P-618266,2025-04,2025-05-01,REVISED,2025-06-01,REVISED,OCMS_LEGACY,1,1,
P-618266,2025-05,2025-06-01,REVISED,2025-07-01,REVISED,OCMS_LEGACY,1,1,
P-618266,2025-12,2025-07-01,REVISED,2024-11-01,ORIGINAL,PAIMANA,-8,0,REPORTING_REGIME_CHANGE
P-618266,2026-03,2024-11-01,ORIGINAL,2026-04-01,REVISED,PAIMANA,17,0,TARGET_SOURCE_TRANSITION
P-618266,2026-04,2026-04-01,REVISED,2026-06-01,REVISED,PAIMANA,2,1,
P-618282,2025-04,2026-06-01,ORIGINAL,2026-06-01,REVISED,OCMS_LEGACY,0,1,
P-618282,2025-12,2026-06-01,REVISED,2026-06-01,ORIGINAL,PAIMANA,0,1,
P-618282,2026-03,2026-06-01,ORIGINAL,2027-03-01,REVISED,PAIMANA,9,0,TARGET_SOURCE_TRANSITION
P-618283,2025-04,2026-06-01,ORIGINAL,2026-06-01,REVISED,OCMS_LEGACY,0,1,
P-618283,2025-12,2026-06-01,REVISED,2026-06-01,ORIGINAL,PAIMANA,0,1,
P-618283,2026-03,2026-06-01,ORIGINAL,2027-03-01,REVISED,PAIMANA,9,0,TARGET_SOURCE_TRANSITION
P-618284,2025-04,2026-12-01,ORIGINAL,2026-12-01,REVISED,OCMS_LEGACY,0,1,
P-618284,2025-12,2026-12-01,REVISED,2026-12-01,ORIGINAL,PAIMANA,0,1,
P-618284,2026-03,2026-12-01,ORIGINAL,2026-12-01,REVISED,PAIMANA,0,1,
P-618285,2025-02,2025-10-01,ORIGINAL,2025-10-01,REVISED,OCMS_LEGACY,0,1,
P-618285,2025-03,2025-10-01,REVISED,2025-10-01,ORIGINAL,OCMS_LEGACY,0,1,
P-618285,2025-04,2025-10-01,ORIGINAL,2025-10-01,REVISED,OCMS_LEGACY,0,1,
P-618285,2025-12,2025-10-01,REVISED,2025-10-01,ORIGINAL,PAIMANA,0,1,
P-618285,2026-03,2025-10-01,ORIGINAL,2026-01-01,REVISED,PAIMANA,3,0,TARGET_SOURCE_TRANSITION
P-618286,2025-12,2026-12-01,REVISED,2026-06-01,REVISED,PAIMANA,-6,0,REPORTING_REGIME_CHANGE
P-618286,2026-03,2026-06-01,REVISED,2026-12-01,REVISED,PAIMANA,6,1,
P-618287,2026-01,2027-06-01,REVISED,2027-06-01,ORIGINAL,PAIMANA,0,1,
P-618287,2026-03,2027-06-01,ORIGINAL,2027-06-01,REVISED,PAIMANA,0,1,
P-618288,2025-04,2027-08-01,ORIGINAL,2027-08-01,REVISED,OCMS_LEGACY,0,1,
P-618288,2026-01,2027-08-01,REVISED,2027-08-01,ORIGINAL,PAIMANA,0,1,
P-618288,2026-03,2027-08-01,ORIGINAL,2027-08-01,REVISED,PAIMANA,0,1,
P-618289,2025-12,2024-06-01,REVISED,2024-06-01,REVISED,PAIMANA,0,1,
P-618289,2026-03,2024-06-01,REVISED,2026-03-01,REVISED,PAIMANA,21,1,
P-618290,2025-03,2025-02-01,REVISED,2025-08-01,REVISED,OCMS_LEGACY,6,1,
P-618290,2025-04,2025-08-01,REVISED,2025-08-01,ANTICIPATED,OCMS_LEGACY,0,1,
P-618290,2025-05,2025-08-01,ANTICIPATED,2025-08-01,REVISED,OCMS_LEGACY,0,1,
P-618290,2025-12,2025-08-01,REVISED,2025-02-01,REVISED,PAIMANA,-6,0,REPORTING_REGIME_CHANGE
P-618290,2026-01,2025-02-01,REVISED,2025-05-01,REVISED,PAIMANA,3,1,
P-618290,2026-03,2025-05-01,REVISED,2026-12-01,REVISED,PAIMANA,19,1,
P-618291,2025-04,2025-06-01,REVISED,2025-06-01,ANTICIPATED,OCMS_LEGACY,0,1,
P-618291,2025-05,2025-06-01,ANTICIPATED,2025-12-01,REVISED,OCMS_LEGACY,6,0,TARGET_SOURCE_TRANSITION
P-618291,2025-12,2025-12-01,REVISED,2025-06-01,ORIGINAL,PAIMANA,-6,0,REPORTING_REGIME_CHANGE
P-618291,2026-01,2025-06-01,ORIGINAL,2025-03-01,REVISED,PAIMANA,-3,0,TARGET_SOURCE_TRANSITION
P-618291,2026-03,2025-03-01,REVISED,2026-12-01,REVISED,PAIMANA,21,1,
P-618292,2025-04,2026-06-01,REVISED,2026-06-01,ANTICIPATED,OCMS_LEGACY,0,1,
P-618292,2025-05,2026-06-01,ANTICIPATED,2026-06-01,REVISED,OCMS_LEGACY,0,1,
P-618292,2025-12,2026-06-01,REVISED,2024-01-01,REVISED,PAIMANA,-29,0,REPORTING_REGIME_CHANGE
P-618292,2026-03,2024-01-01,REVISED,2026-06-01,REVISED,PAIMANA,29,1,
P-618293,2025-04,2026-11-01,REVISED,2026-11-01,ANTICIPATED,OCMS_LEGACY,0,1,
P-618293,2025-05,2026-11-01,ANTICIPATED,2026-11-01,REVISED,OCMS_LEGACY,0,1,
P-618293,2025-12,2026-11-01,REVISED,2026-11-01,ORIGINAL,PAIMANA,0,1,
P-618293,2026-03,2026-11-01,ORIGINAL,2026-11-01,REVISED,PAIMANA,0,1,
P-618294,2026-03,2027-09-01,ORIGINAL,2027-09-01,REVISED,PAIMANA,0,1,
P-618295,2026-01,2027-03-01,REVISED,2027-03-01,ORIGINAL,PAIMANA,0,1,
P-618295,2026-03,2027-03-01,ORIGINAL,2027-03-01,REVISED,PAIMANA,0,1,
P-618296,2025-04,2025-11-01,REVISED,2025-11-01,ANTICIPATED,OCMS_LEGACY,0,1,
P-618296,2025-05,2025-11-01,ANTICIPATED,2025-11-01,REVISED,OCMS_LEGACY,0,1,
P-618296,2025-12,2025-11-01,REVISED,2025-11-01,ORIGINAL,PAIMANA,0,1,
P-618296,2026-03,2025-11-01,ORIGINAL,2026-05-01,REVISED,PAIMANA,6,0,TARGET_SOURCE_TRANSITION
P-618297,2025-12,2026-01-01,REVISED,2026-01-01,ORIGINAL,PAIMANA,0,1,
P-618297,2026-03,2026-01-01,ORIGINAL,2026-12-01,REVISED,PAIMANA,11,0,TARGET_SOURCE_TRANSITION
P-618298,2025-02,2025-05-01,ORIGINAL,2025-05-01,REVISED,OCMS_LEGACY,0,1,
P-618298,2025-03,2025-05-01,REVISED,2025-05-01,ORIGINAL,OCMS_LEGACY,0,1,
P-618298,2025-04,2025-05-01,ORIGINAL,2025-10-01,ANTICIPATED,OCMS_LEGACY,5,0,TARGET_SOURCE_TRANSITION
P-618298,2025-05,2025-10-01,ANTICIPATED,2025-10-01,REVISED,OCMS_LEGACY,0,1,
P-618298,2025-12,2025-10-01,REVISED,2025-06-01,REVISED,PAIMANA,-4,0,REPORTING_REGIME_CHANGE
P-618298,2026-03,2025-06-01,REVISED,2026-06-01,REVISED,PAIMANA,12,1,
P-618299,2026-03,2026-06-01,ORIGINAL,2026-06-01,REVISED,PAIMANA,0,1,
P-618300,2025-04,2025-06-01,REVISED,2025-10-01,ANTICIPATED,OCMS_LEGACY,4,0,TARGET_SOURCE_TRANSITION
P-618300,2025-05,2025-10-01,ANTICIPATED,2025-12-01,REVISED,OCMS_LEGACY,2,0,TARGET_SOURCE_TRANSITION
P-618300,2025-12,2025-12-01,REVISED,2025-07-01,REVISED,PAIMANA,-5,0,REPORTING_REGIME_CHANGE
P-618300,2026-03,2025-07-01,REVISED,2026-08-01,REVISED,PAIMANA,13,1,
P-618301,2026-03,2026-08-01,ORIGINAL,2026-08-01,REVISED,PAIMANA,0,1,
P-618302,2025-04,2025-04-01,REVISED,2025-12-01,ANTICIPATED,OCMS_LEGACY,8,0,TARGET_SOURCE_TRANSITION
P-618302,2025-05,2025-12-01,ANTICIPATED,2025-12-01,REVISED,OCMS_LEGACY,0,1,
P-618302,2025-12,2025-12-01,REVISED,2025-12-01,REVISED,PAIMANA,0,1,
P-618302,2026-03,2025-12-01,REVISED,2026-06-01,REVISED,PAIMANA,6,1,
P-618303,2025-04,2025-05-01,REVISED,2025-12-01,ANTICIPATED,OCMS_LEGACY,7,0,TARGET_SOURCE_TRANSITION
P-618303,2025-05,2025-12-01,ANTICIPATED,2025-12-01,REVISED,OCMS_LEGACY,0,1,
P-618303,2025-12,2025-12-01,REVISED,2025-04-01,REVISED,PAIMANA,-8,0,REPORTING_REGIME_CHANGE
P-618303,2026-03,2025-04-01,REVISED,2026-04-01,REVISED,PAIMANA,12,1,
P-618304,2026-01,2026-06-01,REVISED,2026-06-01,ORIGINAL,PAIMANA,0,1,
P-618304,2026-03,2026-06-01,ORIGINAL,2026-10-01,REVISED,PAIMANA,4,0,TARGET_SOURCE_TRANSITION
P-618305,2026-01,2026-12-01,REVISED,2026-12-01,ORIGINAL,PAIMANA,0,1,
P-618305,2026-03,2026-12-01,ORIGINAL,2026-12-01,REVISED,PAIMANA,0,1,
P-618306,2026-01,2027-03-01,REVISED,2027-03-01,ORIGINAL,PAIMANA,0,1,
P-618306,2026-03,2027-03-01,ORIGINAL,2027-05-01,REVISED,PAIMANA,2,0,TARGET_SOURCE_TRANSITION
P-618308,2025-12,2027-02-01,REVISED,2027-02-01,ORIGINAL,PAIMANA,0,1,
P-618308,2026-03,2027-02-01,ORIGINAL,2027-02-01,REVISED,PAIMANA,0,1,
P-618309,2026-03,2027-08-01,ORIGINAL,2027-08-01,REVISED,PAIMANA,0,1,
P-618310,2026-02,2027-02-01,REVISED,2027-02-01,ORIGINAL,PAIMANA,0,1,
P-618310,2026-03,2027-02-01,ORIGINAL,2027-02-01,REVISED,PAIMANA,0,1,
P-618311,2026-02,2027-03-01,REVISED,2027-03-01,ORIGINAL,PAIMANA,0,1,
P-618311,2026-03,2027-03-01,ORIGINAL,2027-03-01,REVISED,PAIMANA,0,1,
P-618312,2026-01,2027-10-01,REVISED,2027-10-01,ORIGINAL,PAIMANA,0,1,
P-618312,2026-03,2027-10-01,ORIGINAL,2027-10-01,REVISED,PAIMANA,0,1,
P-618313,2026-03,2027-09-01,ORIGINAL,2027-09-01,REVISED,PAIMANA,0,1,
P-618314,2025-02,2026-08-01,ORIGINAL,2026-08-01,REVISED,OCMS_LEGACY,0,1,
P-618314,2025-03,2026-08-01,REVISED,2026-08-01,ORIGINAL,OCMS_LEGACY,0,1,
P-618314,2025-04,2026-08-01,ORIGINAL,2026-08-01,REVISED,OCMS_LEGACY,0,1,
P-618314,2025-12,2026-08-01,REVISED,2026-08-01,ORIGINAL,PAIMANA,0,1,
P-618314,2026-03,2026-08-01,ORIGINAL,2026-08-01,REVISED,PAIMANA,0,1,
P-618315,2025-02,2026-07-01,ORIGINAL,2026-07-01,REVISED,OCMS_LEGACY,0,1,
P-618315,2025-03,2026-07-01,REVISED,2026-07-01,ORIGINAL,OCMS_LEGACY,0,1,
P-618315,2025-04,2026-07-01,ORIGINAL,2026-07-01,REVISED,OCMS_LEGACY,0,1,
P-618315,2025-12,2026-07-01,REVISED,2026-07-01,ORIGINAL,PAIMANA,0,1,
P-618315,2026-03,2026-07-01,ORIGINAL,2026-07-01,REVISED,PAIMANA,0,1,
P-618316,2026-03,2027-01-01,ORIGINAL,2026-12-01,REVISED,PAIMANA,-1,0,TARGET_SOURCE_TRANSITION
P-618317,2026-03,2027-01-01,ORIGINAL,2026-12-01,REVISED,PAIMANA,-1,0,TARGET_SOURCE_TRANSITION
P-618318,2026-03,2027-07-01,ORIGINAL,2027-06-01,REVISED,PAIMANA,-1,0,TARGET_SOURCE_TRANSITION
P-618319,2026-03,2027-01-01,ORIGINAL,2026-12-01,REVISED,PAIMANA,-1,0,TARGET_SOURCE_TRANSITION
P-618326,2026-03,2025-11-01,ORIGINAL,2026-04-01,REVISED,PAIMANA,5,0,TARGET_SOURCE_TRANSITION
P-618326,2026-04,2026-04-01,REVISED,2026-05-01,REVISED,PAIMANA,1,1,
P-618328,2025-12,2024-06-01,REVISED,2025-09-01,ORIGINAL,PAIMANA,15,0,REPORTING_REGIME_CHANGE
P-618330,2026-03,2024-08-01,REVISED,2025-09-01,REVISED,PAIMANA,13,1,
P-618331,2025-04,2028-01-01,ORIGINAL,2028-01-01,REVISED,OCMS_LEGACY,0,1,
P-618331,2026-01,2028-01-01,REVISED,2028-01-01,ORIGINAL,PAIMANA,0,1,
P-618331,2026-03,2028-01-01,ORIGINAL,2028-01-01,REVISED,PAIMANA,0,1,
P-618333,2026-03,2025-12-01,ORIGINAL,2026-06-01,REVISED,PAIMANA,6,0,TARGET_SOURCE_TRANSITION
P-618334,2026-03,2025-05-01,REVISED,2026-05-01,REVISED,PAIMANA,12,1,
P-618335,2025-04,2025-03-01,REVISED,2025-03-01,ANTICIPATED,OCMS_LEGACY,0,1,
P-618335,2025-05,2025-03-01,ANTICIPATED,2025-03-01,REVISED,OCMS_LEGACY,0,1,
P-618335,2025-12,2025-03-01,REVISED,2026-02-01,REVISED,PAIMANA,11,0,REPORTING_REGIME_CHANGE
P-618335,2026-03,2026-02-01,REVISED,2026-06-01,REVISED,PAIMANA,4,1,
P-618336,2025-04,2024-09-01,REVISED,2024-09-01,ANTICIPATED,OCMS_LEGACY,0,1,
P-618336,2025-05,2024-09-01,ANTICIPATED,2024-09-01,REVISED,OCMS_LEGACY,0,1,
P-618336,2025-12,2024-09-01,REVISED,2025-08-01,REVISED,PAIMANA,11,0,REPORTING_REGIME_CHANGE
P-618336,2026-03,2025-08-01,REVISED,2026-07-01,REVISED,PAIMANA,11,1,
P-618337,2026-03,2025-07-01,REVISED,2026-03-01,REVISED,PAIMANA,8,1,
P-618338,2026-01,2026-03-01,REVISED,2026-03-01,ORIGINAL,PAIMANA,0,1,
P-618338,2026-03,2026-03-01,ORIGINAL,2026-05-01,REVISED,PAIMANA,2,0,TARGET_SOURCE_TRANSITION
P-618340,2026-01,2025-09-01,ORIGINAL,2025-05-01,ORIGINAL,PAIMANA,-4,1,
P-618340,2026-03,2025-05-01,ORIGINAL,2026-05-01,REVISED,PAIMANA,12,0,TARGET_SOURCE_TRANSITION
P-618340,2026-04,2026-05-01,REVISED,2026-07-01,REVISED,PAIMANA,2,1,
P-618344,2026-03,2025-04-01,REVISED,2026-12-01,REVISED,PAIMANA,20,1,
P-618345,2026-03,2023-02-01,REVISED,2026-05-01,REVISED,PAIMANA,39,1,
P-618346,2025-03,2025-05-01,REVISED,2025-09-01,REVISED,OCMS_LEGACY,4,1,
P-618346,2025-04,2025-09-01,REVISED,2025-09-01,ANTICIPATED,OCMS_LEGACY,0,1,
P-618346,2025-05,2025-09-01,ANTICIPATED,2025-09-01,REVISED,OCMS_LEGACY,0,1,
P-618346,2025-12,2025-09-01,REVISED,2023-02-01,REVISED,PAIMANA,-31,0,REPORTING_REGIME_CHANGE
P-618346,2026-03,2023-02-01,REVISED,2026-03-01,REVISED,PAIMANA,37,1,
P-618347,2025-03,2025-05-01,REVISED,2025-06-01,REVISED,OCMS_LEGACY,1,1,
P-618347,2025-04,2025-06-01,REVISED,2025-06-01,ANTICIPATED,OCMS_LEGACY,0,1,
P-618347,2025-05,2025-06-01,ANTICIPATED,2025-08-01,REVISED,OCMS_LEGACY,2,0,TARGET_SOURCE_TRANSITION
P-618347,2025-12,2025-08-01,REVISED,2025-04-01,REVISED,PAIMANA,-4,0,REPORTING_REGIME_CHANGE
P-618347,2026-03,2025-04-01,REVISED,2026-03-01,REVISED,PAIMANA,11,1,
P-618348,2026-03,2026-11-01,ORIGINAL,2026-11-01,REVISED,PAIMANA,0,1,
P-618349,2026-03,2026-08-01,ORIGINAL,2026-08-01,REVISED,PAIMANA,0,1,
P-618350,2026-01,2026-09-01,REVISED,2026-09-01,ORIGINAL,PAIMANA,0,1,
P-618350,2026-03,2026-09-01,ORIGINAL,2027-03-01,REVISED,PAIMANA,6,0,TARGET_SOURCE_TRANSITION
P-618351,2025-12,2025-08-01,REVISED,2025-08-01,ORIGINAL,PAIMANA,0,1,
P-618351,2026-03,2025-08-01,ORIGINAL,2026-06-01,REVISED,PAIMANA,10,0,TARGET_SOURCE_TRANSITION
P-618352,2025-12,2025-08-01,REVISED,2025-08-01,ORIGINAL,PAIMANA,0,1,
P-618352,2026-03,2025-08-01,ORIGINAL,2026-06-01,REVISED,PAIMANA,10,0,TARGET_SOURCE_TRANSITION
P-618353,2025-12,2025-08-01,REVISED,2025-08-01,ORIGINAL,PAIMANA,0,1,
P-618353,2026-03,2025-08-01,ORIGINAL,2026-06-01,REVISED,PAIMANA,10,0,TARGET_SOURCE_TRANSITION
P-618354,2025-02,2026-03-01,ORIGINAL,2026-03-01,REVISED,OCMS_LEGACY,0,1,
P-618354,2025-03,2026-03-01,REVISED,2026-03-01,ORIGINAL,OCMS_LEGACY,0,1,
P-618354,2025-04,2026-03-01,ORIGINAL,2026-03-01,REVISED,OCMS_LEGACY,0,1,
P-618354,2025-12,2026-03-01,REVISED,2026-03-01,ORIGINAL,PAIMANA,0,1,
P-618354,2026-03,2026-03-01,ORIGINAL,2026-06-01,REVISED,PAIMANA,3,0,TARGET_SOURCE_TRANSITION
P-618355,2025-02,2025-06-01,ORIGINAL,2025-05-01,REVISED,OCMS_LEGACY,-1,0,TARGET_SOURCE_TRANSITION
P-618355,2025-03,2025-05-01,REVISED,2025-05-01,ORIGINAL,OCMS_LEGACY,0,1,
P-618355,2025-04,2025-05-01,ORIGINAL,2025-12-01,ANTICIPATED,OCMS_LEGACY,7,0,TARGET_SOURCE_TRANSITION
P-618355,2025-05,2025-12-01,ANTICIPATED,2025-12-01,REVISED,OCMS_LEGACY,0,1,
P-618355,2025-12,2025-12-01,REVISED,2025-12-01,REVISED,PAIMANA,0,1,
P-618355,2026-03,2025-12-01,REVISED,2026-03-01,REVISED,PAIMANA,3,1,
P-618356,2025-02,2025-06-01,ORIGINAL,2025-05-01,REVISED,OCMS_LEGACY,-1,0,TARGET_SOURCE_TRANSITION
P-618356,2025-03,2025-05-01,REVISED,2025-05-01,ORIGINAL,OCMS_LEGACY,0,1,
P-618356,2025-04,2025-05-01,ORIGINAL,2025-11-01,ANTICIPATED,OCMS_LEGACY,6,0,TARGET_SOURCE_TRANSITION
P-618356,2025-05,2025-11-01,ANTICIPATED,2025-11-01,REVISED,OCMS_LEGACY,0,1,
P-618356,2025-12,2025-11-01,REVISED,2025-12-01,REVISED,PAIMANA,1,0,REPORTING_REGIME_CHANGE
P-618356,2026-04,2025-12-01,REVISED,2026-04-01,REVISED,PAIMANA,4,1,
P-618357,2025-02,2025-06-01,ORIGINAL,2025-06-01,REVISED,OCMS_LEGACY,0,1,
P-618357,2025-03,2025-06-01,REVISED,2025-06-01,ORIGINAL,OCMS_LEGACY,0,1,
P-618357,2025-04,2025-06-01,ORIGINAL,2026-01-01,ANTICIPATED,OCMS_LEGACY,7,0,TARGET_SOURCE_TRANSITION
P-618357,2025-05,2026-01-01,ANTICIPATED,2026-01-01,REVISED,OCMS_LEGACY,0,1,
P-618357,2025-12,2026-01-01,REVISED,2025-04-01,REVISED,PAIMANA,-9,0,REPORTING_REGIME_CHANGE
P-618357,2026-03,2025-04-01,REVISED,2026-01-01,REVISED,PAIMANA,9,1,
P-618358,2025-02,2025-06-01,ORIGINAL,2025-04-01,REVISED,OCMS_LEGACY,-2,0,TARGET_SOURCE_TRANSITION
P-618358,2025-03,2025-04-01,REVISED,2025-04-01,ORIGINAL,OCMS_LEGACY,0,1,
P-618358,2025-04,2025-04-01,ORIGINAL,2025-12-01,ANTICIPATED,OCMS_LEGACY,8,0,TARGET_SOURCE_TRANSITION
P-618358,2025-05,2025-12-01,ANTICIPATED,2025-12-01,REVISED,OCMS_LEGACY,0,1,
P-618358,2025-12,2025-12-01,REVISED,2027-07-01,REVISED,PAIMANA,19,0,REPORTING_REGIME_CHANGE
P-618358,2026-03,2027-07-01,REVISED,2025-12-01,REVISED,PAIMANA,-19,1,
P-618359,2025-12,2027-03-01,REVISED,2025-08-01,ORIGINAL,PAIMANA,-19,0,REPORTING_REGIME_CHANGE
P-618359,2026-01,2025-08-01,ORIGINAL,2027-03-01,ORIGINAL,PAIMANA,19,1,
P-618359,2026-03,2027-03-01,ORIGINAL,2026-05-01,REVISED,PAIMANA,-10,0,TARGET_SOURCE_TRANSITION
P-618359,2026-04,2026-05-01,REVISED,2027-03-01,REVISED,PAIMANA,10,1,
P-618362,2025-02,2025-12-01,ORIGINAL,2026-03-01,ORIGINAL,OCMS_LEGACY,3,1,
P-618362,2025-04,2026-03-01,ORIGINAL,2026-03-01,REVISED,OCMS_LEGACY,0,1,
P-618362,2025-12,2026-03-01,REVISED,2025-05-01,REVISED,PAIMANA,-10,0,REPORTING_REGIME_CHANGE
P-618362,2026-03,2025-05-01,REVISED,2026-06-01,REVISED,PAIMANA,13,1,
P-618363,2025-02,2025-12-01,ORIGINAL,2026-03-01,ORIGINAL,OCMS_LEGACY,3,1,
P-618363,2025-04,2026-03-01,ORIGINAL,2026-03-01,REVISED,OCMS_LEGACY,0,1,
P-618363,2025-12,2026-03-01,REVISED,2025-05-01,REVISED,PAIMANA,-10,0,REPORTING_REGIME_CHANGE
P-618363,2026-03,2025-05-01,REVISED,2026-12-01,REVISED,PAIMANA,19,1,
P-618364,2025-12,2026-02-01,REVISED,2026-02-01,ORIGINAL,PAIMANA,0,1,
P-618364,2026-03,2026-02-01,ORIGINAL,2026-02-01,REVISED,PAIMANA,0,1,
P-618365,2025-12,2026-02-01,REVISED,2026-02-01,ORIGINAL,PAIMANA,0,1,
P-618365,2026-03,2026-02-01,ORIGINAL,2026-02-01,REVISED,PAIMANA,0,1,
P-618366,2025-12,2026-02-01,REVISED,2026-02-01,ORIGINAL,PAIMANA,0,1,
P-618366,2026-03,2026-02-01,ORIGINAL,2026-02-01,REVISED,PAIMANA,0,1,
P-618367,2026-01,2026-12-01,REVISED,2026-12-01,ORIGINAL,PAIMANA,0,1,
P-618367,2026-03,2026-12-01,ORIGINAL,2026-12-01,REVISED,PAIMANA,0,1,
P-618368,2025-12,2026-09-01,REVISED,2026-09-01,ORIGINAL,PAIMANA,0,1,
P-618368,2026-03,2026-09-01,ORIGINAL,2026-09-01,REVISED,PAIMANA,0,1,
P-618369,2025-12,2026-09-01,REVISED,2026-09-01,ORIGINAL,PAIMANA,0,1,
P-618369,2026-03,2026-09-01,ORIGINAL,2026-09-01,REVISED,PAIMANA,0,1,
P-618370,2025-12,2026-07-01,REVISED,2026-07-01,ORIGINAL,PAIMANA,0,1,
P-618370,2026-03,2026-07-01,ORIGINAL,2026-12-01,REVISED,PAIMANA,5,0,TARGET_SOURCE_TRANSITION
P-618371,2025-02,2026-11-01,ORIGINAL,2026-11-01,REVISED,OCMS_LEGACY,0,1,
P-618371,2025-03,2026-11-01,REVISED,2026-11-01,ORIGINAL,OCMS_LEGACY,0,1,
P-618371,2025-04,2026-11-01,ORIGINAL,2026-11-01,REVISED,OCMS_LEGACY,0,1,
P-618371,2025-12,2026-11-01,REVISED,2026-11-01,ORIGINAL,PAIMANA,0,1,
P-618371,2026-03,2026-11-01,ORIGINAL,2026-11-01,REVISED,PAIMANA,0,1,
P-618372,2025-02,2025-03-01,REVISED,2025-06-01,REVISED,OCMS_LEGACY,3,1,
P-618372,2025-12,2025-06-01,REVISED,2025-06-01,ORIGINAL,PAIMANA,0,1,
P-618372,2026-01,2025-06-01,ORIGINAL,2025-01-01,ORIGINAL,PAIMANA,-5,1,
P-618372,2026-03,2025-01-01,ORIGINAL,2025-06-01,REVISED,PAIMANA,5,0,TARGET_SOURCE_TRANSITION
P-618373,2025-12,2028-09-01,REVISED,2028-12-01,REVISED,PAIMANA,3,0,REPORTING_REGIME_CHANGE
P-618373,2026-03,2028-12-01,REVISED,2028-09-01,REVISED,PAIMANA,-3,1,
P-618374,2025-12,2026-11-01,REVISED,2027-11-01,REVISED,PAIMANA,12,0,REPORTING_REGIME_CHANGE
P-618374,2026-03,2027-11-01,REVISED,2026-11-01,REVISED,PAIMANA,-12,1,
P-618375,2025-12,2026-04-01,REVISED,2026-07-01,REVISED,PAIMANA,3,0,REPORTING_REGIME_CHANGE
P-618375,2026-03,2026-07-01,REVISED,2026-10-01,REVISED,PAIMANA,3,1,
P-618376,2025-12,2026-08-01,REVISED,2026-07-01,REVISED,PAIMANA,-1,0,REPORTING_REGIME_CHANGE
P-618376,2026-03,2026-07-01,REVISED,2026-12-01,REVISED,PAIMANA,5,1,
P-618377,2025-04,2025-10-01,REVISED,2025-10-01,ANTICIPATED,OCMS_LEGACY,0,1,
P-618377,2025-05,2025-10-01,ANTICIPATED,2025-10-01,REVISED,OCMS_LEGACY,0,1,
P-618377,2025-12,2025-10-01,REVISED,2025-10-01,ORIGINAL,PAIMANA,0,1,
P-618377,2026-03,2025-10-01,ORIGINAL,2026-04-01,REVISED,PAIMANA,6,0,TARGET_SOURCE_TRANSITION
P-618377,2026-04,2026-04-01,REVISED,2026-05-01,REVISED,PAIMANA,1,1,
P-618379,2025-02,2025-02-01,REVISED,2025-03-01,REVISED,OCMS_LEGACY,1,1,
P-618379,2025-04,2025-03-01,REVISED,2025-06-01,REVISED,OCMS_LEGACY,3,1,
P-618379,2025-05,2025-06-01,REVISED,2025-04-01,REVISED,OCMS_LEGACY,-2,1,
P-618379,2025-12,2025-04-01,REVISED,2023-04-01,ORIGINAL,PAIMANA,-24,0,REPORTING_REGIME_CHANGE
P-618380,2025-02,2025-01-01,REVISED,2025-03-01,REVISED,OCMS_LEGACY,2,1,
P-618380,2025-04,2025-03-01,REVISED,2025-06-01,REVISED,OCMS_LEGACY,3,1,
P-618380,2025-05,2025-06-01,REVISED,2025-04-01,REVISED,OCMS_LEGACY,-2,1,
P-618380,2025-12,2025-04-01,REVISED,2024-11-01,REVISED,PAIMANA,-5,0,REPORTING_REGIME_CHANGE
P-618380,2026-03,2024-11-01,REVISED,2025-04-01,REVISED,PAIMANA,5,1,
P-618381,2025-04,2025-03-01,REVISED,2025-05-01,REVISED,OCMS_LEGACY,2,1,
P-618381,2025-12,2025-05-01,REVISED,2025-03-01,REVISED,PAIMANA,-2,0,REPORTING_REGIME_CHANGE
P-618381,2026-03,2025-03-01,REVISED,2025-05-01,REVISED,PAIMANA,2,1,
P-618382,2025-04,2025-03-01,REVISED,2025-05-01,REVISED,OCMS_LEGACY,2,1,
P-618382,2025-12,2025-05-01,REVISED,2025-03-01,REVISED,PAIMANA,-2,0,REPORTING_REGIME_CHANGE
P-618382,2026-03,2025-03-01,REVISED,2025-05-01,REVISED,PAIMANA,2,1,
P-618383,2025-04,2025-03-01,REVISED,2025-05-01,REVISED,OCMS_LEGACY,2,1,
P-618383,2025-12,2025-05-01,REVISED,2025-05-01,REVISED,PAIMANA,0,1,
P-618383,2026-03,2025-05-01,REVISED,2025-06-01,REVISED,PAIMANA,1,1,
P-618384,2025-02,2025-02-01,REVISED,2025-03-01,REVISED,OCMS_LEGACY,1,1,
P-618384,2025-04,2025-03-01,REVISED,2025-06-01,REVISED,OCMS_LEGACY,3,1,
P-618384,2025-05,2025-06-01,REVISED,2025-05-01,REVISED,OCMS_LEGACY,-1,1,
P-618384,2025-06,2025-05-01,REVISED,2025-04-01,REVISED,OCMS_LEGACY,-1,1,
P-618384,2025-12,2025-04-01,REVISED,2024-09-01,REVISED,PAIMANA,-7,0,REPORTING_REGIME_CHANGE
P-618384,2026-03,2024-09-01,REVISED,2025-04-01,REVISED,PAIMANA,7,1,
P-618385,2025-12,2026-03-01,REVISED,2025-09-01,ORIGINAL,PAIMANA,-6,0,REPORTING_REGIME_CHANGE
P-618385,2026-03,2025-09-01,ORIGINAL,2026-03-01,REVISED,PAIMANA,6,0,TARGET_SOURCE_TRANSITION
P-618386,2025-04,2024-12-01,REVISED,2024-12-01,ANTICIPATED,OCMS_LEGACY,0,1,
P-618386,2025-05,2024-12-01,ANTICIPATED,2024-12-01,REVISED,OCMS_LEGACY,0,1,
P-618386,2025-12,2024-12-01,REVISED,2024-10-01,REVISED,PAIMANA,-2,0,REPORTING_REGIME_CHANGE
P-618387,2025-02,2026-03-01,ORIGINAL,2026-03-01,REVISED,OCMS_LEGACY,0,1,
P-618387,2025-03,2026-03-01,REVISED,2026-03-01,ORIGINAL,OCMS_LEGACY,0,1,
P-618387,2025-04,2026-03-01,ORIGINAL,2026-03-01,ANTICIPATED,OCMS_LEGACY,0,1,
P-618387,2025-05,2026-03-01,ANTICIPATED,2026-03-01,REVISED,OCMS_LEGACY,0,1,
P-618387,2025-12,2026-03-01,REVISED,2026-03-01,ORIGINAL,PAIMANA,0,1,
P-618387,2026-03,2026-03-01,ORIGINAL,2026-04-01,REVISED,PAIMANA,1,0,TARGET_SOURCE_TRANSITION
P-618388,2025-04,2025-09-01,REVISED,2025-09-01,ANTICIPATED,OCMS_LEGACY,0,1,
P-618388,2025-05,2025-09-01,ANTICIPATED,2025-08-01,REVISED,OCMS_LEGACY,-1,0,TARGET_SOURCE_TRANSITION
P-618388,2025-12,2025-08-01,REVISED,2025-03-01,REVISED,PAIMANA,-5,0,REPORTING_REGIME_CHANGE
P-618388,2026-03,2025-03-01,REVISED,2026-07-01,REVISED,PAIMANA,16,1,
P-618389,2025-03,2025-03-01,REVISED,2025-05-01,REVISED,OCMS_LEGACY,2,1,
P-618389,2025-04,2025-05-01,REVISED,2025-05-01,ANTICIPATED,OCMS_LEGACY,0,1,
P-618389,2025-05,2025-05-01,ANTICIPATED,2025-06-01,REVISED,OCMS_LEGACY,1,0,TARGET_SOURCE_TRANSITION
P-618389,2025-06,2025-06-01,REVISED,2025-07-01,REVISED,OCMS_LEGACY,1,1,
P-618389,2025-12,2025-07-01,REVISED,2025-10-01,REVISED,PAIMANA,3,0,REPORTING_REGIME_CHANGE
P-618389,2026-03,2025-10-01,REVISED,2026-04-01,REVISED,PAIMANA,6,1,
P-618389,2026-04,2026-04-01,REVISED,2026-05-01,REVISED,PAIMANA,1,1,
P-618390,2025-04,2026-01-01,REVISED,2026-09-01,REVISED,OCMS_LEGACY,8,1,
P-618390,2025-12,2026-09-01,REVISED,2026-06-01,REVISED,PAIMANA,-3,0,REPORTING_REGIME_CHANGE
P-618390,2026-03,2026-06-01,REVISED,2027-03-01,REVISED,PAIMANA,9,1,
P-618391,2025-12,2025-12-01,REVISED,2025-12-01,ORIGINAL,PAIMANA,0,1,
P-618391,2026-03,2025-12-01,ORIGINAL,2026-12-01,REVISED,PAIMANA,12,0,TARGET_SOURCE_TRANSITION
P-618392,2026-01,2026-06-01,REVISED,2026-06-01,ORIGINAL,PAIMANA,0,1,
P-618392,2026-03,2026-06-01,ORIGINAL,2026-06-01,REVISED,PAIMANA,0,1,
P-618393,2025-12,2025-12-01,REVISED,2025-12-01,ORIGINAL,PAIMANA,0,1,
P-618394,2025-03,2025-10-01,REVISED,2026-10-01,REVISED,OCMS_LEGACY,12,1,
P-618394,2025-04,2026-10-01,REVISED,2026-10-01,ANTICIPATED,OCMS_LEGACY,0,1,
P-618394,2025-05,2026-10-01,ANTICIPATED,2026-10-01,REVISED,OCMS_LEGACY,0,1,
P-618394,2025-12,2026-10-01,REVISED,2025-06-01,REVISED,PAIMANA,-16,0,REPORTING_REGIME_CHANGE
P-618394,2026-03,2025-06-01,REVISED,2026-10-01,REVISED,PAIMANA,16,1,
P-618395,2025-02,2026-03-01,ORIGINAL,2026-03-01,REVISED,OCMS_LEGACY,0,1,
P-618395,2025-03,2026-03-01,REVISED,2026-06-01,ORIGINAL,OCMS_LEGACY,3,0,TARGET_SOURCE_TRANSITION
P-618395,2025-04,2026-06-01,ORIGINAL,2026-06-01,ANTICIPATED,OCMS_LEGACY,0,1,
P-618395,2025-05,2026-06-01,ANTICIPATED,2026-06-01,REVISED,OCMS_LEGACY,0,1,
P-618395,2025-12,2026-06-01,REVISED,2025-07-01,REVISED,PAIMANA,-11,0,REPORTING_REGIME_CHANGE
P-618395,2026-03,2025-07-01,REVISED,2026-10-01,REVISED,PAIMANA,15,1,
P-618398,2025-02,2025-04-01,REVISED,2025-06-01,REVISED,OCMS_LEGACY,2,1,
P-618398,2025-03,2025-06-01,REVISED,2025-05-01,REVISED,OCMS_LEGACY,-1,1,
P-618398,2025-04,2025-05-01,REVISED,2025-06-01,ANTICIPATED,OCMS_LEGACY,1,0,TARGET_SOURCE_TRANSITION
P-618398,2025-05,2025-06-01,ANTICIPATED,2025-07-01,REVISED,OCMS_LEGACY,1,0,TARGET_SOURCE_TRANSITION
P-618398,2025-06,2025-07-01,REVISED,2025-08-01,REVISED,OCMS_LEGACY,1,1,
P-618398,2025-12,2025-08-01,REVISED,2025-06-01,REVISED,PAIMANA,-2,0,REPORTING_REGIME_CHANGE
P-618398,2026-03,2025-06-01,REVISED,2026-03-01,REVISED,PAIMANA,9,1,
P-618399,2025-02,2026-06-01,ORIGINAL,2026-06-01,REVISED,OCMS_LEGACY,0,1,
P-618399,2025-03,2026-06-01,REVISED,2026-06-01,ORIGINAL,OCMS_LEGACY,0,1,
P-618399,2025-04,2026-06-01,ORIGINAL,2026-06-01,ANTICIPATED,OCMS_LEGACY,0,1,
P-618399,2025-05,2026-06-01,ANTICIPATED,2026-06-01,REVISED,OCMS_LEGACY,0,1,
P-618399,2025-12,2026-06-01,REVISED,2024-11-01,REVISED,PAIMANA,-19,0,REPORTING_REGIME_CHANGE
P-618399,2026-02,2024-11-01,REVISED,2026-03-01,REVISED,PAIMANA,16,1,
P-618399,2026-03,2026-03-01,REVISED,2027-06-01,REVISED,PAIMANA,15,1,
P-618400,2025-02,2025-03-01,ORIGINAL,2025-03-01,REVISED,OCMS_LEGACY,0,1,
P-618400,2025-03,2025-03-01,REVISED,2025-04-01,ORIGINAL,OCMS_LEGACY,1,0,TARGET_SOURCE_TRANSITION
P-618400,2025-04,2025-04-01,ORIGINAL,2025-05-01,ANTICIPATED,OCMS_LEGACY,1,0,TARGET_SOURCE_TRANSITION
P-618400,2025-05,2025-05-01,ANTICIPATED,2025-05-01,REVISED,OCMS_LEGACY,0,1,
P-618400,2025-12,2025-05-01,REVISED,2024-10-01,REVISED,PAIMANA,-7,0,REPORTING_REGIME_CHANGE
P-618400,2026-03,2024-10-01,REVISED,2025-08-01,REVISED,PAIMANA,10,1,
P-618401,2026-03,2028-07-01,ORIGINAL,2028-07-01,REVISED,PAIMANA,0,1,
P-618402,2025-04,2028-02-01,ORIGINAL,2028-02-01,REVISED,OCMS_LEGACY,0,1,
P-618402,2026-01,2028-02-01,REVISED,2028-02-01,ORIGINAL,PAIMANA,0,1,
P-618402,2026-03,2028-02-01,ORIGINAL,2028-03-01,REVISED,PAIMANA,1,0,TARGET_SOURCE_TRANSITION
P-618403,2025-04,2027-01-01,ORIGINAL,2027-01-01,REVISED,OCMS_LEGACY,0,1,
P-618403,2026-01,2027-01-01,REVISED,2027-01-01,ORIGINAL,PAIMANA,0,1,
P-618403,2026-03,2027-01-01,ORIGINAL,2027-01-01,REVISED,PAIMANA,0,1,
P-618404,2026-03,2027-11-01,ORIGINAL,2027-11-01,REVISED,PAIMANA,0,1,
P-618405,2025-04,2027-07-01,ORIGINAL,2027-07-01,REVISED,OCMS_LEGACY,0,1,
P-618405,2026-01,2027-07-01,REVISED,2027-07-01,ORIGINAL,PAIMANA,0,1,
P-618405,2026-03,2027-07-01,ORIGINAL,2027-07-01,REVISED,PAIMANA,0,1,
P-618406,2025-03,2025-06-01,REVISED,2025-10-01,REVISED,OCMS_LEGACY,4,1,
P-618406,2025-04,2025-10-01,REVISED,2025-10-01,ANTICIPATED,OCMS_LEGACY,0,1,
P-618406,2025-05,2025-10-01,ANTICIPATED,2025-10-01,REVISED,OCMS_LEGACY,0,1,
P-618406,2025-12,2025-10-01,REVISED,2022-05-01,REVISED,PAIMANA,-41,0,REPORTING_REGIME_CHANGE
P-618407,2025-03,2025-04-01,REVISED,2025-10-01,REVISED,OCMS_LEGACY,6,1,
P-618407,2025-12,2025-10-01,REVISED,2025-01-01,ORIGINAL,PAIMANA,-9,0,REPORTING_REGIME_CHANGE
P-618407,2026-03,2025-01-01,ORIGINAL,2026-04-01,REVISED,PAIMANA,15,0,TARGET_SOURCE_TRANSITION
P-618407,2026-04,2026-04-01,REVISED,2026-06-01,REVISED,PAIMANA,2,1,
P-618408,2025-02,2025-08-01,ORIGINAL,2025-08-01,REVISED,OCMS_LEGACY,0,1,
P-618408,2025-03,2025-08-01,REVISED,2025-08-01,ORIGINAL,OCMS_LEGACY,0,1,
P-618408,2025-04,2025-08-01,ORIGINAL,2025-08-01,ANTICIPATED,OCMS_LEGACY,0,1,
P-618408,2025-05,2025-08-01,ANTICIPATED,2025-08-01,REVISED,OCMS_LEGACY,0,1,
P-618408,2025-12,2025-08-01,REVISED,2025-03-01,REVISED,PAIMANA,-5,0,REPORTING_REGIME_CHANGE
P-618408,2026-03,2025-03-01,REVISED,2026-07-01,REVISED,PAIMANA,16,1,
P-618409,2025-02,2025-08-01,ORIGINAL,2025-08-01,REVISED,OCMS_LEGACY,0,1,
P-618409,2025-03,2025-08-01,REVISED,2025-08-01,ORIGINAL,OCMS_LEGACY,0,1,
P-618409,2025-04,2025-08-01,ORIGINAL,2025-08-01,ANTICIPATED,OCMS_LEGACY,0,1,
P-618409,2025-05,2025-08-01,ANTICIPATED,2025-08-01,REVISED,OCMS_LEGACY,0,1,
P-618409,2025-12,2025-08-01,REVISED,2025-02-01,REVISED,PAIMANA,-6,0,REPORTING_REGIME_CHANGE
P-618409,2026-03,2025-02-01,REVISED,2026-07-01,REVISED,PAIMANA,17,1,
P-618410,2025-02,2025-11-01,ORIGINAL,2025-11-01,REVISED,OCMS_LEGACY,0,1,
P-618410,2025-03,2025-11-01,REVISED,2025-11-01,ORIGINAL,OCMS_LEGACY,0,1,
P-618410,2025-04,2025-11-01,ORIGINAL,2025-11-01,ANTICIPATED,OCMS_LEGACY,0,1,
P-618410,2025-05,2025-11-01,ANTICIPATED,2025-11-01,REVISED,OCMS_LEGACY,0,1,
P-618410,2025-12,2025-11-01,REVISED,2026-12-01,REVISED,PAIMANA,13,0,REPORTING_REGIME_CHANGE
P-618410,2026-03,2026-12-01,REVISED,2026-10-01,REVISED,PAIMANA,-2,1,
P-618411,2025-04,2025-09-01,REVISED,2025-11-01,REVISED,OCMS_LEGACY,2,1,
P-618411,2025-05,2025-11-01,REVISED,2025-12-01,REVISED,OCMS_LEGACY,1,1,
P-618411,2025-12,2025-12-01,REVISED,2025-12-01,REVISED,PAIMANA,0,1,
P-618411,2026-01,2025-12-01,REVISED,2025-11-01,REVISED,PAIMANA,-1,1,
P-618411,2026-03,2025-11-01,REVISED,2026-06-01,REVISED,PAIMANA,7,1,
P-618412,2025-12,2026-09-01,REVISED,2027-12-01,REVISED,PAIMANA,15,0,REPORTING_REGIME_CHANGE
P-618412,2026-03,2027-12-01,REVISED,2028-02-01,REVISED,PAIMANA,2,1,
P-618413,2025-02,2025-06-01,ORIGINAL,2025-06-01,REVISED,OCMS_LEGACY,0,1,
P-618413,2025-03,2025-06-01,REVISED,2025-12-01,ORIGINAL,OCMS_LEGACY,6,0,TARGET_SOURCE_TRANSITION
P-618413,2025-04,2025-12-01,ORIGINAL,2025-12-01,REVISED,OCMS_LEGACY,0,1,
P-618413,2025-12,2025-12-01,REVISED,2025-11-01,REVISED,PAIMANA,-1,0,REPORTING_REGIME_CHANGE
P-618413,2026-03,2025-11-01,REVISED,2026-06-01,REVISED,PAIMANA,7,1,
P-618414,2025-02,2025-09-01,ORIGINAL,2025-09-01,REVISED,OCMS_LEGACY,0,1,
P-618414,2025-03,2025-09-01,REVISED,2025-09-01,ORIGINAL,OCMS_LEGACY,0,1,
P-618414,2025-04,2025-09-01,ORIGINAL,2025-09-01,ANTICIPATED,OCMS_LEGACY,0,1,
P-618414,2025-05,2025-09-01,ANTICIPATED,2025-09-01,REVISED,OCMS_LEGACY,0,1,
P-618414,2025-12,2025-09-01,REVISED,2025-09-01,ORIGINAL,PAIMANA,0,1,
P-618414,2026-03,2025-09-01,ORIGINAL,2025-09-01,REVISED,PAIMANA,0,1,
P-618415,2025-02,2025-02-01,ORIGINAL,2025-03-01,REVISED,OCMS_LEGACY,1,0,TARGET_SOURCE_TRANSITION
P-618415,2025-03,2025-03-01,REVISED,2025-02-01,ORIGINAL,OCMS_LEGACY,-1,0,TARGET_SOURCE_TRANSITION
P-618415,2025-04,2025-02-01,ORIGINAL,2025-02-01,ANTICIPATED,OCMS_LEGACY,0,1,
P-618415,2025-05,2025-02-01,ANTICIPATED,2025-09-01,REVISED,OCMS_LEGACY,7,0,TARGET_SOURCE_TRANSITION
P-618415,2025-12,2025-09-01,REVISED,2023-08-01,REVISED,PAIMANA,-25,0,REPORTING_REGIME_CHANGE
P-618415,2026-02,2023-08-01,REVISED,2025-04-01,REVISED,PAIMANA,20,1,
P-618415,2026-03,2025-04-01,REVISED,2026-03-01,REVISED,PAIMANA,11,1,
P-618416,2025-02,2025-03-01,ORIGINAL,2025-05-01,REVISED,OCMS_LEGACY,2,0,TARGET_SOURCE_TRANSITION
P-618416,2025-03,2025-05-01,REVISED,2025-05-01,ORIGINAL,OCMS_LEGACY,0,1,
P-618416,2025-04,2025-05-01,ORIGINAL,2025-07-01,ANTICIPATED,OCMS_LEGACY,2,0,TARGET_SOURCE_TRANSITION
P-618416,2025-05,2025-07-01,ANTICIPATED,2025-12-01,REVISED,OCMS_LEGACY,5,0,TARGET_SOURCE_TRANSITION
P-618416,2025-12,2025-12-01,REVISED,2023-02-01,REVISED,PAIMANA,-34,0,REPORTING_REGIME_CHANGE
P-618416,2026-01,2023-02-01,REVISED,2025-06-01,REVISED,PAIMANA,28,1,
P-618416,2026-03,2025-06-01,REVISED,2026-07-01,REVISED,PAIMANA,13,1,
P-618417,2025-12,2027-03-01,REVISED,2027-03-01,ORIGINAL,PAIMANA,0,1,
P-618417,2026-04,2027-03-01,ORIGINAL,2027-03-01,REVISED,PAIMANA,0,1,
P-618418,2025-04,2025-12-01,REVISED,2025-12-01,ANTICIPATED,OCMS_LEGACY,0,1,
P-618418,2025-05,2025-12-01,ANTICIPATED,2026-05-01,REVISED,OCMS_LEGACY,5,0,TARGET_SOURCE_TRANSITION
P-618418,2025-12,2026-05-01,REVISED,2025-06-01,REVISED,PAIMANA,-11,0,REPORTING_REGIME_CHANGE
P-618418,2026-03,2025-06-01,REVISED,2026-05-01,REVISED,PAIMANA,11,1,
P-618419,2025-12,2026-09-01,REVISED,2026-09-01,ORIGINAL,PAIMANA,0,1,
P-618419,2026-03,2026-09-01,ORIGINAL,2026-09-01,REVISED,PAIMANA,0,1,
P-618420,2025-02,2026-09-01,ORIGINAL,2026-09-01,REVISED,OCMS_LEGACY,0,1,
P-618420,2025-03,2026-09-01,REVISED,2026-09-01,ORIGINAL,OCMS_LEGACY,0,1,
P-618420,2025-04,2026-09-01,ORIGINAL,2026-09-01,REVISED,OCMS_LEGACY,0,1,
P-618420,2025-12,2026-09-01,REVISED,2026-09-01,ORIGINAL,PAIMANA,0,1,
P-618420,2026-03,2026-09-01,ORIGINAL,2026-09-01,REVISED,PAIMANA,0,1,
P-618421,2025-12,2026-09-01,REVISED,2026-09-01,ORIGINAL,PAIMANA,0,1,
P-618421,2026-03,2026-09-01,ORIGINAL,2026-09-01,REVISED,PAIMANA,0,1,
P-618422,2025-02,2025-09-01,ORIGINAL,2025-09-01,REVISED,OCMS_LEGACY,0,1,
P-618422,2025-03,2025-09-01,REVISED,2025-09-01,ORIGINAL,OCMS_LEGACY,0,1,
P-618422,2025-04,2025-09-01,ORIGINAL,2025-09-01,REVISED,OCMS_LEGACY,0,1,
P-618422,2025-12,2025-09-01,REVISED,2025-09-01,ORIGINAL,PAIMANA,0,1,
P-618422,2026-03,2025-09-01,ORIGINAL,2026-04-01,REVISED,PAIMANA,7,0,TARGET_SOURCE_TRANSITION
P-618423,2025-04,2025-08-01,REVISED,2025-08-01,ANTICIPATED,OCMS_LEGACY,0,1,
P-618423,2025-05,2025-08-01,ANTICIPATED,2025-08-01,REVISED,OCMS_LEGACY,0,1,
P-618423,2025-12,2025-08-01,REVISED,2025-08-01,ORIGINAL,PAIMANA,0,1,
P-618423,2026-03,2025-08-01,ORIGINAL,2026-03-01,REVISED,PAIMANA,7,0,TARGET_SOURCE_TRANSITION
P-618426,2026-03,2025-09-01,REVISED,2026-04-01,REVISED,PAIMANA,7,1,
P-618426,2026-04,2026-04-01,REVISED,2026-12-01,REVISED,PAIMANA,8,1,
P-618427,2025-02,2024-10-01,REVISED,2025-04-01,REVISED,OCMS_LEGACY,6,1,
P-618427,2025-06,2025-04-01,REVISED,2025-10-01,REVISED,OCMS_LEGACY,6,1,
P-618427,2025-12,2025-10-01,REVISED,2025-10-01,REVISED,PAIMANA,0,1,
P-618427,2026-03,2025-10-01,REVISED,2026-05-01,REVISED,PAIMANA,7,1,
P-618428,2026-03,2025-10-01,REVISED,2026-04-01,REVISED,PAIMANA,6,1,
P-618428,2026-04,2026-04-01,REVISED,2026-05-01,REVISED,PAIMANA,1,1,
P-618429,2025-02,2025-03-01,REVISED,2025-04-01,REVISED,OCMS_LEGACY,1,1,
P-618429,2025-04,2025-04-01,REVISED,2025-04-01,ANTICIPATED,OCMS_LEGACY,0,1,
P-618429,2025-05,2025-04-01,ANTICIPATED,2025-10-01,REVISED,OCMS_LEGACY,6,0,TARGET_SOURCE_TRANSITION
P-618429,2025-12,2025-10-01,REVISED,2023-06-01,REVISED,PAIMANA,-28,0,REPORTING_REGIME_CHANGE
P-618429,2026-01,2023-06-01,REVISED,2025-04-01,REVISED,PAIMANA,22,1,
P-618429,2026-03,2025-04-01,REVISED,2026-05-01,REVISED,PAIMANA,13,1,
P-618430,2025-02,2025-01-01,REVISED,2025-03-01,REVISED,OCMS_LEGACY,2,1,
P-618430,2025-04,2025-03-01,REVISED,2025-06-01,REVISED,OCMS_LEGACY,3,1,
P-618430,2025-06,2025-06-01,REVISED,2025-10-01,REVISED,OCMS_LEGACY,4,1,
P-618430,2025-12,2025-10-01,REVISED,2025-06-01,REVISED,PAIMANA,-4,0,REPORTING_REGIME_CHANGE
P-618430,2026-03,2025-06-01,REVISED,2026-04-01,REVISED,PAIMANA,10,1,
P-618430,2026-04,2026-04-01,REVISED,2026-05-01,REVISED,PAIMANA,1,1,
P-618431,2025-04,2025-03-01,REVISED,2025-07-01,ANTICIPATED,OCMS_LEGACY,4,0,TARGET_SOURCE_TRANSITION
P-618431,2025-05,2025-07-01,ANTICIPATED,2025-07-01,REVISED,OCMS_LEGACY,0,1,
P-618431,2025-06,2025-07-01,REVISED,2025-10-01,REVISED,OCMS_LEGACY,3,1,
P-618431,2025-12,2025-10-01,REVISED,2025-03-01,REVISED,PAIMANA,-7,0,REPORTING_REGIME_CHANGE
P-618431,2026-03,2025-03-01,REVISED,2026-05-01,REVISED,PAIMANA,14,1,
P-618433,2025-04,2025-03-01,REVISED,2025-04-01,ANTICIPATED,OCMS_LEGACY,1,0,TARGET_SOURCE_TRANSITION
P-618433,2025-05,2025-04-01,ANTICIPATED,2025-06-01,REVISED,OCMS_LEGACY,2,0,TARGET_SOURCE_TRANSITION
P-618433,2025-06,2025-06-01,REVISED,2025-07-01,REVISED,OCMS_LEGACY,1,1,
P-618433,2025-12,2025-07-01,REVISED,2023-07-01,REVISED,PAIMANA,-24,0,REPORTING_REGIME_CHANGE
P-618433,2026-02,2023-07-01,REVISED,2023-09-01,REVISED,PAIMANA,2,1,
P-618433,2026-03,2023-09-01,REVISED,2026-04-01,REVISED,PAIMANA,31,1,
P-618434,2025-04,2025-06-01,REVISED,2025-12-01,ANTICIPATED,OCMS_LEGACY,6,0,TARGET_SOURCE_TRANSITION
P-618434,2025-05,2025-12-01,ANTICIPATED,2025-12-01,REVISED,OCMS_LEGACY,0,1,
P-618434,2025-12,2025-12-01,REVISED,2025-04-01,REVISED,PAIMANA,-8,0,REPORTING_REGIME_CHANGE
P-618434,2026-03,2025-04-01,REVISED,2026-06-01,REVISED,PAIMANA,14,1,
P-618435,2025-02,2025-03-01,REVISED,2025-06-01,REVISED,OCMS_LEGACY,3,1,
P-618435,2025-04,2025-06-01,REVISED,2025-12-01,ANTICIPATED,OCMS_LEGACY,6,0,TARGET_SOURCE_TRANSITION
P-618435,2025-05,2025-12-01,ANTICIPATED,2025-12-01,REVISED,OCMS_LEGACY,0,1,
P-618435,2025-12,2025-12-01,REVISED,2025-03-01,REVISED,PAIMANA,-9,0,REPORTING_REGIME_CHANGE
P-618435,2026-02,2025-03-01,REVISED,2025-07-01,REVISED,PAIMANA,4,1,
P-618435,2026-03,2025-07-01,REVISED,2026-05-01,REVISED,PAIMANA,10,1,
P-618435,2026-04,2026-05-01,REVISED,2026-06-01,REVISED,PAIMANA,1,1,
P-618436,2025-04,2025-06-01,REVISED,2025-06-01,ANTICIPATED,OCMS_LEGACY,0,1,
P-618436,2025-05,2025-06-01,ANTICIPATED,2025-07-01,REVISED,OCMS_LEGACY,1,0,TARGET_SOURCE_TRANSITION
P-618436,2025-12,2025-07-01,REVISED,2025-03-01,REVISED,PAIMANA,-4,0,REPORTING_REGIME_CHANGE
P-618436,2026-03,2025-03-01,REVISED,2025-07-01,REVISED,PAIMANA,4,1,
P-618437,2025-03,2025-03-01,REVISED,2025-04-01,REVISED,OCMS_LEGACY,1,1,
P-618437,2025-04,2025-04-01,REVISED,2025-05-01,REVISED,OCMS_LEGACY,1,1,
P-618437,2025-05,2025-05-01,REVISED,2025-07-01,REVISED,OCMS_LEGACY,2,1,
P-618437,2025-12,2025-07-01,REVISED,2025-08-01,ORIGINAL,PAIMANA,1,0,REPORTING_REGIME_CHANGE
P-618437,2026-03,2025-08-01,ORIGINAL,2025-08-01,REVISED,PAIMANA,0,1,
P-618438,2025-02,2025-02-01,REVISED,2025-03-01,REVISED,OCMS_LEGACY,1,1,
P-618438,2025-03,2025-03-01,REVISED,2025-04-01,REVISED,OCMS_LEGACY,1,1,
P-618438,2025-04,2025-04-01,REVISED,2025-05-01,REVISED,OCMS_LEGACY,1,1,
P-618438,2025-05,2025-05-01,REVISED,2025-07-01,REVISED,OCMS_LEGACY,2,1,
P-618438,2025-12,2025-07-01,REVISED,2025-01-01,REVISED,PAIMANA,-6,0,REPORTING_REGIME_CHANGE
P-618438,2026-03,2025-01-01,REVISED,2025-08-01,REVISED,PAIMANA,7,1,
P-618444,2025-02,2025-02-01,REVISED,2025-03-01,REVISED,OCMS_LEGACY,1,1,
P-618444,2025-03,2025-03-01,REVISED,2025-04-01,REVISED,OCMS_LEGACY,1,1,
P-618444,2025-04,2025-04-01,REVISED,2025-05-01,REVISED,OCMS_LEGACY,1,1,
P-618444,2025-05,2025-05-01,REVISED,2025-06-01,REVISED,OCMS_LEGACY,1,1,
P-618444,2025-06,2025-06-01,REVISED,2025-07-01,REVISED,OCMS_LEGACY,1,1,
P-618444,2026-01,2025-07-01,REVISED,2024-08-01,ORIGINAL,PAIMANA,-11,0,REPORTING_REGIME_CHANGE
P-618445,2026-03,2027-12-01,ORIGINAL,2027-12-01,REVISED,PAIMANA,0,1,
P-618446,2025-04,2025-07-01,REVISED,2026-03-01,ANTICIPATED,OCMS_LEGACY,8,0,TARGET_SOURCE_TRANSITION
P-618446,2025-05,2026-03-01,ANTICIPATED,2026-03-01,REVISED,OCMS_LEGACY,0,1,
P-618446,2025-12,2026-03-01,REVISED,2025-02-01,REVISED,PAIMANA,-13,0,REPORTING_REGIME_CHANGE
P-618446,2026-03,2025-02-01,REVISED,2026-06-01,REVISED,PAIMANA,16,1,
P-618447,2025-02,2025-06-01,ORIGINAL,2025-06-01,REVISED,OCMS_LEGACY,0,1,
P-618447,2025-03,2025-06-01,REVISED,2025-06-01,ORIGINAL,OCMS_LEGACY,0,1,
P-618447,2025-04,2025-06-01,ORIGINAL,2025-12-01,ANTICIPATED,OCMS_LEGACY,6,0,TARGET_SOURCE_TRANSITION
P-618447,2025-05,2025-12-01,ANTICIPATED,2025-12-01,REVISED,OCMS_LEGACY,0,1,
P-618447,2025-12,2025-12-01,REVISED,2025-11-01,REVISED,PAIMANA,-1,0,REPORTING_REGIME_CHANGE
P-618447,2026-01,2025-11-01,REVISED,2025-09-01,REVISED,PAIMANA,-2,1,
P-618447,2026-03,2025-09-01,REVISED,2026-05-01,REVISED,PAIMANA,8,1,
P-618448,2025-04,2025-12-01,REVISED,2026-12-01,ANTICIPATED,OCMS_LEGACY,12,0,TARGET_SOURCE_TRANSITION
P-618448,2025-05,2026-12-01,ANTICIPATED,2026-12-01,REVISED,OCMS_LEGACY,0,1,
P-618448,2025-12,2026-12-01,REVISED,2025-09-01,REVISED,PAIMANA,-15,0,REPORTING_REGIME_CHANGE
P-618448,2026-03,2025-09-01,REVISED,2026-10-01,REVISED,PAIMANA,13,1,
P-618449,2025-03,2025-06-01,REVISED,2025-12-01,REVISED,OCMS_LEGACY,6,1,
P-618449,2025-04,2025-12-01,REVISED,2025-12-01,ANTICIPATED,OCMS_LEGACY,0,1,
P-618449,2025-05,2025-12-01,ANTICIPATED,2025-12-01,REVISED,OCMS_LEGACY,0,1,
P-618449,2025-06,2025-12-01,REVISED,2026-03-01,REVISED,OCMS_LEGACY,3,1,
P-618449,2025-12,2026-03-01,REVISED,2025-02-01,REVISED,PAIMANA,-13,0,REPORTING_REGIME_CHANGE
P-618449,2026-03,2025-02-01,REVISED,2026-06-01,REVISED,PAIMANA,16,1,
P-618449,2026-04,2026-06-01,REVISED,2026-09-01,REVISED,PAIMANA,3,1,
P-618450,2025-02,2025-03-01,REVISED,2025-12-01,REVISED,OCMS_LEGACY,9,1,
P-618450,2025-04,2025-12-01,REVISED,2025-12-01,ANTICIPATED,OCMS_LEGACY,0,1,
P-618450,2025-05,2025-12-01,ANTICIPATED,2025-12-01,REVISED,OCMS_LEGACY,0,1,
P-618450,2025-12,2025-12-01,REVISED,2025-04-01,REVISED,PAIMANA,-8,0,REPORTING_REGIME_CHANGE
P-618450,2026-03,2025-04-01,REVISED,2026-06-01,REVISED,PAIMANA,14,1,
P-618452,2026-01,2026-12-01,REVISED,2026-12-01,ORIGINAL,PAIMANA,0,1,
P-618452,2026-03,2026-12-01,ORIGINAL,2027-07-01,REVISED,PAIMANA,7,0,TARGET_SOURCE_TRANSITION
P-618455,2025-12,2024-09-01,REVISED,2024-10-01,REVISED,PAIMANA,1,0,REPORTING_REGIME_CHANGE
P-618455,2026-03,2024-10-01,REVISED,2024-09-01,REVISED,PAIMANA,-1,1,
P-618456,2025-02,2025-01-01,REVISED,2025-03-01,REVISED,OCMS_LEGACY,2,1,
P-618456,2025-03,2025-03-01,REVISED,2025-04-01,REVISED,OCMS_LEGACY,1,1,
P-618456,2025-04,2025-04-01,REVISED,2025-04-01,ANTICIPATED,OCMS_LEGACY,0,1,
P-618456,2025-05,2025-04-01,ANTICIPATED,2025-06-01,REVISED,OCMS_LEGACY,2,0,TARGET_SOURCE_TRANSITION
P-618456,2025-06,2025-06-01,REVISED,2025-07-01,REVISED,OCMS_LEGACY,1,1,
P-618456,2025-12,2025-07-01,REVISED,2025-03-01,REVISED,PAIMANA,-4,0,REPORTING_REGIME_CHANGE
P-618457,2025-02,2025-03-01,REVISED,2025-06-01,REVISED,OCMS_LEGACY,3,1,
P-618457,2025-04,2025-06-01,REVISED,2025-06-01,ANTICIPATED,OCMS_LEGACY,0,1,
P-618457,2025-05,2025-06-01,ANTICIPATED,2025-06-01,REVISED,OCMS_LEGACY,0,1,
P-618457,2025-06,2025-06-01,REVISED,2025-08-01,REVISED,OCMS_LEGACY,2,1,
P-618457,2025-12,2025-08-01,REVISED,2024-07-01,REVISED,PAIMANA,-13,0,REPORTING_REGIME_CHANGE
P-618457,2026-03,2024-07-01,REVISED,2026-06-01,REVISED,PAIMANA,23,1,
P-618457,2026-04,2026-06-01,REVISED,2026-07-01,REVISED,PAIMANA,1,1,
P-618458,2025-02,2025-09-01,REVISED,2025-12-01,REVISED,OCMS_LEGACY,3,1,
P-618458,2025-04,2025-12-01,REVISED,2025-12-01,ANTICIPATED,OCMS_LEGACY,0,1,
P-618458,2025-05,2025-12-01,ANTICIPATED,2025-12-01,REVISED,OCMS_LEGACY,0,1,
P-618458,2025-12,2025-12-01,REVISED,2026-02-01,REVISED,PAIMANA,2,0,REPORTING_REGIME_CHANGE
P-618458,2026-03,2026-02-01,REVISED,2026-05-01,REVISED,PAIMANA,3,1,
P-618458,2026-04,2026-05-01,REVISED,2026-07-01,REVISED,PAIMANA,2,1,
P-618459,2025-02,2025-06-01,REVISED,2025-11-01,REVISED,OCMS_LEGACY,5,1,
P-618459,2025-04,2025-11-01,REVISED,2026-03-01,REVISED,OCMS_LEGACY,4,1,
P-618459,2025-12,2026-03-01,REVISED,2024-08-01,ORIGINAL,PAIMANA,-19,0,REPORTING_REGIME_CHANGE
P-618459,2026-03,2024-08-01,ORIGINAL,2026-04-01,REVISED,PAIMANA,20,0,TARGET_SOURCE_TRANSITION
P-618459,2026-04,2026-04-01,REVISED,2026-05-01,REVISED,PAIMANA,1,1,
P-618460,2025-03,2024-09-01,REVISED,2025-04-01,REVISED,OCMS_LEGACY,7,1,
P-618460,2025-05,2025-04-01,REVISED,2025-07-01,REVISED,OCMS_LEGACY,3,1,
P-618460,2025-12,2025-07-01,REVISED,2025-05-01,REVISED,PAIMANA,-2,0,REPORTING_REGIME_CHANGE
P-618460,2026-03,2025-05-01,REVISED,2026-04-01,REVISED,PAIMANA,11,1,
P-618460,2026-04,2026-04-01,REVISED,2026-05-01,REVISED,PAIMANA,1,1,
P-618461,2025-03,2025-03-01,REVISED,2025-04-01,REVISED,OCMS_LEGACY,1,1,
P-618461,2025-05,2025-04-01,REVISED,2025-08-01,REVISED,OCMS_LEGACY,4,1,
P-618461,2025-12,2025-08-01,REVISED,2024-06-01,REVISED,PAIMANA,-14,0,REPORTING_REGIME_CHANGE
P-618462,2025-03,2025-03-01,REVISED,2025-06-01,REVISED,OCMS_LEGACY,3,1,
P-618462,2025-05,2025-06-01,REVISED,2025-08-01,REVISED,OCMS_LEGACY,2,1,
P-618462,2025-12,2025-08-01,REVISED,2023-05-01,ORIGINAL,PAIMANA,-27,0,REPORTING_REGIME_CHANGE
P-618462,2026-03,2023-05-01,ORIGINAL,2026-04-01,REVISED,PAIMANA,35,0,TARGET_SOURCE_TRANSITION
P-618462,2026-04,2026-04-01,REVISED,2026-05-01,REVISED,PAIMANA,1,1,
P-618463,2025-03,2025-04-01,REVISED,2025-05-01,REVISED,OCMS_LEGACY,1,1,
P-618463,2025-04,2025-05-01,REVISED,2025-07-01,ANTICIPATED,OCMS_LEGACY,2,0,TARGET_SOURCE_TRANSITION
P-618463,2025-05,2025-07-01,ANTICIPATED,2025-07-01,REVISED,OCMS_LEGACY,0,1,
P-618463,2025-12,2025-07-01,REVISED,2025-04-01,REVISED,PAIMANA,-3,0,REPORTING_REGIME_CHANGE
P-618463,2026-03,2025-04-01,REVISED,2026-06-01,REVISED,PAIMANA,14,1,
P-618464,2026-03,2024-11-01,REVISED,2026-04-01,REVISED,PAIMANA,17,1,
P-618464,2026-04,2026-04-01,REVISED,2026-05-01,REVISED,PAIMANA,1,1,
P-618465,2025-03,2025-03-01,REVISED,2025-04-01,REVISED,OCMS_LEGACY,1,1,
P-618465,2025-06,2025-04-01,REVISED,2025-07-01,REVISED,OCMS_LEGACY,3,1,
P-618465,2025-12,2025-07-01,REVISED,2025-03-01,REVISED,PAIMANA,-4,0,REPORTING_REGIME_CHANGE
P-618465,2026-03,2025-03-01,REVISED,2026-04-01,REVISED,PAIMANA,13,1,
P-618465,2026-04,2026-04-01,REVISED,2026-05-01,REVISED,PAIMANA,1,1,
P-618466,2026-03,2026-03-01,ORIGINAL,2026-11-01,REVISED,PAIMANA,8,0,TARGET_SOURCE_TRANSITION
P-618467,2026-03,2025-10-01,ORIGINAL,2026-06-01,REVISED,PAIMANA,8,0,TARGET_SOURCE_TRANSITION
P-618468,2025-04,2025-01-01,REVISED,2025-06-01,ANTICIPATED,OCMS_LEGACY,5,0,TARGET_SOURCE_TRANSITION
P-618468,2025-05,2025-06-01,ANTICIPATED,2025-06-01,REVISED,OCMS_LEGACY,0,1,
P-618468,2025-12,2025-06-01,REVISED,2025-01-01,REVISED,PAIMANA,-5,0,REPORTING_REGIME_CHANGE
P-618468,2026-03,2025-01-01,REVISED,2026-04-01,REVISED,PAIMANA,15,1,
P-618469,2025-04,2025-06-01,REVISED,2025-06-01,ANTICIPATED,OCMS_LEGACY,0,1,
P-618469,2025-05,2025-06-01,ANTICIPATED,2025-06-01,REVISED,OCMS_LEGACY,0,1,
P-618469,2025-12,2025-06-01,REVISED,2025-06-01,REVISED,PAIMANA,0,1,
P-618469,2026-03,2025-06-01,REVISED,2026-07-01,REVISED,PAIMANA,13,1,
P-618470,2025-04,2025-06-01,REVISED,2025-06-01,ANTICIPATED,OCMS_LEGACY,0,1,
P-618470,2025-05,2025-06-01,ANTICIPATED,2025-06-01,REVISED,OCMS_LEGACY,0,1,
P-618470,2025-12,2025-06-01,REVISED,2025-06-01,REVISED,PAIMANA,0,1,
P-618470,2026-03,2025-06-01,REVISED,2026-05-01,REVISED,PAIMANA,11,1,
P-618471,2025-04,2025-04-01,REVISED,2025-04-01,ANTICIPATED,OCMS_LEGACY,0,1,
P-618471,2025-05,2025-04-01,ANTICIPATED,2025-07-01,REVISED,OCMS_LEGACY,3,0,TARGET_SOURCE_TRANSITION
P-618471,2025-12,2025-07-01,REVISED,2025-11-01,REVISED,PAIMANA,4,0,REPORTING_REGIME_CHANGE
P-618471,2026-03,2025-11-01,REVISED,2026-05-01,REVISED,PAIMANA,6,1,
P-618471,2026-04,2026-05-01,REVISED,2026-06-01,REVISED,PAIMANA,1,1,
P-618472,2025-04,2025-06-01,REVISED,2025-06-01,ANTICIPATED,OCMS_LEGACY,0,1,
P-618472,2025-05,2025-06-01,ANTICIPATED,2025-06-01,REVISED,OCMS_LEGACY,0,1,
P-618472,2025-12,2025-06-01,REVISED,2025-06-01,REVISED,PAIMANA,0,1,
P-618472,2026-03,2025-06-01,REVISED,2026-05-01,REVISED,PAIMANA,11,1,
P-618472,2026-04,2026-05-01,REVISED,2026-06-01,REVISED,PAIMANA,1,1,
P-618473,2025-12,2025-07-01,REVISED,2025-07-01,ORIGINAL,PAIMANA,0,1,
P-618473,2026-03,2025-07-01,ORIGINAL,2026-05-01,REVISED,PAIMANA,10,0,TARGET_SOURCE_TRANSITION
P-618473,2026-04,2026-05-01,REVISED,2026-06-01,REVISED,PAIMANA,1,1,
P-618475,2025-12,2025-06-01,REVISED,2026-06-01,REVISED,PAIMANA,12,0,REPORTING_REGIME_CHANGE
P-618475,2026-04,2026-06-01,REVISED,2026-09-01,REVISED,PAIMANA,3,1,
P-618476,2025-12,2024-10-01,REVISED,2024-10-01,ORIGINAL,PAIMANA,0,1,
P-618476,2026-03,2024-10-01,ORIGINAL,2026-04-01,REVISED,PAIMANA,18,0,TARGET_SOURCE_TRANSITION
P-618476,2026-04,2026-04-01,REVISED,2026-05-01,REVISED,PAIMANA,1,1,
P-618477,2025-04,2025-06-01,REVISED,2025-08-01,REVISED,OCMS_LEGACY,2,1,
P-618477,2025-06,2025-08-01,REVISED,2025-10-01,REVISED,OCMS_LEGACY,2,1,
P-618477,2025-12,2025-10-01,REVISED,2024-08-01,REVISED,PAIMANA,-14,0,REPORTING_REGIME_CHANGE
P-618477,2026-03,2024-08-01,REVISED,2026-04-01,REVISED,PAIMANA,20,1,
P-618477,2026-04,2026-04-01,REVISED,2026-06-01,REVISED,PAIMANA,2,1,
P-618478,2025-04,2025-07-01,REVISED,2025-08-01,REVISED,OCMS_LEGACY,1,1,
P-618478,2025-06,2025-08-01,REVISED,2025-10-01,REVISED,OCMS_LEGACY,2,1,
P-618478,2025-12,2025-10-01,REVISED,2024-07-01,ORIGINAL,PAIMANA,-15,0,REPORTING_REGIME_CHANGE
P-618478,2026-03,2024-07-01,ORIGINAL,2026-04-01,REVISED,PAIMANA,21,0,TARGET_SOURCE_TRANSITION
P-618478,2026-04,2026-04-01,REVISED,2026-07-01,REVISED,PAIMANA,3,1,
P-618479,2025-02,2025-12-01,REVISED,2026-03-01,REVISED,OCMS_LEGACY,3,1,
P-618479,2025-12,2026-03-01,REVISED,2025-03-01,REVISED,PAIMANA,-12,0,REPORTING_REGIME_CHANGE
P-618479,2026-03,2025-03-01,REVISED,2027-03-01,REVISED,PAIMANA,24,1,
P-618479,2026-04,2027-03-01,REVISED,2027-09-01,REVISED,PAIMANA,6,1,
P-618480,2026-03,2025-08-01,ORIGINAL,2026-07-01,REVISED,PAIMANA,11,0,TARGET_SOURCE_TRANSITION
P-618480,2026-04,2026-07-01,REVISED,2026-10-01,REVISED,PAIMANA,3,1,
P-618481,2025-02,2025-09-01,REVISED,2025-08-01,REVISED,OCMS_LEGACY,-1,1,
P-618481,2025-03,2025-08-01,REVISED,2025-10-01,REVISED,OCMS_LEGACY,2,1,
P-618481,2025-06,2025-10-01,REVISED,2025-12-01,REVISED,OCMS_LEGACY,2,1,
P-618481,2025-12,2025-12-01,REVISED,2024-07-01,ORIGINAL,PAIMANA,-17,0,REPORTING_REGIME_CHANGE
P-618481,2026-03,2024-07-01,ORIGINAL,2026-07-01,REVISED,PAIMANA,24,0,TARGET_SOURCE_TRANSITION
P-618481,2026-04,2026-07-01,REVISED,2026-10-01,REVISED,PAIMANA,3,1,
P-618482,2026-03,2025-02-01,REVISED,2026-04-01,REVISED,PAIMANA,14,1,
P-618482,2026-04,2026-04-01,REVISED,2026-05-01,REVISED,PAIMANA,1,1,
P-618483,2026-03,2024-10-01,REVISED,2026-04-01,REVISED,PAIMANA,18,1,
P-618483,2026-04,2026-04-01,REVISED,2026-05-01,REVISED,PAIMANA,1,1,
P-618484,2025-02,2025-02-01,REVISED,2025-03-01,REVISED,OCMS_LEGACY,1,1,
P-618484,2025-04,2025-03-01,REVISED,2025-03-01,ANTICIPATED,OCMS_LEGACY,0,1,
P-618484,2025-05,2025-03-01,ANTICIPATED,2025-06-01,REVISED,OCMS_LEGACY,3,0,TARGET_SOURCE_TRANSITION
P-618484,2025-06,2025-06-01,REVISED,2025-07-01,REVISED,OCMS_LEGACY,1,1,
P-618484,2025-12,2025-07-01,REVISED,2024-05-01,REVISED,PAIMANA,-14,0,REPORTING_REGIME_CHANGE
P-618485,2025-02,2025-02-01,REVISED,2025-03-01,REVISED,OCMS_LEGACY,1,1,
P-618485,2025-03,2025-03-01,REVISED,2025-04-01,REVISED,OCMS_LEGACY,1,1,
P-618485,2025-04,2025-04-01,REVISED,2025-04-01,ANTICIPATED,OCMS_LEGACY,0,1,
P-618485,2025-05,2025-04-01,ANTICIPATED,2025-06-01,REVISED,OCMS_LEGACY,2,0,TARGET_SOURCE_TRANSITION
P-618485,2025-06,2025-06-01,REVISED,2025-07-01,REVISED,OCMS_LEGACY,1,1,
P-618485,2025-12,2025-07-01,REVISED,2024-03-01,REVISED,PAIMANA,-16,0,REPORTING_REGIME_CHANGE
P-618486,2025-03,2025-04-01,REVISED,2025-06-01,REVISED,OCMS_LEGACY,2,1,
P-618486,2025-04,2025-06-01,REVISED,2025-08-01,ANTICIPATED,OCMS_LEGACY,2,0,TARGET_SOURCE_TRANSITION
P-618486,2025-05,2025-08-01,ANTICIPATED,2025-08-01,REVISED,OCMS_LEGACY,0,1,
P-618486,2026-01,2025-08-01,REVISED,2025-06-01,REVISED,PAIMANA,-2,0,REPORTING_REGIME_CHANGE
P-618486,2026-03,2025-06-01,REVISED,2026-05-01,REVISED,PAIMANA,11,1,
P-618487,2025-04,2024-07-01,REVISED,2024-07-01,ANTICIPATED,OCMS_LEGACY,0,1,
P-618487,2025-05,2024-07-01,ANTICIPATED,2024-07-01,REVISED,OCMS_LEGACY,0,1,
P-618487,2025-12,2024-07-01,REVISED,2024-07-01,ORIGINAL,PAIMANA,0,1,
P-618487,2026-03,2024-07-01,ORIGINAL,2026-06-01,REVISED,PAIMANA,23,0,TARGET_SOURCE_TRANSITION
P-618489,2025-04,2025-09-01,REVISED,2025-09-01,ANTICIPATED,OCMS_LEGACY,0,1,
P-618489,2025-05,2025-09-01,ANTICIPATED,2025-09-01,REVISED,OCMS_LEGACY,0,1,
P-618489,2025-12,2025-09-01,REVISED,2025-09-01,REVISED,PAIMANA,0,1,
P-618489,2026-03,2025-09-01,REVISED,2026-06-01,REVISED,PAIMANA,9,1,
P-618489,2026-04,2026-06-01,REVISED,2027-03-01,REVISED,PAIMANA,9,1,
P-618492,2025-04,2025-12-01,REVISED,2025-12-01,ANTICIPATED,OCMS_LEGACY,0,1,
P-618492,2025-05,2025-12-01,ANTICIPATED,2025-12-01,REVISED,OCMS_LEGACY,0,1,
P-618492,2025-12,2025-12-01,REVISED,2025-12-01,ORIGINAL,PAIMANA,0,1,
P-618492,2026-03,2025-12-01,ORIGINAL,2027-02-01,REVISED,PAIMANA,14,0,TARGET_SOURCE_TRANSITION
P-618493,2025-12,2027-04-01,REVISED,2026-04-01,ORIGINAL,PAIMANA,-12,0,REPORTING_REGIME_CHANGE
P-618493,2026-03,2026-04-01,ORIGINAL,2028-03-01,REVISED,PAIMANA,23,0,TARGET_SOURCE_TRANSITION
P-618494,2025-04,2025-09-01,REVISED,2025-09-01,ANTICIPATED,OCMS_LEGACY,0,1,
P-618494,2025-05,2025-09-01,ANTICIPATED,2026-02-01,REVISED,OCMS_LEGACY,5,0,TARGET_SOURCE_TRANSITION
P-618494,2025-12,2026-02-01,REVISED,2026-02-01,REVISED,PAIMANA,0,1,
P-618494,2026-03,2026-02-01,REVISED,2026-10-01,REVISED,PAIMANA,8,1,
P-618494,2026-04,2026-10-01,REVISED,2026-12-01,REVISED,PAIMANA,2,1,
P-618495,2025-05,2025-08-01,REVISED,2026-02-01,REVISED,OCMS_LEGACY,6,1,
P-618495,2025-12,2026-02-01,REVISED,2026-02-01,REVISED,PAIMANA,0,1,
P-618495,2026-03,2026-02-01,REVISED,2027-03-01,REVISED,PAIMANA,13,1,
P-618496,2025-04,2025-09-01,REVISED,2025-09-01,ANTICIPATED,OCMS_LEGACY,0,1,
P-618496,2025-05,2025-09-01,ANTICIPATED,2025-12-01,REVISED,OCMS_LEGACY,3,0,TARGET_SOURCE_TRANSITION
P-618496,2025-12,2025-12-01,REVISED,2026-03-01,REVISED,PAIMANA,3,0,REPORTING_REGIME_CHANGE
P-618496,2026-03,2026-03-01,REVISED,2026-06-01,REVISED,PAIMANA,3,1,
P-618496,2026-04,2026-06-01,REVISED,2026-09-01,REVISED,PAIMANA,3,1,
P-618497,2025-05,2025-11-01,REVISED,2026-03-01,REVISED,OCMS_LEGACY,4,1,
P-618497,2025-12,2026-03-01,REVISED,2025-11-01,ORIGINAL,PAIMANA,-4,0,REPORTING_REGIME_CHANGE
P-618497,2026-03,2025-11-01,ORIGINAL,2027-03-01,REVISED,PAIMANA,16,0,TARGET_SOURCE_TRANSITION
P-618498,2025-04,2025-05-01,REVISED,2025-05-01,ANTICIPATED,OCMS_LEGACY,0,1,
P-618498,2025-05,2025-05-01,ANTICIPATED,2025-07-01,REVISED,OCMS_LEGACY,2,0,TARGET_SOURCE_TRANSITION
P-618498,2025-06,2025-07-01,REVISED,2025-09-01,REVISED,OCMS_LEGACY,2,1,
P-618498,2025-12,2025-09-01,REVISED,2025-05-01,ORIGINAL,PAIMANA,-4,0,REPORTING_REGIME_CHANGE
P-618498,2026-02,2025-05-01,ORIGINAL,2026-02-01,REVISED,PAIMANA,9,0,TARGET_SOURCE_TRANSITION
P-618498,2026-03,2026-02-01,REVISED,2026-04-01,REVISED,PAIMANA,2,1,
P-618499,2025-04,2025-07-01,REVISED,2025-07-01,ANTICIPATED,OCMS_LEGACY,0,1,
P-618499,2025-05,2025-07-01,ANTICIPATED,2025-07-01,REVISED,OCMS_LEGACY,0,1,
P-618499,2025-12,2025-07-01,REVISED,2025-07-01,ORIGINAL,PAIMANA,0,1,
P-618499,2026-03,2025-07-01,ORIGINAL,2026-04-01,REVISED,PAIMANA,9,0,TARGET_SOURCE_TRANSITION
P-618499,2026-04,2026-04-01,REVISED,2026-05-01,REVISED,PAIMANA,1,1,
P-618500,2025-04,2024-12-01,REVISED,2024-12-01,ANTICIPATED,OCMS_LEGACY,0,1,
P-618500,2025-05,2024-12-01,ANTICIPATED,2024-12-01,REVISED,OCMS_LEGACY,0,1,
P-618500,2025-12,2024-12-01,REVISED,2025-12-01,REVISED,PAIMANA,12,0,REPORTING_REGIME_CHANGE
P-618500,2026-04,2025-12-01,REVISED,2026-05-01,REVISED,PAIMANA,5,1,
P-618501,2025-04,2025-01-01,REVISED,2025-06-01,ANTICIPATED,OCMS_LEGACY,5,0,TARGET_SOURCE_TRANSITION
P-618501,2025-05,2025-06-01,ANTICIPATED,2025-06-01,REVISED,OCMS_LEGACY,0,1,
P-618501,2025-06,2025-06-01,REVISED,2025-07-01,REVISED,OCMS_LEGACY,1,1,
P-618501,2025-12,2025-07-01,REVISED,2024-10-01,REVISED,PAIMANA,-9,0,REPORTING_REGIME_CHANGE
P-618501,2026-03,2024-10-01,REVISED,2026-04-01,REVISED,PAIMANA,18,1,
P-618501,2026-04,2026-04-01,REVISED,2026-05-01,REVISED,PAIMANA,1,1,
P-618502,2025-04,2025-01-01,REVISED,2025-06-01,ANTICIPATED,OCMS_LEGACY,5,0,TARGET_SOURCE_TRANSITION
P-618502,2025-05,2025-06-01,ANTICIPATED,2025-06-01,REVISED,OCMS_LEGACY,0,1,
P-618502,2025-06,2025-06-01,REVISED,2025-07-01,REVISED,OCMS_LEGACY,1,1,
P-618502,2025-12,2025-07-01,REVISED,2024-01-01,ORIGINAL,PAIMANA,-18,0,REPORTING_REGIME_CHANGE
P-618502,2026-03,2024-01-01,ORIGINAL,2026-04-01,REVISED,PAIMANA,27,0,TARGET_SOURCE_TRANSITION
P-618502,2026-04,2026-04-01,REVISED,2026-05-01,REVISED,PAIMANA,1,1,
P-618503,2025-04,2025-01-01,REVISED,2025-05-01,ANTICIPATED,OCMS_LEGACY,4,0,TARGET_SOURCE_TRANSITION
P-618503,2025-05,2025-05-01,ANTICIPATED,2025-05-01,REVISED,OCMS_LEGACY,0,1,
P-618503,2025-06,2025-05-01,REVISED,2025-06-01,REVISED,OCMS_LEGACY,1,1,
P-618503,2025-12,2025-06-01,REVISED,2024-05-01,REVISED,PAIMANA,-13,0,REPORTING_REGIME_CHANGE
P-618503,2026-03,2024-05-01,REVISED,2026-04-01,REVISED,PAIMANA,23,1,
P-618503,2026-04,2026-04-01,REVISED,2026-05-01,REVISED,PAIMANA,1,1,
P-618504,2025-04,2025-01-01,REVISED,2025-05-01,ANTICIPATED,OCMS_LEGACY,4,0,TARGET_SOURCE_TRANSITION
P-618504,2025-05,2025-05-01,ANTICIPATED,2025-05-01,REVISED,OCMS_LEGACY,0,1,
P-618504,2025-06,2025-05-01,REVISED,2025-06-01,REVISED,OCMS_LEGACY,1,1,
P-618504,2025-12,2025-06-01,REVISED,2024-10-01,REVISED,PAIMANA,-8,0,REPORTING_REGIME_CHANGE
P-618504,2026-03,2024-10-01,REVISED,2026-04-01,REVISED,PAIMANA,18,1,
P-618504,2026-04,2026-04-01,REVISED,2026-05-01,REVISED,PAIMANA,1,1,
P-618505,2025-03,2025-03-01,REVISED,2025-06-01,REVISED,OCMS_LEGACY,3,1,
P-618505,2025-04,2025-06-01,REVISED,2025-06-01,ANTICIPATED,OCMS_LEGACY,0,1,
P-618505,2025-05,2025-06-01,ANTICIPATED,2025-06-01,REVISED,OCMS_LEGACY,0,1,
P-618505,2025-06,2025-06-01,REVISED,2025-07-01,REVISED,OCMS_LEGACY,1,1,
P-618505,2025-12,2025-07-01,REVISED,2024-06-01,ORIGINAL,PAIMANA,-13,0,REPORTING_REGIME_CHANGE
P-618505,2026-03,2024-06-01,ORIGINAL,2026-05-01,REVISED,PAIMANA,23,0,TARGET_SOURCE_TRANSITION
P-618505,2026-04,2026-05-01,REVISED,2026-07-01,REVISED,PAIMANA,2,1,
P-618506,2026-03,2027-05-01,ORIGINAL,2027-05-01,REVISED,PAIMANA,0,1,
P-618507,2026-03,2025-06-01,ORIGINAL,2026-04-01,REVISED,PAIMANA,10,0,TARGET_SOURCE_TRANSITION
P-618507,2026-04,2026-04-01,REVISED,2026-06-01,REVISED,PAIMANA,2,1,
P-618508,2026-03,2027-01-01,ORIGINAL,2027-01-01,REVISED,PAIMANA,0,1,
P-618509,2025-12,2025-06-01,REVISED,2025-02-01,REVISED,PAIMANA,-4,0,REPORTING_REGIME_CHANGE
P-618509,2026-03,2025-02-01,REVISED,2026-04-01,REVISED,PAIMANA,14,1,
P-618509,2026-04,2026-04-01,REVISED,2026-05-01,REVISED,PAIMANA,1,1,
P-618511,2026-03,2026-06-01,ORIGINAL,2027-06-01,REVISED,PAIMANA,12,0,TARGET_SOURCE_TRANSITION
P-618512,2025-03,2025-10-01,REVISED,2025-08-01,REVISED,OCMS_LEGACY,-2,1,
P-618512,2025-04,2025-08-01,REVISED,2025-08-01,ANTICIPATED,OCMS_LEGACY,0,1,
P-618512,2025-05,2025-08-01,ANTICIPATED,2025-08-01,REVISED,OCMS_LEGACY,0,1,
P-618512,2025-12,2025-08-01,REVISED,2025-08-01,REVISED,PAIMANA,0,1,
P-618512,2026-03,2025-08-01,REVISED,2026-08-01,REVISED,PAIMANA,12,1,
P-618513,2025-12,2025-01-01,REVISED,2026-04-01,REVISED,PAIMANA,15,0,REPORTING_REGIME_CHANGE
P-618513,2026-04,2026-04-01,REVISED,2027-02-01,REVISED,PAIMANA,10,1,
P-618514,2025-03,2024-12-01,REVISED,2025-11-01,REVISED,OCMS_LEGACY,11,1,
P-618514,2025-12,2025-11-01,REVISED,2024-12-01,ORIGINAL,PAIMANA,-11,0,REPORTING_REGIME_CHANGE
P-618514,2026-03,2024-12-01,ORIGINAL,2026-05-01,REVISED,PAIMANA,17,0,TARGET_SOURCE_TRANSITION
P-618514,2026-04,2026-05-01,REVISED,2026-12-01,REVISED,PAIMANA,7,1,
P-618515,2025-04,2025-04-01,REVISED,2025-04-01,ANTICIPATED,OCMS_LEGACY,0,1,
P-618515,2025-05,2025-04-01,ANTICIPATED,2025-12-01,REVISED,OCMS_LEGACY,8,0,TARGET_SOURCE_TRANSITION
P-618515,2025-12,2025-12-01,REVISED,2025-12-01,REVISED,PAIMANA,0,1,
P-618515,2026-03,2025-12-01,REVISED,2026-04-01,REVISED,PAIMANA,4,1,
P-618515,2026-04,2026-04-01,REVISED,2026-05-01,REVISED,PAIMANA,1,1,
P-618516,2025-04,2025-04-01,REVISED,2025-04-01,ANTICIPATED,OCMS_LEGACY,0,1,
P-618516,2025-05,2025-04-01,ANTICIPATED,2025-04-01,REVISED,OCMS_LEGACY,0,1,
P-618516,2025-06,2025-04-01,REVISED,2026-05-01,REVISED,OCMS_LEGACY,13,1,
P-618516,2025-12,2026-05-01,REVISED,2026-10-01,REVISED,PAIMANA,5,0,REPORTING_REGIME_CHANGE
P-618516,2026-03,2026-10-01,REVISED,2026-11-01,REVISED,PAIMANA,1,1,
P-618517,2025-12,2025-09-01,REVISED,2025-09-01,ORIGINAL,PAIMANA,0,1,
P-618517,2026-03,2025-09-01,ORIGINAL,2026-11-01,REVISED,PAIMANA,14,0,TARGET_SOURCE_TRANSITION
P-618518,2026-03,2024-10-01,REVISED,2026-09-01,REVISED,PAIMANA,23,1,
P-618519,2025-12,2025-05-01,REVISED,2025-05-01,ORIGINAL,PAIMANA,0,1,
P-618519,2026-03,2025-05-01,ORIGINAL,2026-09-01,REVISED,PAIMANA,16,0,TARGET_SOURCE_TRANSITION
P-618520,2026-03,2024-02-01,REVISED,2026-04-01,REVISED,PAIMANA,26,1,
P-618520,2026-04,2026-04-01,REVISED,2026-06-01,REVISED,PAIMANA,2,1,
P-618521,2025-03,2025-04-01,REVISED,2025-05-01,REVISED,OCMS_LEGACY,1,1,
P-618521,2025-04,2025-05-01,REVISED,2025-06-01,REVISED,OCMS_LEGACY,1,1,
P-618521,2025-06,2025-06-01,REVISED,2025-08-01,REVISED,OCMS_LEGACY,2,1,
P-618521,2025-12,2025-08-01,REVISED,2025-04-01,REVISED,PAIMANA,-4,0,REPORTING_REGIME_CHANGE
P-618521,2026-03,2025-04-01,REVISED,2026-04-01,REVISED,PAIMANA,12,1,
P-618521,2026-04,2026-04-01,REVISED,2026-05-01,REVISED,PAIMANA,1,1,
P-618522,2026-03,2026-10-01,ORIGINAL,2026-10-01,REVISED,PAIMANA,0,1,
P-618522,2026-04,2026-10-01,REVISED,2027-02-01,REVISED,PAIMANA,4,1,
P-618523,2025-03,2025-03-01,REVISED,2025-07-01,REVISED,OCMS_LEGACY,4,1,
P-618523,2025-06,2025-07-01,REVISED,2025-12-01,REVISED,OCMS_LEGACY,5,1,
P-618523,2025-12,2025-12-01,REVISED,2021-09-01,ORIGINAL,PAIMANA,-51,0,REPORTING_REGIME_CHANGE
P-618523,2026-03,2021-09-01,ORIGINAL,2026-06-01,REVISED,PAIMANA,57,0,TARGET_SOURCE_TRANSITION
P-618523,2026-04,2026-06-01,REVISED,2026-11-01,REVISED,PAIMANA,5,1,
P-618524,2026-03,2027-03-01,ORIGINAL,2027-03-01,REVISED,PAIMANA,0,1,
P-618525,2026-03,2027-10-01,ORIGINAL,2027-10-01,REVISED,PAIMANA,0,1,
P-618526,2026-03,2022-04-01,REVISED,2026-04-01,REVISED,PAIMANA,48,1,
P-618526,2026-04,2026-04-01,REVISED,2026-05-01,REVISED,PAIMANA,1,1,
P-618527,2025-12,2024-07-01,REVISED,2024-01-01,ORIGINAL,PAIMANA,-6,0,REPORTING_REGIME_CHANGE
P-618527,2026-03,2024-01-01,ORIGINAL,2026-04-01,REVISED,PAIMANA,27,0,TARGET_SOURCE_TRANSITION
P-618527,2026-04,2026-04-01,REVISED,2026-05-01,REVISED,PAIMANA,1,1,
P-618529,2025-04,2024-12-01,REVISED,2025-12-01,ANTICIPATED,OCMS_LEGACY,12,0,TARGET_SOURCE_TRANSITION
P-618529,2025-05,2025-12-01,ANTICIPATED,2025-12-01,REVISED,OCMS_LEGACY,0,1,
P-618529,2025-12,2025-12-01,REVISED,2025-06-01,REVISED,PAIMANA,-6,0,REPORTING_REGIME_CHANGE
P-618529,2026-03,2025-06-01,REVISED,2026-06-01,REVISED,PAIMANA,12,1,
P-618529,2026-04,2026-06-01,REVISED,2026-10-01,REVISED,PAIMANA,4,1,
P-618530,2025-03,2024-09-01,REVISED,2025-06-01,REVISED,OCMS_LEGACY,9,1,
P-618530,2025-12,2025-06-01,REVISED,2014-03-01,REVISED,PAIMANA,-135,0,REPORTING_REGIME_CHANGE
P-618530,2026-01,2014-03-01,REVISED,2025-06-01,REVISED,PAIMANA,135,1,
P-618530,2026-03,2025-06-01,REVISED,2026-06-01,REVISED,PAIMANA,12,1,
P-618531,2025-12,2025-05-01,REVISED,2026-12-01,ORIGINAL,PAIMANA,19,0,REPORTING_REGIME_CHANGE
P-618531,2026-03,2026-12-01,ORIGINAL,2026-12-01,REVISED,PAIMANA,0,1,
P-618532,2025-04,2024-12-01,REVISED,2024-12-01,ANTICIPATED,OCMS_LEGACY,0,1,
P-618532,2025-05,2024-12-01,ANTICIPATED,2024-12-01,REVISED,OCMS_LEGACY,0,1,
P-618532,2025-12,2024-12-01,REVISED,2025-04-01,REVISED,PAIMANA,4,0,REPORTING_REGIME_CHANGE
P-618532,2026-03,2025-04-01,REVISED,2026-04-01,REVISED,PAIMANA,12,1,
P-618532,2026-04,2026-04-01,REVISED,2026-05-01,REVISED,PAIMANA,1,1,
P-618533,2025-06,2025-03-01,REVISED,2025-05-01,REVISED,OCMS_LEGACY,2,1,
P-618533,2025-12,2025-05-01,REVISED,2016-09-01,ORIGINAL,PAIMANA,-104,0,REPORTING_REGIME_CHANGE
P-618533,2026-03,2016-09-01,ORIGINAL,2026-04-01,REVISED,PAIMANA,115,0,TARGET_SOURCE_TRANSITION
P-618533,2026-04,2026-04-01,REVISED,2026-05-01,REVISED,PAIMANA,1,1,
P-618535,2026-03,2028-03-01,ORIGINAL,2028-03-01,REVISED,PAIMANA,0,1,
P-618536,2026-03,2027-06-01,ORIGINAL,2027-06-01,REVISED,PAIMANA,0,1,
P-618537,2025-12,2026-06-01,REVISED,2026-06-01,ORIGINAL,PAIMANA,0,1,
P-618537,2026-03,2026-06-01,ORIGINAL,2026-06-01,REVISED,PAIMANA,0,1,
P-618538,2026-03,2027-07-01,ORIGINAL,2027-07-01,REVISED,PAIMANA,0,1,
P-618539,2026-03,2027-09-01,ORIGINAL,2027-09-01,REVISED,PAIMANA,0,1,
P-618540,2026-03,2027-10-01,ORIGINAL,2028-04-01,REVISED,PAIMANA,6,0,TARGET_SOURCE_TRANSITION
P-618541,2025-04,2025-10-01,REVISED,2025-10-01,ANTICIPATED,OCMS_LEGACY,0,1,
P-618541,2025-05,2025-10-01,ANTICIPATED,2025-10-01,REVISED,OCMS_LEGACY,0,1,
P-618541,2025-12,2025-10-01,REVISED,2025-10-01,REVISED,PAIMANA,0,1,
P-618541,2026-03,2025-10-01,REVISED,2026-07-01,REVISED,PAIMANA,9,1,
P-618543,2025-04,2026-05-01,REVISED,2026-05-01,ANTICIPATED,OCMS_LEGACY,0,1,
P-618543,2025-05,2026-05-01,ANTICIPATED,2026-05-01,REVISED,OCMS_LEGACY,0,1,
P-618543,2025-12,2026-05-01,REVISED,2026-06-01,REVISED,PAIMANA,1,0,REPORTING_REGIME_CHANGE
P-618543,2026-03,2026-06-01,REVISED,2027-06-01,REVISED,PAIMANA,12,1,
P-618543,2026-04,2027-06-01,REVISED,2027-12-01,REVISED,PAIMANA,6,1,
P-618544,2025-04,2025-06-01,REVISED,2025-06-01,ANTICIPATED,OCMS_LEGACY,0,1,
P-618544,2025-05,2025-06-01,ANTICIPATED,2025-06-01,REVISED,OCMS_LEGACY,0,1,
P-618544,2025-06,2025-06-01,REVISED,2025-07-01,REVISED,OCMS_LEGACY,1,1,
P-618544,2025-12,2025-07-01,REVISED,2025-05-01,REVISED,PAIMANA,-2,0,REPORTING_REGIME_CHANGE
P-618544,2026-03,2025-05-01,REVISED,2026-06-01,REVISED,PAIMANA,13,1,
P-618544,2026-04,2026-06-01,REVISED,2026-08-01,REVISED,PAIMANA,2,1,
P-618545,2025-04,2025-06-01,REVISED,2025-06-01,ANTICIPATED,OCMS_LEGACY,0,1,
P-618545,2025-05,2025-06-01,ANTICIPATED,2025-06-01,REVISED,OCMS_LEGACY,0,1,
P-618545,2025-06,2025-06-01,REVISED,2025-07-01,REVISED,OCMS_LEGACY,1,1,
P-618545,2025-12,2025-07-01,REVISED,2024-08-01,ORIGINAL,PAIMANA,-11,0,REPORTING_REGIME_CHANGE
P-618545,2026-03,2024-08-01,ORIGINAL,2026-12-01,REVISED,PAIMANA,28,0,TARGET_SOURCE_TRANSITION
P-618545,2026-04,2026-12-01,REVISED,2027-06-01,REVISED,PAIMANA,6,1,
P-618546,2025-02,2025-05-01,REVISED,2025-12-01,REVISED,OCMS_LEGACY,7,1,
P-618546,2025-04,2025-12-01,REVISED,2025-12-01,ANTICIPATED,OCMS_LEGACY,0,1,
P-618546,2025-05,2025-12-01,ANTICIPATED,2025-12-01,REVISED,OCMS_LEGACY,0,1,
P-618546,2025-12,2025-12-01,REVISED,2025-06-01,REVISED,PAIMANA,-6,0,REPORTING_REGIME_CHANGE
P-618547,2025-04,2026-12-01,REVISED,2026-12-01,ANTICIPATED,OCMS_LEGACY,0,1,
P-618547,2025-05,2026-12-01,ANTICIPATED,2026-12-01,REVISED,OCMS_LEGACY,0,1,
P-618547,2025-12,2026-12-01,REVISED,2026-06-01,ORIGINAL,PAIMANA,-6,0,REPORTING_REGIME_CHANGE
P-618547,2026-03,2026-06-01,ORIGINAL,2026-12-01,REVISED,PAIMANA,6,0,TARGET_SOURCE_TRANSITION
P-618547,2026-04,2026-12-01,REVISED,2027-04-01,REVISED,PAIMANA,4,1,
P-618548,2025-02,2025-02-01,REVISED,2025-03-01,REVISED,OCMS_LEGACY,1,1,
P-618548,2025-04,2025-03-01,REVISED,2025-05-01,ANTICIPATED,OCMS_LEGACY,2,0,TARGET_SOURCE_TRANSITION
P-618548,2025-05,2025-05-01,ANTICIPATED,2025-06-01,REVISED,OCMS_LEGACY,1,0,TARGET_SOURCE_TRANSITION
P-618548,2025-06,2025-06-01,REVISED,2025-07-01,REVISED,OCMS_LEGACY,1,1,
P-618548,2025-12,2025-07-01,REVISED,2023-10-01,REVISED,PAIMANA,-21,0,REPORTING_REGIME_CHANGE
P-618549,2025-05,2025-06-01,REVISED,2026-03-01,REVISED,OCMS_LEGACY,9,1,
P-618549,2025-12,2026-03-01,REVISED,2026-03-01,REVISED,PAIMANA,0,1,
P-618549,2026-03,2026-03-01,REVISED,2026-06-01,REVISED,PAIMANA,3,1,
P-618549,2026-04,2026-06-01,REVISED,2026-12-01,REVISED,PAIMANA,6,1,
P-618550,2025-04,2025-06-01,REVISED,2025-06-01,ANTICIPATED,OCMS_LEGACY,0,1,
P-618550,2025-05,2025-06-01,ANTICIPATED,2025-06-01,REVISED,OCMS_LEGACY,0,1,
P-618550,2025-12,2025-06-01,REVISED,2025-05-01,REVISED,PAIMANA,-1,0,REPORTING_REGIME_CHANGE
P-618550,2026-03,2025-05-01,REVISED,2026-06-01,REVISED,PAIMANA,13,1,
P-618550,2026-04,2026-06-01,REVISED,2026-09-01,REVISED,PAIMANA,3,1,
P-618551,2026-03,2027-07-01,ORIGINAL,2027-07-01,REVISED,PAIMANA,0,1,
P-618552,2025-12,2025-01-01,REVISED,2026-03-01,REVISED,PAIMANA,14,0,REPORTING_REGIME_CHANGE
P-618552,2026-03,2026-03-01,REVISED,2027-06-01,REVISED,PAIMANA,15,1,
P-618553,2025-12,2025-02-01,REVISED,2025-02-01,ORIGINAL,PAIMANA,0,1,
P-618553,2026-04,2025-02-01,ORIGINAL,2026-05-01,REVISED,PAIMANA,15,0,TARGET_SOURCE_TRANSITION
P-618554,2025-04,2025-03-01,REVISED,2025-03-01,ANTICIPATED,OCMS_LEGACY,0,1,
P-618554,2025-05,2025-03-01,ANTICIPATED,2025-03-01,REVISED,OCMS_LEGACY,0,1,
P-618554,2025-12,2025-03-01,REVISED,2024-09-01,ORIGINAL,PAIMANA,-6,0,REPORTING_REGIME_CHANGE
P-618554,2026-03,2024-09-01,ORIGINAL,2026-05-01,REVISED,PAIMANA,20,0,TARGET_SOURCE_TRANSITION
P-618554,2026-04,2026-05-01,REVISED,2026-06-01,REVISED,PAIMANA,1,1,
P-618555,2025-03,2025-03-01,REVISED,2025-05-01,REVISED,OCMS_LEGACY,2,1,
P-618555,2025-04,2025-05-01,REVISED,2025-05-01,ANTICIPATED,OCMS_LEGACY,0,1,
P-618555,2025-05,2025-05-01,ANTICIPATED,2025-07-01,REVISED,OCMS_LEGACY,2,0,TARGET_SOURCE_TRANSITION
P-618555,2025-12,2025-07-01,REVISED,2019-03-01,REVISED,PAIMANA,-76,0,REPORTING_REGIME_CHANGE
P-618555,2026-03,2019-03-01,REVISED,2026-04-01,REVISED,PAIMANA,85,1,
P-618556,2026-03,2026-03-01,ORIGINAL,2026-04-01,REVISED,PAIMANA,1,0,TARGET_SOURCE_TRANSITION
P-618556,2026-04,2026-04-01,REVISED,2026-06-01,REVISED,PAIMANA,2,1,
P-618557,2025-12,2026-06-01,REVISED,2026-06-01,ORIGINAL,PAIMANA,0,1,
P-618557,2026-03,2026-06-01,ORIGINAL,2026-06-01,REVISED,PAIMANA,0,1,
P-618557,2026-04,2026-06-01,REVISED,2026-07-01,REVISED,PAIMANA,1,1,
P-618558,2025-12,2025-01-01,REVISED,2026-07-01,REVISED,PAIMANA,18,0,REPORTING_REGIME_CHANGE
P-618559,2025-12,2024-07-01,REVISED,2026-04-01,REVISED,PAIMANA,21,0,REPORTING_REGIME_CHANGE
P-618560,2025-12,2026-01-01,REVISED,2024-09-01,ORIGINAL,PAIMANA,-16,0,REPORTING_REGIME_CHANGE
P-618561,2026-03,2028-03-01,ORIGINAL,2028-03-01,REVISED,PAIMANA,0,1,
P-618563,2025-03,2025-07-01,REVISED,2025-08-01,REVISED,OCMS_LEGACY,1,1,
P-618563,2025-04,2025-08-01,REVISED,2025-08-01,ANTICIPATED,OCMS_LEGACY,0,1,
P-618563,2025-05,2025-08-01,ANTICIPATED,2025-09-01,REVISED,OCMS_LEGACY,1,0,TARGET_SOURCE_TRANSITION
P-618563,2025-12,2025-09-01,REVISED,2025-08-01,REVISED,PAIMANA,-1,0,REPORTING_REGIME_CHANGE
P-618563,2026-03,2025-08-01,REVISED,2026-06-01,REVISED,PAIMANA,10,1,
P-618564,2026-03,2025-12-01,ORIGINAL,2027-01-01,REVISED,PAIMANA,13,0,TARGET_SOURCE_TRANSITION
P-618565,2025-02,2025-03-01,REVISED,2025-08-01,REVISED,OCMS_LEGACY,5,1,
P-618565,2025-12,2025-08-01,REVISED,2025-08-01,REVISED,PAIMANA,0,1,
P-618566,2025-12,2026-01-01,REVISED,2026-01-01,ORIGINAL,PAIMANA,0,1,
P-618566,2026-02,2026-01-01,ORIGINAL,2026-09-01,REVISED,PAIMANA,8,0,TARGET_SOURCE_TRANSITION
P-618566,2026-04,2026-09-01,REVISED,2027-01-01,REVISED,PAIMANA,4,1,
P-618567,2026-03,2028-01-01,ORIGINAL,2028-01-01,REVISED,PAIMANA,0,1,
P-618568,2026-03,2027-09-01,ORIGINAL,2027-09-01,REVISED,PAIMANA,0,1,
P-618569,2025-05,2025-06-01,REVISED,2026-03-01,REVISED,OCMS_LEGACY,9,1,
P-618569,2025-12,2026-03-01,REVISED,2024-01-01,ORIGINAL,PAIMANA,-26,0,REPORTING_REGIME_CHANGE
P-618569,2026-03,2024-01-01,ORIGINAL,2026-12-01,REVISED,PAIMANA,35,0,TARGET_SOURCE_TRANSITION
P-618570,2025-03,2024-09-01,REVISED,2025-05-01,REVISED,OCMS_LEGACY,8,1,
P-618570,2025-05,2025-05-01,REVISED,2025-06-01,REVISED,OCMS_LEGACY,1,1,
P-618570,2025-12,2025-06-01,REVISED,2024-08-01,ORIGINAL,PAIMANA,-10,0,REPORTING_REGIME_CHANGE
P-618570,2026-03,2024-08-01,ORIGINAL,2026-04-01,REVISED,PAIMANA,20,0,TARGET_SOURCE_TRANSITION
P-618571,2025-12,2025-12-01,REVISED,2025-12-01,ORIGINAL,PAIMANA,0,1,
P-618571,2026-03,2025-12-01,ORIGINAL,2026-07-01,REVISED,PAIMANA,7,0,TARGET_SOURCE_TRANSITION
P-618572,2026-03,2027-11-01,ORIGINAL,2027-11-01,REVISED,PAIMANA,0,1,
P-618574,2026-03,2027-06-01,ORIGINAL,2027-06-01,REVISED,PAIMANA,0,1,
P-618575,2025-02,2025-02-01,REVISED,2025-03-01,REVISED,OCMS_LEGACY,1,1,
P-618575,2025-04,2025-03-01,REVISED,2025-05-01,REVISED,OCMS_LEGACY,2,1,
P-618575,2025-12,2025-05-01,REVISED,2024-07-01,ORIGINAL,PAIMANA,-10,0,REPORTING_REGIME_CHANGE
P-618577,2026-03,2024-02-01,REVISED,2026-04-01,REVISED,PAIMANA,26,1,
P-618577,2026-04,2026-04-01,REVISED,2026-05-01,REVISED,PAIMANA,1,1,
P-618578,2025-12,2025-09-01,REVISED,2025-09-01,REVISED,PAIMANA,0,1,
P-618578,2026-01,2025-09-01,REVISED,2026-04-01,REVISED,PAIMANA,7,1,
P-618578,2026-04,2026-04-01,REVISED,2026-05-01,REVISED,PAIMANA,1,1,
P-618579,2026-02,2020-01-01,REVISED,2021-11-01,REVISED,PAIMANA,22,1,
P-618579,2026-03,2021-11-01,REVISED,2026-04-01,REVISED,PAIMANA,53,1,
P-618579,2026-04,2026-04-01,REVISED,2026-05-01,REVISED,PAIMANA,1,1,
P-618580,2025-03,2025-03-01,REVISED,2025-04-01,REVISED,OCMS_LEGACY,1,1,
P-618580,2025-04,2025-04-01,REVISED,2025-08-01,ANTICIPATED,OCMS_LEGACY,4,0,TARGET_SOURCE_TRANSITION
P-618580,2025-05,2025-08-01,ANTICIPATED,2025-08-01,REVISED,OCMS_LEGACY,0,1,
P-618580,2025-12,2025-08-01,REVISED,2022-07-01,ORIGINAL,PAIMANA,-37,0,REPORTING_REGIME_CHANGE
P-618580,2026-03,2022-07-01,ORIGINAL,2026-04-01,REVISED,PAIMANA,45,0,TARGET_SOURCE_TRANSITION
P-618580,2026-04,2026-04-01,REVISED,2026-05-01,REVISED,PAIMANA,1,1,
P-618581,2025-12,2024-10-01,REVISED,2025-08-01,REVISED,PAIMANA,10,0,REPORTING_REGIME_CHANGE
P-618581,2026-03,2025-08-01,REVISED,2026-07-01,REVISED,PAIMANA,11,1,
P-618584,2026-03,2027-12-01,ORIGINAL,2027-12-01,REVISED,PAIMANA,0,1,
P-618585,2026-03,2027-04-01,ORIGINAL,2027-11-01,REVISED,PAIMANA,7,0,TARGET_SOURCE_TRANSITION
P-618586,2026-03,2026-06-01,ORIGINAL,2026-06-01,REVISED,PAIMANA,0,1,
P-618588,2025-02,2025-02-01,REVISED,2025-03-01,REVISED,OCMS_LEGACY,1,1,
P-618588,2025-03,2025-03-01,REVISED,2025-04-01,REVISED,OCMS_LEGACY,1,1,
P-618588,2025-04,2025-04-01,REVISED,2025-05-01,REVISED,OCMS_LEGACY,1,1,
P-618588,2025-12,2025-05-01,REVISED,2025-01-01,REVISED,PAIMANA,-4,0,REPORTING_REGIME_CHANGE
P-618588,2026-03,2025-01-01,REVISED,2026-04-01,REVISED,PAIMANA,15,1,
P-618588,2026-04,2026-04-01,REVISED,2026-05-01,REVISED,PAIMANA,1,1,
P-618589,2025-12,2025-07-01,REVISED,2025-07-01,ORIGINAL,PAIMANA,0,1,
P-618589,2026-03,2025-07-01,ORIGINAL,2026-12-01,REVISED,PAIMANA,17,0,TARGET_SOURCE_TRANSITION
P-618589,2026-04,2026-12-01,REVISED,2026-05-01,REVISED,PAIMANA,-7,1,
P-618590,2025-12,2025-05-01,REVISED,2025-05-01,ORIGINAL,PAIMANA,0,1,
P-618590,2026-03,2025-05-01,ORIGINAL,2026-12-01,REVISED,PAIMANA,19,0,TARGET_SOURCE_TRANSITION
P-618591,2026-03,2026-12-01,ORIGINAL,2026-12-01,REVISED,PAIMANA,0,1,
P-618592,2026-03,2026-05-01,ORIGINAL,2027-03-01,REVISED,PAIMANA,10,0,TARGET_SOURCE_TRANSITION
P-618593,2026-03,2027-11-01,ORIGINAL,2027-11-01,REVISED,PAIMANA,0,1,
P-618594,2025-03,2025-03-01,REVISED,2025-06-01,REVISED,OCMS_LEGACY,3,1,
P-618594,2025-04,2025-06-01,REVISED,2025-06-01,ANTICIPATED,OCMS_LEGACY,0,1,
P-618594,2025-05,2025-06-01,ANTICIPATED,2025-06-01,REVISED,OCMS_LEGACY,0,1,
P-618594,2025-06,2025-06-01,REVISED,2025-09-01,REVISED,OCMS_LEGACY,3,1,
P-618594,2025-12,2025-09-01,REVISED,2024-10-01,ORIGINAL,PAIMANA,-11,0,REPORTING_REGIME_CHANGE
P-618594,2026-03,2024-10-01,ORIGINAL,2026-04-01,REVISED,PAIMANA,18,0,TARGET_SOURCE_TRANSITION
P-618594,2026-04,2026-04-01,REVISED,2026-05-01,REVISED,PAIMANA,1,1,
P-618595,2025-04,2025-11-01,REVISED,2025-11-01,ANTICIPATED,OCMS_LEGACY,0,1,
P-618595,2025-05,2025-11-01,ANTICIPATED,2026-03-01,REVISED,OCMS_LEGACY,4,0,TARGET_SOURCE_TRANSITION
P-618595,2025-12,2026-03-01,REVISED,2024-04-01,ORIGINAL,PAIMANA,-23,0,REPORTING_REGIME_CHANGE
P-618595,2026-02,2024-04-01,ORIGINAL,2024-12-01,REVISED,PAIMANA,8,0,TARGET_SOURCE_TRANSITION
P-618595,2026-03,2024-12-01,REVISED,2027-03-01,REVISED,PAIMANA,27,1,
P-618596,2025-04,2025-12-01,REVISED,2026-03-01,ANTICIPATED,OCMS_LEGACY,3,0,TARGET_SOURCE_TRANSITION
P-618596,2025-05,2026-03-01,ANTICIPATED,2026-03-01,REVISED,OCMS_LEGACY,0,1,
P-618596,2025-12,2026-03-01,REVISED,2025-08-01,REVISED,PAIMANA,-7,0,REPORTING_REGIME_CHANGE
P-618596,2026-03,2025-08-01,REVISED,2027-12-01,REVISED,PAIMANA,28,1,
P-618597,2025-03,2025-12-01,REVISED,2026-03-01,REVISED,OCMS_LEGACY,3,1,
P-618597,2025-04,2026-03-01,REVISED,2026-03-01,ANTICIPATED,OCMS_LEGACY,0,1,
P-618597,2025-05,2026-03-01,ANTICIPATED,2026-03-01,REVISED,OCMS_LEGACY,0,1,
P-618597,2025-12,2026-03-01,REVISED,2024-07-01,ORIGINAL,PAIMANA,-20,0,REPORTING_REGIME_CHANGE
P-618597,2026-03,2024-07-01,ORIGINAL,2027-05-01,REVISED,PAIMANA,34,0,TARGET_SOURCE_TRANSITION
P-618598,2025-04,2024-06-01,REVISED,2024-06-01,ANTICIPATED,OCMS_LEGACY,0,1,
P-618598,2025-05,2024-06-01,ANTICIPATED,2024-06-01,REVISED,OCMS_LEGACY,0,1,
P-618598,2025-12,2024-06-01,REVISED,2024-02-01,REVISED,PAIMANA,-4,0,REPORTING_REGIME_CHANGE
P-618598,2026-03,2024-02-01,REVISED,2026-04-01,REVISED,PAIMANA,26,1,
P-618598,2026-04,2026-04-01,REVISED,2026-05-01,REVISED,PAIMANA,1,1,
P-618599,2025-04,2025-03-01,REVISED,2025-03-01,ANTICIPATED,OCMS_LEGACY,0,1,
P-618599,2025-05,2025-03-01,ANTICIPATED,2025-03-01,REVISED,OCMS_LEGACY,0,1,
P-618599,2025-12,2025-03-01,REVISED,2025-03-01,REVISED,PAIMANA,0,1,
P-618599,2026-03,2025-03-01,REVISED,2026-04-01,REVISED,PAIMANA,13,1,
P-618599,2026-04,2026-04-01,REVISED,2026-05-01,REVISED,PAIMANA,1,1,
P-618600,2025-04,2025-03-01,REVISED,2025-03-01,ANTICIPATED,OCMS_LEGACY,0,1,
P-618600,2025-05,2025-03-01,ANTICIPATED,2025-03-01,REVISED,OCMS_LEGACY,0,1,
P-618600,2025-12,2025-03-01,REVISED,2025-03-01,REVISED,PAIMANA,0,1,
P-618600,2026-03,2025-03-01,REVISED,2026-04-01,REVISED,PAIMANA,13,1,
P-618600,2026-04,2026-04-01,REVISED,2026-05-01,REVISED,PAIMANA,1,1,
P-618601,2025-12,2025-11-01,REVISED,2025-10-01,REVISED,PAIMANA,-1,0,REPORTING_REGIME_CHANGE
P-618601,2026-03,2025-10-01,REVISED,2026-06-01,REVISED,PAIMANA,8,1,
P-618602,2025-12,2025-12-01,REVISED,2025-11-01,REVISED,PAIMANA,-1,0,REPORTING_REGIME_CHANGE
P-618602,2026-03,2025-11-01,REVISED,2026-06-01,REVISED,PAIMANA,7,1,
P-618603,2025-12,2025-04-01,REVISED,2025-04-01,ORIGINAL,PAIMANA,0,1,
P-618603,2026-03,2025-04-01,ORIGINAL,2026-12-01,REVISED,PAIMANA,20,0,TARGET_SOURCE_TRANSITION
P-618604,2025-12,2026-01-01,REVISED,2026-01-01,ORIGINAL,PAIMANA,0,1,
P-618604,2026-03,2026-01-01,ORIGINAL,2026-06-01,REVISED,PAIMANA,5,0,TARGET_SOURCE_TRANSITION
P-618604,2026-04,2026-06-01,REVISED,2026-12-01,REVISED,PAIMANA,6,1,
P-618605,2025-04,2024-09-01,REVISED,2024-09-01,ANTICIPATED,OCMS_LEGACY,0,1,
P-618605,2025-05,2024-09-01,ANTICIPATED,2024-09-01,REVISED,OCMS_LEGACY,0,1,
P-618605,2025-12,2024-09-01,REVISED,2026-03-01,REVISED,PAIMANA,18,0,REPORTING_REGIME_CHANGE
P-618605,2026-03,2026-03-01,REVISED,2026-05-01,REVISED,PAIMANA,2,1,
P-618605,2026-04,2026-05-01,REVISED,2026-12-01,REVISED,PAIMANA,7,1,
P-618606,2025-02,2025-02-01,REVISED,2026-01-01,REVISED,OCMS_LEGACY,11,1,
P-618606,2025-04,2026-01-01,REVISED,2026-01-01,ANTICIPATED,OCMS_LEGACY,0,1,
P-618606,2025-05,2026-01-01,ANTICIPATED,2026-01-01,REVISED,OCMS_LEGACY,0,1,
P-618606,2025-12,2026-01-01,REVISED,2025-02-01,ORIGINAL,PAIMANA,-11,0,REPORTING_REGIME_CHANGE
P-618606,2026-03,2025-02-01,ORIGINAL,2026-08-01,REVISED,PAIMANA,18,0,TARGET_SOURCE_TRANSITION
P-618606,2026-04,2026-08-01,REVISED,2027-03-01,REVISED,PAIMANA,7,1,
P-618607,2025-04,2025-12-01,REVISED,2025-12-01,ANTICIPATED,OCMS_LEGACY,0,1,
P-618607,2025-05,2025-12-01,ANTICIPATED,2025-12-01,REVISED,OCMS_LEGACY,0,1,
P-618607,2025-12,2025-12-01,REVISED,2024-10-01,ORIGINAL,PAIMANA,-14,0,REPORTING_REGIME_CHANGE
P-618607,2026-03,2024-10-01,ORIGINAL,2026-08-01,REVISED,PAIMANA,22,0,TARGET_SOURCE_TRANSITION
P-618607,2026-04,2026-08-01,REVISED,2027-03-01,REVISED,PAIMANA,7,1,
P-618608,2025-12,2025-08-01,REVISED,2026-04-01,REVISED,PAIMANA,8,0,REPORTING_REGIME_CHANGE
P-618608,2026-03,2026-04-01,REVISED,2026-05-01,REVISED,PAIMANA,1,1,
P-618608,2026-04,2026-05-01,REVISED,2026-10-01,REVISED,PAIMANA,5,1,
P-618609,2026-03,2026-07-01,ORIGINAL,2026-07-01,REVISED,PAIMANA,0,1,
P-618609,2026-04,2026-07-01,REVISED,2027-05-01,REVISED,PAIMANA,10,1,
P-618610,2025-04,2025-08-01,REVISED,2025-08-01,ANTICIPATED,OCMS_LEGACY,0,1,
P-618610,2025-05,2025-08-01,ANTICIPATED,2025-08-01,REVISED,OCMS_LEGACY,0,1,
P-618610,2025-12,2025-08-01,REVISED,2025-08-01,ORIGINAL,PAIMANA,0,1,
P-618610,2026-03,2025-08-01,ORIGINAL,2026-04-01,REVISED,PAIMANA,8,0,TARGET_SOURCE_TRANSITION
P-618610,2026-04,2026-04-01,REVISED,2026-05-01,REVISED,PAIMANA,1,1,
P-618611,2026-03,2023-06-01,ORIGINAL,2026-04-01,REVISED,PAIMANA,34,0,TARGET_SOURCE_TRANSITION
P-618611,2026-04,2026-04-01,REVISED,2026-05-01,REVISED,PAIMANA,1,1,
P-618612,2025-02,2025-02-01,REVISED,2025-03-01,REVISED,OCMS_LEGACY,1,1,
P-618612,2025-03,2025-03-01,REVISED,2025-04-01,REVISED,OCMS_LEGACY,1,1,
P-618612,2025-04,2025-04-01,REVISED,2025-05-01,ANTICIPATED,OCMS_LEGACY,1,0,TARGET_SOURCE_TRANSITION
P-618612,2025-05,2025-05-01,ANTICIPATED,2025-06-01,REVISED,OCMS_LEGACY,1,0,TARGET_SOURCE_TRANSITION
P-618612,2025-06,2025-06-01,REVISED,2025-07-01,REVISED,OCMS_LEGACY,1,1,
P-618612,2025-12,2025-07-01,REVISED,2024-12-01,REVISED,PAIMANA,-7,0,REPORTING_REGIME_CHANGE
P-618612,2026-03,2024-12-01,REVISED,2026-04-01,REVISED,PAIMANA,16,1,
P-618612,2026-04,2026-04-01,REVISED,2026-05-01,REVISED,PAIMANA,1,1,
P-618613,2025-02,2025-02-01,REVISED,2025-03-01,REVISED,OCMS_LEGACY,1,1,
P-618613,2025-03,2025-03-01,REVISED,2025-04-01,REVISED,OCMS_LEGACY,1,1,
P-618613,2025-04,2025-04-01,REVISED,2025-05-01,ANTICIPATED,OCMS_LEGACY,1,0,TARGET_SOURCE_TRANSITION
P-618613,2025-05,2025-05-01,ANTICIPATED,2025-06-01,REVISED,OCMS_LEGACY,1,0,TARGET_SOURCE_TRANSITION
P-618613,2025-06,2025-06-01,REVISED,2025-07-01,REVISED,OCMS_LEGACY,1,1,
P-618613,2025-12,2025-07-01,REVISED,2024-12-01,REVISED,PAIMANA,-7,0,REPORTING_REGIME_CHANGE
P-618613,2026-03,2024-12-01,REVISED,2026-04-01,REVISED,PAIMANA,16,1,
P-618613,2026-04,2026-04-01,REVISED,2026-05-01,REVISED,PAIMANA,1,1,
P-618614,2025-04,2024-12-01,REVISED,2024-12-01,ANTICIPATED,OCMS_LEGACY,0,1,
P-618614,2025-05,2024-12-01,ANTICIPATED,2024-12-01,REVISED,OCMS_LEGACY,0,1,
P-618614,2025-12,2024-12-01,REVISED,2024-01-01,REVISED,PAIMANA,-11,0,REPORTING_REGIME_CHANGE
P-618614,2026-03,2024-01-01,REVISED,2026-04-01,REVISED,PAIMANA,27,1,
P-618614,2026-04,2026-04-01,REVISED,2026-05-01,REVISED,PAIMANA,1,1,
P-618615,2025-04,2024-12-01,REVISED,2024-12-01,ANTICIPATED,OCMS_LEGACY,0,1,
P-618615,2025-05,2024-12-01,ANTICIPATED,2024-12-01,REVISED,OCMS_LEGACY,0,1,
P-618615,2025-12,2024-12-01,REVISED,2024-12-01,REVISED,PAIMANA,0,1,
P-618615,2026-03,2024-12-01,REVISED,2026-04-01,REVISED,PAIMANA,16,1,
P-618615,2026-04,2026-04-01,REVISED,2026-05-01,REVISED,PAIMANA,1,1,
P-618616,2026-03,2027-02-01,ORIGINAL,2027-02-01,REVISED,PAIMANA,0,1,
P-618617,2025-12,2024-11-01,REVISED,2025-09-01,REVISED,PAIMANA,10,0,REPORTING_REGIME_CHANGE
P-618617,2026-03,2025-09-01,REVISED,2027-06-01,REVISED,PAIMANA,21,1,
P-618618,2025-04,2026-06-01,REVISED,2026-06-01,ANTICIPATED,OCMS_LEGACY,0,1,
P-618618,2025-05,2026-06-01,ANTICIPATED,2026-06-01,REVISED,OCMS_LEGACY,0,1,
P-618618,2025-12,2026-06-01,REVISED,2026-06-01,ORIGINAL,PAIMANA,0,1,
P-618618,2026-03,2026-06-01,ORIGINAL,2026-06-01,REVISED,PAIMANA,0,1,
P-618619,2026-03,2028-01-01,ORIGINAL,2028-01-01,REVISED,PAIMANA,0,1,
P-618620,2026-03,2024-07-01,ORIGINAL,2026-06-01,REVISED,PAIMANA,23,0,TARGET_SOURCE_TRANSITION
P-618620,2026-04,2026-06-01,REVISED,2026-12-01,REVISED,PAIMANA,6,1,
P-618621,2025-05,2025-01-01,REVISED,2026-01-01,REVISED,OCMS_LEGACY,12,1,
P-618621,2025-12,2026-01-01,REVISED,2025-01-01,ORIGINAL,PAIMANA,-12,0,REPORTING_REGIME_CHANGE
P-618621,2026-03,2025-01-01,ORIGINAL,2026-05-01,REVISED,PAIMANA,16,0,TARGET_SOURCE_TRANSITION
P-618621,2026-04,2026-05-01,REVISED,2026-10-01,REVISED,PAIMANA,5,1,
P-618622,2025-05,2024-04-01,REVISED,2025-12-01,REVISED,OCMS_LEGACY,20,1,
P-618622,2025-12,2025-12-01,REVISED,2025-05-01,REVISED,PAIMANA,-7,0,REPORTING_REGIME_CHANGE
P-618622,2026-03,2025-05-01,REVISED,2026-05-01,REVISED,PAIMANA,12,1,
P-618622,2026-04,2026-05-01,REVISED,2026-07-01,REVISED,PAIMANA,2,1,
P-618623,2026-03,2026-01-01,ORIGINAL,2026-05-01,REVISED,PAIMANA,4,0,TARGET_SOURCE_TRANSITION
P-618623,2026-04,2026-05-01,REVISED,2026-07-01,REVISED,PAIMANA,2,1,
P-618625,2026-03,2013-02-01,ORIGINAL,2026-05-01,REVISED,PAIMANA,159,0,TARGET_SOURCE_TRANSITION
P-618626,2026-03,2026-10-01,ORIGINAL,2027-04-01,REVISED,PAIMANA,6,0,TARGET_SOURCE_TRANSITION
P-618627,2026-03,2027-01-01,ORIGINAL,2027-01-01,REVISED,PAIMANA,0,1,
P-618628,2026-03,2025-10-01,ORIGINAL,2026-06-01,REVISED,PAIMANA,8,0,TARGET_SOURCE_TRANSITION
P-618628,2026-04,2026-06-01,REVISED,2026-08-01,REVISED,PAIMANA,2,1,
P-618629,2026-03,2022-04-01,REVISED,2026-04-01,REVISED,PAIMANA,48,1,
P-618629,2026-04,2026-04-01,REVISED,2026-05-01,REVISED,PAIMANA,1,1,
P-618630,2025-04,2025-06-01,REVISED,2025-06-01,ANTICIPATED,OCMS_LEGACY,0,1,
P-618630,2025-05,2025-06-01,ANTICIPATED,2025-06-01,REVISED,OCMS_LEGACY,0,1,
P-618630,2025-12,2025-06-01,REVISED,2026-05-01,REVISED,PAIMANA,11,0,REPORTING_REGIME_CHANGE
P-618630,2026-03,2026-05-01,REVISED,2026-08-01,REVISED,PAIMANA,3,1,
P-618630,2026-04,2026-08-01,REVISED,2026-11-01,REVISED,PAIMANA,3,1,
P-618631,2026-03,2025-05-01,ORIGINAL,2026-04-01,REVISED,PAIMANA,11,0,TARGET_SOURCE_TRANSITION
P-618631,2026-04,2026-04-01,REVISED,2026-06-01,REVISED,PAIMANA,2,1,
P-618632,2025-12,2025-01-01,REVISED,2025-09-01,REVISED,PAIMANA,8,0,REPORTING_REGIME_CHANGE
P-618632,2026-03,2025-09-01,REVISED,2026-06-01,REVISED,PAIMANA,9,1,
P-618632,2026-04,2026-06-01,REVISED,2026-08-01,REVISED,PAIMANA,2,1,
P-618634,2025-12,2025-01-01,REVISED,2025-01-01,ORIGINAL,PAIMANA,0,1,
P-618634,2026-03,2025-01-01,ORIGINAL,2026-04-01,REVISED,PAIMANA,15,0,TARGET_SOURCE_TRANSITION
P-618634,2026-04,2026-04-01,REVISED,2026-05-01,REVISED,PAIMANA,1,1,
P-618635,2025-12,2025-01-01,REVISED,2025-11-01,REVISED,PAIMANA,10,0,REPORTING_REGIME_CHANGE
P-618635,2026-03,2025-11-01,REVISED,2026-09-01,REVISED,PAIMANA,10,1,
P-618635,2026-04,2026-09-01,REVISED,2026-11-01,REVISED,PAIMANA,2,1,
P-618636,2026-03,2026-10-01,ORIGINAL,2026-10-01,REVISED,PAIMANA,0,1,
P-618636,2026-04,2026-10-01,REVISED,2027-06-01,REVISED,PAIMANA,8,1,
P-618637,2025-02,2024-06-01,REVISED,2025-06-01,REVISED,OCMS_LEGACY,12,1,
P-618637,2025-04,2025-06-01,REVISED,2025-11-01,ANTICIPATED,OCMS_LEGACY,5,0,TARGET_SOURCE_TRANSITION
P-618637,2025-05,2025-11-01,ANTICIPATED,2025-12-01,REVISED,OCMS_LEGACY,1,0,TARGET_SOURCE_TRANSITION
P-618637,2025-12,2025-12-01,REVISED,2024-06-01,REVISED,PAIMANA,-18,0,REPORTING_REGIME_CHANGE
P-618637,2026-03,2024-06-01,REVISED,2026-04-01,REVISED,PAIMANA,22,1,
P-618637,2026-04,2026-04-01,REVISED,2026-12-01,REVISED,PAIMANA,8,1,
P-618638,2026-03,2023-12-01,REVISED,2026-04-01,REVISED,PAIMANA,28,1,
P-618639,2025-05,2025-09-01,REVISED,2025-12-01,REVISED,OCMS_LEGACY,3,1,
P-618639,2026-01,2025-12-01,REVISED,2024-03-01,ORIGINAL,PAIMANA,-21,0,REPORTING_REGIME_CHANGE
P-618639,2026-03,2024-03-01,ORIGINAL,2026-07-01,REVISED,PAIMANA,28,0,TARGET_SOURCE_TRANSITION
P-618640,2026-03,2026-08-01,ORIGINAL,2026-08-01,REVISED,PAIMANA,0,1,
P-618641,2026-03,2028-02-01,ORIGINAL,2028-02-01,REVISED,PAIMANA,0,1,
P-618642,2025-04,2025-06-01,REVISED,2025-06-01,ANTICIPATED,OCMS_LEGACY,0,1,
P-618642,2025-05,2025-06-01,ANTICIPATED,2025-06-01,REVISED,OCMS_LEGACY,0,1,
P-618642,2025-06,2025-06-01,REVISED,2025-09-01,REVISED,OCMS_LEGACY,3,1,
P-618642,2025-12,2025-09-01,REVISED,2024-10-01,REVISED,PAIMANA,-11,0,REPORTING_REGIME_CHANGE
P-618642,2026-03,2024-10-01,REVISED,2026-04-01,REVISED,PAIMANA,18,1,
P-618642,2026-04,2026-04-01,REVISED,2026-05-01,REVISED,PAIMANA,1,1,
P-618644,2025-12,2025-06-01,REVISED,2025-06-01,ORIGINAL,PAIMANA,0,1,
P-618644,2026-03,2025-06-01,ORIGINAL,2026-07-01,REVISED,PAIMANA,13,0,TARGET_SOURCE_TRANSITION
P-618645,2025-12,2025-06-01,REVISED,2026-01-01,REVISED,PAIMANA,7,0,REPORTING_REGIME_CHANGE
P-618645,2026-03,2026-01-01,REVISED,2026-05-01,REVISED,PAIMANA,4,1,
P-618647,2025-03,2026-05-01,REVISED,2026-04-01,REVISED,OCMS_LEGACY,-1,1,
P-618647,2025-04,2026-04-01,REVISED,2026-03-01,ANTICIPATED,OCMS_LEGACY,-1,0,TARGET_SOURCE_TRANSITION
P-618647,2025-05,2026-03-01,ANTICIPATED,2026-03-01,REVISED,OCMS_LEGACY,0,1,
P-618647,2025-12,2026-03-01,REVISED,2025-09-01,ORIGINAL,PAIMANA,-6,0,REPORTING_REGIME_CHANGE
P-618647,2026-03,2025-09-01,ORIGINAL,2026-07-01,REVISED,PAIMANA,10,0,TARGET_SOURCE_TRANSITION
P-618649,2026-03,2026-11-01,ORIGINAL,2026-11-01,REVISED,PAIMANA,0,1,
P-618649,2026-04,2026-11-01,REVISED,2027-06-01,REVISED,PAIMANA,7,1,
P-618650,2026-03,2027-04-01,ORIGINAL,2027-04-01,REVISED,PAIMANA,0,1,
P-618650,2026-04,2027-04-01,REVISED,2027-12-01,REVISED,PAIMANA,8,1,
P-618651,2026-03,2027-02-01,ORIGINAL,2027-02-01,REVISED,PAIMANA,0,1,
P-618651,2026-04,2027-02-01,REVISED,2027-06-01,REVISED,PAIMANA,4,1,
P-618653,2026-03,2024-06-01,REVISED,2026-05-01,REVISED,PAIMANA,23,1,
P-618653,2026-04,2026-05-01,REVISED,2027-03-01,REVISED,PAIMANA,10,1,
P-618654,2025-12,2025-10-01,REVISED,2026-03-01,REVISED,PAIMANA,5,0,REPORTING_REGIME_CHANGE
P-618654,2026-03,2026-03-01,REVISED,2026-04-01,REVISED,PAIMANA,1,1,
P-618654,2026-04,2026-04-01,REVISED,2026-09-01,REVISED,PAIMANA,5,1,
P-618655,2026-03,2026-08-01,ORIGINAL,2026-08-01,REVISED,PAIMANA,0,1,
P-618661,2026-03,2027-11-01,ORIGINAL,2027-11-01,REVISED,PAIMANA,0,1,
P-618663,2025-12,2025-12-01,REVISED,2026-05-01,REVISED,PAIMANA,5,0,REPORTING_REGIME_CHANGE
P-618664,2025-02,2024-11-01,ORIGINAL,2024-11-01,REVISED,OCMS_LEGACY,0,1,
P-618664,2025-05,2024-11-01,REVISED,2025-12-01,REVISED,OCMS_LEGACY,13,1,
P-618664,2025-12,2025-12-01,REVISED,2025-08-01,REVISED,PAIMANA,-4,0,REPORTING_REGIME_CHANGE
P-618664,2026-03,2025-08-01,REVISED,2026-06-01,REVISED,PAIMANA,10,1,
P-618665,2025-04,2024-08-01,REVISED,2024-08-01,ANTICIPATED,OCMS_LEGACY,0,1,
P-618665,2025-05,2024-08-01,ANTICIPATED,2025-06-01,REVISED,OCMS_LEGACY,10,0,TARGET_SOURCE_TRANSITION
P-618665,2025-12,2025-06-01,REVISED,2024-04-01,ORIGINAL,PAIMANA,-14,0,REPORTING_REGIME_CHANGE
P-618665,2026-01,2024-04-01,ORIGINAL,2025-02-01,REVISED,PAIMANA,10,0,TARGET_SOURCE_TRANSITION
P-618665,2026-02,2025-02-01,REVISED,2025-12-01,REVISED,PAIMANA,10,1,
P-618665,2026-03,2025-12-01,REVISED,2026-04-01,REVISED,PAIMANA,4,1,
P-618665,2026-04,2026-04-01,REVISED,2026-05-01,REVISED,PAIMANA,1,1,
P-618666,2026-03,2026-08-01,ORIGINAL,2026-08-01,REVISED,PAIMANA,0,1,
P-618667,2026-03,2027-10-01,ORIGINAL,2026-10-01,REVISED,PAIMANA,-12,0,TARGET_SOURCE_TRANSITION
P-618668,2026-03,2027-09-01,ORIGINAL,2027-09-01,REVISED,PAIMANA,0,1,
P-618669,2026-03,2027-02-01,ORIGINAL,2027-01-01,REVISED,PAIMANA,-1,0,TARGET_SOURCE_TRANSITION
P-618671,2026-03,2027-12-01,ORIGINAL,2027-12-01,REVISED,PAIMANA,0,1,
P-618672,2026-03,2027-11-01,ORIGINAL,2027-11-01,REVISED,PAIMANA,0,1,
P-618673,2025-05,2025-06-01,REVISED,2026-04-01,REVISED,OCMS_LEGACY,10,1,
P-618673,2025-12,2026-04-01,REVISED,2024-09-01,ORIGINAL,PAIMANA,-19,0,REPORTING_REGIME_CHANGE
P-618673,2026-03,2024-09-01,ORIGINAL,2026-12-01,REVISED,PAIMANA,27,0,TARGET_SOURCE_TRANSITION
P-618673,2026-04,2026-12-01,REVISED,2027-01-01,REVISED,PAIMANA,1,1,
P-618674,2025-05,2025-09-01,REVISED,2025-12-01,REVISED,OCMS_LEGACY,3,1,
P-618674,2025-12,2025-12-01,REVISED,2025-09-01,REVISED,PAIMANA,-3,0,REPORTING_REGIME_CHANGE
P-618674,2026-03,2025-09-01,REVISED,2026-04-01,REVISED,PAIMANA,7,1,
P-618674,2026-04,2026-04-01,REVISED,2026-05-01,REVISED,PAIMANA,1,1,
P-618675,2025-12,2026-09-01,REVISED,2026-07-01,REVISED,PAIMANA,-2,0,REPORTING_REGIME_CHANGE
P-618675,2026-03,2026-07-01,REVISED,2026-12-01,REVISED,PAIMANA,5,1,
P-618675,2026-04,2026-12-01,REVISED,2027-03-01,REVISED,PAIMANA,3,1,
P-618676,2025-06,2025-06-01,REVISED,2025-07-01,REVISED,OCMS_LEGACY,1,1,
P-618676,2025-12,2025-07-01,REVISED,2025-12-01,REVISED,PAIMANA,5,0,REPORTING_REGIME_CHANGE
P-618676,2026-03,2025-12-01,REVISED,2026-04-01,REVISED,PAIMANA,4,1,
P-618677,2025-05,2025-10-01,REVISED,2025-12-01,REVISED,OCMS_LEGACY,2,1,
P-618677,2025-12,2025-12-01,REVISED,2025-10-01,REVISED,PAIMANA,-2,0,REPORTING_REGIME_CHANGE
P-618677,2026-03,2025-10-01,REVISED,2026-06-01,REVISED,PAIMANA,8,1,
P-618678,2025-04,2025-08-01,REVISED,2025-12-01,REVISED,OCMS_LEGACY,4,1,
P-618678,2025-12,2025-12-01,REVISED,2025-06-01,REVISED,PAIMANA,-6,0,REPORTING_REGIME_CHANGE
P-618678,2026-03,2025-06-01,REVISED,2026-05-01,REVISED,PAIMANA,11,1,
P-618678,2026-04,2026-05-01,REVISED,2026-06-01,REVISED,PAIMANA,1,1,
P-618680,2025-04,2025-10-01,REVISED,2025-12-01,REVISED,OCMS_LEGACY,2,1,
P-618680,2025-12,2025-12-01,REVISED,2025-08-01,REVISED,PAIMANA,-4,0,REPORTING_REGIME_CHANGE
P-618680,2026-03,2025-08-01,REVISED,2026-06-01,REVISED,PAIMANA,10,1,
P-618680,2026-04,2026-06-01,REVISED,2026-05-01,REVISED,PAIMANA,-1,1,
P-618681,2025-02,2025-04-01,REVISED,2025-06-01,REVISED,OCMS_LEGACY,2,1,
P-618681,2025-04,2025-06-01,REVISED,2025-09-01,REVISED,OCMS_LEGACY,3,1,
P-618681,2025-05,2025-09-01,REVISED,2025-12-01,REVISED,OCMS_LEGACY,3,1,
P-618681,2025-12,2025-12-01,REVISED,2025-04-01,REVISED,PAIMANA,-8,0,REPORTING_REGIME_CHANGE
P-618681,2026-03,2025-04-01,REVISED,2026-06-01,REVISED,PAIMANA,14,1,
P-618682,2026-03,2024-02-01,ORIGINAL,2026-05-01,REVISED,PAIMANA,27,0,TARGET_SOURCE_TRANSITION
P-618682,2026-04,2026-05-01,REVISED,2026-07-01,REVISED,PAIMANA,2,1,
P-618684,2026-03,2026-03-01,ORIGINAL,2026-10-01,REVISED,PAIMANA,7,0,TARGET_SOURCE_TRANSITION
P-618685,2026-03,2026-03-01,ORIGINAL,2026-05-01,REVISED,PAIMANA,2,0,TARGET_SOURCE_TRANSITION
P-618686,2026-03,2026-03-01,ORIGINAL,2026-06-01,REVISED,PAIMANA,3,0,TARGET_SOURCE_TRANSITION
P-618687,2025-02,2025-03-01,REVISED,2025-12-01,REVISED,OCMS_LEGACY,9,1,
P-618687,2026-01,2025-12-01,REVISED,2025-03-01,ORIGINAL,PAIMANA,-9,0,REPORTING_REGIME_CHANGE
P-618687,2026-03,2025-03-01,ORIGINAL,2026-04-01,REVISED,PAIMANA,13,0,TARGET_SOURCE_TRANSITION
P-618687,2026-04,2026-04-01,REVISED,2026-05-01,REVISED,PAIMANA,1,1,
P-618688,2026-03,2027-10-01,ORIGINAL,2027-10-01,REVISED,PAIMANA,0,1,
P-618689,2025-02,2025-03-01,REVISED,2025-06-01,REVISED,OCMS_LEGACY,3,1,
P-618689,2025-04,2025-06-01,REVISED,2025-06-01,ANTICIPATED,OCMS_LEGACY,0,1,
P-618689,2025-05,2025-06-01,ANTICIPATED,2025-06-01,REVISED,OCMS_LEGACY,0,1,
P-618689,2025-06,2025-06-01,REVISED,2025-07-01,REVISED,OCMS_LEGACY,1,1,
P-618689,2025-12,2025-07-01,REVISED,2025-01-01,REVISED,PAIMANA,-6,0,REPORTING_REGIME_CHANGE
P-618690,2026-03,2027-03-01,ORIGINAL,2027-03-01,REVISED,PAIMANA,0,1,
P-618691,2026-03,2027-08-01,ORIGINAL,2027-08-01,REVISED,PAIMANA,0,1,
P-618692,2026-03,2021-04-01,REVISED,2026-04-01,REVISED,PAIMANA,60,1,
P-618692,2026-04,2026-04-01,REVISED,2026-08-01,REVISED,PAIMANA,4,1,
P-618693,2025-02,2025-03-01,REVISED,2025-12-01,REVISED,OCMS_LEGACY,9,1,
P-618693,2025-04,2025-12-01,REVISED,2025-12-01,ANTICIPATED,OCMS_LEGACY,0,1,
P-618693,2025-05,2025-12-01,ANTICIPATED,2025-12-01,REVISED,OCMS_LEGACY,0,1,
P-618693,2025-12,2025-12-01,REVISED,2024-07-01,ORIGINAL,PAIMANA,-17,0,REPORTING_REGIME_CHANGE
P-618693,2026-03,2024-07-01,ORIGINAL,2026-05-01,REVISED,PAIMANA,22,0,TARGET_SOURCE_TRANSITION
P-618693,2026-04,2026-05-01,REVISED,2026-07-01,REVISED,PAIMANA,2,1,
P-618694,2025-05,2025-05-01,REVISED,2025-12-01,REVISED,OCMS_LEGACY,7,1,
P-618694,2025-12,2025-12-01,REVISED,2025-07-01,REVISED,PAIMANA,-5,0,REPORTING_REGIME_CHANGE
P-618694,2026-03,2025-07-01,REVISED,2026-05-01,REVISED,PAIMANA,10,1,
P-618694,2026-04,2026-05-01,REVISED,2026-06-01,REVISED,PAIMANA,1,1,
P-618695,2025-04,2024-12-01,REVISED,2024-12-01,ANTICIPATED,OCMS_LEGACY,0,1,
P-618695,2025-05,2024-12-01,ANTICIPATED,2025-12-01,REVISED,OCMS_LEGACY,12,0,TARGET_SOURCE_TRANSITION
P-618695,2025-12,2025-12-01,REVISED,2023-10-01,ORIGINAL,PAIMANA,-26,0,REPORTING_REGIME_CHANGE
P-618695,2026-01,2023-10-01,ORIGINAL,2026-04-01,REVISED,PAIMANA,30,0,TARGET_SOURCE_TRANSITION
P-618695,2026-04,2026-04-01,REVISED,2026-05-01,REVISED,PAIMANA,1,1,
P-618697,2026-03,2026-07-01,ORIGINAL,2027-07-01,REVISED,PAIMANA,12,0,TARGET_SOURCE_TRANSITION
P-618700,2025-04,2024-12-01,REVISED,2024-12-01,ANTICIPATED,OCMS_LEGACY,0,1,
P-618700,2025-05,2024-12-01,ANTICIPATED,2024-12-01,REVISED,OCMS_LEGACY,0,1,
P-618700,2025-12,2024-12-01,REVISED,2024-10-01,REVISED,PAIMANA,-2,0,REPORTING_REGIME_CHANGE
P-618700,2026-03,2024-10-01,REVISED,2026-04-01,REVISED,PAIMANA,18,1,
P-618700,2026-04,2026-04-01,REVISED,2026-05-01,REVISED,PAIMANA,1,1,
P-618701,2025-02,2024-12-01,REVISED,2025-03-01,REVISED,OCMS_LEGACY,3,1,
P-618701,2025-03,2025-03-01,REVISED,2025-04-01,REVISED,OCMS_LEGACY,1,1,
P-618701,2025-12,2025-04-01,REVISED,2024-04-01,REVISED,PAIMANA,-12,0,REPORTING_REGIME_CHANGE
P-618702,2025-04,2025-08-01,REVISED,2025-11-01,ANTICIPATED,OCMS_LEGACY,3,0,TARGET_SOURCE_TRANSITION
P-618702,2025-05,2025-11-01,ANTICIPATED,2025-11-01,REVISED,OCMS_LEGACY,0,1,
P-618702,2025-12,2025-11-01,REVISED,2026-04-01,REVISED,PAIMANA,5,0,REPORTING_REGIME_CHANGE
P-618702,2026-04,2026-04-01,REVISED,2026-05-01,REVISED,PAIMANA,1,1,
P-618704,2026-03,2027-01-01,ORIGINAL,2026-06-01,REVISED,PAIMANA,-7,0,TARGET_SOURCE_TRANSITION
P-618706,2026-03,2022-08-01,REVISED,2026-04-01,REVISED,PAIMANA,44,1,
P-618706,2026-04,2026-04-01,REVISED,2026-06-01,REVISED,PAIMANA,2,1,
P-618707,2026-03,2028-01-01,ORIGINAL,2028-01-01,REVISED,PAIMANA,0,1,
P-618708,2025-12,2025-06-01,REVISED,2025-06-01,ORIGINAL,PAIMANA,0,1,
P-618708,2026-03,2025-06-01,ORIGINAL,2026-05-01,REVISED,PAIMANA,11,0,TARGET_SOURCE_TRANSITION
P-618709,2026-01,2025-05-01,REVISED,2027-02-01,REVISED,PAIMANA,21,0,REPORTING_REGIME_CHANGE
P-618709,2026-04,2027-02-01,REVISED,2028-04-01,REVISED,PAIMANA,14,1,
P-618710,2025-04,2024-12-01,REVISED,2024-12-01,ANTICIPATED,OCMS_LEGACY,0,1,
P-618710,2025-05,2024-12-01,ANTICIPATED,2024-12-01,REVISED,OCMS_LEGACY,0,1,
P-618710,2025-12,2024-12-01,REVISED,2024-08-01,REVISED,PAIMANA,-4,0,REPORTING_REGIME_CHANGE
P-618710,2026-03,2024-08-01,REVISED,2026-04-01,REVISED,PAIMANA,20,1,
P-618710,2026-04,2026-04-01,REVISED,2026-05-01,REVISED,PAIMANA,1,1,
P-618711,2025-03,2025-03-01,REVISED,2025-05-01,REVISED,OCMS_LEGACY,2,1,
P-618711,2025-04,2025-05-01,REVISED,2025-05-01,ANTICIPATED,OCMS_LEGACY,0,1,
P-618711,2025-05,2025-05-01,ANTICIPATED,2025-06-01,REVISED,OCMS_LEGACY,1,0,TARGET_SOURCE_TRANSITION
P-618711,2025-06,2025-06-01,REVISED,2025-07-01,REVISED,OCMS_LEGACY,1,1,
P-618711,2025-12,2025-07-01,REVISED,2024-12-01,REVISED,PAIMANA,-7,0,REPORTING_REGIME_CHANGE
P-618711,2026-03,2024-12-01,REVISED,2026-04-01,REVISED,PAIMANA,16,1,
P-618711,2026-04,2026-04-01,REVISED,2026-05-01,REVISED,PAIMANA,1,1,
P-618712,2025-12,2026-02-01,REVISED,2026-02-01,ORIGINAL,PAIMANA,0,1,
P-618712,2026-03,2026-02-01,ORIGINAL,2026-07-01,REVISED,PAIMANA,5,0,TARGET_SOURCE_TRANSITION
P-618712,2026-04,2026-07-01,REVISED,2026-12-01,REVISED,PAIMANA,5,1,
P-618713,2025-12,2025-10-01,REVISED,2026-02-01,ORIGINAL,PAIMANA,4,0,REPORTING_REGIME_CHANGE
P-618713,2026-03,2026-02-01,ORIGINAL,2027-02-01,REVISED,PAIMANA,12,0,TARGET_SOURCE_TRANSITION
P-618713,2026-04,2027-02-01,REVISED,2027-04-01,REVISED,PAIMANA,2,1,
P-618714,2025-12,2025-10-01,REVISED,2026-02-01,ORIGINAL,PAIMANA,4,0,REPORTING_REGIME_CHANGE
P-618714,2026-03,2026-02-01,ORIGINAL,2026-11-01,REVISED,PAIMANA,9,0,TARGET_SOURCE_TRANSITION
P-618714,2026-04,2026-11-01,REVISED,2026-12-01,REVISED,PAIMANA,1,1,
P-618715,2025-12,2025-10-01,REVISED,2026-02-01,ORIGINAL,PAIMANA,4,0,REPORTING_REGIME_CHANGE
P-618715,2026-03,2026-02-01,ORIGINAL,2026-08-01,REVISED,PAIMANA,6,0,TARGET_SOURCE_TRANSITION
P-618715,2026-04,2026-08-01,REVISED,2027-02-01,REVISED,PAIMANA,6,1,
P-618716,2025-12,2025-11-01,REVISED,2026-03-01,ORIGINAL,PAIMANA,4,0,REPORTING_REGIME_CHANGE
P-618716,2026-03,2026-03-01,ORIGINAL,2026-07-01,REVISED,PAIMANA,4,0,TARGET_SOURCE_TRANSITION
P-618716,2026-04,2026-07-01,REVISED,2026-12-01,REVISED,PAIMANA,5,1,
P-618717,2025-12,2025-11-01,REVISED,2026-03-01,ORIGINAL,PAIMANA,4,0,REPORTING_REGIME_CHANGE
P-618717,2026-03,2026-03-01,ORIGINAL,2026-07-01,REVISED,PAIMANA,4,0,TARGET_SOURCE_TRANSITION
P-618717,2026-04,2026-07-01,REVISED,2026-11-01,REVISED,PAIMANA,4,1,
P-618718,2026-03,2027-02-01,ORIGINAL,2027-02-01,REVISED,PAIMANA,0,1,
P-618718,2026-04,2027-02-01,REVISED,2027-04-01,REVISED,PAIMANA,2,1,
P-618719,2025-12,2025-10-01,REVISED,2026-02-01,ORIGINAL,PAIMANA,4,0,REPORTING_REGIME_CHANGE
P-618719,2026-03,2026-02-01,ORIGINAL,2026-11-01,REVISED,PAIMANA,9,0,TARGET_SOURCE_TRANSITION
P-618719,2026-04,2026-11-01,REVISED,2027-01-01,REVISED,PAIMANA,2,1,
P-618720,2025-12,2025-11-01,REVISED,2026-03-01,ORIGINAL,PAIMANA,4,0,REPORTING_REGIME_CHANGE
P-618720,2026-03,2026-03-01,ORIGINAL,2026-12-01,REVISED,PAIMANA,9,0,TARGET_SOURCE_TRANSITION
P-618720,2026-04,2026-12-01,REVISED,2027-02-01,REVISED,PAIMANA,2,1,
P-618721,2025-12,2026-02-01,REVISED,2026-07-01,REVISED,PAIMANA,5,0,REPORTING_REGIME_CHANGE
P-618721,2026-03,2026-07-01,REVISED,2026-11-01,REVISED,PAIMANA,4,1,
P-618721,2026-04,2026-11-01,REVISED,2027-01-01,REVISED,PAIMANA,2,1,
P-618722,2025-12,2025-05-01,REVISED,2026-01-01,REVISED,PAIMANA,8,0,REPORTING_REGIME_CHANGE
P-618722,2026-03,2026-01-01,REVISED,2026-07-01,REVISED,PAIMANA,6,1,
P-618723,2025-12,2028-05-01,REVISED,2025-12-01,REVISED,PAIMANA,-29,0,REPORTING_REGIME_CHANGE
P-618723,2026-03,2025-12-01,REVISED,2026-12-01,REVISED,PAIMANA,12,1,
P-618724,2026-03,2027-06-01,ORIGINAL,2027-06-01,REVISED,PAIMANA,0,1,
P-618725,2026-03,2027-09-01,ORIGINAL,2027-09-01,REVISED,PAIMANA,0,1,
P-618726,2026-03,2027-10-01,ORIGINAL,2027-10-01,REVISED,PAIMANA,0,1,
P-618727,2026-03,2027-10-01,ORIGINAL,2027-10-01,REVISED,PAIMANA,0,1,
P-618728,2026-03,2026-11-01,ORIGINAL,2027-05-01,REVISED,PAIMANA,6,0,TARGET_SOURCE_TRANSITION
P-618734,2026-03,2027-09-01,ORIGINAL,2027-09-01,REVISED,PAIMANA,0,1,
P-618735,2025-03,2025-03-01,REVISED,2025-06-01,REVISED,OCMS_LEGACY,3,1,
P-618735,2025-04,2025-06-01,REVISED,2025-06-01,ANTICIPATED,OCMS_LEGACY,0,1,
P-618735,2025-05,2025-06-01,ANTICIPATED,2025-06-01,REVISED,OCMS_LEGACY,0,1,
P-618735,2025-06,2025-06-01,REVISED,2025-12-01,REVISED,OCMS_LEGACY,6,1,
P-618735,2025-12,2025-12-01,REVISED,2024-12-01,REVISED,PAIMANA,-12,0,REPORTING_REGIME_CHANGE
P-618735,2026-03,2024-12-01,REVISED,2026-05-01,REVISED,PAIMANA,17,1,
P-618736,2026-03,2027-03-01,ORIGINAL,2027-03-01,REVISED,PAIMANA,0,1,
P-618737,2026-03,2027-12-01,ORIGINAL,2027-12-01,REVISED,PAIMANA,0,1,
P-618738,2025-06,2027-09-01,REVISED,2028-09-01,REVISED,OCMS_LEGACY,12,1,
P-618738,2025-12,2028-09-01,REVISED,2027-09-01,ORIGINAL,PAIMANA,-12,0,REPORTING_REGIME_CHANGE
P-618738,2026-03,2027-09-01,ORIGINAL,2028-09-01,REVISED,PAIMANA,12,0,TARGET_SOURCE_TRANSITION
P-618738,2026-04,2028-09-01,REVISED,2029-03-01,REVISED,PAIMANA,6,1,
P-618739,2025-12,2025-03-01,REVISED,2025-12-01,REVISED,PAIMANA,9,0,REPORTING_REGIME_CHANGE
P-618739,2026-03,2025-12-01,REVISED,2027-06-01,REVISED,PAIMANA,18,1,
P-618739,2026-04,2027-06-01,REVISED,2026-09-01,REVISED,PAIMANA,-9,1,
P-618740,2025-12,2025-07-01,REVISED,2025-12-01,REVISED,PAIMANA,5,0,REPORTING_REGIME_CHANGE
P-618740,2026-03,2025-12-01,REVISED,2027-06-01,REVISED,PAIMANA,18,1,
P-618741,2025-12,2025-12-01,REVISED,2025-02-01,ORIGINAL,PAIMANA,-10,0,REPORTING_REGIME_CHANGE
P-618741,2026-02,2025-02-01,ORIGINAL,2025-12-01,REVISED,PAIMANA,10,0,TARGET_SOURCE_TRANSITION
P-618741,2026-03,2025-12-01,REVISED,2027-06-01,REVISED,PAIMANA,18,1,
P-618744,2025-02,2025-03-01,REVISED,2025-06-01,REVISED,OCMS_LEGACY,3,1,
P-618744,2025-04,2025-06-01,REVISED,2025-08-01,REVISED,OCMS_LEGACY,2,1,
P-618744,2025-05,2025-08-01,REVISED,2025-09-01,REVISED,OCMS_LEGACY,1,1,
P-618744,2025-12,2025-09-01,REVISED,2025-02-01,ORIGINAL,PAIMANA,-7,0,REPORTING_REGIME_CHANGE
P-618744,2026-03,2025-02-01,ORIGINAL,2026-05-01,REVISED,PAIMANA,15,0,TARGET_SOURCE_TRANSITION
P-618744,2026-04,2026-05-01,REVISED,2026-06-01,REVISED,PAIMANA,1,1,
P-618745,2025-04,2025-04-01,REVISED,2025-10-01,REVISED,OCMS_LEGACY,6,1,
P-618745,2025-12,2025-10-01,REVISED,2025-04-01,ORIGINAL,PAIMANA,-6,0,REPORTING_REGIME_CHANGE
P-618745,2026-03,2025-04-01,ORIGINAL,2026-04-01,REVISED,PAIMANA,12,0,TARGET_SOURCE_TRANSITION
P-618745,2026-04,2026-04-01,REVISED,2026-05-01,REVISED,PAIMANA,1,1,
P-618746,2025-05,2024-10-01,REVISED,2025-12-01,REVISED,OCMS_LEGACY,14,1,
P-618746,2025-12,2025-12-01,REVISED,2026-01-01,REVISED,PAIMANA,1,0,REPORTING_REGIME_CHANGE
P-618746,2026-03,2026-01-01,REVISED,2026-04-01,REVISED,PAIMANA,3,1,
P-618746,2026-04,2026-04-01,REVISED,2026-10-01,REVISED,PAIMANA,6,1,
P-618747,2025-04,2024-12-01,REVISED,2024-12-01,ANTICIPATED,OCMS_LEGACY,0,1,
P-618747,2025-05,2024-12-01,ANTICIPATED,2025-09-01,REVISED,OCMS_LEGACY,9,0,TARGET_SOURCE_TRANSITION
P-618747,2025-12,2025-09-01,REVISED,2025-09-01,REVISED,PAIMANA,0,1,
P-618747,2026-03,2025-09-01,REVISED,2026-04-01,REVISED,PAIMANA,7,1,
P-618747,2026-04,2026-04-01,REVISED,2026-05-01,REVISED,PAIMANA,1,1,
P-618748,2025-02,2025-05-01,REVISED,2025-06-01,REVISED,OCMS_LEGACY,1,1,
P-618748,2025-04,2025-06-01,REVISED,2025-06-01,ANTICIPATED,OCMS_LEGACY,0,1,
P-618748,2025-05,2025-06-01,ANTICIPATED,2025-06-01,REVISED,OCMS_LEGACY,0,1,
P-618748,2025-06,2025-06-01,REVISED,2025-07-01,REVISED,OCMS_LEGACY,1,1,
P-618748,2025-12,2025-07-01,REVISED,2025-05-01,REVISED,PAIMANA,-2,0,REPORTING_REGIME_CHANGE
P-618749,2025-04,2025-06-01,REVISED,2025-06-01,ANTICIPATED,OCMS_LEGACY,0,1,
P-618749,2025-05,2025-06-01,ANTICIPATED,2025-06-01,REVISED,OCMS_LEGACY,0,1,
P-618749,2025-12,2025-06-01,REVISED,2025-06-01,REVISED,PAIMANA,0,1,
P-618749,2026-03,2025-06-01,REVISED,2026-04-01,REVISED,PAIMANA,10,1,
P-618749,2026-04,2026-04-01,REVISED,2026-06-01,REVISED,PAIMANA,2,1,
P-618751,2025-12,2025-09-01,REVISED,2026-04-01,REVISED,PAIMANA,7,0,REPORTING_REGIME_CHANGE
P-618751,2026-04,2026-04-01,REVISED,2027-01-01,REVISED,PAIMANA,9,1,
P-618754,2026-03,2027-06-01,ORIGINAL,2027-06-01,REVISED,PAIMANA,0,1,
P-618755,2026-03,2026-03-01,ORIGINAL,2026-05-01,REVISED,PAIMANA,2,0,TARGET_SOURCE_TRANSITION
P-618756,2025-03,2025-05-01,REVISED,2025-06-01,REVISED,OCMS_LEGACY,1,1,
P-618756,2025-05,2025-06-01,REVISED,2025-08-01,REVISED,OCMS_LEGACY,2,1,
P-618756,2025-12,2025-08-01,REVISED,2025-05-01,REVISED,PAIMANA,-3,0,REPORTING_REGIME_CHANGE
P-618756,2026-03,2025-05-01,REVISED,2026-07-01,REVISED,PAIMANA,14,1,
P-618757,2026-03,2026-03-01,ORIGINAL,2026-05-01,REVISED,PAIMANA,2,0,TARGET_SOURCE_TRANSITION
P-618758,2026-03,2026-09-01,ORIGINAL,2026-09-01,REVISED,PAIMANA,0,1,
P-618759,2026-01,2025-09-01,REVISED,2025-09-01,ORIGINAL,PAIMANA,0,1,
P-618759,2026-03,2025-09-01,ORIGINAL,2026-04-01,REVISED,PAIMANA,7,0,TARGET_SOURCE_TRANSITION
P-618759,2026-04,2026-04-01,REVISED,2026-05-01,REVISED,PAIMANA,1,1,
P-618760,2025-03,2025-04-01,REVISED,2025-05-01,REVISED,OCMS_LEGACY,1,1,
P-618760,2025-04,2025-05-01,REVISED,2025-08-01,ANTICIPATED,OCMS_LEGACY,3,0,TARGET_SOURCE_TRANSITION
P-618760,2025-05,2025-08-01,ANTICIPATED,2025-08-01,REVISED,OCMS_LEGACY,0,1,
P-618760,2025-12,2025-08-01,REVISED,2024-12-01,REVISED,PAIMANA,-8,0,REPORTING_REGIME_CHANGE
P-618760,2026-03,2024-12-01,REVISED,2026-04-01,REVISED,PAIMANA,16,1,
P-618761,2025-12,2024-10-01,REVISED,2025-02-01,ORIGINAL,PAIMANA,4,0,REPORTING_REGIME_CHANGE
P-618761,2026-01,2025-02-01,ORIGINAL,2025-09-01,REVISED,PAIMANA,7,0,TARGET_SOURCE_TRANSITION
P-618761,2026-03,2025-09-01,REVISED,2026-07-01,REVISED,PAIMANA,10,1,
P-618762,2026-03,2025-02-01,REVISED,2026-04-01,REVISED,PAIMANA,14,1,
P-618762,2026-04,2026-04-01,REVISED,2026-05-01,REVISED,PAIMANA,1,1,
P-618764,2025-04,2025-08-01,REVISED,2025-08-01,ANTICIPATED,OCMS_LEGACY,0,1,
P-618764,2025-05,2025-08-01,ANTICIPATED,2025-08-01,REVISED,OCMS_LEGACY,0,1,
P-618764,2025-12,2025-08-01,REVISED,2025-08-01,REVISED,PAIMANA,0,1,
P-618764,2026-03,2025-08-01,REVISED,2026-05-01,REVISED,PAIMANA,9,1,
P-618765,2026-01,2025-07-01,REVISED,2025-12-01,REVISED,PAIMANA,5,0,REPORTING_REGIME_CHANGE
P-618765,2026-03,2025-12-01,REVISED,2026-07-01,REVISED,PAIMANA,7,1,
P-618766,2026-03,2027-04-01,ORIGINAL,2027-04-01,REVISED,PAIMANA,0,1,
P-618769,2026-03,2027-09-01,ORIGINAL,2027-09-01,REVISED,PAIMANA,0,1,
P-618770,2025-02,2025-03-01,REVISED,2025-04-01,REVISED,OCMS_LEGACY,1,1,
P-618770,2025-03,2025-04-01,REVISED,2025-05-01,REVISED,OCMS_LEGACY,1,1,
P-618770,2025-04,2025-05-01,REVISED,2025-07-01,REVISED,OCMS_LEGACY,2,1,
P-618770,2025-12,2025-07-01,REVISED,2025-03-01,REVISED,PAIMANA,-4,0,REPORTING_REGIME_CHANGE
P-618771,2025-12,2024-12-01,REVISED,2025-08-01,REVISED,PAIMANA,8,0,REPORTING_REGIME_CHANGE
P-618771,2026-03,2025-08-01,REVISED,2026-04-01,REVISED,PAIMANA,8,1,
P-618772,2025-12,2025-10-01,REVISED,2025-10-01,ORIGINAL,PAIMANA,0,1,
P-618772,2026-03,2025-10-01,ORIGINAL,2026-04-01,REVISED,PAIMANA,6,0,TARGET_SOURCE_TRANSITION
P-618772,2026-04,2026-04-01,REVISED,2026-05-01,REVISED,PAIMANA,1,1,
P-618774,2025-03,2024-12-01,REVISED,2025-05-01,REVISED,OCMS_LEGACY,5,1,
P-618774,2025-04,2025-05-01,REVISED,2025-05-01,ANTICIPATED,OCMS_LEGACY,0,1,
P-618774,2025-05,2025-05-01,ANTICIPATED,2025-05-01,REVISED,OCMS_LEGACY,0,1,
P-618774,2025-12,2025-05-01,REVISED,2025-11-01,REVISED,PAIMANA,6,0,REPORTING_REGIME_CHANGE
P-618775,2026-03,2027-04-01,ORIGINAL,2027-04-01,REVISED,PAIMANA,0,1,
P-618776,2026-03,2026-04-01,REVISED,2026-06-01,REVISED,PAIMANA,2,1,
P-618777,2025-12,2025-04-01,REVISED,2025-11-01,ORIGINAL,PAIMANA,7,0,REPORTING_REGIME_CHANGE
P-618777,2026-03,2025-11-01,ORIGINAL,2026-06-01,REVISED,PAIMANA,7,0,TARGET_SOURCE_TRANSITION
P-618778,2025-04,2025-01-01,REVISED,2025-01-01,ANTICIPATED,OCMS_LEGACY,0,1,
P-618778,2025-05,2025-01-01,ANTICIPATED,2025-01-01,REVISED,OCMS_LEGACY,0,1,
P-618778,2025-12,2025-01-01,REVISED,2025-06-01,REVISED,PAIMANA,5,0,REPORTING_REGIME_CHANGE
P-618778,2026-03,2025-06-01,REVISED,2026-06-01,REVISED,PAIMANA,12,1,
P-618779,2025-04,2024-12-01,REVISED,2024-12-01,ANTICIPATED,OCMS_LEGACY,0,1,
P-618779,2025-05,2024-12-01,ANTICIPATED,2024-12-01,REVISED,OCMS_LEGACY,0,1,
P-618779,2025-12,2024-12-01,REVISED,2024-07-01,ORIGINAL,PAIMANA,-5,0,REPORTING_REGIME_CHANGE
P-618779,2026-03,2024-07-01,ORIGINAL,2026-04-01,REVISED,PAIMANA,21,0,TARGET_SOURCE_TRANSITION
P-618779,2026-04,2026-04-01,REVISED,2026-05-01,REVISED,PAIMANA,1,1,
P-618782,2026-04,2026-08-01,REVISED,2026-11-01,REVISED,PAIMANA,3,1,
P-618783,2026-03,2027-03-01,REVISED,2027-01-01,REVISED,PAIMANA,-2,1,
P-618784,2026-03,2026-04-01,ORIGINAL,2026-04-01,REVISED,PAIMANA,0,1,
P-618784,2026-04,2026-04-01,REVISED,2026-10-01,REVISED,PAIMANA,6,1,
P-618785,2025-12,2025-02-01,REVISED,2025-02-01,ORIGINAL,PAIMANA,0,1,
P-618785,2026-03,2025-02-01,ORIGINAL,2026-05-01,REVISED,PAIMANA,15,0,TARGET_SOURCE_TRANSITION
P-618786,2026-03,2027-03-01,ORIGINAL,2027-03-01,REVISED,PAIMANA,0,1,
P-618786,2026-04,2027-03-01,REVISED,2027-07-01,REVISED,PAIMANA,4,1,
P-618787,2025-12,2025-06-01,REVISED,2025-06-01,ORIGINAL,PAIMANA,0,1,
P-618787,2026-03,2025-06-01,ORIGINAL,2026-09-01,REVISED,PAIMANA,15,0,TARGET_SOURCE_TRANSITION
P-618788,2025-06,2025-06-01,REVISED,2025-10-01,REVISED,OCMS_LEGACY,4,1,
P-618788,2026-01,2025-10-01,REVISED,2025-05-01,ORIGINAL,PAIMANA,-5,0,REPORTING_REGIME_CHANGE
P-618788,2026-03,2025-05-01,ORIGINAL,2026-04-01,REVISED,PAIMANA,11,0,TARGET_SOURCE_TRANSITION
P-618788,2026-04,2026-04-01,REVISED,2026-05-01,REVISED,PAIMANA,1,1,
P-618789,2025-12,2024-10-01,REVISED,2025-06-01,REVISED,PAIMANA,8,0,REPORTING_REGIME_CHANGE
P-618791,2026-03,2027-12-01,ORIGINAL,2027-12-01,REVISED,PAIMANA,0,1,
P-618792,2026-01,2025-12-01,REVISED,2025-12-01,ORIGINAL,PAIMANA,0,1,
P-618792,2026-03,2025-12-01,ORIGINAL,2026-04-01,REVISED,PAIMANA,4,0,TARGET_SOURCE_TRANSITION
P-618792,2026-04,2026-04-01,REVISED,2026-05-01,REVISED,PAIMANA,1,1,
P-618793,2026-03,2026-04-01,ORIGINAL,2026-04-01,REVISED,PAIMANA,0,1,
P-618793,2026-04,2026-04-01,REVISED,2027-07-01,REVISED,PAIMANA,15,1,
P-618794,2025-04,2025-09-01,REVISED,2025-09-01,ANTICIPATED,OCMS_LEGACY,0,1,
P-618794,2025-05,2025-09-01,ANTICIPATED,2025-09-01,REVISED,OCMS_LEGACY,0,1,
P-618794,2025-12,2025-09-01,REVISED,2023-09-01,ORIGINAL,PAIMANA,-24,0,REPORTING_REGIME_CHANGE
P-618794,2026-03,2023-09-01,ORIGINAL,2026-05-01,REVISED,PAIMANA,32,0,TARGET_SOURCE_TRANSITION
P-618795,2025-04,2025-12-01,REVISED,2025-12-01,ANTICIPATED,OCMS_LEGACY,0,1,
P-618795,2025-05,2025-12-01,ANTICIPATED,2025-12-01,REVISED,OCMS_LEGACY,0,1,
P-618795,2025-12,2025-12-01,REVISED,2024-08-01,ORIGINAL,PAIMANA,-16,0,REPORTING_REGIME_CHANGE
P-618795,2026-03,2024-08-01,ORIGINAL,2026-07-01,REVISED,PAIMANA,23,0,TARGET_SOURCE_TRANSITION
P-618795,2026-04,2026-07-01,REVISED,2026-12-01,REVISED,PAIMANA,5,1,
P-618796,2025-03,2025-03-01,REVISED,2025-04-01,REVISED,OCMS_LEGACY,1,1,
P-618796,2025-04,2025-04-01,REVISED,2025-05-01,ANTICIPATED,OCMS_LEGACY,1,0,TARGET_SOURCE_TRANSITION
P-618796,2025-05,2025-05-01,ANTICIPATED,2025-06-01,REVISED,OCMS_LEGACY,1,0,TARGET_SOURCE_TRANSITION
P-618796,2025-12,2025-06-01,REVISED,2021-04-01,ORIGINAL,PAIMANA,-50,0,REPORTING_REGIME_CHANGE
P-618796,2026-03,2021-04-01,ORIGINAL,2026-04-01,REVISED,PAIMANA,60,0,TARGET_SOURCE_TRANSITION
P-618796,2026-04,2026-04-01,REVISED,2026-05-01,REVISED,PAIMANA,1,1,
P-618797,2026-03,2027-12-01,ORIGINAL,2027-12-01,REVISED,PAIMANA,0,1,
P-618798,2025-12,2025-03-01,REVISED,2026-02-01,REVISED,PAIMANA,11,0,REPORTING_REGIME_CHANGE
P-618798,2026-03,2026-02-01,REVISED,2026-05-01,REVISED,PAIMANA,3,1,
P-618798,2026-04,2026-05-01,REVISED,2026-06-01,REVISED,PAIMANA,1,1,
P-618799,2025-03,2025-12-01,REVISED,2025-11-01,REVISED,OCMS_LEGACY,-1,1,
P-618799,2025-04,2025-11-01,REVISED,2025-11-01,ANTICIPATED,OCMS_LEGACY,0,1,
P-618799,2025-05,2025-11-01,ANTICIPATED,2025-12-01,REVISED,OCMS_LEGACY,1,0,TARGET_SOURCE_TRANSITION
P-618799,2025-12,2025-12-01,REVISED,2025-12-01,REVISED,PAIMANA,0,1,
P-618799,2026-03,2025-12-01,REVISED,2026-05-01,REVISED,PAIMANA,5,1,
P-618799,2026-04,2026-05-01,REVISED,2026-06-01,REVISED,PAIMANA,1,1,
P-618800,2025-12,2026-05-01,REVISED,2026-05-01,ORIGINAL,PAIMANA,0,1,
P-618800,2026-03,2026-05-01,ORIGINAL,2027-11-01,REVISED,PAIMANA,18,0,TARGET_SOURCE_TRANSITION
P-618801,2025-12,2026-05-01,REVISED,2026-05-01,ORIGINAL,PAIMANA,0,1,
P-618801,2026-03,2026-05-01,ORIGINAL,2027-11-01,REVISED,PAIMANA,18,0,TARGET_SOURCE_TRANSITION
P-618803,2025-12,2025-08-01,REVISED,2025-08-01,ORIGINAL,PAIMANA,0,1,
P-618803,2026-03,2025-08-01,ORIGINAL,2026-05-01,REVISED,PAIMANA,9,0,TARGET_SOURCE_TRANSITION
P-618804,2025-04,2024-12-01,REVISED,2024-12-01,ANTICIPATED,OCMS_LEGACY,0,1,
P-618804,2025-05,2024-12-01,ANTICIPATED,2024-12-01,REVISED,OCMS_LEGACY,0,1,
P-618804,2025-12,2024-12-01,REVISED,2020-12-01,ORIGINAL,PAIMANA,-48,0,REPORTING_REGIME_CHANGE
P-618804,2026-03,2020-12-01,ORIGINAL,2026-08-01,REVISED,PAIMANA,68,0,TARGET_SOURCE_TRANSITION
P-618805,2026-03,2028-02-01,ORIGINAL,2028-02-01,REVISED,PAIMANA,0,1,
P-618806,2026-03,2026-02-01,ORIGINAL,2026-06-01,REVISED,PAIMANA,4,0,TARGET_SOURCE_TRANSITION
P-618807,2025-12,2025-09-01,REVISED,2025-09-01,ORIGINAL,PAIMANA,0,1,
P-618807,2026-03,2025-09-01,ORIGINAL,2026-06-01,REVISED,PAIMANA,9,0,TARGET_SOURCE_TRANSITION
P-618808,2026-03,2026-12-01,ORIGINAL,2027-12-01,REVISED,PAIMANA,12,0,TARGET_SOURCE_TRANSITION
P-618809,2025-04,2025-12-01,REVISED,2025-12-01,ANTICIPATED,OCMS_LEGACY,0,1,
P-618809,2025-05,2025-12-01,ANTICIPATED,2025-12-01,REVISED,OCMS_LEGACY,0,1,
P-618809,2025-12,2025-12-01,REVISED,2025-06-01,ORIGINAL,PAIMANA,-6,0,REPORTING_REGIME_CHANGE
P-618809,2026-03,2025-06-01,ORIGINAL,2026-12-01,REVISED,PAIMANA,18,0,TARGET_SOURCE_TRANSITION
P-618809,2026-04,2026-12-01,REVISED,2027-05-01,REVISED,PAIMANA,5,1,
P-618810,2025-06,2025-06-01,REVISED,2025-12-01,REVISED,OCMS_LEGACY,6,1,
P-618810,2025-12,2025-12-01,REVISED,2025-06-01,ORIGINAL,PAIMANA,-6,0,REPORTING_REGIME_CHANGE
P-618810,2026-03,2025-06-01,ORIGINAL,2026-11-01,REVISED,PAIMANA,17,0,TARGET_SOURCE_TRANSITION
P-618810,2026-04,2026-11-01,REVISED,2027-03-01,REVISED,PAIMANA,4,1,
P-618811,2026-03,2027-06-01,ORIGINAL,2027-06-01,REVISED,PAIMANA,0,1,
P-618812,2026-03,2027-06-01,ORIGINAL,2027-06-01,REVISED,PAIMANA,0,1,
P-618812,2026-04,2027-06-01,REVISED,2027-12-01,REVISED,PAIMANA,6,1,
P-618813,2026-03,2026-12-01,ORIGINAL,2027-06-01,REVISED,PAIMANA,6,0,TARGET_SOURCE_TRANSITION
P-618813,2026-04,2027-06-01,REVISED,2027-10-01,REVISED,PAIMANA,4,1,
P-618814,2026-03,2027-06-01,ORIGINAL,2027-06-01,REVISED,PAIMANA,0,1,
P-618814,2026-04,2027-06-01,REVISED,2028-05-01,REVISED,PAIMANA,11,1,
P-618815,2026-03,2026-04-01,REVISED,2026-10-01,REVISED,PAIMANA,6,1,
P-618816,2026-03,2027-07-01,ORIGINAL,2027-07-01,REVISED,PAIMANA,0,1,
P-618817,2026-03,2027-03-01,ORIGINAL,2027-03-01,REVISED,PAIMANA,0,1,
P-618817,2026-04,2027-03-01,REVISED,2027-06-01,REVISED,PAIMANA,3,1,
P-618818,2026-03,2027-05-01,ORIGINAL,2027-05-01,REVISED,PAIMANA,0,1,
P-618818,2026-04,2027-05-01,REVISED,2027-12-01,REVISED,PAIMANA,7,1,
P-618820,2025-06,2025-12-01,REVISED,2026-03-01,REVISED,OCMS_LEGACY,3,1,
P-618820,2025-12,2026-03-01,REVISED,2025-12-01,ORIGINAL,PAIMANA,-3,0,REPORTING_REGIME_CHANGE
P-618820,2026-03,2025-12-01,ORIGINAL,2026-06-01,REVISED,PAIMANA,6,0,TARGET_SOURCE_TRANSITION
P-618820,2026-04,2026-06-01,REVISED,2026-09-01,REVISED,PAIMANA,3,1,
P-618821,2025-06,2025-12-01,REVISED,2026-03-01,REVISED,OCMS_LEGACY,3,1,
P-618821,2025-12,2026-03-01,REVISED,2025-12-01,ORIGINAL,PAIMANA,-3,0,REPORTING_REGIME_CHANGE
P-618821,2026-03,2025-12-01,ORIGINAL,2026-06-01,REVISED,PAIMANA,6,0,TARGET_SOURCE_TRANSITION
P-618821,2026-04,2026-06-01,REVISED,2026-08-01,REVISED,PAIMANA,2,1,
P-618822,2026-03,2025-12-01,ORIGINAL,2026-06-01,REVISED,PAIMANA,6,0,TARGET_SOURCE_TRANSITION
P-618822,2026-04,2026-06-01,REVISED,2026-08-01,REVISED,PAIMANA,2,1,
P-618823,2026-03,2026-02-01,ORIGINAL,2026-12-01,REVISED,PAIMANA,10,0,TARGET_SOURCE_TRANSITION
P-618823,2026-04,2026-12-01,REVISED,2027-03-01,REVISED,PAIMANA,3,1,
P-618824,2026-03,2026-01-01,ORIGINAL,2026-07-01,REVISED,PAIMANA,6,0,TARGET_SOURCE_TRANSITION
P-618824,2026-04,2026-07-01,REVISED,2027-01-01,REVISED,PAIMANA,6,1,
P-618825,2025-02,2025-07-01,REVISED,2025-06-01,REVISED,OCMS_LEGACY,-1,1,
P-618825,2025-04,2025-06-01,REVISED,2025-07-01,REVISED,OCMS_LEGACY,1,1,
P-618825,2025-06,2025-07-01,REVISED,2025-08-01,REVISED,OCMS_LEGACY,1,1,
P-618825,2025-12,2025-08-01,REVISED,2025-02-01,REVISED,PAIMANA,-6,0,REPORTING_REGIME_CHANGE
P-618825,2026-02,2025-02-01,REVISED,2026-02-01,REVISED,PAIMANA,12,1,
P-618825,2026-03,2026-02-01,REVISED,2026-04-01,REVISED,PAIMANA,2,1,
P-618825,2026-04,2026-04-01,REVISED,2026-09-01,REVISED,PAIMANA,5,1,
P-618826,2025-12,2025-07-01,REVISED,2025-07-01,ORIGINAL,PAIMANA,0,1,
P-618826,2026-03,2025-07-01,ORIGINAL,2026-05-01,REVISED,PAIMANA,10,0,TARGET_SOURCE_TRANSITION
P-618827,2025-12,2025-08-01,REVISED,2025-08-01,ORIGINAL,PAIMANA,0,1,
P-618827,2026-03,2025-08-01,ORIGINAL,2026-07-01,REVISED,PAIMANA,11,0,TARGET_SOURCE_TRANSITION
P-618828,2025-12,2025-09-01,REVISED,2025-09-01,ORIGINAL,PAIMANA,0,1,
P-618828,2026-03,2025-09-01,ORIGINAL,2026-04-01,REVISED,PAIMANA,7,0,TARGET_SOURCE_TRANSITION
P-618828,2026-04,2026-04-01,REVISED,2026-05-01,REVISED,PAIMANA,1,1,
P-618830,2025-12,2025-11-01,REVISED,2025-11-01,ORIGINAL,PAIMANA,0,1,
P-618830,2026-03,2025-11-01,ORIGINAL,2026-06-01,REVISED,PAIMANA,7,0,TARGET_SOURCE_TRANSITION
P-618831,2026-03,2026-10-01,ORIGINAL,2027-03-01,REVISED,PAIMANA,5,0,TARGET_SOURCE_TRANSITION
P-618832,2026-03,2028-01-01,ORIGINAL,2028-01-01,REVISED,PAIMANA,0,1,
P-618833,2025-03,2025-02-01,REVISED,2025-03-01,REVISED,OCMS_LEGACY,1,1,
P-618833,2025-04,2025-03-01,REVISED,2025-05-01,REVISED,OCMS_LEGACY,2,1,
P-618833,2025-12,2025-05-01,REVISED,2024-10-01,REVISED,PAIMANA,-7,0,REPORTING_REGIME_CHANGE
P-618833,2026-03,2024-10-01,REVISED,2026-04-01,REVISED,PAIMANA,18,1,
P-618833,2026-04,2026-04-01,REVISED,2026-05-01,REVISED,PAIMANA,1,1,
P-618834,2025-03,2025-02-01,REVISED,2025-03-01,REVISED,OCMS_LEGACY,1,1,
P-618834,2025-05,2025-03-01,REVISED,2025-04-01,REVISED,OCMS_LEGACY,1,1,
P-618834,2025-12,2025-04-01,REVISED,2023-09-01,ORIGINAL,PAIMANA,-19,0,REPORTING_REGIME_CHANGE
P-618834,2026-03,2023-09-01,ORIGINAL,2025-04-01,REVISED,PAIMANA,19,0,TARGET_SOURCE_TRANSITION
P-618836,2025-12,2025-05-01,REVISED,2025-05-01,ORIGINAL,PAIMANA,0,1,
P-618836,2026-02,2025-05-01,ORIGINAL,2026-05-01,REVISED,PAIMANA,12,0,TARGET_SOURCE_TRANSITION
P-618836,2026-04,2026-05-01,REVISED,2027-03-01,REVISED,PAIMANA,10,1,
P-618837,2025-12,2025-05-01,REVISED,2026-05-01,REVISED,PAIMANA,12,0,REPORTING_REGIME_CHANGE
P-618837,2026-04,2026-05-01,REVISED,2027-03-01,REVISED,PAIMANA,10,1,
P-618838,2025-03,2025-03-01,REVISED,2025-04-01,REVISED,OCMS_LEGACY,1,1,
P-618838,2025-04,2025-04-01,REVISED,2025-05-01,ANTICIPATED,OCMS_LEGACY,1,0,TARGET_SOURCE_TRANSITION
P-618838,2025-05,2025-05-01,ANTICIPATED,2025-06-01,REVISED,OCMS_LEGACY,1,0,TARGET_SOURCE_TRANSITION
P-618838,2025-06,2025-06-01,REVISED,2025-07-01,REVISED,OCMS_LEGACY,1,1,
P-618838,2025-12,2025-07-01,REVISED,2024-08-01,ORIGINAL,PAIMANA,-11,0,REPORTING_REGIME_CHANGE
P-618838,2026-03,2024-08-01,ORIGINAL,2026-04-01,REVISED,PAIMANA,20,0,TARGET_SOURCE_TRANSITION
P-618838,2026-04,2026-04-01,REVISED,2026-05-01,REVISED,PAIMANA,1,1,
P-618839,2025-03,2025-03-01,REVISED,2025-05-01,REVISED,OCMS_LEGACY,2,1,
P-618839,2025-04,2025-05-01,REVISED,2025-05-01,ANTICIPATED,OCMS_LEGACY,0,1,
P-618839,2025-05,2025-05-01,ANTICIPATED,2025-06-01,REVISED,OCMS_LEGACY,1,0,TARGET_SOURCE_TRANSITION
P-618839,2025-06,2025-06-01,REVISED,2025-08-01,REVISED,OCMS_LEGACY,2,1,
P-618839,2025-12,2025-08-01,REVISED,2025-05-01,REVISED,PAIMANA,-3,0,REPORTING_REGIME_CHANGE
P-618839,2026-03,2025-05-01,REVISED,2026-04-01,REVISED,PAIMANA,11,1,
P-618840,2025-03,2025-03-01,REVISED,2025-07-01,REVISED,OCMS_LEGACY,4,1,
P-618840,2025-04,2025-07-01,REVISED,2025-07-01,ANTICIPATED,OCMS_LEGACY,0,1,
P-618840,2025-05,2025-07-01,ANTICIPATED,2025-07-01,REVISED,OCMS_LEGACY,0,1,
P-618840,2025-06,2025-07-01,REVISED,2025-11-01,REVISED,OCMS_LEGACY,4,1,
P-618840,2025-12,2025-11-01,REVISED,2025-03-01,REVISED,PAIMANA,-8,0,REPORTING_REGIME_CHANGE
P-618840,2026-03,2025-03-01,REVISED,2026-07-01,REVISED,PAIMANA,16,1,
P-618841,2025-04,2025-07-01,REVISED,2025-12-01,REVISED,OCMS_LEGACY,5,1,
P-618841,2025-12,2025-12-01,REVISED,2025-12-01,REVISED,PAIMANA,0,1,
P-618841,2026-03,2025-12-01,REVISED,2026-06-01,REVISED,PAIMANA,6,1,
P-618843,2026-03,2027-03-01,ORIGINAL,2027-03-01,REVISED,PAIMANA,0,1,
P-618843,2026-04,2027-03-01,REVISED,2027-09-01,REVISED,PAIMANA,6,1,
P-618844,2026-03,2024-03-01,REVISED,2026-04-01,REVISED,PAIMANA,25,1,
P-618844,2026-04,2026-04-01,REVISED,2026-06-01,REVISED,PAIMANA,2,1,
P-618845,2025-04,2024-12-01,REVISED,2024-12-01,ANTICIPATED,OCMS_LEGACY,0,1,
P-618845,2025-05,2024-12-01,ANTICIPATED,2025-06-01,REVISED,OCMS_LEGACY,6,0,TARGET_SOURCE_TRANSITION
P-618845,2025-06,2025-06-01,REVISED,2025-07-01,REVISED,OCMS_LEGACY,1,1,
P-618845,2025-12,2025-07-01,REVISED,2024-03-01,REVISED,PAIMANA,-16,0,REPORTING_REGIME_CHANGE
P-618845,2026-03,2024-03-01,REVISED,2026-04-01,REVISED,PAIMANA,25,1,
P-618845,2026-04,2026-04-01,REVISED,2026-06-01,REVISED,PAIMANA,2,1,
P-618846,2026-03,2024-09-01,REVISED,2026-04-01,REVISED,PAIMANA,19,1,
P-618846,2026-04,2026-04-01,REVISED,2026-06-01,REVISED,PAIMANA,2,1,
P-618847,2025-04,2025-08-01,REVISED,2025-08-01,ANTICIPATED,OCMS_LEGACY,0,1,
P-618847,2025-05,2025-08-01,ANTICIPATED,2026-01-01,REVISED,OCMS_LEGACY,5,0,TARGET_SOURCE_TRANSITION
P-618847,2025-12,2026-01-01,REVISED,2026-01-01,REVISED,PAIMANA,0,1,
P-618847,2026-01,2026-01-01,REVISED,2026-05-01,REVISED,PAIMANA,4,1,
P-618847,2026-03,2026-05-01,REVISED,2026-08-01,REVISED,PAIMANA,3,1,
P-618848,2026-03,2027-09-01,ORIGINAL,2027-09-01,REVISED,PAIMANA,0,1,
P-618849,2025-04,2024-12-01,REVISED,2024-12-01,ANTICIPATED,OCMS_LEGACY,0,1,
P-618849,2025-05,2024-12-01,ANTICIPATED,2024-12-01,REVISED,OCMS_LEGACY,0,1,
P-618849,2025-12,2024-12-01,REVISED,2025-08-01,REVISED,PAIMANA,8,0,REPORTING_REGIME_CHANGE
P-618849,2026-03,2025-08-01,REVISED,2026-04-01,REVISED,PAIMANA,8,1,
P-618849,2026-04,2026-04-01,REVISED,2026-05-01,REVISED,PAIMANA,1,1,
P-618850,2025-12,2025-03-01,REVISED,2025-07-01,REVISED,PAIMANA,4,0,REPORTING_REGIME_CHANGE
P-618850,2026-03,2025-07-01,REVISED,2026-04-01,REVISED,PAIMANA,9,1,
P-618850,2026-04,2026-04-01,REVISED,2026-05-01,REVISED,PAIMANA,1,1,
P-618852,2025-12,2024-06-01,REVISED,2024-06-01,ORIGINAL,PAIMANA,0,1,
P-618852,2026-03,2024-06-01,ORIGINAL,2026-04-01,REVISED,PAIMANA,22,0,TARGET_SOURCE_TRANSITION
P-618852,2026-04,2026-04-01,REVISED,2026-05-01,REVISED,PAIMANA,1,1,
P-618853,2026-03,2026-07-01,ORIGINAL,2026-07-01,REVISED,PAIMANA,0,1,
P-618854,2025-05,2024-05-01,REVISED,2025-08-01,REVISED,OCMS_LEGACY,15,1,
P-618854,2025-12,2025-08-01,REVISED,2025-06-01,REVISED,PAIMANA,-2,0,REPORTING_REGIME_CHANGE
P-618855,2025-05,2025-02-01,REVISED,2025-09-01,REVISED,OCMS_LEGACY,7,1,
P-618855,2025-12,2025-09-01,REVISED,2025-09-01,REVISED,PAIMANA,0,1,
P-618855,2026-03,2025-09-01,REVISED,2026-04-01,REVISED,PAIMANA,7,1,
P-618856,2025-12,2025-11-01,REVISED,2026-04-01,REVISED,PAIMANA,5,0,REPORTING_REGIME_CHANGE
P-618856,2026-03,2026-04-01,REVISED,2026-12-01,REVISED,PAIMANA,8,1,
P-618856,2026-04,2026-12-01,REVISED,2026-11-01,REVISED,PAIMANA,-1,1,
P-618858,2026-03,2026-06-01,REVISED,2026-12-01,REVISED,PAIMANA,6,1,
P-618858,2026-04,2026-12-01,REVISED,2026-11-01,REVISED,PAIMANA,-1,1,
P-618859,2025-04,2025-04-01,REVISED,2025-07-01,REVISED,OCMS_LEGACY,3,1,
P-618859,2025-06,2025-07-01,REVISED,2025-09-01,REVISED,OCMS_LEGACY,2,1,
P-618859,2025-12,2025-09-01,REVISED,2025-05-01,REVISED,PAIMANA,-4,0,REPORTING_REGIME_CHANGE
P-618859,2026-03,2025-05-01,REVISED,2026-04-01,REVISED,PAIMANA,11,1,
P-618859,2026-04,2026-04-01,REVISED,2026-05-01,REVISED,PAIMANA,1,1,
P-618861,2025-04,2024-12-01,REVISED,2024-12-01,ANTICIPATED,OCMS_LEGACY,0,1,
P-618861,2025-05,2024-12-01,ANTICIPATED,2024-12-01,REVISED,OCMS_LEGACY,0,1,
P-618861,2025-12,2024-12-01,REVISED,2023-07-01,ORIGINAL,PAIMANA,-17,0,REPORTING_REGIME_CHANGE
P-618861,2026-03,2023-07-01,ORIGINAL,2026-04-01,REVISED,PAIMANA,33,0,TARGET_SOURCE_TRANSITION
P-618861,2026-04,2026-04-01,REVISED,2026-05-01,REVISED,PAIMANA,1,1,
P-618862,2026-03,2025-04-01,REVISED,2026-04-01,REVISED,PAIMANA,12,1,
P-618862,2026-04,2026-04-01,REVISED,2026-05-01,REVISED,PAIMANA,1,1,
P-618863,2026-03,2024-08-01,REVISED,2026-04-01,REVISED,PAIMANA,20,1,
P-618863,2026-04,2026-04-01,REVISED,2026-05-01,REVISED,PAIMANA,1,1,
P-618864,2025-12,2025-03-01,REVISED,2025-10-01,REVISED,PAIMANA,7,0,REPORTING_REGIME_CHANGE
P-618864,2026-03,2025-10-01,REVISED,2026-04-01,REVISED,PAIMANA,6,1,
P-618864,2026-04,2026-04-01,REVISED,2026-05-01,REVISED,PAIMANA,1,1,
P-618865,2025-12,2025-03-01,REVISED,2025-01-01,ORIGINAL,PAIMANA,-2,0,REPORTING_REGIME_CHANGE
P-618866,2026-03,2027-11-01,ORIGINAL,2027-11-01,REVISED,PAIMANA,0,1,
P-618867,2026-03,2027-05-01,ORIGINAL,2027-04-01,REVISED,PAIMANA,-1,0,TARGET_SOURCE_TRANSITION
P-618868,2026-03,2026-06-01,ORIGINAL,2026-06-01,REVISED,PAIMANA,0,1,
P-618869,2026-03,2028-06-01,ORIGINAL,2028-06-01,REVISED,PAIMANA,0,1,
P-618870,2026-03,2027-04-01,ORIGINAL,2027-04-01,REVISED,PAIMANA,0,1,
P-618870,2026-04,2027-04-01,REVISED,2027-07-01,REVISED,PAIMANA,3,1,
P-618871,2026-03,2027-12-01,ORIGINAL,2027-12-01,REVISED,PAIMANA,0,1,
P-618872,2026-03,2027-04-01,ORIGINAL,2027-04-01,REVISED,PAIMANA,0,1,
P-618872,2026-04,2027-04-01,REVISED,2027-09-01,REVISED,PAIMANA,5,1,
P-618873,2026-03,2027-04-01,ORIGINAL,2027-04-01,REVISED,PAIMANA,0,1,
P-618873,2026-04,2027-04-01,REVISED,2027-10-01,REVISED,PAIMANA,6,1,
P-618874,2026-03,2010-07-01,ORIGINAL,2026-04-01,REVISED,PAIMANA,189,0,TARGET_SOURCE_TRANSITION
P-618874,2026-04,2026-04-01,REVISED,2026-05-01,REVISED,PAIMANA,1,1,
P-618875,2026-03,2025-12-01,REVISED,2026-06-01,REVISED,PAIMANA,6,1,
P-618878,2025-12,2025-09-01,REVISED,2025-09-01,ORIGINAL,PAIMANA,0,1,
P-618878,2026-03,2025-09-01,ORIGINAL,2026-06-01,REVISED,PAIMANA,9,0,TARGET_SOURCE_TRANSITION
P-618879,2026-03,2026-11-01,ORIGINAL,2026-11-01,REVISED,PAIMANA,0,1,
P-618880,2026-03,2025-12-01,ORIGINAL,2026-07-01,REVISED,PAIMANA,7,0,TARGET_SOURCE_TRANSITION
P-618880,2026-04,2026-07-01,REVISED,2027-04-01,REVISED,PAIMANA,9,1,
P-618881,2026-03,2027-09-01,ORIGINAL,2027-09-01,REVISED,PAIMANA,0,1,
P-618882,2026-03,2028-02-01,ORIGINAL,2028-02-01,REVISED,PAIMANA,0,1,
P-618883,2025-12,2025-07-01,REVISED,2025-12-01,REVISED,PAIMANA,5,0,REPORTING_REGIME_CHANGE
P-618883,2026-03,2025-12-01,REVISED,2026-04-01,REVISED,PAIMANA,4,1,
P-618883,2026-04,2026-04-01,REVISED,2026-06-01,REVISED,PAIMANA,2,1,
P-618884,2025-12,2025-10-01,REVISED,2025-10-01,ORIGINAL,PAIMANA,0,1,
P-618884,2026-03,2025-10-01,ORIGINAL,2026-07-01,REVISED,PAIMANA,9,0,TARGET_SOURCE_TRANSITION
P-618884,2026-04,2026-07-01,REVISED,2026-08-01,REVISED,PAIMANA,1,1,
P-618885,2025-12,2025-06-01,REVISED,2025-06-01,ORIGINAL,PAIMANA,0,1,
P-618885,2026-02,2025-06-01,ORIGINAL,2026-03-01,REVISED,PAIMANA,9,0,TARGET_SOURCE_TRANSITION
P-618885,2026-03,2026-03-01,REVISED,2026-08-01,REVISED,PAIMANA,5,1,
P-618886,2026-03,2027-10-01,ORIGINAL,2027-10-01,REVISED,PAIMANA,0,1,
P-618887,2025-03,2025-08-01,REVISED,2025-12-01,REVISED,OCMS_LEGACY,4,1,
P-618887,2025-04,2025-12-01,REVISED,2025-12-01,ANTICIPATED,OCMS_LEGACY,0,1,
P-618887,2025-05,2025-12-01,ANTICIPATED,2025-12-01,REVISED,OCMS_LEGACY,0,1,
P-618887,2025-12,2025-12-01,REVISED,2024-10-01,REVISED,PAIMANA,-14,0,REPORTING_REGIME_CHANGE
P-618887,2026-03,2024-10-01,REVISED,2027-03-01,REVISED,PAIMANA,29,1,
P-618888,2025-12,2025-04-01,REVISED,2025-04-01,ORIGINAL,PAIMANA,0,1,
P-618888,2026-03,2025-04-01,ORIGINAL,2026-06-01,REVISED,PAIMANA,14,0,TARGET_SOURCE_TRANSITION
P-618889,2025-04,2024-12-01,REVISED,2024-12-01,ANTICIPATED,OCMS_LEGACY,0,1,
P-618889,2025-05,2024-12-01,ANTICIPATED,2024-12-01,REVISED,OCMS_LEGACY,0,1,
P-618889,2025-12,2024-12-01,REVISED,2024-12-01,ORIGINAL,PAIMANA,0,1,
P-618889,2026-03,2024-12-01,ORIGINAL,2026-06-01,REVISED,PAIMANA,18,0,TARGET_SOURCE_TRANSITION
P-618890,2025-12,2025-10-01,REVISED,2025-10-01,ORIGINAL,PAIMANA,0,1,
P-618890,2026-03,2025-10-01,ORIGINAL,2026-06-01,REVISED,PAIMANA,8,0,TARGET_SOURCE_TRANSITION
P-618891,2026-03,2027-05-01,ORIGINAL,2027-09-01,REVISED,PAIMANA,4,0,TARGET_SOURCE_TRANSITION
P-618893,2026-03,2024-12-01,REVISED,2026-04-01,REVISED,PAIMANA,16,1,
P-618893,2026-04,2026-04-01,REVISED,2026-05-01,REVISED,PAIMANA,1,1,
P-618894,2025-03,2025-11-01,REVISED,2025-05-01,REVISED,OCMS_LEGACY,-6,1,
P-618894,2025-04,2025-05-01,REVISED,2025-05-01,ANTICIPATED,OCMS_LEGACY,0,1,
P-618894,2025-05,2025-05-01,ANTICIPATED,2025-11-01,REVISED,OCMS_LEGACY,6,0,TARGET_SOURCE_TRANSITION
P-618894,2025-12,2025-11-01,REVISED,2022-12-01,ORIGINAL,PAIMANA,-35,0,REPORTING_REGIME_CHANGE
P-618894,2026-03,2022-12-01,ORIGINAL,2026-04-01,REVISED,PAIMANA,40,0,TARGET_SOURCE_TRANSITION
P-618894,2026-04,2026-04-01,REVISED,2026-06-01,REVISED,PAIMANA,2,1,
P-618895,2025-04,2025-06-01,REVISED,2025-06-01,ANTICIPATED,OCMS_LEGACY,0,1,
P-618895,2025-05,2025-06-01,ANTICIPATED,2025-06-01,REVISED,OCMS_LEGACY,0,1,
P-618895,2025-06,2025-06-01,REVISED,2025-11-01,REVISED,OCMS_LEGACY,5,1,
P-618895,2025-12,2025-11-01,REVISED,2026-03-01,REVISED,PAIMANA,4,0,REPORTING_REGIME_CHANGE
P-618895,2026-03,2026-03-01,REVISED,2026-05-01,REVISED,PAIMANA,2,1,
P-618895,2026-04,2026-05-01,REVISED,2026-07-01,REVISED,PAIMANA,2,1,
P-618896,2025-04,2025-12-01,REVISED,2026-01-01,ANTICIPATED,OCMS_LEGACY,1,0,TARGET_SOURCE_TRANSITION
P-618896,2025-05,2026-01-01,ANTICIPATED,2026-01-01,REVISED,OCMS_LEGACY,0,1,
P-618896,2025-06,2026-01-01,REVISED,2026-06-01,REVISED,OCMS_LEGACY,5,1,
P-618896,2025-12,2026-06-01,REVISED,2026-06-01,REVISED,PAIMANA,0,1,
P-618896,2026-04,2026-06-01,REVISED,2027-04-01,REVISED,PAIMANA,10,1,
P-618897,2025-02,2025-03-01,REVISED,2025-05-01,REVISED,OCMS_LEGACY,2,1,
P-618897,2025-03,2025-05-01,REVISED,2025-04-01,REVISED,OCMS_LEGACY,-1,1,
P-618897,2025-04,2025-04-01,REVISED,2025-04-01,ANTICIPATED,OCMS_LEGACY,0,1,
P-618897,2025-05,2025-04-01,ANTICIPATED,2025-05-01,REVISED,OCMS_LEGACY,1,0,TARGET_SOURCE_TRANSITION
P-618897,2025-06,2025-05-01,REVISED,2025-07-01,REVISED,OCMS_LEGACY,2,1,
P-618897,2025-12,2025-07-01,REVISED,2024-06-01,REVISED,PAIMANA,-13,0,REPORTING_REGIME_CHANGE
P-618897,2026-03,2024-06-01,REVISED,2026-04-01,REVISED,PAIMANA,22,1,
P-618898,2026-03,2027-06-01,ORIGINAL,2027-06-01,REVISED,PAIMANA,0,1,
P-618899,2026-03,2021-04-01,ORIGINAL,2026-04-01,REVISED,PAIMANA,60,0,TARGET_SOURCE_TRANSITION
P-618899,2026-04,2026-04-01,REVISED,2026-05-01,REVISED,PAIMANA,1,1,
P-618901,2026-03,2025-03-01,ORIGINAL,2026-08-01,REVISED,PAIMANA,17,0,TARGET_SOURCE_TRANSITION
P-618902,2025-03,2025-06-01,REVISED,2025-08-01,REVISED,OCMS_LEGACY,2,1,
P-618902,2025-04,2025-08-01,REVISED,2025-08-01,ANTICIPATED,OCMS_LEGACY,0,1,
P-618902,2025-05,2025-08-01,ANTICIPATED,2025-12-01,REVISED,OCMS_LEGACY,4,0,TARGET_SOURCE_TRANSITION
P-618902,2025-12,2025-12-01,REVISED,2025-08-01,REVISED,PAIMANA,-4,0,REPORTING_REGIME_CHANGE
P-618902,2026-03,2025-08-01,REVISED,2026-07-01,REVISED,PAIMANA,11,1,
P-618902,2026-04,2026-07-01,REVISED,2026-09-01,REVISED,PAIMANA,2,1,
P-618903,2025-02,2025-03-01,REVISED,2025-06-01,REVISED,OCMS_LEGACY,3,1,
P-618903,2025-03,2025-06-01,REVISED,2025-12-01,REVISED,OCMS_LEGACY,6,1,
P-618903,2025-04,2025-12-01,REVISED,2025-12-01,ANTICIPATED,OCMS_LEGACY,0,1,
P-618903,2025-05,2025-12-01,ANTICIPATED,2025-12-01,REVISED,OCMS_LEGACY,0,1,
P-618903,2025-12,2025-12-01,REVISED,2025-11-01,REVISED,PAIMANA,-1,0,REPORTING_REGIME_CHANGE
P-618903,2026-02,2025-11-01,REVISED,2026-03-01,REVISED,PAIMANA,4,1,
P-618903,2026-03,2026-03-01,REVISED,2026-06-01,REVISED,PAIMANA,3,1,
P-618903,2026-04,2026-06-01,REVISED,2026-09-01,REVISED,PAIMANA,3,1,
P-618904,2025-02,2025-06-01,ORIGINAL,2025-06-01,REVISED,OCMS_LEGACY,0,1,
P-618904,2025-03,2025-06-01,REVISED,2025-06-01,ORIGINAL,OCMS_LEGACY,0,1,
P-618904,2025-04,2025-06-01,ORIGINAL,2025-06-01,ANTICIPATED,OCMS_LEGACY,0,1,
P-618904,2025-05,2025-06-01,ANTICIPATED,2026-01-01,REVISED,OCMS_LEGACY,7,0,TARGET_SOURCE_TRANSITION
P-618904,2025-12,2026-01-01,REVISED,2013-07-01,ORIGINAL,PAIMANA,-150,0,REPORTING_REGIME_CHANGE
P-618904,2026-03,2013-07-01,ORIGINAL,2026-04-01,REVISED,PAIMANA,153,0,TARGET_SOURCE_TRANSITION
P-618905,2026-03,2026-08-01,ORIGINAL,2026-08-01,REVISED,PAIMANA,0,1,
P-618906,2025-04,2025-06-01,REVISED,2025-06-01,ANTICIPATED,OCMS_LEGACY,0,1,
P-618906,2025-05,2025-06-01,ANTICIPATED,2025-06-01,REVISED,OCMS_LEGACY,0,1,
P-618906,2025-12,2025-06-01,REVISED,2024-06-01,ORIGINAL,PAIMANA,-12,0,REPORTING_REGIME_CHANGE
P-618906,2026-03,2024-06-01,ORIGINAL,2026-06-01,REVISED,PAIMANA,24,0,TARGET_SOURCE_TRANSITION
P-618906,2026-04,2026-06-01,REVISED,2026-12-01,REVISED,PAIMANA,6,1,
P-618907,2026-03,2027-05-01,ORIGINAL,2027-05-01,REVISED,PAIMANA,0,1,
P-618908,2025-03,2025-07-01,REVISED,2026-12-01,REVISED,OCMS_LEGACY,17,1,
P-618908,2025-12,2026-12-01,REVISED,2025-01-01,ORIGINAL,PAIMANA,-23,0,REPORTING_REGIME_CHANGE
P-618908,2026-03,2025-01-01,ORIGINAL,2026-12-01,REVISED,PAIMANA,23,0,TARGET_SOURCE_TRANSITION
P-618909,2025-04,2025-12-01,REVISED,2025-12-01,ANTICIPATED,OCMS_LEGACY,0,1,
P-618909,2025-05,2025-12-01,ANTICIPATED,2025-12-01,REVISED,OCMS_LEGACY,0,1,
P-618909,2025-12,2025-12-01,REVISED,2025-12-01,REVISED,PAIMANA,0,1,
P-618909,2026-03,2025-12-01,REVISED,2026-06-01,REVISED,PAIMANA,6,1,
P-618909,2026-04,2026-06-01,REVISED,2026-10-01,REVISED,PAIMANA,4,1,
P-618910,2025-02,2025-03-01,REVISED,2025-04-01,REVISED,OCMS_LEGACY,1,1,
P-618910,2025-03,2025-04-01,REVISED,2025-06-01,REVISED,OCMS_LEGACY,2,1,
P-618910,2025-06,2025-06-01,REVISED,2025-09-01,REVISED,OCMS_LEGACY,3,1,
P-618910,2025-12,2025-09-01,REVISED,2024-02-01,REVISED,PAIMANA,-19,0,REPORTING_REGIME_CHANGE
P-618910,2026-03,2024-02-01,REVISED,2026-04-01,REVISED,PAIMANA,26,1,
P-618910,2026-04,2026-04-01,REVISED,2026-05-01,REVISED,PAIMANA,1,1,
P-618911,2025-04,2025-04-01,REVISED,2025-08-01,ANTICIPATED,OCMS_LEGACY,4,0,TARGET_SOURCE_TRANSITION
P-618911,2025-05,2025-08-01,ANTICIPATED,2025-08-01,REVISED,OCMS_LEGACY,0,1,
P-618911,2025-06,2025-08-01,REVISED,2025-12-01,REVISED,OCMS_LEGACY,4,1,
P-618911,2025-12,2025-12-01,REVISED,2026-03-01,REVISED,PAIMANA,3,0,REPORTING_REGIME_CHANGE
P-618911,2026-03,2026-03-01,REVISED,2026-05-01,REVISED,PAIMANA,2,1,
P-618912,2026-03,2026-01-01,ORIGINAL,2026-04-01,REVISED,PAIMANA,3,0,TARGET_SOURCE_TRANSITION
P-618912,2026-04,2026-04-01,REVISED,2026-05-01,REVISED,PAIMANA,1,1,
P-618913,2025-03,2025-03-01,REVISED,2025-04-01,REVISED,OCMS_LEGACY,1,1,
P-618913,2025-04,2025-04-01,REVISED,2025-05-01,ANTICIPATED,OCMS_LEGACY,1,0,TARGET_SOURCE_TRANSITION
P-618913,2025-05,2025-05-01,ANTICIPATED,2025-06-01,REVISED,OCMS_LEGACY,1,0,TARGET_SOURCE_TRANSITION
P-618913,2025-06,2025-06-01,REVISED,2025-07-01,REVISED,OCMS_LEGACY,1,1,
P-618913,2025-12,2025-07-01,REVISED,2024-12-01,REVISED,PAIMANA,-7,0,REPORTING_REGIME_CHANGE
P-618914,2026-03,2026-09-01,ORIGINAL,2027-08-01,REVISED,PAIMANA,11,0,TARGET_SOURCE_TRANSITION
P-618915,2025-04,2024-12-01,REVISED,2024-12-01,ANTICIPATED,OCMS_LEGACY,0,1,
P-618915,2025-05,2024-12-01,ANTICIPATED,2024-12-01,REVISED,OCMS_LEGACY,0,1,
P-618915,2025-12,2024-12-01,REVISED,2025-05-01,REVISED,PAIMANA,5,0,REPORTING_REGIME_CHANGE
P-618916,2025-04,2024-12-01,REVISED,2024-12-01,ANTICIPATED,OCMS_LEGACY,0,1,
P-618916,2025-05,2024-12-01,ANTICIPATED,2024-12-01,REVISED,OCMS_LEGACY,0,1,
P-618916,2025-12,2024-12-01,REVISED,2025-05-01,REVISED,PAIMANA,5,0,REPORTING_REGIME_CHANGE
P-618917,2026-03,2025-08-01,ORIGINAL,2026-04-01,REVISED,PAIMANA,8,0,TARGET_SOURCE_TRANSITION
P-618917,2026-04,2026-04-01,REVISED,2026-06-01,REVISED,PAIMANA,2,1,
P-618919,2025-12,2025-10-01,REVISED,2025-11-01,ORIGINAL,PAIMANA,1,0,REPORTING_REGIME_CHANGE
P-618920,2026-03,2026-12-01,ORIGINAL,2026-12-01,REVISED,PAIMANA,0,1,
P-618920,2026-04,2026-12-01,REVISED,2027-02-01,REVISED,PAIMANA,2,1,
P-618921,2025-12,2026-04-01,REVISED,2026-04-01,ORIGINAL,PAIMANA,0,1,
P-618921,2026-03,2026-04-01,ORIGINAL,2026-04-01,REVISED,PAIMANA,0,1,
P-618921,2026-04,2026-04-01,REVISED,2027-12-01,REVISED,PAIMANA,20,1,
P-618922,2026-03,2027-03-01,ORIGINAL,2027-03-01,REVISED,PAIMANA,0,1,
P-618922,2026-04,2027-03-01,REVISED,2027-12-01,REVISED,PAIMANA,9,1,
P-618923,2026-03,2026-05-01,ORIGINAL,2026-05-01,REVISED,PAIMANA,0,1,
P-618924,2026-03,2026-04-01,REVISED,2026-06-01,REVISED,PAIMANA,2,1,
P-618925,2025-04,2024-12-01,REVISED,2024-12-01,ANTICIPATED,OCMS_LEGACY,0,1,
P-618925,2025-05,2024-12-01,ANTICIPATED,2024-12-01,REVISED,OCMS_LEGACY,0,1,
P-618925,2025-12,2024-12-01,REVISED,2026-02-01,REVISED,PAIMANA,14,0,REPORTING_REGIME_CHANGE
P-618925,2026-03,2026-02-01,REVISED,2026-04-01,REVISED,PAIMANA,2,1,
P-618925,2026-04,2026-04-01,REVISED,2026-05-01,REVISED,PAIMANA,1,1,
P-618926,2026-03,2026-11-01,ORIGINAL,2028-11-01,REVISED,PAIMANA,24,0,TARGET_SOURCE_TRANSITION
P-618928,2025-06,2025-09-01,REVISED,2026-02-01,REVISED,OCMS_LEGACY,5,1,
P-618928,2025-12,2026-02-01,REVISED,2026-06-01,REVISED,PAIMANA,4,0,REPORTING_REGIME_CHANGE
P-618928,2026-03,2026-06-01,REVISED,2026-12-01,REVISED,PAIMANA,6,1,
P-618929,2026-03,2026-03-01,REVISED,2026-06-01,REVISED,PAIMANA,3,1,
P-618930,2026-04,2027-11-01,ORIGINAL,2027-11-01,REVISED,PAIMANA,0,1,
P-618931,2026-03,2027-11-01,ORIGINAL,2027-11-01,REVISED,PAIMANA,0,1,
P-618932,2026-03,2027-12-01,ORIGINAL,2027-12-01,REVISED,PAIMANA,0,1,
P-618934,2026-03,2030-01-01,ORIGINAL,2030-01-01,REVISED,PAIMANA,0,1,
P-618935,2025-12,2025-06-01,REVISED,2025-06-01,ORIGINAL,PAIMANA,0,1,
P-618935,2026-03,2025-06-01,ORIGINAL,2026-04-01,REVISED,PAIMANA,10,0,TARGET_SOURCE_TRANSITION
P-618935,2026-04,2026-04-01,REVISED,2026-05-01,REVISED,PAIMANA,1,1,
P-618936,2025-12,2025-02-01,REVISED,2026-03-01,REVISED,PAIMANA,13,0,REPORTING_REGIME_CHANGE
P-618936,2026-03,2026-03-01,REVISED,2026-11-01,REVISED,PAIMANA,8,1,
P-618936,2026-04,2026-11-01,REVISED,2027-05-01,REVISED,PAIMANA,6,1,
P-618937,2025-03,2025-03-01,REVISED,2025-09-01,REVISED,OCMS_LEGACY,6,1,
P-618937,2025-05,2025-09-01,REVISED,2025-10-01,REVISED,OCMS_LEGACY,1,1,
P-618937,2025-06,2025-10-01,REVISED,2025-12-01,REVISED,OCMS_LEGACY,2,1,
P-618937,2025-12,2025-12-01,REVISED,2023-10-01,ORIGINAL,PAIMANA,-26,0,REPORTING_REGIME_CHANGE
P-618937,2026-03,2023-10-01,ORIGINAL,2026-06-01,REVISED,PAIMANA,32,0,TARGET_SOURCE_TRANSITION
P-618937,2026-04,2026-06-01,REVISED,2026-10-01,REVISED,PAIMANA,4,1,
P-618938,2025-04,2025-04-01,REVISED,2025-04-01,ANTICIPATED,OCMS_LEGACY,0,1,
P-618938,2025-05,2025-04-01,ANTICIPATED,2025-04-01,REVISED,OCMS_LEGACY,0,1,
P-618938,2025-12,2025-04-01,REVISED,2025-04-01,REVISED,PAIMANA,0,1,
P-618938,2026-03,2025-04-01,REVISED,2026-04-01,REVISED,PAIMANA,12,1,
P-618938,2026-04,2026-04-01,REVISED,2026-05-01,REVISED,PAIMANA,1,1,
P-618939,2026-03,2027-07-01,ORIGINAL,2027-07-01,REVISED,PAIMANA,0,1,
P-618941,2026-04,2026-08-01,REVISED,2026-12-01,REVISED,PAIMANA,4,1,
P-618942,2025-04,2024-05-01,REVISED,2024-05-01,ANTICIPATED,OCMS_LEGACY,0,1,
P-618942,2025-05,2024-05-01,ANTICIPATED,2025-04-01,REVISED,OCMS_LEGACY,11,0,TARGET_SOURCE_TRANSITION
P-618942,2025-12,2025-04-01,REVISED,2026-03-01,REVISED,PAIMANA,11,0,REPORTING_REGIME_CHANGE
P-618942,2026-03,2026-03-01,REVISED,2026-11-01,REVISED,PAIMANA,8,1,
P-618942,2026-04,2026-11-01,REVISED,2027-03-01,REVISED,PAIMANA,4,1,
P-618943,2026-03,2011-01-01,ORIGINAL,2026-05-01,REVISED,PAIMANA,184,0,TARGET_SOURCE_TRANSITION
P-618944,2026-03,2026-11-01,ORIGINAL,2026-11-01,REVISED,PAIMANA,0,1,
P-618944,2026-04,2026-11-01,REVISED,2027-05-01,REVISED,PAIMANA,6,1,
P-618945,2025-04,2024-12-01,REVISED,2024-12-01,ANTICIPATED,OCMS_LEGACY,0,1,
P-618945,2025-05,2024-12-01,ANTICIPATED,2025-07-01,REVISED,OCMS_LEGACY,7,0,TARGET_SOURCE_TRANSITION
P-618945,2025-12,2025-07-01,REVISED,2025-05-01,REVISED,PAIMANA,-2,0,REPORTING_REGIME_CHANGE
P-618945,2026-03,2025-05-01,REVISED,2026-05-01,REVISED,PAIMANA,12,1,
P-618946,2025-12,2025-05-01,REVISED,2026-03-01,REVISED,PAIMANA,10,0,REPORTING_REGIME_CHANGE
P-618946,2026-03,2026-03-01,REVISED,2026-04-01,REVISED,PAIMANA,1,1,
P-618946,2026-04,2026-04-01,REVISED,2026-05-01,REVISED,PAIMANA,1,1,
P-618947,2025-04,2025-06-01,REVISED,2025-06-01,ANTICIPATED,OCMS_LEGACY,0,1,
P-618947,2025-05,2025-06-01,ANTICIPATED,2025-06-01,REVISED,OCMS_LEGACY,0,1,
P-618947,2025-06,2025-06-01,REVISED,2025-12-01,REVISED,OCMS_LEGACY,6,1,
P-618947,2025-12,2025-12-01,REVISED,2025-06-01,REVISED,PAIMANA,-6,0,REPORTING_REGIME_CHANGE
P-618947,2026-01,2025-06-01,REVISED,2026-02-01,REVISED,PAIMANA,8,1,
P-618947,2026-03,2026-02-01,REVISED,2026-07-01,REVISED,PAIMANA,5,1,
P-618948,2026-03,2028-01-01,ORIGINAL,2028-01-01,REVISED,PAIMANA,0,1,
P-618949,2025-12,2025-12-01,REVISED,2025-12-01,ORIGINAL,PAIMANA,0,1,
P-618949,2026-03,2025-12-01,ORIGINAL,2026-07-01,REVISED,PAIMANA,7,0,TARGET_SOURCE_TRANSITION
P-618950,2026-03,2028-01-01,ORIGINAL,2028-03-01,REVISED,PAIMANA,2,0,TARGET_SOURCE_TRANSITION
P-618950,2026-04,2028-03-01,REVISED,2028-01-01,REVISED,PAIMANA,-2,1,
P-618951,2025-04,2025-04-01,REVISED,2025-04-01,ANTICIPATED,OCMS_LEGACY,0,1,
P-618951,2025-05,2025-04-01,ANTICIPATED,2025-04-01,REVISED,OCMS_LEGACY,0,1,
P-618951,2025-12,2025-04-01,REVISED,2024-02-01,ORIGINAL,PAIMANA,-14,0,REPORTING_REGIME_CHANGE
P-618951,2026-03,2024-02-01,ORIGINAL,2026-04-01,REVISED,PAIMANA,26,0,TARGET_SOURCE_TRANSITION
P-618951,2026-04,2026-04-01,REVISED,2026-06-01,REVISED,PAIMANA,2,1,
P-618952,2025-04,2026-12-01,REVISED,2026-12-01,ANTICIPATED,OCMS_LEGACY,0,1,
P-618952,2025-05,2026-12-01,ANTICIPATED,2026-12-01,REVISED,OCMS_LEGACY,0,1,
P-618952,2025-12,2026-12-01,REVISED,2026-12-01,REVISED,PAIMANA,0,1,
P-618953,2025-03,2024-12-01,REVISED,2025-12-01,REVISED,OCMS_LEGACY,12,1,
P-618953,2025-04,2025-12-01,REVISED,2025-12-01,ANTICIPATED,OCMS_LEGACY,0,1,
P-618953,2025-05,2025-12-01,ANTICIPATED,2026-04-01,REVISED,OCMS_LEGACY,4,0,TARGET_SOURCE_TRANSITION
P-618953,2025-12,2026-04-01,REVISED,2023-08-01,ORIGINAL,PAIMANA,-32,0,REPORTING_REGIME_CHANGE
P-618953,2026-03,2023-08-01,ORIGINAL,2026-09-01,REVISED,PAIMANA,37,0,TARGET_SOURCE_TRANSITION
P-618953,2026-04,2026-09-01,REVISED,2027-03-01,REVISED,PAIMANA,6,1,
P-618954,2026-03,2027-07-01,ORIGINAL,2027-07-01,REVISED,PAIMANA,0,1,
P-618955,2025-03,2024-12-01,REVISED,2025-05-01,REVISED,OCMS_LEGACY,5,1,
P-618955,2025-04,2025-05-01,REVISED,2025-05-01,ANTICIPATED,OCMS_LEGACY,0,1,
P-618955,2025-05,2025-05-01,ANTICIPATED,2025-08-01,REVISED,OCMS_LEGACY,3,0,TARGET_SOURCE_TRANSITION
P-618955,2025-12,2025-08-01,REVISED,2021-11-01,ORIGINAL,PAIMANA,-45,0,REPORTING_REGIME_CHANGE
P-618955,2026-03,2021-11-01,ORIGINAL,2026-04-01,REVISED,PAIMANA,53,0,TARGET_SOURCE_TRANSITION
P-618955,2026-04,2026-04-01,REVISED,2026-05-01,REVISED,PAIMANA,1,1,
P-618956,2026-03,2027-04-01,ORIGINAL,2027-04-01,REVISED,PAIMANA,0,1,
P-618957,2026-03,2024-01-01,ORIGINAL,2026-04-01,REVISED,PAIMANA,27,0,TARGET_SOURCE_TRANSITION
P-618957,2026-04,2026-04-01,REVISED,2026-05-01,REVISED,PAIMANA,1,1,
P-618958,2026-03,2024-02-01,REVISED,2027-07-01,REVISED,PAIMANA,41,1,
P-618959,2025-02,2025-03-01,REVISED,2025-05-01,REVISED,OCMS_LEGACY,2,1,
P-618959,2025-03,2025-05-01,REVISED,2025-06-01,REVISED,OCMS_LEGACY,1,1,
P-618959,2025-06,2025-06-01,REVISED,2025-10-01,REVISED,OCMS_LEGACY,4,1,
P-618959,2025-12,2025-10-01,REVISED,2025-03-01,ORIGINAL,PAIMANA,-7,0,REPORTING_REGIME_CHANGE
P-618960,2025-12,2026-06-01,REVISED,2026-06-01,ORIGINAL,PAIMANA,0,1,
P-618960,2026-03,2026-06-01,ORIGINAL,2026-06-01,REVISED,PAIMANA,0,1,
P-618960,2026-04,2026-06-01,REVISED,2027-06-01,REVISED,PAIMANA,12,1,
P-618961,2026-03,2027-12-01,ORIGINAL,2027-12-01,REVISED,PAIMANA,0,1,
P-618962,2026-03,2027-08-01,ORIGINAL,2027-05-01,REVISED,PAIMANA,-3,0,TARGET_SOURCE_TRANSITION
P-618963,2026-03,2027-03-01,ORIGINAL,2027-03-01,REVISED,PAIMANA,0,1,
P-618964,2026-03,2028-01-01,ORIGINAL,2028-01-01,REVISED,PAIMANA,0,1,
P-618966,2026-03,2027-08-01,ORIGINAL,2027-08-01,REVISED,PAIMANA,0,1,
P-618967,2026-03,2026-08-01,ORIGINAL,2026-08-01,REVISED,PAIMANA,0,1,
P-618968,2025-03,2025-04-01,REVISED,2025-05-01,REVISED,OCMS_LEGACY,1,1,
P-618968,2025-04,2025-05-01,REVISED,2025-07-01,REVISED,OCMS_LEGACY,2,1,
P-618968,2025-12,2025-07-01,REVISED,2024-09-01,ORIGINAL,PAIMANA,-10,0,REPORTING_REGIME_CHANGE
P-618968,2026-03,2024-09-01,ORIGINAL,2026-04-01,REVISED,PAIMANA,19,0,TARGET_SOURCE_TRANSITION
P-618968,2026-04,2026-04-01,REVISED,2026-05-01,REVISED,PAIMANA,1,1,
P-618969,2025-02,2025-02-01,REVISED,2025-08-01,REVISED,OCMS_LEGACY,6,1,
P-618969,2025-04,2025-08-01,REVISED,2025-08-01,ANTICIPATED,OCMS_LEGACY,0,1,
P-618969,2025-05,2025-08-01,ANTICIPATED,2025-08-01,REVISED,OCMS_LEGACY,0,1,
P-618969,2025-12,2025-08-01,REVISED,2026-03-01,REVISED,PAIMANA,7,0,REPORTING_REGIME_CHANGE
P-618969,2026-03,2026-03-01,REVISED,2026-06-01,REVISED,PAIMANA,3,1,
P-618970,2025-03,2025-04-01,REVISED,2025-05-01,REVISED,OCMS_LEGACY,1,1,
P-618970,2025-04,2025-05-01,REVISED,2025-07-01,REVISED,OCMS_LEGACY,2,1,
P-618970,2025-12,2025-07-01,REVISED,2024-09-01,ORIGINAL,PAIMANA,-10,0,REPORTING_REGIME_CHANGE
P-618970,2026-03,2024-09-01,ORIGINAL,2026-04-01,REVISED,PAIMANA,19,0,TARGET_SOURCE_TRANSITION
P-618970,2026-04,2026-04-01,REVISED,2026-05-01,REVISED,PAIMANA,1,1,
P-618977,2026-04,2027-10-01,ORIGINAL,2027-11-01,REVISED,PAIMANA,1,0,TARGET_SOURCE_TRANSITION
P-619003,2025-04,2024-12-01,REVISED,2024-12-01,ANTICIPATED,OCMS_LEGACY,0,1,
P-619003,2025-05,2024-12-01,ANTICIPATED,2024-12-01,REVISED,OCMS_LEGACY,0,1,
P-619003,2026-01,2024-12-01,REVISED,2024-02-01,REVISED,PAIMANA,-10,0,REPORTING_REGIME_CHANGE
P-619003,2026-03,2024-02-01,REVISED,2026-11-01,REVISED,PAIMANA,33,1,
P-619004,2026-03,2027-12-01,ORIGINAL,2027-12-01,REVISED,PAIMANA,0,1,
P-619007,2026-03,2026-01-01,REVISED,2028-01-01,ORIGINAL,PAIMANA,24,0,TARGET_SOURCE_TRANSITION
P-619008,2026-03,2027-07-01,ORIGINAL,2026-07-01,REVISED,PAIMANA,-12,0,TARGET_SOURCE_TRANSITION
P-619010,2026-01,2025-12-01,REVISED,2025-07-01,REVISED,PAIMANA,-5,0,REPORTING_REGIME_CHANGE
P-619013,2026-03,2025-10-01,ORIGINAL,2026-01-01,ORIGINAL,PAIMANA,3,1,
P-619029,2026-02,2026-03-01,ORIGINAL,2026-09-01,REVISED,PAIMANA,6,0,TARGET_SOURCE_TRANSITION
P-619029,2026-03,2026-09-01,REVISED,2026-12-01,REVISED,PAIMANA,3,1,
P-619038,2025-02,2025-06-01,ORIGINAL,2025-06-01,REVISED,OCMS_LEGACY,0,1,
P-619038,2025-03,2025-06-01,REVISED,2025-06-01,ORIGINAL,OCMS_LEGACY,0,1,
P-619038,2025-04,2025-06-01,ORIGINAL,2025-08-01,ANTICIPATED,OCMS_LEGACY,2,0,TARGET_SOURCE_TRANSITION
P-619038,2025-05,2025-08-01,ANTICIPATED,2025-08-01,REVISED,OCMS_LEGACY,0,1,
P-619038,2026-01,2025-08-01,REVISED,2025-06-01,REVISED,PAIMANA,-2,0,REPORTING_REGIME_CHANGE
P-619038,2026-04,2025-06-01,REVISED,2026-03-01,REVISED,PAIMANA,9,1,
P-619042,2026-01,2024-03-01,REVISED,2024-02-01,ORIGINAL,PAIMANA,-1,0,REPORTING_REGIME_CHANGE
P-619042,2026-03,2024-02-01,ORIGINAL,2023-02-01,REVISED,PAIMANA,-12,0,TARGET_SOURCE_TRANSITION
P-619045,2026-03,2026-05-01,ORIGINAL,2027-11-01,REVISED,PAIMANA,18,0,TARGET_SOURCE_TRANSITION
P-619057,2026-01,2026-08-01,REVISED,2026-08-01,ORIGINAL,PAIMANA,0,1,
P-619057,2026-03,2026-08-01,ORIGINAL,2026-08-01,REVISED,PAIMANA,0,1,
P-619059,2025-04,2025-09-01,REVISED,2025-09-01,ANTICIPATED,OCMS_LEGACY,0,1,
P-619059,2025-05,2025-09-01,ANTICIPATED,2025-09-01,REVISED,OCMS_LEGACY,0,1,
P-619059,2026-01,2025-09-01,REVISED,2025-09-01,ORIGINAL,PAIMANA,0,1,
P-619059,2026-03,2025-09-01,ORIGINAL,2026-12-01,REVISED,PAIMANA,15,0,TARGET_SOURCE_TRANSITION
P-619060,2026-01,2025-10-01,REVISED,2025-09-01,ORIGINAL,PAIMANA,-1,0,REPORTING_REGIME_CHANGE
P-619063,2025-02,2025-02-01,REVISED,2025-03-01,REVISED,OCMS_LEGACY,1,1,
P-619063,2025-03,2025-03-01,REVISED,2025-04-01,REVISED,OCMS_LEGACY,1,1,
P-619063,2025-04,2025-04-01,REVISED,2025-05-01,ANTICIPATED,OCMS_LEGACY,1,0,TARGET_SOURCE_TRANSITION
P-619063,2025-05,2025-05-01,ANTICIPATED,2025-06-01,REVISED,OCMS_LEGACY,1,0,TARGET_SOURCE_TRANSITION
P-619063,2025-06,2025-06-01,REVISED,2025-08-01,REVISED,OCMS_LEGACY,2,1,
P-619063,2026-01,2025-08-01,REVISED,2024-11-01,ORIGINAL,PAIMANA,-9,0,REPORTING_REGIME_CHANGE
P-619063,2026-03,2024-11-01,ORIGINAL,2026-04-01,REVISED,PAIMANA,17,0,TARGET_SOURCE_TRANSITION
P-619063,2026-04,2026-04-01,REVISED,2026-05-01,REVISED,PAIMANA,1,1,
P-619064,2025-03,2025-09-01,REVISED,2025-12-01,REVISED,OCMS_LEGACY,3,1,
P-619064,2025-04,2025-12-01,REVISED,2026-03-01,REVISED,OCMS_LEGACY,3,1,
P-619064,2026-01,2026-03-01,REVISED,2025-06-01,REVISED,PAIMANA,-9,0,REPORTING_REGIME_CHANGE
P-619064,2026-03,2025-06-01,REVISED,2026-11-01,REVISED,PAIMANA,17,1,
P-619066,2025-04,2025-07-01,REVISED,2025-07-01,ANTICIPATED,OCMS_LEGACY,0,1,
P-619066,2025-05,2025-07-01,ANTICIPATED,2025-12-01,REVISED,OCMS_LEGACY,5,0,TARGET_SOURCE_TRANSITION
P-619066,2026-01,2025-12-01,REVISED,2026-03-01,REVISED,PAIMANA,3,0,REPORTING_REGIME_CHANGE
P-619066,2026-03,2026-03-01,REVISED,2026-06-01,REVISED,PAIMANA,3,1,
P-619066,2026-04,2026-06-01,REVISED,2026-09-01,REVISED,PAIMANA,3,1,
P-619067,2026-03,2021-07-01,REVISED,2026-05-01,REVISED,PAIMANA,58,1,
P-619068,2025-03,2025-06-01,REVISED,2026-03-01,REVISED,OCMS_LEGACY,9,1,
P-619068,2026-01,2026-03-01,REVISED,2026-03-01,REVISED,PAIMANA,0,1,
P-619068,2026-03,2026-03-01,REVISED,2027-04-01,REVISED,PAIMANA,13,1,
P-619069,2026-03,2022-05-01,ORIGINAL,2026-06-01,REVISED,PAIMANA,49,0,TARGET_SOURCE_TRANSITION
P-619070,2026-03,2013-12-01,ORIGINAL,2026-06-01,REVISED,PAIMANA,150,0,TARGET_SOURCE_TRANSITION
P-619071,2025-02,2027-03-01,ORIGINAL,2027-03-01,REVISED,OCMS_LEGACY,0,1,
P-619071,2025-03,2027-03-01,REVISED,2027-03-01,ORIGINAL,OCMS_LEGACY,0,1,
P-619071,2025-04,2027-03-01,ORIGINAL,2026-03-01,ANTICIPATED,OCMS_LEGACY,-12,0,TARGET_SOURCE_TRANSITION
P-619071,2025-05,2026-03-01,ANTICIPATED,2026-03-01,REVISED,OCMS_LEGACY,0,1,
P-619071,2026-01,2026-03-01,REVISED,2027-03-01,REVISED,PAIMANA,12,0,REPORTING_REGIME_CHANGE
P-619072,2025-02,2025-02-01,ORIGINAL,2025-02-01,REVISED,OCMS_LEGACY,0,1,
P-619072,2025-03,2025-02-01,REVISED,2025-08-01,REVISED,OCMS_LEGACY,6,1,
P-619072,2025-04,2025-08-01,REVISED,2025-09-01,ANTICIPATED,OCMS_LEGACY,1,0,TARGET_SOURCE_TRANSITION
P-619072,2025-05,2025-09-01,ANTICIPATED,2025-09-01,REVISED,OCMS_LEGACY,0,1,
P-619072,2026-01,2025-09-01,REVISED,2026-02-01,REVISED,PAIMANA,5,0,REPORTING_REGIME_CHANGE
P-619072,2026-03,2026-02-01,REVISED,2026-07-01,REVISED,PAIMANA,5,1,
P-619072,2026-04,2026-07-01,REVISED,2026-08-01,REVISED,PAIMANA,1,1,
P-619073,2026-03,2023-02-01,ORIGINAL,2026-04-01,REVISED,PAIMANA,38,0,TARGET_SOURCE_TRANSITION
P-619073,2026-04,2026-04-01,REVISED,2026-06-01,REVISED,PAIMANA,2,1,
P-619074,2026-03,2013-12-01,ORIGINAL,2026-06-01,REVISED,PAIMANA,150,0,TARGET_SOURCE_TRANSITION
P-619075,2026-03,2014-06-01,ORIGINAL,2026-04-01,REVISED,PAIMANA,142,0,TARGET_SOURCE_TRANSITION
P-619075,2026-04,2026-04-01,REVISED,2026-05-01,REVISED,PAIMANA,1,1,
P-619076,2026-03,2024-03-01,REVISED,2026-05-01,REVISED,PAIMANA,26,1,
P-619077,2026-03,2022-09-01,REVISED,2026-04-01,REVISED,PAIMANA,43,1,
P-619077,2026-04,2026-04-01,REVISED,2026-06-01,REVISED,PAIMANA,2,1,
P-619078,2025-04,2025-06-01,REVISED,2025-06-01,ANTICIPATED,OCMS_LEGACY,0,1,
P-619078,2025-05,2025-06-01,ANTICIPATED,2026-05-01,REVISED,OCMS_LEGACY,11,0,TARGET_SOURCE_TRANSITION
P-619078,2026-01,2026-05-01,REVISED,2026-02-01,REVISED,PAIMANA,-3,0,REPORTING_REGIME_CHANGE
P-619078,2026-03,2026-02-01,REVISED,2026-12-01,REVISED,PAIMANA,10,1,
P-619080,2026-03,2025-10-01,ORIGINAL,2026-09-01,REVISED,PAIMANA,11,0,TARGET_SOURCE_TRANSITION
P-619083,2026-03,2009-02-01,ORIGINAL,2026-05-01,REVISED,PAIMANA,207,0,TARGET_SOURCE_TRANSITION
P-619083,2026-04,2026-05-01,REVISED,2026-08-01,REVISED,PAIMANA,3,1,
P-619084,2026-03,2009-04-01,ORIGINAL,2026-04-01,REVISED,PAIMANA,204,0,TARGET_SOURCE_TRANSITION
P-619084,2026-04,2026-04-01,REVISED,2026-10-01,REVISED,PAIMANA,6,1,
P-619086,2026-03,2013-03-01,ORIGINAL,2026-04-01,REVISED,PAIMANA,157,0,TARGET_SOURCE_TRANSITION
P-619086,2026-04,2026-04-01,REVISED,2026-10-01,REVISED,PAIMANA,6,1,
P-619087,2026-01,2025-09-01,REVISED,2027-01-01,REVISED,PAIMANA,16,0,REPORTING_REGIME_CHANGE
P-619089,2026-01,2026-01-01,REVISED,2026-01-01,ORIGINAL,PAIMANA,0,1,
P-619089,2026-03,2026-01-01,ORIGINAL,2026-06-01,REVISED,PAIMANA,5,0,TARGET_SOURCE_TRANSITION
P-619090,2025-04,2025-03-01,REVISED,2025-05-01,REVISED,OCMS_LEGACY,2,1,
P-619090,2025-05,2025-05-01,REVISED,2025-06-01,REVISED,OCMS_LEGACY,1,1,
P-619090,2025-06,2025-06-01,REVISED,2025-08-01,REVISED,OCMS_LEGACY,2,1,
P-619090,2026-01,2025-08-01,REVISED,2025-07-01,REVISED,PAIMANA,-1,0,REPORTING_REGIME_CHANGE
P-619090,2026-03,2025-07-01,REVISED,2026-04-01,REVISED,PAIMANA,9,1,
P-619090,2026-04,2026-04-01,REVISED,2026-05-01,REVISED,PAIMANA,1,1,
P-619092,2026-03,2022-07-01,ORIGINAL,2026-04-01,REVISED,PAIMANA,45,0,TARGET_SOURCE_TRANSITION
P-619092,2026-04,2026-04-01,REVISED,2026-05-01,REVISED,PAIMANA,1,1,
P-619093,2026-03,2025-12-01,ORIGINAL,2026-12-01,REVISED,PAIMANA,12,0,TARGET_SOURCE_TRANSITION
P-619093,2026-04,2026-12-01,REVISED,2027-04-01,REVISED,PAIMANA,4,1,
P-619094,2025-04,2024-12-01,REVISED,2024-12-01,ANTICIPATED,OCMS_LEGACY,0,1,
P-619094,2025-05,2024-12-01,ANTICIPATED,2024-12-01,REVISED,OCMS_LEGACY,0,1,
P-619094,2026-01,2024-12-01,REVISED,2025-03-01,REVISED,PAIMANA,3,0,REPORTING_REGIME_CHANGE
P-619094,2026-03,2025-03-01,REVISED,2026-12-01,REVISED,PAIMANA,21,1,
P-619095,2025-04,2025-12-01,REVISED,2025-12-01,ANTICIPATED,OCMS_LEGACY,0,1,
P-619095,2025-05,2025-12-01,ANTICIPATED,2025-12-01,REVISED,OCMS_LEGACY,0,1,
P-619095,2026-01,2025-12-01,REVISED,2024-05-01,ORIGINAL,PAIMANA,-19,0,REPORTING_REGIME_CHANGE
P-619095,2026-03,2024-05-01,ORIGINAL,2026-06-01,REVISED,PAIMANA,25,0,TARGET_SOURCE_TRANSITION
P-619096,2025-03,2025-03-01,REVISED,2025-06-01,REVISED,OCMS_LEGACY,3,1,
P-619096,2025-04,2025-06-01,REVISED,2025-06-01,ANTICIPATED,OCMS_LEGACY,0,1,
P-619096,2025-05,2025-06-01,ANTICIPATED,2025-06-01,REVISED,OCMS_LEGACY,0,1,
P-619096,2025-06,2025-06-01,REVISED,2025-12-01,REVISED,OCMS_LEGACY,6,1,
P-619096,2026-01,2025-12-01,REVISED,2020-03-01,REVISED,PAIMANA,-69,0,REPORTING_REGIME_CHANGE
P-619096,2026-03,2020-03-01,REVISED,2026-07-01,REVISED,PAIMANA,76,1,
P-619097,2026-03,2023-06-01,REVISED,2026-04-01,REVISED,PAIMANA,34,1,
P-619097,2026-04,2026-04-01,REVISED,2026-05-01,REVISED,PAIMANA,1,1,
P-619098,2025-03,2025-04-01,REVISED,2025-05-01,REVISED,OCMS_LEGACY,1,1,
P-619098,2025-04,2025-05-01,REVISED,2025-06-01,ANTICIPATED,OCMS_LEGACY,1,0,TARGET_SOURCE_TRANSITION
P-619098,2025-05,2025-06-01,ANTICIPATED,2025-06-01,REVISED,OCMS_LEGACY,0,1,
P-619098,2025-06,2025-06-01,REVISED,2025-07-01,REVISED,OCMS_LEGACY,1,1,
P-619098,2026-01,2025-07-01,REVISED,2024-12-01,REVISED,PAIMANA,-7,0,REPORTING_REGIME_CHANGE
P-619098,2026-03,2024-12-01,REVISED,2026-04-01,REVISED,PAIMANA,16,1,
P-619098,2026-04,2026-04-01,REVISED,2026-05-01,REVISED,PAIMANA,1,1,
P-619099,2026-03,2026-06-01,ORIGINAL,2026-12-01,REVISED,PAIMANA,6,0,TARGET_SOURCE_TRANSITION
P-619099,2026-04,2026-12-01,REVISED,2027-06-01,REVISED,PAIMANA,6,1,
P-619100,2026-03,2025-02-01,REVISED,2026-05-01,REVISED,PAIMANA,15,1,
P-619100,2026-04,2026-05-01,REVISED,2026-06-01,REVISED,PAIMANA,1,1,
P-619101,2026-03,2026-03-01,ORIGINAL,2026-09-01,REVISED,PAIMANA,6,0,TARGET_SOURCE_TRANSITION
P-619101,2026-04,2026-09-01,REVISED,2026-10-01,REVISED,PAIMANA,1,1,
P-619103,2026-03,2018-04-01,ORIGINAL,2026-04-01,REVISED,PAIMANA,96,0,TARGET_SOURCE_TRANSITION
P-619103,2026-04,2026-04-01,REVISED,2026-05-01,REVISED,PAIMANA,1,1,
P-619105,2026-03,2027-09-01,ORIGINAL,2027-09-01,REVISED,PAIMANA,0,1,
P-619106,2026-03,2026-11-01,ORIGINAL,2026-11-01,REVISED,PAIMANA,0,1,
P-619106,2026-04,2026-11-01,REVISED,2027-07-01,REVISED,PAIMANA,8,1,
P-619107,2026-03,2027-09-01,ORIGINAL,2027-09-01,REVISED,PAIMANA,0,1,
P-619107,2026-04,2027-09-01,REVISED,2028-03-01,REVISED,PAIMANA,6,1,
P-619108,2026-03,2027-06-01,ORIGINAL,2027-06-01,REVISED,PAIMANA,0,1,
P-619108,2026-04,2027-06-01,REVISED,2027-09-01,REVISED,PAIMANA,3,1,
P-619109,2025-02,2025-03-01,REVISED,2025-06-01,REVISED,OCMS_LEGACY,3,1,
P-619109,2025-05,2025-06-01,REVISED,2025-11-01,REVISED,OCMS_LEGACY,5,1,
P-619109,2026-01,2025-11-01,REVISED,2025-12-01,REVISED,PAIMANA,1,0,REPORTING_REGIME_CHANGE
P-619109,2026-03,2025-12-01,REVISED,2026-05-01,REVISED,PAIMANA,5,1,
P-619111,2025-03,2025-03-01,REVISED,2025-06-01,REVISED,OCMS_LEGACY,3,1,
P-619111,2025-04,2025-06-01,REVISED,2025-12-01,ANTICIPATED,OCMS_LEGACY,6,0,TARGET_SOURCE_TRANSITION
P-619111,2025-05,2025-12-01,ANTICIPATED,2025-12-01,REVISED,OCMS_LEGACY,0,1,
P-619111,2026-01,2025-12-01,REVISED,2024-07-01,REVISED,PAIMANA,-17,0,REPORTING_REGIME_CHANGE
P-619111,2026-03,2024-07-01,REVISED,2026-05-01,REVISED,PAIMANA,22,1,
P-619112,2025-04,2025-12-01,REVISED,2026-03-01,REVISED,OCMS_LEGACY,3,1,
P-619112,2026-01,2026-03-01,REVISED,2024-10-01,ORIGINAL,PAIMANA,-17,0,REPORTING_REGIME_CHANGE
P-619112,2026-03,2024-10-01,ORIGINAL,2026-12-01,REVISED,PAIMANA,26,0,TARGET_SOURCE_TRANSITION
P-619114,2026-03,2026-03-01,ORIGINAL,2026-12-01,REVISED,PAIMANA,9,0,TARGET_SOURCE_TRANSITION
P-619117,2026-03,2025-06-01,REVISED,2026-04-01,REVISED,PAIMANA,10,1,
P-619117,2026-04,2026-04-01,REVISED,2026-05-01,REVISED,PAIMANA,1,1,
P-619118,2025-03,2025-03-01,REVISED,2025-05-01,REVISED,OCMS_LEGACY,2,1,
P-619118,2025-05,2025-05-01,REVISED,2025-06-01,REVISED,OCMS_LEGACY,1,1,
P-619118,2025-06,2025-06-01,REVISED,2025-07-01,REVISED,OCMS_LEGACY,1,1,
P-619118,2026-01,2025-07-01,REVISED,2024-10-01,REVISED,PAIMANA,-9,0,REPORTING_REGIME_CHANGE
P-619118,2026-03,2024-10-01,REVISED,2026-04-01,REVISED,PAIMANA,18,1,
P-619118,2026-04,2026-04-01,REVISED,2026-05-01,REVISED,PAIMANA,1,1,
P-619119,2025-03,2025-03-01,REVISED,2025-06-01,REVISED,OCMS_LEGACY,3,1,
P-619119,2025-05,2025-06-01,REVISED,2025-07-01,REVISED,OCMS_LEGACY,1,1,
P-619119,2026-01,2025-07-01,REVISED,2024-12-01,REVISED,PAIMANA,-7,0,REPORTING_REGIME_CHANGE
P-619119,2026-03,2024-12-01,REVISED,2026-04-01,REVISED,PAIMANA,16,1,
P-619119,2026-04,2026-04-01,REVISED,2026-06-01,REVISED,PAIMANA,2,1,
P-619120,2026-03,2023-09-01,REVISED,2026-04-01,REVISED,PAIMANA,31,1,
P-619120,2026-04,2026-04-01,REVISED,2026-06-01,REVISED,PAIMANA,2,1,
P-619121,2026-03,2022-05-01,REVISED,2026-05-01,REVISED,PAIMANA,48,1,
P-619122,2026-01,2024-12-01,REVISED,2024-12-01,ORIGINAL,PAIMANA,0,1,
P-619122,2026-03,2024-12-01,ORIGINAL,2026-04-01,REVISED,PAIMANA,16,0,TARGET_SOURCE_TRANSITION
P-619122,2026-04,2026-04-01,REVISED,2026-05-01,REVISED,PAIMANA,1,1,
P-619123,2026-01,2026-02-01,REVISED,2026-06-01,REVISED,PAIMANA,4,0,REPORTING_REGIME_CHANGE
P-619123,2026-03,2026-06-01,REVISED,2026-10-01,REVISED,PAIMANA,4,1,
P-619123,2026-04,2026-10-01,REVISED,2026-12-01,REVISED,PAIMANA,2,1,
P-619124,2026-01,2026-02-01,REVISED,2026-05-01,REVISED,PAIMANA,3,0,REPORTING_REGIME_CHANGE
P-619124,2026-03,2026-05-01,REVISED,2026-08-01,REVISED,PAIMANA,3,1,
P-619124,2026-04,2026-08-01,REVISED,2026-11-01,REVISED,PAIMANA,3,1,
P-619125,2026-01,2026-02-01,REVISED,2026-05-01,REVISED,PAIMANA,3,0,REPORTING_REGIME_CHANGE
P-619125,2026-03,2026-05-01,REVISED,2027-01-01,REVISED,PAIMANA,8,1,
P-619125,2026-04,2027-01-01,REVISED,2027-03-01,REVISED,PAIMANA,2,1,
P-619126,2026-01,2026-02-01,REVISED,2026-02-01,ORIGINAL,PAIMANA,0,1,
P-619126,2026-03,2026-02-01,ORIGINAL,2026-07-01,REVISED,PAIMANA,5,0,TARGET_SOURCE_TRANSITION
P-619126,2026-04,2026-07-01,REVISED,2026-09-01,REVISED,PAIMANA,2,1,
P-619127,2026-03,2026-03-01,ORIGINAL,2027-08-01,REVISED,PAIMANA,17,0,TARGET_SOURCE_TRANSITION
P-619128,2025-05,2024-09-01,REVISED,2025-09-01,REVISED,OCMS_LEGACY,12,1,
P-619128,2026-01,2025-09-01,REVISED,2025-11-01,REVISED,PAIMANA,2,0,REPORTING_REGIME_CHANGE
P-619128,2026-03,2025-11-01,REVISED,2026-04-01,REVISED,PAIMANA,5,1,
P-619128,2026-04,2026-04-01,REVISED,2026-05-01,REVISED,PAIMANA,1,1,
P-619129,2025-04,2026-03-01,REVISED,2026-03-01,ANTICIPATED,OCMS_LEGACY,0,1,
P-619129,2025-05,2026-03-01,ANTICIPATED,2026-03-01,REVISED,OCMS_LEGACY,0,1,
P-619129,2026-01,2026-03-01,REVISED,2025-08-01,REVISED,PAIMANA,-7,0,REPORTING_REGIME_CHANGE
P-619129,2026-03,2025-08-01,REVISED,2026-08-01,REVISED,PAIMANA,12,1,
P-619129,2026-04,2026-08-01,REVISED,2026-12-01,REVISED,PAIMANA,4,1,
P-619130,2025-04,2025-12-01,REVISED,2025-12-01,ANTICIPATED,OCMS_LEGACY,0,1,
P-619130,2025-05,2025-12-01,ANTICIPATED,2026-05-01,REVISED,OCMS_LEGACY,5,0,TARGET_SOURCE_TRANSITION
P-619130,2026-01,2026-05-01,REVISED,2025-12-01,ORIGINAL,PAIMANA,-5,0,REPORTING_REGIME_CHANGE
P-619130,2026-03,2025-12-01,ORIGINAL,2026-08-01,REVISED,PAIMANA,8,0,TARGET_SOURCE_TRANSITION
P-619130,2026-04,2026-08-01,REVISED,2027-02-01,REVISED,PAIMANA,6,1,
P-619131,2025-02,2025-02-01,REVISED,2025-03-01,REVISED,OCMS_LEGACY,1,1,
P-619131,2025-03,2025-03-01,REVISED,2025-04-01,REVISED,OCMS_LEGACY,1,1,
P-619131,2025-04,2025-04-01,REVISED,2025-05-01,ANTICIPATED,OCMS_LEGACY,1,0,TARGET_SOURCE_TRANSITION
P-619131,2025-05,2025-05-01,ANTICIPATED,2025-06-01,REVISED,OCMS_LEGACY,1,0,TARGET_SOURCE_TRANSITION
P-619131,2025-06,2025-06-01,REVISED,2025-07-01,REVISED,OCMS_LEGACY,1,1,
P-619131,2026-01,2025-07-01,REVISED,2020-11-01,ORIGINAL,PAIMANA,-56,0,REPORTING_REGIME_CHANGE
P-619131,2026-03,2020-11-01,ORIGINAL,2026-05-01,REVISED,PAIMANA,66,0,TARGET_SOURCE_TRANSITION
P-619131,2026-04,2026-05-01,REVISED,2026-06-01,REVISED,PAIMANA,1,1,
P-619132,2026-01,2024-06-01,REVISED,2025-12-01,REVISED,PAIMANA,18,0,REPORTING_REGIME_CHANGE
P-619132,2026-03,2025-12-01,REVISED,2026-06-01,REVISED,PAIMANA,6,1,
P-619132,2026-04,2026-06-01,REVISED,2026-08-01,REVISED,PAIMANA,2,1,
P-619134,2026-01,2025-10-01,REVISED,2026-06-01,REVISED,PAIMANA,8,0,REPORTING_REGIME_CHANGE
P-619136,2026-03,2026-01-01,ORIGINAL,2026-04-01,REVISED,PAIMANA,3,0,TARGET_SOURCE_TRANSITION
P-619136,2026-04,2026-04-01,REVISED,2026-05-01,REVISED,PAIMANA,1,1,
P-619137,2026-03,2023-06-01,REVISED,2026-04-01,REVISED,PAIMANA,34,1,
P-619137,2026-04,2026-04-01,REVISED,2026-05-01,REVISED,PAIMANA,1,1,
P-619138,2025-04,2026-05-01,REVISED,2026-12-01,ANTICIPATED,OCMS_LEGACY,7,0,TARGET_SOURCE_TRANSITION
P-619138,2025-05,2026-12-01,ANTICIPATED,2026-12-01,REVISED,OCMS_LEGACY,0,1,
P-619138,2026-01,2026-12-01,REVISED,2027-03-01,REVISED,PAIMANA,3,0,REPORTING_REGIME_CHANGE
P-619138,2026-04,2027-03-01,REVISED,2027-06-01,REVISED,PAIMANA,3,1,
P-619139,2026-03,2026-05-01,ORIGINAL,2027-11-01,REVISED,PAIMANA,18,0,TARGET_SOURCE_TRANSITION
P-619140,2026-01,2025-10-01,REVISED,2025-10-01,ORIGINAL,PAIMANA,0,1,
P-619140,2026-03,2025-10-01,ORIGINAL,2027-02-01,REVISED,PAIMANA,16,0,TARGET_SOURCE_TRANSITION
P-619141,2026-01,2025-12-01,REVISED,2025-12-01,ORIGINAL,PAIMANA,0,1,
P-619141,2026-03,2025-12-01,ORIGINAL,2026-11-01,REVISED,PAIMANA,11,0,TARGET_SOURCE_TRANSITION
P-619143,2026-03,2027-03-01,ORIGINAL,2027-03-01,REVISED,PAIMANA,0,1,
P-619143,2026-04,2027-03-01,REVISED,2027-06-01,REVISED,PAIMANA,3,1,
P-619144,2026-03,2018-08-01,ORIGINAL,2026-06-01,REVISED,PAIMANA,94,0,TARGET_SOURCE_TRANSITION
P-619145,2026-03,2019-08-01,ORIGINAL,2025-03-01,REVISED,PAIMANA,67,0,TARGET_SOURCE_TRANSITION
P-619146,2025-02,2025-02-01,REVISED,2025-05-01,REVISED,OCMS_LEGACY,3,1,
P-619146,2025-04,2025-05-01,REVISED,2025-05-01,ANTICIPATED,OCMS_LEGACY,0,1,
P-619146,2025-05,2025-05-01,ANTICIPATED,2025-06-01,REVISED,OCMS_LEGACY,1,0,TARGET_SOURCE_TRANSITION
P-619146,2026-01,2025-06-01,REVISED,2019-09-01,ORIGINAL,PAIMANA,-69,0,REPORTING_REGIME_CHANGE
P-619146,2026-03,2019-09-01,ORIGINAL,2026-04-01,REVISED,PAIMANA,79,0,TARGET_SOURCE_TRANSITION
P-619146,2026-04,2026-04-01,REVISED,2026-05-01,REVISED,PAIMANA,1,1,
P-619147,2025-04,2025-04-01,REVISED,2025-05-01,REVISED,OCMS_LEGACY,1,1,
P-619147,2026-01,2025-05-01,REVISED,2022-09-01,ORIGINAL,PAIMANA,-32,0,REPORTING_REGIME_CHANGE
P-619147,2026-03,2022-09-01,ORIGINAL,2026-01-01,REVISED,PAIMANA,40,0,TARGET_SOURCE_TRANSITION
P-619149,2025-03,2024-11-01,REVISED,2025-09-01,REVISED,OCMS_LEGACY,10,1,
P-619149,2026-01,2025-09-01,REVISED,2026-03-01,REVISED,PAIMANA,6,0,REPORTING_REGIME_CHANGE
P-619149,2026-03,2026-03-01,REVISED,2026-06-01,REVISED,PAIMANA,3,1,
P-619149,2026-04,2026-06-01,REVISED,2026-11-01,REVISED,PAIMANA,5,1,
P-619150,2026-03,2024-03-01,REVISED,2026-05-01,REVISED,PAIMANA,26,1,
P-619152,2025-05,2024-12-01,REVISED,2025-08-01,REVISED,OCMS_LEGACY,8,1,
P-619152,2026-01,2025-08-01,REVISED,2021-02-01,REVISED,PAIMANA,-54,0,REPORTING_REGIME_CHANGE
P-619152,2026-03,2021-02-01,REVISED,2026-04-01,REVISED,PAIMANA,62,1,
P-619152,2026-04,2026-04-01,REVISED,2026-05-01,REVISED,PAIMANA,1,1,
P-619153,2026-01,2025-12-01,REVISED,2025-12-01,REVISED,PAIMANA,0,1,
P-619153,2026-03,2025-12-01,REVISED,2026-06-01,REVISED,PAIMANA,6,1,
P-619153,2026-04,2026-06-01,REVISED,2026-09-01,REVISED,PAIMANA,3,1,
P-619154,2026-03,2026-05-01,REVISED,2026-08-01,REVISED,PAIMANA,3,1,
P-619154,2026-04,2026-08-01,REVISED,2026-11-01,REVISED,PAIMANA,3,1,
P-619155,2025-04,2025-08-01,REVISED,2025-08-01,ANTICIPATED,OCMS_LEGACY,0,1,
P-619155,2025-05,2025-08-01,ANTICIPATED,2025-08-01,REVISED,OCMS_LEGACY,0,1,
P-619155,2026-01,2025-08-01,REVISED,2026-04-01,REVISED,PAIMANA,8,0,REPORTING_REGIME_CHANGE
P-619155,2026-03,2026-04-01,REVISED,2026-10-01,REVISED,PAIMANA,6,1,
P-619157,2025-03,2025-03-01,REVISED,2025-06-01,REVISED,OCMS_LEGACY,3,1,
P-619157,2025-06,2025-06-01,REVISED,2025-07-01,REVISED,OCMS_LEGACY,1,1,
P-619157,2026-01,2025-07-01,REVISED,2021-08-01,ORIGINAL,PAIMANA,-47,0,REPORTING_REGIME_CHANGE
P-619157,2026-03,2021-08-01,ORIGINAL,2026-04-01,REVISED,PAIMANA,56,0,TARGET_SOURCE_TRANSITION
P-619157,2026-04,2026-04-01,REVISED,2026-10-01,REVISED,PAIMANA,6,1,
P-619158,2025-03,2025-06-01,REVISED,2025-12-01,REVISED,OCMS_LEGACY,6,1,
P-619158,2026-01,2025-12-01,REVISED,2022-08-01,ORIGINAL,PAIMANA,-40,0,REPORTING_REGIME_CHANGE
P-619158,2026-03,2022-08-01,ORIGINAL,2026-06-01,REVISED,PAIMANA,46,0,TARGET_SOURCE_TRANSITION
P-619160,2026-03,2025-01-01,ORIGINAL,2026-01-01,REVISED,PAIMANA,12,0,TARGET_SOURCE_TRANSITION
P-619161,2026-03,2026-12-01,ORIGINAL,2026-12-01,REVISED,PAIMANA,0,1,
P-619161,2026-04,2026-12-01,REVISED,2027-02-01,REVISED,PAIMANA,2,1,
P-619162,2025-02,2025-02-01,REVISED,2025-03-01,REVISED,OCMS_LEGACY,1,1,
P-619162,2025-03,2025-03-01,REVISED,2025-04-01,REVISED,OCMS_LEGACY,1,1,
P-619162,2025-04,2025-04-01,REVISED,2025-04-01,ANTICIPATED,OCMS_LEGACY,0,1,
P-619162,2025-05,2025-04-01,ANTICIPATED,2025-05-01,REVISED,OCMS_LEGACY,1,0,TARGET_SOURCE_TRANSITION
P-619162,2025-06,2025-05-01,REVISED,2025-06-01,REVISED,OCMS_LEGACY,1,1,
P-619162,2026-01,2025-06-01,REVISED,2025-10-01,REVISED,PAIMANA,4,0,REPORTING_REGIME_CHANGE
P-619162,2026-03,2025-10-01,REVISED,2026-04-01,REVISED,PAIMANA,6,1,
P-619162,2026-04,2026-04-01,REVISED,2026-05-01,REVISED,PAIMANA,1,1,
P-619163,2025-04,2025-05-01,REVISED,2025-05-01,ANTICIPATED,OCMS_LEGACY,0,1,
P-619163,2025-05,2025-05-01,ANTICIPATED,2025-06-01,REVISED,OCMS_LEGACY,1,0,TARGET_SOURCE_TRANSITION
P-619163,2025-06,2025-06-01,REVISED,2025-08-01,REVISED,OCMS_LEGACY,2,1,
P-619163,2026-01,2025-08-01,REVISED,2025-05-01,REVISED,PAIMANA,-3,0,REPORTING_REGIME_CHANGE
P-619163,2026-03,2025-05-01,REVISED,2026-06-01,REVISED,PAIMANA,13,1,
P-619164,2026-03,2025-07-01,REVISED,2027-03-01,REVISED,PAIMANA,20,1,
P-619165,2026-03,2023-02-01,ORIGINAL,2026-05-01,REVISED,PAIMANA,39,0,TARGET_SOURCE_TRANSITION
P-619166,2026-03,2025-12-01,ORIGINAL,2026-04-01,REVISED,PAIMANA,4,0,TARGET_SOURCE_TRANSITION
P-619166,2026-04,2026-04-01,REVISED,2026-05-01,REVISED,PAIMANA,1,1,
P-619167,2026-03,2023-07-01,REVISED,2026-06-01,REVISED,PAIMANA,35,1,
P-619168,2025-03,2025-04-01,REVISED,2025-05-01,REVISED,OCMS_LEGACY,1,1,
P-619168,2025-04,2025-05-01,REVISED,2025-07-01,REVISED,OCMS_LEGACY,2,1,
P-619168,2026-01,2025-07-01,REVISED,2024-09-01,ORIGINAL,PAIMANA,-10,0,REPORTING_REGIME_CHANGE
P-619168,2026-03,2024-09-01,ORIGINAL,2026-04-01,REVISED,PAIMANA,19,0,TARGET_SOURCE_TRANSITION
P-619168,2026-04,2026-04-01,REVISED,2026-05-01,REVISED,PAIMANA,1,1,
P-619181,2026-03,2026-10-01,ORIGINAL,2027-01-01,REVISED,PAIMANA,3,0,TARGET_SOURCE_TRANSITION
P-619181,2026-04,2027-01-01,REVISED,2027-10-01,REVISED,PAIMANA,9,1,
P-619184,2026-03,2025-09-01,ORIGINAL,2026-05-01,REVISED,PAIMANA,8,0,TARGET_SOURCE_TRANSITION
P-619185,2026-03,2025-10-01,ORIGINAL,2026-05-01,REVISED,PAIMANA,7,0,TARGET_SOURCE_TRANSITION
P-619186,2026-03,2026-02-01,ORIGINAL,2026-12-01,REVISED,PAIMANA,10,0,TARGET_SOURCE_TRANSITION
P-619187,2026-03,2027-06-01,ORIGINAL,2027-06-01,REVISED,PAIMANA,0,1,
P-619191,2026-04,2027-09-01,ORIGINAL,2027-09-01,REVISED,PAIMANA,0,1,
P-619193,2026-03,2020-07-01,REVISED,2026-04-01,REVISED,PAIMANA,69,1,
P-619193,2026-04,2026-04-01,REVISED,2026-05-01,REVISED,PAIMANA,1,1,
P-619197,2026-03,2024-12-01,REVISED,2026-04-01,REVISED,PAIMANA,16,1,
P-619197,2026-04,2026-04-01,REVISED,2026-05-01,REVISED,PAIMANA,1,1,
P-619198,2026-03,2024-03-01,ORIGINAL,2026-04-01,REVISED,PAIMANA,25,0,TARGET_SOURCE_TRANSITION
P-619198,2026-04,2026-04-01,REVISED,2026-05-01,REVISED,PAIMANA,1,1,
P-619199,2026-03,2025-06-01,REVISED,2022-10-01,REVISED,PAIMANA,-32,1,
P-619200,2026-03,2024-10-01,ORIGINAL,2027-06-01,REVISED,PAIMANA,32,0,TARGET_SOURCE_TRANSITION
P-619201,2026-03,2025-08-01,ORIGINAL,2026-10-01,REVISED,PAIMANA,14,0,TARGET_SOURCE_TRANSITION
P-619202,2026-03,2024-02-01,REVISED,2026-04-01,REVISED,PAIMANA,26,1,
P-619202,2026-04,2026-04-01,REVISED,2026-05-01,REVISED,PAIMANA,1,1,
P-619203,2026-03,2022-03-01,REVISED,2026-04-01,REVISED,PAIMANA,49,1,
P-619203,2026-04,2026-04-01,REVISED,2026-05-01,REVISED,PAIMANA,1,1,
P-619205,2026-03,2024-05-01,ORIGINAL,2026-04-01,REVISED,PAIMANA,23,0,TARGET_SOURCE_TRANSITION
P-619205,2026-04,2026-04-01,REVISED,2026-05-01,REVISED,PAIMANA,1,1,
P-619206,2026-03,2024-12-01,REVISED,2027-03-01,REVISED,PAIMANA,27,1,
P-619207,2026-03,2025-03-01,ORIGINAL,2026-06-01,REVISED,PAIMANA,15,0,TARGET_SOURCE_TRANSITION
P-619208,2026-03,2025-01-01,ORIGINAL,2026-12-01,REVISED,PAIMANA,23,0,TARGET_SOURCE_TRANSITION
P-619209,2026-03,2025-03-01,REVISED,2026-04-01,REVISED,PAIMANA,13,1,
P-619210,2026-03,2023-09-01,ORIGINAL,2026-04-01,REVISED,PAIMANA,31,0,TARGET_SOURCE_TRANSITION
P-619210,2026-04,2026-04-01,REVISED,2026-05-01,REVISED,PAIMANA,1,1,
P-619211,2026-03,2025-10-01,ORIGINAL,2026-12-01,REVISED,PAIMANA,14,0,TARGET_SOURCE_TRANSITION
P-619211,2026-04,2026-12-01,REVISED,2026-09-01,REVISED,PAIMANA,-3,1,
P-619212,2026-03,2025-07-01,REVISED,2026-09-01,REVISED,PAIMANA,14,1,
P-619212,2026-04,2026-09-01,REVISED,2026-12-01,REVISED,PAIMANA,3,1,
P-619213,2026-03,2024-03-01,ORIGINAL,2026-05-01,REVISED,PAIMANA,26,0,TARGET_SOURCE_TRANSITION
P-619214,2026-03,2025-05-01,REVISED,2026-06-01,REVISED,PAIMANA,13,1,
P-619215,2026-03,2024-12-01,REVISED,2026-04-01,REVISED,PAIMANA,16,1,
P-619215,2026-04,2026-04-01,REVISED,2026-06-01,REVISED,PAIMANA,2,1,
P-619216,2026-03,2026-06-01,REVISED,2026-12-01,REVISED,PAIMANA,6,1,
P-619217,2026-03,2025-07-01,REVISED,2026-04-01,REVISED,PAIMANA,9,1,
P-619217,2026-04,2026-04-01,REVISED,2026-05-01,REVISED,PAIMANA,1,1,
P-619218,2026-03,2024-10-01,REVISED,2026-04-01,REVISED,PAIMANA,18,1,
P-619218,2026-04,2026-04-01,REVISED,2026-06-01,REVISED,PAIMANA,2,1,
P-619219,2026-03,2024-10-01,REVISED,2026-04-01,REVISED,PAIMANA,18,1,
P-619219,2026-04,2026-04-01,REVISED,2026-12-01,REVISED,PAIMANA,8,1,
P-619220,2026-03,2025-01-01,REVISED,2026-04-01,REVISED,PAIMANA,15,1,
P-619220,2026-04,2026-04-01,REVISED,2026-12-01,REVISED,PAIMANA,8,1,
P-619222,2026-03,2025-02-01,REVISED,2026-04-01,REVISED,PAIMANA,14,1,
P-619222,2026-04,2026-04-01,REVISED,2026-05-01,REVISED,PAIMANA,1,1,
P-619223,2026-04,2029-09-01,ORIGINAL,2029-09-01,REVISED,PAIMANA,0,1,
P-619224,2026-04,2028-03-01,ORIGINAL,2028-03-01,REVISED,PAIMANA,0,1,
P-619225,2026-04,2027-04-01,ORIGINAL,2027-04-01,REVISED,PAIMANA,0,1,
P-619226,2026-04,2028-03-01,ORIGINAL,2028-03-01,REVISED,PAIMANA,0,1,
P-619291,2026-04,2026-04-01,REVISED,2026-07-01,REVISED,PAIMANA,3,1,
P-619292,2026-04,2026-04-01,REVISED,2026-07-01,REVISED,PAIMANA,3,1,
P-619301,2026-04,2026-04-01,REVISED,2026-06-01,REVISED,PAIMANA,2,1,
P-619306,2026-04,2026-04-01,REVISED,2026-06-01,REVISED,PAIMANA,2,1,
P-619307,2026-04,2026-04-01,REVISED,2026-06-01,REVISED,PAIMANA,2,1,
P-619308,2026-04,2026-04-01,REVISED,2026-07-01,REVISED,PAIMANA,3,1,
P-701091,2025-08,2026-03-01,ORIGINAL,2026-03-01,ORIGINAL,PAIMANA_TRANSITION,0,1,
P-701091,2025-09,2026-03-01,ORIGINAL,2026-03-01,ORIGINAL,PAIMANA,0,1,
P-701101,2025-04,2025-06-01,REVISED,2025-06-01,ANTICIPATED,OCMS_LEGACY,0,1,
P-701101,2025-05,2025-06-01,ANTICIPATED,2025-06-01,REVISED,OCMS_LEGACY,0,1,
P-701101,2025-06,2025-06-01,REVISED,2025-11-01,REVISED,OCMS_LEGACY,5,1,
P-701101,2025-07,2025-11-01,REVISED,2025-11-01,REVISED,PAIMANA_TRANSITION,0,1,
P-701101,2025-08,2025-11-01,REVISED,2025-11-01,REVISED,PAIMANA_TRANSITION,0,1,
P-701101,2025-09,2025-11-01,REVISED,2025-11-01,REVISED,PAIMANA,0,1,
P-701101,2025-12,2025-11-01,REVISED,2026-05-01,REVISED,PAIMANA,6,1,
P-701105,2025-02,2025-03-01,REVISED,2025-06-01,REVISED,OCMS_LEGACY,3,1,
P-701105,2025-04,2025-06-01,REVISED,2025-06-01,ANTICIPATED,OCMS_LEGACY,0,1,
P-701105,2025-05,2025-06-01,ANTICIPATED,2025-08-01,REVISED,OCMS_LEGACY,2,0,TARGET_SOURCE_TRANSITION
P-701105,2025-07,2025-08-01,REVISED,2025-09-01,REVISED,PAIMANA_TRANSITION,1,0,REPORTING_REGIME_CHANGE
P-701105,2025-08,2025-09-01,REVISED,2025-09-01,REVISED,PAIMANA_TRANSITION,0,1,
P-701105,2025-09,2025-09-01,REVISED,2025-09-01,REVISED,PAIMANA,0,1,
P-701105,2025-11,2025-09-01,REVISED,2026-01-01,REVISED,PAIMANA,4,1,
P-701105,2026-01,2026-01-01,REVISED,2026-04-01,REVISED,PAIMANA,3,1,
P-701107,2025-04,2025-06-01,REVISED,2025-08-01,ANTICIPATED,OCMS_LEGACY,2,0,TARGET_SOURCE_TRANSITION
P-701107,2025-05,2025-08-01,ANTICIPATED,2025-08-01,REVISED,OCMS_LEGACY,0,1,
P-701107,2025-07,2025-08-01,REVISED,2025-12-01,REVISED,PAIMANA_TRANSITION,4,0,REPORTING_REGIME_CHANGE
P-701107,2025-08,2025-12-01,REVISED,2025-12-01,REVISED,PAIMANA_TRANSITION,0,1,
P-701107,2025-09,2025-12-01,REVISED,2025-12-01,REVISED,PAIMANA,0,1,
P-701107,2025-11,2025-12-01,REVISED,2026-03-01,REVISED,PAIMANA,3,1,
P-701107,2026-01,2026-03-01,REVISED,2026-07-01,REVISED,PAIMANA,4,1,
P-701107,2026-04,2026-07-01,REVISED,2026-10-01,REVISED,PAIMANA,3,1,
P-701113,2025-07,2027-07-01,REVISED,2027-07-01,REVISED,PAIMANA_TRANSITION,0,1,
P-701113,2025-08,2027-07-01,REVISED,2027-07-01,REVISED,PAIMANA_TRANSITION,0,1,
P-701113,2025-09,2027-07-01,REVISED,2027-07-01,REVISED,PAIMANA,0,1,
P-701121,2025-07,2025-08-01,REVISED,2025-12-01,REVISED,PAIMANA_TRANSITION,4,0,REPORTING_REGIME_CHANGE
P-701121,2025-08,2025-12-01,REVISED,2025-12-01,REVISED,PAIMANA_TRANSITION,0,1,
P-701121,2025-09,2025-12-01,REVISED,2025-12-01,REVISED,PAIMANA,0,1,
P-701121,2025-11,2025-12-01,REVISED,2026-03-01,REVISED,PAIMANA,3,1,
P-701121,2026-03,2026-03-01,REVISED,2026-04-01,REVISED,PAIMANA,1,1,
P-701121,2026-04,2026-04-01,REVISED,2026-06-01,REVISED,PAIMANA,2,1,
P-701122,2025-07,2026-07-01,REVISED,2026-07-01,ORIGINAL,PAIMANA_TRANSITION,0,1,
P-701122,2025-08,2026-07-01,ORIGINAL,2026-07-01,ORIGINAL,PAIMANA_TRANSITION,0,1,
P-701122,2025-09,2026-07-01,ORIGINAL,2026-07-01,ORIGINAL,PAIMANA,0,1,
P-701122,2026-03,2026-07-01,ORIGINAL,2026-11-01,REVISED,PAIMANA,4,0,TARGET_SOURCE_TRANSITION
P-701126,2025-07,2025-12-01,REVISED,2026-06-01,REVISED,PAIMANA_TRANSITION,6,0,REPORTING_REGIME_CHANGE
P-701126,2025-08,2026-06-01,REVISED,2026-06-01,REVISED,PAIMANA_TRANSITION,0,1,
P-701126,2025-09,2026-06-01,REVISED,2026-06-01,REVISED,PAIMANA,0,1,
P-701127,2025-03,2025-06-01,REVISED,2025-10-01,REVISED,OCMS_LEGACY,4,1,
P-701127,2025-04,2025-10-01,REVISED,2025-10-01,ANTICIPATED,OCMS_LEGACY,0,1,
P-701127,2025-05,2025-10-01,ANTICIPATED,2025-10-01,REVISED,OCMS_LEGACY,0,1,
P-701127,2025-07,2025-10-01,REVISED,2025-10-01,REVISED,PAIMANA_TRANSITION,0,1,
P-701127,2025-08,2025-10-01,REVISED,2025-10-01,REVISED,PAIMANA_TRANSITION,0,1,
P-701127,2025-09,2025-10-01,REVISED,2025-10-01,REVISED,PAIMANA,0,1,
P-701127,2025-10,2025-10-01,REVISED,2025-11-01,REVISED,PAIMANA,1,1,
P-701127,2025-11,2025-11-01,REVISED,2026-01-01,REVISED,PAIMANA,2,1,
P-701127,2026-02,2026-01-01,REVISED,2026-03-01,REVISED,PAIMANA,2,1,
P-701127,2026-03,2026-03-01,REVISED,2026-04-01,REVISED,PAIMANA,1,1,
P-701128,2025-03,2026-09-01,REVISED,2026-03-01,REVISED,OCMS_LEGACY,-6,1,
P-701128,2025-07,2026-03-01,REVISED,2026-10-01,REVISED,PAIMANA_TRANSITION,7,0,REPORTING_REGIME_CHANGE
P-701128,2025-08,2026-10-01,REVISED,2026-10-01,REVISED,PAIMANA_TRANSITION,0,1,
P-701128,2025-09,2026-10-01,REVISED,2026-10-01,REVISED,PAIMANA,0,1,
P-701128,2025-12,2026-10-01,REVISED,2026-09-01,REVISED,PAIMANA,-1,1,
P-701167,2025-04,2025-11-01,REVISED,2025-11-01,ANTICIPATED,OCMS_LEGACY,0,1,
P-701167,2025-05,2025-11-01,ANTICIPATED,2025-11-01,REVISED,OCMS_LEGACY,0,1,
P-701167,2025-07,2025-11-01,REVISED,2025-12-01,REVISED,PAIMANA_TRANSITION,1,0,REPORTING_REGIME_CHANGE
P-701167,2025-08,2025-12-01,REVISED,2025-12-01,REVISED,PAIMANA_TRANSITION,0,1,
P-701167,2025-09,2025-12-01,REVISED,2025-12-01,REVISED,PAIMANA,0,1,
P-701167,2025-11,2025-12-01,REVISED,2026-06-01,REVISED,PAIMANA,6,1,
P-701167,2026-02,2026-06-01,REVISED,2026-12-01,REVISED,PAIMANA,6,1,
P-701171,2025-03,2025-03-01,REVISED,2025-07-01,REVISED,OCMS_LEGACY,4,1,
P-701171,2025-04,2025-07-01,REVISED,2025-12-01,REVISED,OCMS_LEGACY,5,1,
P-701171,2025-07,2025-12-01,REVISED,2025-12-01,REVISED,PAIMANA_TRANSITION,0,1,
P-701171,2025-08,2025-12-01,REVISED,2025-12-01,REVISED,PAIMANA_TRANSITION,0,1,
P-701171,2025-09,2025-12-01,REVISED,2025-12-01,REVISED,PAIMANA,0,1,
P-701171,2025-11,2025-12-01,REVISED,2026-06-01,REVISED,PAIMANA,6,1,
P-701173,2025-04,2026-03-01,REVISED,2026-03-01,ANTICIPATED,OCMS_LEGACY,0,1,
P-701173,2025-05,2026-03-01,ANTICIPATED,2026-03-01,REVISED,OCMS_LEGACY,0,1,
P-701173,2025-07,2026-03-01,REVISED,2026-12-01,REVISED,PAIMANA_TRANSITION,9,0,REPORTING_REGIME_CHANGE
P-701173,2025-08,2026-12-01,REVISED,2026-12-01,REVISED,PAIMANA_TRANSITION,0,1,
P-701173,2025-09,2026-12-01,REVISED,2026-12-01,REVISED,PAIMANA,0,1,
P-701228,2025-02,2025-03-01,REVISED,2026-03-01,REVISED,OCMS_LEGACY,12,1,
P-701228,2025-04,2026-03-01,REVISED,2025-12-01,ANTICIPATED,OCMS_LEGACY,-3,0,TARGET_SOURCE_TRANSITION
P-701228,2025-05,2025-12-01,ANTICIPATED,2025-12-01,REVISED,OCMS_LEGACY,0,1,
P-701228,2025-07,2025-12-01,REVISED,2025-12-01,REVISED,PAIMANA_TRANSITION,0,1,
P-701228,2025-08,2025-12-01,REVISED,2025-12-01,REVISED,PAIMANA_TRANSITION,0,1,
P-701228,2025-09,2025-12-01,REVISED,2025-12-01,REVISED,PAIMANA,0,1,
P-701228,2025-12,2025-12-01,REVISED,2026-03-01,REVISED,PAIMANA,3,1,
P-701228,2026-03,2026-03-01,REVISED,2026-09-01,REVISED,PAIMANA,6,1,
P-701263,2025-02,2025-03-01,ORIGINAL,2025-03-01,REVISED,OCMS_LEGACY,0,1,
P-701263,2025-03,2025-03-01,REVISED,2025-06-01,ORIGINAL,OCMS_LEGACY,3,0,TARGET_SOURCE_TRANSITION
P-701263,2025-04,2025-06-01,ORIGINAL,2025-12-01,ANTICIPATED,OCMS_LEGACY,6,0,TARGET_SOURCE_TRANSITION
P-701263,2025-05,2025-12-01,ANTICIPATED,2025-12-01,REVISED,OCMS_LEGACY,0,1,
P-701263,2025-07,2025-12-01,REVISED,2026-03-01,REVISED,PAIMANA_TRANSITION,3,0,REPORTING_REGIME_CHANGE
P-701263,2025-08,2026-03-01,REVISED,2026-03-01,REVISED,PAIMANA_TRANSITION,0,1,
P-701263,2025-09,2026-03-01,REVISED,2026-03-01,REVISED,PAIMANA,0,1,
P-701263,2026-03,2026-03-01,REVISED,2026-06-01,REVISED,PAIMANA,3,1,
P-701289,2025-04,2025-12-01,REVISED,2025-12-01,ANTICIPATED,OCMS_LEGACY,0,1,
P-701289,2025-05,2025-12-01,ANTICIPATED,2025-12-01,REVISED,OCMS_LEGACY,0,1,
P-701289,2025-07,2025-12-01,REVISED,2025-12-01,REVISED,PAIMANA_TRANSITION,0,1,
P-701289,2025-08,2025-12-01,REVISED,2025-12-01,REVISED,PAIMANA_TRANSITION,0,1,
P-701289,2025-09,2025-12-01,REVISED,2026-06-01,REVISED,PAIMANA,6,0,REPORTING_REGIME_CHANGE
P-701289,2026-03,2026-06-01,REVISED,2026-12-01,REVISED,PAIMANA,6,1,
P-701324,2025-04,2026-08-01,REVISED,2026-08-01,ANTICIPATED,OCMS_LEGACY,0,1,
P-701324,2025-05,2026-08-01,ANTICIPATED,2026-08-01,REVISED,OCMS_LEGACY,0,1,
P-701324,2025-07,2026-08-01,REVISED,2026-08-01,REVISED,PAIMANA_TRANSITION,0,1,
P-701324,2025-08,2026-08-01,REVISED,2026-08-01,REVISED,PAIMANA_TRANSITION,0,1,
P-701324,2025-09,2026-08-01,REVISED,2026-08-01,REVISED,PAIMANA,0,1,
P-701329,2025-04,2025-12-01,REVISED,2025-12-01,ANTICIPATED,OCMS_LEGACY,0,1,
P-701329,2025-05,2025-12-01,ANTICIPATED,2025-12-01,REVISED,OCMS_LEGACY,0,1,
P-701329,2025-07,2025-12-01,REVISED,2025-12-01,REVISED,PAIMANA_TRANSITION,0,1,
P-701329,2025-08,2025-12-01,REVISED,2025-12-01,REVISED,PAIMANA_TRANSITION,0,1,
P-701329,2025-09,2025-12-01,REVISED,2026-06-01,REVISED,PAIMANA,6,0,REPORTING_REGIME_CHANGE
P-701329,2026-04,2026-06-01,REVISED,2026-11-01,REVISED,PAIMANA,5,1,
P-701330,2025-08,2025-12-01,REVISED,2025-12-01,REVISED,PAIMANA_TRANSITION,0,1,
P-701330,2025-09,2025-12-01,REVISED,2025-12-01,REVISED,PAIMANA,0,1,
P-701330,2025-12,2025-12-01,REVISED,2026-03-01,REVISED,PAIMANA,3,1,
P-701330,2026-03,2026-03-01,REVISED,2026-04-01,REVISED,PAIMANA,1,1,
P-701330,2026-04,2026-04-01,REVISED,2026-12-01,REVISED,PAIMANA,8,1,
P-701338,2025-08,2031-06-01,REVISED,2031-06-01,REVISED,PAIMANA_TRANSITION,0,1,
P-701338,2025-09,2031-06-01,REVISED,2031-06-01,REVISED,PAIMANA,0,1,
P-701343,2025-02,2025-06-01,ORIGINAL,2025-06-01,REVISED,OCMS_LEGACY,0,1,
P-701343,2025-04,2025-06-01,REVISED,2025-06-01,ANTICIPATED,OCMS_LEGACY,0,1,
P-701343,2025-05,2025-06-01,ANTICIPATED,2025-12-01,REVISED,OCMS_LEGACY,6,0,TARGET_SOURCE_TRANSITION
P-701343,2025-07,2025-12-01,REVISED,2025-12-01,REVISED,PAIMANA_TRANSITION,0,1,
P-701343,2025-08,2025-12-01,REVISED,2025-12-01,REVISED,PAIMANA_TRANSITION,0,1,
P-701343,2025-09,2025-12-01,REVISED,2025-12-01,REVISED,PAIMANA,0,1,
P-701343,2025-12,2025-12-01,REVISED,2026-06-01,REVISED,PAIMANA,6,1,
P-701344,2025-02,2025-12-01,ORIGINAL,2025-12-01,REVISED,OCMS_LEGACY,0,1,
P-701344,2025-04,2025-12-01,REVISED,2025-12-01,ANTICIPATED,OCMS_LEGACY,0,1,
P-701344,2025-05,2025-12-01,ANTICIPATED,2025-12-01,REVISED,OCMS_LEGACY,0,1,
P-701344,2025-07,2025-12-01,REVISED,2025-12-01,REVISED,PAIMANA_TRANSITION,0,1,
P-701344,2025-08,2025-12-01,REVISED,2025-12-01,REVISED,PAIMANA_TRANSITION,0,1,
P-701344,2025-09,2025-12-01,REVISED,2025-12-01,REVISED,PAIMANA,0,1,
P-701344,2025-12,2025-12-01,REVISED,2026-03-01,REVISED,PAIMANA,3,1,
P-701344,2026-03,2026-03-01,REVISED,2026-09-01,REVISED,PAIMANA,6,1,
P-701346,2025-02,2027-03-01,ORIGINAL,2027-03-01,REVISED,OCMS_LEGACY,0,1,
P-701346,2025-03,2027-03-01,REVISED,2027-03-01,ORIGINAL,OCMS_LEGACY,0,1,
P-701346,2025-04,2027-03-01,ORIGINAL,2027-03-01,ANTICIPATED,OCMS_LEGACY,0,1,
P-701346,2025-05,2027-03-01,ANTICIPATED,2027-03-01,REVISED,OCMS_LEGACY,0,1,
P-701346,2025-07,2027-03-01,REVISED,2026-03-01,REVISED,PAIMANA_TRANSITION,-12,0,REPORTING_REGIME_CHANGE
P-701346,2025-08,2026-03-01,REVISED,2026-03-01,REVISED,PAIMANA_TRANSITION,0,1,
P-701346,2025-09,2026-03-01,REVISED,2026-03-01,REVISED,PAIMANA,0,1,
P-701346,2026-03,2026-03-01,REVISED,2026-07-01,REVISED,PAIMANA,4,1,
P-701349,2025-07,2025-09-01,REVISED,2025-09-01,REVISED,PAIMANA_TRANSITION,0,1,
P-701349,2025-08,2025-09-01,REVISED,2025-09-01,REVISED,PAIMANA_TRANSITION,0,1,
P-701349,2025-09,2025-09-01,REVISED,2025-10-01,REVISED,PAIMANA,1,0,REPORTING_REGIME_CHANGE
P-701349,2025-10,2025-10-01,REVISED,2026-03-01,REVISED,PAIMANA,5,1,
P-701349,2025-12,2026-03-01,REVISED,2026-06-01,REVISED,PAIMANA,3,1,
P-701349,2026-03,2026-06-01,REVISED,2026-10-01,REVISED,PAIMANA,4,1,
P-701350,2025-04,2025-04-01,REVISED,2025-07-01,ANTICIPATED,OCMS_LEGACY,3,0,TARGET_SOURCE_TRANSITION
P-701350,2025-05,2025-07-01,ANTICIPATED,2025-07-01,REVISED,OCMS_LEGACY,0,1,
P-701350,2025-06,2025-07-01,REVISED,2025-10-01,REVISED,OCMS_LEGACY,3,1,
P-701350,2025-07,2025-10-01,REVISED,2025-10-01,REVISED,PAIMANA_TRANSITION,0,1,
P-701350,2025-08,2025-10-01,REVISED,2025-10-01,REVISED,PAIMANA_TRANSITION,0,1,
P-701350,2025-09,2025-10-01,REVISED,2025-10-01,REVISED,PAIMANA,0,1,
P-701350,2025-10,2025-10-01,REVISED,2025-12-01,REVISED,PAIMANA,2,1,
P-701350,2025-12,2025-12-01,REVISED,2026-03-01,REVISED,PAIMANA,3,1,
P-701354,2025-04,2025-06-01,REVISED,2025-06-01,ANTICIPATED,OCMS_LEGACY,0,1,
P-701354,2025-05,2025-06-01,ANTICIPATED,2025-09-01,REVISED,OCMS_LEGACY,3,0,TARGET_SOURCE_TRANSITION
P-701354,2025-07,2025-09-01,REVISED,2025-09-01,REVISED,PAIMANA_TRANSITION,0,1,
P-701354,2025-08,2025-09-01,REVISED,2025-09-01,REVISED,PAIMANA_TRANSITION,0,1,
P-701354,2025-09,2025-09-01,REVISED,2025-12-01,REVISED,PAIMANA,3,0,REPORTING_REGIME_CHANGE
P-701354,2025-12,2025-12-01,REVISED,2026-02-01,REVISED,PAIMANA,2,1,
P-701354,2026-02,2026-02-01,REVISED,2026-03-01,REVISED,PAIMANA,1,1,
P-701354,2026-03,2026-03-01,REVISED,2026-06-01,REVISED,PAIMANA,3,1,
P-701370,2025-08,2025-03-01,REVISED,2026-03-01,REVISED,PAIMANA_TRANSITION,12,1,
P-701370,2025-09,2026-03-01,REVISED,2026-03-01,REVISED,PAIMANA,0,1,
P-701371,2025-08,2024-12-01,REVISED,2024-12-01,REVISED,PAIMANA_TRANSITION,0,1,
P-701372,2025-08,2025-03-01,REVISED,2025-12-01,REVISED,PAIMANA_TRANSITION,9,1,
P-701372,2025-09,2025-12-01,REVISED,2026-03-01,REVISED,PAIMANA,3,0,REPORTING_REGIME_CHANGE
P-701376,2025-08,2025-04-01,REVISED,2026-03-01,REVISED,PAIMANA_TRANSITION,11,1,
P-701376,2025-09,2026-03-01,REVISED,2026-03-01,REVISED,PAIMANA,0,1,
P-701377,2025-08,2025-03-01,REVISED,2025-12-01,REVISED,PAIMANA_TRANSITION,9,1,
P-701377,2025-09,2025-12-01,REVISED,2026-03-01,REVISED,PAIMANA,3,0,REPORTING_REGIME_CHANGE
P-701383,2025-08,2026-03-01,REVISED,2026-03-01,REVISED,PAIMANA_TRANSITION,0,1,
P-701383,2025-09,2026-03-01,REVISED,2026-03-01,REVISED,PAIMANA,0,1,
P-701386,2025-08,2026-06-01,REVISED,2026-06-01,REVISED,PAIMANA_TRANSITION,0,1,
P-701386,2025-09,2026-06-01,REVISED,2028-06-01,REVISED,PAIMANA,24,0,REPORTING_REGIME_CHANGE
P-701391,2025-08,2025-01-01,REVISED,2025-12-01,REVISED,PAIMANA_TRANSITION,11,1,
P-701391,2025-09,2025-12-01,REVISED,2025-12-01,REVISED,PAIMANA,0,1,
P-701395,2025-08,2023-06-01,ORIGINAL,2025-12-01,ORIGINAL,PAIMANA_TRANSITION,30,1,
P-701395,2025-09,2025-12-01,ORIGINAL,2025-12-01,ORIGINAL,PAIMANA,0,1,
P-701396,2025-08,2026-06-01,REVISED,2026-06-01,REVISED,PAIMANA_TRANSITION,0,1,
P-701396,2025-09,2026-06-01,REVISED,2026-06-01,REVISED,PAIMANA,0,1,
P-701398,2025-08,2025-03-01,REVISED,2026-06-01,REVISED,PAIMANA_TRANSITION,15,1,
P-701398,2025-09,2026-06-01,REVISED,2026-06-01,REVISED,PAIMANA,0,1,
P-701399,2025-08,2022-12-01,ORIGINAL,2025-12-01,ORIGINAL,PAIMANA_TRANSITION,36,1,
P-701399,2025-09,2025-12-01,ORIGINAL,2025-12-01,ORIGINAL,PAIMANA,0,1,
P-701399,2026-01,2025-12-01,ORIGINAL,2026-03-01,REVISED,PAIMANA,3,0,TARGET_SOURCE_TRANSITION
P-701400,2025-08,2026-03-01,REVISED,2026-03-01,REVISED,PAIMANA_TRANSITION,0,1,
P-701400,2025-09,2026-03-01,REVISED,2026-03-01,REVISED,PAIMANA,0,1,
P-701404,2025-08,2024-12-01,REVISED,2024-12-01,REVISED,PAIMANA_TRANSITION,0,1,
P-701404,2025-09,2024-12-01,REVISED,2026-06-01,REVISED,PAIMANA,18,0,REPORTING_REGIME_CHANGE
P-701405,2025-08,2025-12-01,REVISED,2025-12-01,REVISED,PAIMANA_TRANSITION,0,1,
P-701405,2025-09,2025-12-01,REVISED,2025-12-01,REVISED,PAIMANA,0,1,
P-701406,2025-08,2026-03-01,REVISED,2026-03-01,REVISED,PAIMANA_TRANSITION,0,1,
P-701406,2025-09,2026-03-01,REVISED,2026-03-01,REVISED,PAIMANA,0,1,
P-701408,2025-08,2024-12-01,REVISED,2025-12-01,REVISED,PAIMANA_TRANSITION,12,1,
P-701408,2025-09,2025-12-01,REVISED,2025-12-01,REVISED,PAIMANA,0,1,
P-701410,2025-08,2025-06-01,REVISED,2026-06-01,REVISED,PAIMANA_TRANSITION,12,1,
P-701410,2025-09,2026-06-01,REVISED,2026-06-01,REVISED,PAIMANA,0,1,
P-701411,2025-08,2025-10-01,REVISED,2025-10-01,REVISED,PAIMANA_TRANSITION,0,1,
P-701411,2025-09,2025-10-01,REVISED,2025-10-01,REVISED,PAIMANA,0,1,
P-701411,2026-03,2025-10-01,REVISED,2026-06-01,REVISED,PAIMANA,8,1,
P-701412,2025-08,2026-03-01,REVISED,2026-03-01,REVISED,PAIMANA_TRANSITION,0,1,
P-701412,2025-09,2026-03-01,REVISED,2026-03-01,REVISED,PAIMANA,0,1,
P-701415,2025-02,2026-03-01,ORIGINAL,2026-03-01,REVISED,OCMS_LEGACY,0,1,
P-701415,2025-04,2026-03-01,REVISED,2027-12-01,ANTICIPATED,OCMS_LEGACY,21,0,TARGET_SOURCE_TRANSITION
P-701415,2025-05,2027-12-01,ANTICIPATED,2027-12-01,REVISED,OCMS_LEGACY,0,1,
P-701415,2025-07,2027-12-01,REVISED,2026-03-01,REVISED,PAIMANA_TRANSITION,-21,0,REPORTING_REGIME_CHANGE
P-701415,2025-08,2026-03-01,REVISED,2026-03-01,REVISED,PAIMANA_TRANSITION,0,1,
P-701415,2025-09,2026-03-01,REVISED,2026-03-01,REVISED,PAIMANA,0,1,
P-701565,2025-02,2025-12-01,ORIGINAL,2025-12-01,REVISED,OCMS_LEGACY,0,1,
P-701565,2025-03,2025-12-01,REVISED,2025-12-01,ORIGINAL,OCMS_LEGACY,0,1,
P-701565,2025-04,2025-12-01,ORIGINAL,2025-12-01,ANTICIPATED,OCMS_LEGACY,0,1,
P-701565,2025-05,2025-12-01,ANTICIPATED,2025-12-01,REVISED,OCMS_LEGACY,0,1,
P-701565,2025-07,2025-12-01,REVISED,2025-12-01,REVISED,PAIMANA_TRANSITION,0,1,
P-701565,2025-08,2025-12-01,REVISED,2025-12-01,REVISED,PAIMANA_TRANSITION,0,1,
P-701565,2025-09,2025-12-01,REVISED,2025-12-01,REVISED,PAIMANA,0,1,
P-701574,2025-08,2028-10-01,REVISED,2028-10-01,REVISED,PAIMANA_TRANSITION,0,1,
P-701574,2025-09,2028-10-01,REVISED,2028-10-01,REVISED,PAIMANA,0,1,
P-701576,2025-08,2026-01-01,REVISED,2026-01-01,REVISED,PAIMANA_TRANSITION,0,1,
P-701576,2025-09,2026-01-01,REVISED,2026-01-01,REVISED,PAIMANA,0,1,
P-701577,2025-08,2025-08-01,ORIGINAL,2025-08-01,ORIGINAL,PAIMANA_TRANSITION,0,1,
P-701577,2025-09,2025-08-01,ORIGINAL,2025-08-01,ORIGINAL,PAIMANA,0,1,
P-701586,2025-08,2026-11-01,REVISED,2026-11-01,REVISED,PAIMANA_TRANSITION,0,1,
P-701586,2025-09,2026-11-01,REVISED,2026-11-01,REVISED,PAIMANA,0,1,
P-701593,2025-08,2026-03-01,REVISED,2026-03-01,REVISED,PAIMANA_TRANSITION,0,1,
P-701593,2025-09,2026-03-01,REVISED,2026-03-01,REVISED,PAIMANA,0,1,
P-701597,2025-08,2025-09-01,REVISED,2025-09-01,REVISED,PAIMANA_TRANSITION,0,1,
P-701597,2025-09,2025-09-01,REVISED,2025-09-01,REVISED,PAIMANA,0,1,
P-701597,2025-10,2025-09-01,REVISED,2026-03-01,REVISED,PAIMANA,6,1,
P-701598,2025-08,2025-03-01,REVISED,2025-09-01,REVISED,PAIMANA_TRANSITION,6,1,
P-701598,2025-09,2025-09-01,REVISED,2025-09-01,REVISED,PAIMANA,0,1,
P-701598,2025-10,2025-09-01,REVISED,2026-03-01,REVISED,PAIMANA,6,1,
P-701598,2026-04,2026-03-01,REVISED,2026-06-01,REVISED,PAIMANA,3,1,
P-701599,2025-08,2025-11-01,REVISED,2025-11-01,REVISED,PAIMANA_TRANSITION,0,1,
P-701599,2025-09,2025-11-01,REVISED,2025-11-01,REVISED,PAIMANA,0,1,
P-701599,2025-11,2025-11-01,REVISED,2026-03-01,REVISED,PAIMANA,4,1,
P-701600,2025-08,2025-08-01,REVISED,2025-08-01,REVISED,PAIMANA_TRANSITION,0,1,
P-701600,2025-09,2025-08-01,REVISED,2025-08-01,REVISED,PAIMANA,0,1,
P-701602,2025-08,2025-11-01,REVISED,2025-11-01,REVISED,PAIMANA_TRANSITION,0,1,
P-701602,2025-09,2025-11-01,REVISED,2025-11-01,REVISED,PAIMANA,0,1,
P-701602,2025-11,2025-11-01,REVISED,2026-05-01,REVISED,PAIMANA,6,1,
P-701657,2025-08,2026-09-01,ORIGINAL,2026-09-01,ORIGINAL,PAIMANA_TRANSITION,0,1,
P-701657,2025-09,2026-09-01,ORIGINAL,2026-09-01,ORIGINAL,PAIMANA,0,1,
P-701658,2025-08,2028-02-01,ORIGINAL,2028-02-01,ORIGINAL,PAIMANA_TRANSITION,0,1,
P-701658,2025-09,2028-02-01,ORIGINAL,2028-02-01,ORIGINAL,PAIMANA,0,1,
P-701719,2025-08,2022-07-01,ORIGINAL,2022-07-01,ORIGINAL,PAIMANA_TRANSITION,0,1,
P-701719,2025-09,2022-07-01,ORIGINAL,2022-07-01,ORIGINAL,PAIMANA,0,1,
P-701719,2026-04,2022-07-01,ORIGINAL,2026-05-01,REVISED,PAIMANA,46,0,TARGET_SOURCE_TRANSITION
P-701745,2025-08,2022-07-01,ORIGINAL,2022-07-01,ORIGINAL,PAIMANA_TRANSITION,0,1,
P-701745,2025-09,2022-07-01,ORIGINAL,2022-07-01,ORIGINAL,PAIMANA,0,1,
P-701766,2025-08,2023-11-01,ORIGINAL,2023-11-01,ORIGINAL,PAIMANA_TRANSITION,0,1,
P-701766,2025-09,2023-11-01,ORIGINAL,2023-11-01,ORIGINAL,PAIMANA,0,1,
P-701766,2026-04,2023-11-01,ORIGINAL,2026-12-01,REVISED,PAIMANA,37,0,TARGET_SOURCE_TRANSITION
P-701991,2025-08,2023-07-01,ORIGINAL,2023-07-01,ORIGINAL,PAIMANA_TRANSITION,0,1,
P-701991,2025-09,2023-07-01,ORIGINAL,2023-07-01,ORIGINAL,PAIMANA,0,1,
P-701991,2026-04,2023-07-01,ORIGINAL,2026-06-01,REVISED,PAIMANA,35,0,TARGET_SOURCE_TRANSITION
P-702355,2025-08,2024-03-01,ORIGINAL,2024-03-01,ORIGINAL,PAIMANA_TRANSITION,0,1,
P-702355,2025-09,2024-03-01,ORIGINAL,2024-03-01,ORIGINAL,PAIMANA,0,1,
P-702625,2025-02,2028-06-01,ORIGINAL,2028-06-01,REVISED,OCMS_LEGACY,0,1,
P-702625,2025-03,2028-06-01,REVISED,2028-06-01,ORIGINAL,OCMS_LEGACY,0,1,
P-702625,2025-04,2028-06-01,ORIGINAL,2028-06-01,ANTICIPATED,OCMS_LEGACY,0,1,
P-702625,2025-05,2028-06-01,ANTICIPATED,2028-06-01,REVISED,OCMS_LEGACY,0,1,
P-702625,2025-07,2028-06-01,REVISED,2028-06-01,REVISED,PAIMANA_TRANSITION,0,1,
P-702625,2025-08,2028-06-01,REVISED,2028-06-01,REVISED,PAIMANA_TRANSITION,0,1,
P-702625,2025-09,2028-06-01,REVISED,2028-06-01,REVISED,PAIMANA,0,1,
P-702626,2025-02,2028-12-01,ORIGINAL,2028-12-01,REVISED,OCMS_LEGACY,0,1,
P-702626,2025-03,2028-12-01,REVISED,2028-12-01,ORIGINAL,OCMS_LEGACY,0,1,
P-702626,2025-04,2028-12-01,ORIGINAL,2028-12-01,ANTICIPATED,OCMS_LEGACY,0,1,
P-702626,2025-05,2028-12-01,ANTICIPATED,2028-12-01,REVISED,OCMS_LEGACY,0,1,
P-702626,2025-07,2028-12-01,REVISED,2028-12-01,REVISED,PAIMANA_TRANSITION,0,1,
P-702626,2025-08,2028-12-01,REVISED,2028-12-01,REVISED,PAIMANA_TRANSITION,0,1,
P-702626,2025-09,2028-12-01,REVISED,2028-12-01,REVISED,PAIMANA,0,1,
P-702627,2025-06,2024-09-01,REVISED,2024-06-01,REVISED,OCMS_LEGACY,-3,1,
P-702627,2025-07,2024-06-01,REVISED,2027-06-01,REVISED,PAIMANA_TRANSITION,36,0,REPORTING_REGIME_CHANGE
P-702627,2025-08,2027-06-01,REVISED,2027-06-01,REVISED,PAIMANA_TRANSITION,0,1,
P-702627,2025-09,2027-06-01,REVISED,2027-06-01,REVISED,PAIMANA,0,1,
P-702628,2025-02,2026-12-01,ORIGINAL,2026-12-01,REVISED,OCMS_LEGACY,0,1,
P-702628,2025-03,2026-12-01,REVISED,2026-12-01,ORIGINAL,OCMS_LEGACY,0,1,
P-702628,2025-04,2026-12-01,ORIGINAL,2026-12-01,REVISED,OCMS_LEGACY,0,1,
P-702628,2025-05,2026-12-01,REVISED,2027-03-01,REVISED,OCMS_LEGACY,3,1,
P-702628,2025-07,2027-03-01,REVISED,2027-03-01,REVISED,PAIMANA_TRANSITION,0,1,
P-702628,2025-08,2027-03-01,REVISED,2027-03-01,REVISED,PAIMANA_TRANSITION,0,1,
P-702628,2025-09,2027-03-01,REVISED,2027-03-01,REVISED,PAIMANA,0,1,
P-702629,2025-02,2026-12-01,ORIGINAL,2026-12-01,REVISED,OCMS_LEGACY,0,1,
P-702629,2025-03,2026-12-01,REVISED,2026-12-01,ORIGINAL,OCMS_LEGACY,0,1,
P-702629,2025-04,2026-12-01,ORIGINAL,2026-12-01,REVISED,OCMS_LEGACY,0,1,
P-702629,2025-05,2026-12-01,REVISED,2027-06-01,REVISED,OCMS_LEGACY,6,1,
P-702629,2025-07,2027-06-01,REVISED,2027-06-01,REVISED,PAIMANA_TRANSITION,0,1,
P-702629,2025-08,2027-06-01,REVISED,2027-06-01,REVISED,PAIMANA_TRANSITION,0,1,
P-702629,2025-09,2027-06-01,REVISED,2027-06-01,REVISED,PAIMANA,0,1,
P-702630,2025-02,2025-10-01,ORIGINAL,2025-10-01,REVISED,OCMS_LEGACY,0,1,
P-702630,2025-03,2025-10-01,REVISED,2026-06-01,ORIGINAL,OCMS_LEGACY,8,0,TARGET_SOURCE_TRANSITION
P-702630,2025-04,2026-06-01,ORIGINAL,2026-06-01,REVISED,OCMS_LEGACY,0,1,
P-702630,2025-07,2026-06-01,REVISED,2026-06-01,REVISED,PAIMANA_TRANSITION,0,1,
P-702630,2025-08,2026-06-01,REVISED,2026-06-01,REVISED,PAIMANA_TRANSITION,0,1,
P-702630,2025-09,2026-06-01,REVISED,2026-06-01,REVISED,PAIMANA,0,1,
P-702631,2025-03,2025-06-01,REVISED,2025-12-01,REVISED,OCMS_LEGACY,6,1,
P-702631,2025-07,2025-12-01,REVISED,2025-12-01,REVISED,PAIMANA_TRANSITION,0,1,
P-702631,2025-08,2025-12-01,REVISED,2025-12-01,REVISED,PAIMANA_TRANSITION,0,1,
P-702631,2025-09,2025-12-01,REVISED,2025-12-01,REVISED,PAIMANA,0,1,
P-702632,2025-07,2026-03-01,REVISED,2026-03-01,REVISED,PAIMANA_TRANSITION,0,1,
P-702632,2025-08,2026-03-01,REVISED,2026-03-01,REVISED,PAIMANA_TRANSITION,0,1,
P-702632,2025-09,2026-03-01,REVISED,2026-03-01,REVISED,PAIMANA,0,1,
P-702632,2026-02,2026-03-01,REVISED,2026-12-01,REVISED,PAIMANA,9,1,
P-702633,2025-07,2025-06-01,REVISED,2025-06-01,ORIGINAL,PAIMANA_TRANSITION,0,1,
P-702633,2025-08,2025-06-01,ORIGINAL,2025-08-01,REVISED,PAIMANA_TRANSITION,2,0,TARGET_SOURCE_TRANSITION
P-702633,2025-09,2025-08-01,REVISED,2025-10-01,REVISED,PAIMANA,2,0,REPORTING_REGIME_CHANGE
P-702633,2025-11,2025-10-01,REVISED,2025-12-01,REVISED,PAIMANA,2,1,
P-702633,2025-12,2025-12-01,REVISED,2026-01-01,REVISED,PAIMANA,1,1,
P-702633,2026-01,2026-01-01,REVISED,2026-02-01,REVISED,PAIMANA,1,1,
P-702635,2025-07,2025-03-01,REVISED,2026-09-01,REVISED,PAIMANA_TRANSITION,18,0,REPORTING_REGIME_CHANGE
P-702635,2025-08,2026-09-01,REVISED,2026-09-01,REVISED,PAIMANA_TRANSITION,0,1,
P-702635,2025-09,2026-09-01,REVISED,2026-09-01,REVISED,PAIMANA,0,1,
P-702637,2025-03,2023-12-01,REVISED,2025-07-01,REVISED,OCMS_LEGACY,19,1,
P-702637,2025-04,2025-07-01,REVISED,2025-07-01,ANTICIPATED,OCMS_LEGACY,0,1,
P-702637,2025-05,2025-07-01,ANTICIPATED,2025-07-01,REVISED,OCMS_LEGACY,0,1,
P-702637,2025-07,2025-07-01,REVISED,2024-06-01,REVISED,PAIMANA_TRANSITION,-13,0,REPORTING_REGIME_CHANGE
P-702637,2025-08,2024-06-01,REVISED,2025-08-01,REVISED,PAIMANA_TRANSITION,14,1,
P-702637,2025-09,2025-08-01,REVISED,2025-08-01,REVISED,PAIMANA,0,1,
P-702639,2025-03,2025-05-01,REVISED,2025-08-01,REVISED,OCMS_LEGACY,3,1,
P-702639,2025-07,2025-08-01,REVISED,2025-08-01,REVISED,PAIMANA_TRANSITION,0,1,
P-702639,2025-08,2025-08-01,REVISED,2025-10-01,REVISED,PAIMANA_TRANSITION,2,1,
P-702639,2025-09,2025-10-01,REVISED,2025-10-01,REVISED,PAIMANA,0,1,
P-702639,2025-11,2025-10-01,REVISED,2026-01-01,REVISED,PAIMANA,3,1,
P-702639,2026-03,2026-01-01,REVISED,2026-04-01,REVISED,PAIMANA,3,1,
P-702639,2026-04,2026-04-01,REVISED,2026-05-01,REVISED,PAIMANA,1,1,
P-702658,2025-07,2027-12-01,REVISED,2027-12-01,ORIGINAL,PAIMANA_TRANSITION,0,1,
P-702658,2025-08,2027-12-01,ORIGINAL,2027-12-01,ORIGINAL,PAIMANA_TRANSITION,0,1,
P-702658,2025-09,2027-12-01,ORIGINAL,2027-12-01,ORIGINAL,PAIMANA,0,1,
P-702664,2025-07,2026-11-01,REVISED,2026-11-01,REVISED,PAIMANA_TRANSITION,0,1,
P-702664,2025-08,2026-11-01,REVISED,2026-11-01,REVISED,PAIMANA_TRANSITION,0,1,
P-702664,2025-09,2026-11-01,REVISED,2026-11-01,REVISED,PAIMANA,0,1,
P-702665,2025-07,2026-06-01,REVISED,2026-06-01,REVISED,PAIMANA_TRANSITION,0,1,
P-702665,2025-08,2026-06-01,REVISED,2026-06-01,REVISED,PAIMANA_TRANSITION,0,1,
P-702665,2025-09,2026-06-01,REVISED,2026-06-01,REVISED,PAIMANA,0,1,
P-702668,2025-08,2029-08-01,ORIGINAL,2029-08-01,ORIGINAL,PAIMANA_TRANSITION,0,1,
P-702668,2025-09,2029-08-01,ORIGINAL,2029-08-01,ORIGINAL,PAIMANA,0,1,
P-702674,2025-09,2025-12-01,REVISED,2025-12-01,REVISED,PAIMANA,0,1,
P-702674,2025-11,2025-12-01,REVISED,2026-01-01,REVISED,PAIMANA,1,1,
P-702674,2025-12,2026-01-01,REVISED,2026-03-01,REVISED,PAIMANA,2,1,
P-702674,2026-03,2026-03-01,REVISED,2026-06-01,REVISED,PAIMANA,3,1,
P-702682,2025-09,2025-12-01,REVISED,2025-12-01,REVISED,PAIMANA,0,1,
P-702699,2025-09,2024-03-01,REVISED,2025-12-01,REVISED,PAIMANA,21,0,REPORTING_REGIME_CHANGE
P-702699,2025-11,2025-12-01,REVISED,2026-01-01,REVISED,PAIMANA,1,1,
P-702699,2025-12,2026-01-01,REVISED,2026-03-01,REVISED,PAIMANA,2,1,
P-702699,2026-03,2026-03-01,REVISED,2026-06-01,REVISED,PAIMANA,3,1,
P-702734,2025-09,2026-03-01,REVISED,2026-03-01,REVISED,PAIMANA,0,1,
P-702734,2026-03,2026-03-01,REVISED,2026-09-01,REVISED,PAIMANA,6,1,
P-702735,2025-09,2025-12-01,REVISED,2025-12-01,REVISED,PAIMANA,0,1,
P-702735,2025-11,2025-12-01,REVISED,2026-01-01,REVISED,PAIMANA,1,1,
P-702735,2026-01,2026-01-01,REVISED,2026-03-01,REVISED,PAIMANA,2,1,
P-702735,2026-03,2026-03-01,REVISED,2026-05-01,REVISED,PAIMANA,2,1,
P-702741,2025-09,2026-03-01,REVISED,2026-03-01,REVISED,PAIMANA,0,1,
P-702741,2026-03,2026-03-01,REVISED,2026-06-01,REVISED,PAIMANA,3,1,
P-702742,2025-09,2026-03-01,REVISED,2026-03-01,REVISED,PAIMANA,0,1,
P-702742,2026-03,2026-03-01,REVISED,2026-06-01,REVISED,PAIMANA,3,1,
P-702746,2025-09,2026-03-01,REVISED,2026-03-01,REVISED,PAIMANA,0,1,
P-702746,2026-03,2026-03-01,REVISED,2026-06-01,REVISED,PAIMANA,3,1,
P-702760,2025-09,2025-12-01,REVISED,2025-12-01,REVISED,PAIMANA,0,1,
P-702760,2025-12,2025-12-01,REVISED,2026-03-01,REVISED,PAIMANA,3,1,
P-702760,2026-03,2026-03-01,REVISED,2026-06-01,REVISED,PAIMANA,3,1,
P-702764,2025-09,2025-12-01,REVISED,2025-12-01,REVISED,PAIMANA,0,1,
P-702764,2025-12,2025-12-01,REVISED,2026-03-01,REVISED,PAIMANA,3,1,
P-702764,2026-03,2026-03-01,REVISED,2026-05-01,REVISED,PAIMANA,2,1,
P-702793,2025-09,2025-12-01,REVISED,2025-12-01,REVISED,PAIMANA,0,1,
P-702793,2025-12,2025-12-01,REVISED,2026-01-01,REVISED,PAIMANA,1,1,
P-702793,2026-01,2026-01-01,REVISED,2026-03-01,REVISED,PAIMANA,2,1,
P-702793,2026-03,2026-03-01,REVISED,2026-05-01,REVISED,PAIMANA,2,1,
P-702793,2026-04,2026-05-01,REVISED,2026-06-01,REVISED,PAIMANA,1,1,
P-702798,2025-09,2025-12-01,REVISED,2025-12-01,REVISED,PAIMANA,0,1,
P-702798,2025-12,2025-12-01,REVISED,2026-01-01,REVISED,PAIMANA,1,1,
P-702798,2026-01,2026-01-01,REVISED,2026-03-01,REVISED,PAIMANA,2,1,
P-702798,2026-03,2026-03-01,REVISED,2026-06-01,REVISED,PAIMANA,3,1,
P-702808,2025-09,2025-12-01,REVISED,2025-12-01,REVISED,PAIMANA,0,1,
P-702808,2025-12,2025-12-01,REVISED,2026-03-01,REVISED,PAIMANA,3,1,
P-702808,2026-03,2026-03-01,REVISED,2026-05-01,REVISED,PAIMANA,2,1,
P-702810,2025-09,2025-12-01,REVISED,2025-12-01,REVISED,PAIMANA,0,1,
P-702810,2025-12,2025-12-01,REVISED,2026-03-01,REVISED,PAIMANA,3,1,
P-702810,2026-03,2026-03-01,REVISED,2026-05-01,REVISED,PAIMANA,2,1,
P-702810,2026-04,2026-05-01,REVISED,2026-06-01,REVISED,PAIMANA,1,1,
P-702833,2025-09,2025-12-01,REVISED,2025-12-01,REVISED,PAIMANA,0,1,
P-702833,2025-12,2025-12-01,REVISED,2026-03-01,REVISED,PAIMANA,3,1,
P-702833,2026-02,2026-03-01,REVISED,2026-06-01,REVISED,PAIMANA,3,1,
P-702840,2025-09,2025-12-01,REVISED,2025-12-01,REVISED,PAIMANA,0,1,
P-702840,2025-12,2025-12-01,REVISED,2026-02-01,REVISED,PAIMANA,2,1,
P-702840,2026-01,2026-02-01,REVISED,2026-03-01,REVISED,PAIMANA,1,1,
P-702840,2026-03,2026-03-01,REVISED,2026-05-01,REVISED,PAIMANA,2,1,
P-702842,2025-09,2025-09-01,REVISED,2025-12-01,REVISED,PAIMANA,3,0,REPORTING_REGIME_CHANGE
P-702851,2025-09,2025-10-01,REVISED,2025-10-01,REVISED,PAIMANA,0,1,
P-702851,2025-12,2025-10-01,REVISED,2026-03-01,REVISED,PAIMANA,5,1,
P-702851,2026-03,2026-03-01,REVISED,2026-05-01,REVISED,PAIMANA,2,1,
P-702854,2025-09,2025-12-01,REVISED,2025-12-01,REVISED,PAIMANA,0,1,
P-702854,2025-12,2025-12-01,REVISED,2026-03-01,REVISED,PAIMANA,3,1,
P-702854,2026-03,2026-03-01,REVISED,2026-05-01,REVISED,PAIMANA,2,1,
P-702854,2026-04,2026-05-01,REVISED,2026-06-01,REVISED,PAIMANA,1,1,
P-702948,2025-09,2025-12-01,REVISED,2025-12-01,REVISED,PAIMANA,0,1,
P-702948,2025-12,2025-12-01,REVISED,2026-02-01,REVISED,PAIMANA,2,1,
P-702948,2026-01,2026-02-01,REVISED,2026-03-01,REVISED,PAIMANA,1,1,
P-702949,2025-09,2025-09-01,REVISED,2025-09-01,REVISED,PAIMANA,0,1,
P-702949,2025-10,2025-09-01,REVISED,2025-12-01,REVISED,PAIMANA,3,1,
P-702949,2025-12,2025-12-01,REVISED,2026-02-01,REVISED,PAIMANA,2,1,
P-702949,2026-01,2026-02-01,REVISED,2026-03-01,REVISED,PAIMANA,1,1,
P-702949,2026-03,2026-03-01,REVISED,2026-05-01,REVISED,PAIMANA,2,1,
P-703021,2025-09,2026-03-01,REVISED,2026-03-01,REVISED,PAIMANA,0,1,
P-703021,2026-03,2026-03-01,REVISED,2026-06-01,REVISED,PAIMANA,3,1,
P-703057,2025-09,2025-12-01,REVISED,2025-12-01,REVISED,PAIMANA,0,1,
P-703057,2025-12,2025-12-01,REVISED,2026-02-01,REVISED,PAIMANA,2,1,
P-703057,2026-01,2026-02-01,REVISED,2026-03-01,REVISED,PAIMANA,1,1,
P-703057,2026-03,2026-03-01,REVISED,2026-05-01,REVISED,PAIMANA,2,1,
P-703057,2026-04,2026-05-01,REVISED,2026-06-01,REVISED,PAIMANA,1,1,
P-703585,2025-07,2026-03-01,REVISED,2026-06-01,REVISED,PAIMANA_TRANSITION,3,0,REPORTING_REGIME_CHANGE
P-703585,2025-08,2026-06-01,REVISED,2025-08-01,REVISED,PAIMANA_TRANSITION,-10,1,
P-703585,2025-09,2025-08-01,REVISED,2026-03-01,REVISED,PAIMANA,7,0,REPORTING_REGIME_CHANGE
P-703586,2025-02,2026-03-01,ORIGINAL,2026-03-01,REVISED,OCMS_LEGACY,0,1,
P-703586,2025-07,2026-03-01,REVISED,2026-01-01,REVISED,PAIMANA_TRANSITION,-2,0,REPORTING_REGIME_CHANGE
P-703586,2025-08,2026-01-01,REVISED,2026-01-01,REVISED,PAIMANA_TRANSITION,0,1,
P-703586,2025-09,2026-01-01,REVISED,2026-01-01,REVISED,PAIMANA,0,1,
P-704495,2025-08,2025-12-01,REVISED,2025-12-01,REVISED,PAIMANA_TRANSITION,0,1,
P-704495,2025-09,2025-12-01,REVISED,2025-12-01,REVISED,PAIMANA,0,1,
P-704495,2026-01,2025-12-01,REVISED,2026-06-01,REVISED,PAIMANA,6,1,
P-705237,2025-07,2020-03-01,REVISED,2025-12-01,REVISED,PAIMANA_TRANSITION,69,0,REPORTING_REGIME_CHANGE
P-705237,2025-08,2025-12-01,REVISED,2025-12-01,REVISED,PAIMANA_TRANSITION,0,1,
P-705237,2025-09,2025-12-01,REVISED,2025-12-01,REVISED,PAIMANA,0,1,
P-705244,2025-08,2021-12-01,ORIGINAL,2021-12-01,ORIGINAL,PAIMANA_TRANSITION,0,1,
P-705244,2025-09,2021-12-01,ORIGINAL,2021-12-01,ORIGINAL,PAIMANA,0,1,
P-705252,2025-09,2023-12-01,ORIGINAL,2023-12-01,ORIGINAL,PAIMANA,0,1,
P-705253,2025-09,2020-12-01,ORIGINAL,2020-12-01,ORIGINAL,PAIMANA,0,1,
P-705253,2026-04,2020-12-01,ORIGINAL,2026-12-01,REVISED,PAIMANA,72,0,TARGET_SOURCE_TRANSITION
P-705298,2025-08,2024-03-01,ORIGINAL,2024-03-01,ORIGINAL,PAIMANA_TRANSITION,0,1,
P-705298,2025-09,2024-03-01,ORIGINAL,2024-03-01,ORIGINAL,PAIMANA,0,1,
P-705300,2025-08,2023-12-01,ORIGINAL,2023-12-01,ORIGINAL,PAIMANA_TRANSITION,0,1,
P-705300,2025-09,2023-12-01,ORIGINAL,2023-12-01,ORIGINAL,PAIMANA,0,1,
P-705356,2025-08,2026-03-01,REVISED,2026-03-01,REVISED,PAIMANA_TRANSITION,0,1,
P-705356,2025-09,2026-03-01,REVISED,2026-03-01,REVISED,PAIMANA,0,1,
P-705357,2025-03,2026-02-01,REVISED,2027-03-01,ORIGINAL,OCMS_LEGACY,13,0,TARGET_SOURCE_TRANSITION
P-705357,2025-04,2027-03-01,ORIGINAL,2027-03-01,REVISED,OCMS_LEGACY,0,1,
P-705357,2025-07,2027-03-01,REVISED,2027-03-01,REVISED,PAIMANA_TRANSITION,0,1,
P-705357,2025-08,2027-03-01,REVISED,2027-03-01,REVISED,PAIMANA_TRANSITION,0,1,
P-705357,2025-09,2027-03-01,REVISED,2027-03-01,REVISED,PAIMANA,0,1,
P-705358,2025-08,2026-12-01,REVISED,2026-12-01,REVISED,PAIMANA_TRANSITION,0,1,
P-705358,2025-09,2026-12-01,REVISED,2026-12-01,REVISED,PAIMANA,0,1,
P-705359,2025-08,2027-03-01,REVISED,2027-03-01,REVISED,PAIMANA_TRANSITION,0,1,
P-705359,2025-09,2027-03-01,REVISED,2027-03-01,REVISED,PAIMANA,0,1,
P-705359,2026-02,2027-03-01,REVISED,2029-03-01,REVISED,PAIMANA,24,1,
P-705362,2025-07,2026-03-01,REVISED,2026-03-01,REVISED,PAIMANA_TRANSITION,0,1,
P-705362,2025-08,2026-03-01,REVISED,2026-03-01,REVISED,PAIMANA_TRANSITION,0,1,
P-705362,2025-09,2026-03-01,REVISED,2026-03-01,REVISED,PAIMANA,0,1,
P-705364,2025-08,2027-03-01,REVISED,2027-03-01,REVISED,PAIMANA_TRANSITION,0,1,
P-705364,2025-09,2027-03-01,REVISED,2027-03-01,REVISED,PAIMANA,0,1,
P-705366,2025-08,2026-12-01,REVISED,2026-12-01,REVISED,PAIMANA_TRANSITION,0,1,
P-705366,2025-09,2026-12-01,REVISED,2026-12-01,REVISED,PAIMANA,0,1,
P-705366,2026-04,2026-12-01,REVISED,2027-06-01,REVISED,PAIMANA,6,1,
P-705368,2025-03,2025-01-01,ORIGINAL,2025-05-01,ORIGINAL,OCMS_LEGACY,4,1,
P-705368,2025-04,2025-05-01,ORIGINAL,2025-05-01,REVISED,OCMS_LEGACY,0,1,
P-705368,2025-07,2025-05-01,REVISED,2027-01-01,REVISED,PAIMANA_TRANSITION,20,0,REPORTING_REGIME_CHANGE
P-705368,2025-08,2027-01-01,REVISED,2027-01-01,REVISED,PAIMANA_TRANSITION,0,1,
P-705368,2025-09,2027-01-01,REVISED,2027-01-01,REVISED,PAIMANA,0,1,
P-705373,2025-03,2024-12-01,ORIGINAL,2025-05-01,ORIGINAL,OCMS_LEGACY,5,1,
P-705373,2025-04,2025-05-01,ORIGINAL,2025-05-01,REVISED,OCMS_LEGACY,0,1,
P-705373,2025-07,2025-05-01,REVISED,2025-08-01,REVISED,PAIMANA_TRANSITION,3,0,REPORTING_REGIME_CHANGE
P-705373,2025-08,2025-08-01,REVISED,2025-08-01,REVISED,PAIMANA_TRANSITION,0,1,
P-705373,2025-09,2025-08-01,REVISED,2025-08-01,REVISED,PAIMANA,0,1,
P-705375,2025-08,2026-02-01,REVISED,2026-02-01,REVISED,PAIMANA_TRANSITION,0,1,
P-705375,2025-09,2026-02-01,REVISED,2026-02-01,REVISED,PAIMANA,0,1,
P-705385,2025-03,2028-03-01,REVISED,2028-03-01,ORIGINAL,OCMS_LEGACY,0,1,
P-705385,2025-04,2028-03-01,ORIGINAL,2028-03-01,ANTICIPATED,OCMS_LEGACY,0,1,
P-705385,2025-05,2028-03-01,ANTICIPATED,2028-03-01,REVISED,OCMS_LEGACY,0,1,
P-705385,2025-07,2028-03-01,REVISED,2028-03-01,REVISED,PAIMANA_TRANSITION,0,1,
P-705385,2025-08,2028-03-01,REVISED,2028-03-01,REVISED,PAIMANA_TRANSITION,0,1,
P-705385,2025-09,2028-03-01,REVISED,2028-03-01,REVISED,PAIMANA,0,1,
P-705391,2025-09,2029-06-01,REVISED,2029-06-01,REVISED,PAIMANA,0,1,
P-705392,2025-07,2029-12-01,REVISED,2025-12-01,REVISED,PAIMANA_TRANSITION,-48,0,REPORTING_REGIME_CHANGE
P-705392,2025-08,2025-12-01,REVISED,2025-12-01,REVISED,PAIMANA_TRANSITION,0,1,
P-705392,2025-09,2025-12-01,REVISED,2025-12-01,REVISED,PAIMANA,0,1,
P-705392,2026-01,2025-12-01,REVISED,2029-12-01,REVISED,PAIMANA,48,1,
P-705401,2025-02,2025-11-01,ORIGINAL,2025-11-01,REVISED,OCMS_LEGACY,0,1,
P-705401,2025-03,2025-11-01,REVISED,2025-11-01,ORIGINAL,OCMS_LEGACY,0,1,
P-705401,2025-04,2025-11-01,ORIGINAL,2025-11-01,REVISED,OCMS_LEGACY,0,1,
P-705401,2025-05,2025-11-01,REVISED,2026-02-01,REVISED,OCMS_LEGACY,3,1,
P-705401,2025-06,2026-02-01,REVISED,2025-11-01,REVISED,OCMS_LEGACY,-3,1,
P-705401,2025-07,2025-11-01,REVISED,2025-12-01,REVISED,PAIMANA_TRANSITION,1,0,REPORTING_REGIME_CHANGE
P-705401,2025-08,2025-12-01,REVISED,2025-12-01,REVISED,PAIMANA_TRANSITION,0,1,
P-705401,2025-09,2025-12-01,REVISED,2026-05-01,REVISED,PAIMANA,5,0,REPORTING_REGIME_CHANGE
P-705401,2026-02,2026-05-01,REVISED,2026-12-01,REVISED,PAIMANA,7,1,
P-705410,2025-08,2027-01-01,REVISED,2027-01-01,REVISED,PAIMANA_TRANSITION,0,1,
P-705410,2025-09,2027-01-01,REVISED,2027-01-01,REVISED,PAIMANA,0,1,
P-705410,2025-11,2027-01-01,REVISED,2027-12-01,REVISED,PAIMANA,11,1,
P-705419,2025-07,2024-12-01,REVISED,2026-02-01,REVISED,PAIMANA_TRANSITION,14,0,REPORTING_REGIME_CHANGE
P-705419,2025-08,2026-02-01,REVISED,2026-02-01,REVISED,PAIMANA_TRANSITION,0,1,
P-705419,2025-09,2026-02-01,REVISED,2026-02-01,REVISED,PAIMANA,0,1,
P-705424,2025-02,2026-07-01,ORIGINAL,2026-07-01,REVISED,OCMS_LEGACY,0,1,
P-705424,2025-03,2026-07-01,REVISED,2026-12-01,ORIGINAL,OCMS_LEGACY,5,0,TARGET_SOURCE_TRANSITION
P-705424,2025-04,2026-12-01,ORIGINAL,2026-12-01,ANTICIPATED,OCMS_LEGACY,0,1,
P-705424,2025-05,2026-12-01,ANTICIPATED,2026-12-01,REVISED,OCMS_LEGACY,0,1,
P-705424,2025-07,2026-12-01,REVISED,2026-12-01,REVISED,PAIMANA_TRANSITION,0,1,
P-705424,2025-08,2026-12-01,REVISED,2026-12-01,REVISED,PAIMANA_TRANSITION,0,1,
P-705424,2025-09,2026-12-01,REVISED,2026-12-01,REVISED,PAIMANA,0,1,
P-705428,2025-02,2025-03-01,ORIGINAL,2025-03-01,REVISED,OCMS_LEGACY,0,1,
P-705428,2025-03,2025-03-01,REVISED,2025-03-01,ORIGINAL,OCMS_LEGACY,0,1,
P-705428,2025-04,2025-03-01,ORIGINAL,2025-03-01,REVISED,OCMS_LEGACY,0,1,
P-705428,2025-07,2025-03-01,REVISED,2027-12-01,REVISED,PAIMANA_TRANSITION,33,0,REPORTING_REGIME_CHANGE
P-705428,2025-08,2027-12-01,REVISED,2027-12-01,REVISED,PAIMANA_TRANSITION,0,1,
P-705428,2025-09,2027-12-01,REVISED,2027-12-01,REVISED,PAIMANA,0,1,
P-705429,2025-02,2025-03-01,ORIGINAL,2025-03-01,REVISED,OCMS_LEGACY,0,1,
P-705429,2025-07,2025-03-01,REVISED,2027-03-01,REVISED,PAIMANA_TRANSITION,24,0,REPORTING_REGIME_CHANGE
P-705429,2025-08,2027-03-01,REVISED,2027-03-01,REVISED,PAIMANA_TRANSITION,0,1,
P-705429,2025-09,2027-03-01,REVISED,2027-03-01,REVISED,PAIMANA,0,1,
P-705429,2025-12,2027-03-01,REVISED,2028-12-01,REVISED,PAIMANA,21,1,
P-705432,2025-04,2027-12-01,ORIGINAL,2027-12-01,ANTICIPATED,OCMS_LEGACY,0,1,
P-705432,2025-05,2027-12-01,ANTICIPATED,2027-12-01,REVISED,OCMS_LEGACY,0,1,
P-705432,2025-07,2027-12-01,REVISED,2027-12-01,REVISED,PAIMANA_TRANSITION,0,1,
P-705432,2025-08,2027-12-01,REVISED,2027-12-01,REVISED,PAIMANA_TRANSITION,0,1,
P-705432,2025-09,2027-12-01,REVISED,2027-12-01,REVISED,PAIMANA,0,1,
P-705433,2025-08,2025-12-01,REVISED,2025-12-01,REVISED,PAIMANA_TRANSITION,0,1,
P-705433,2025-09,2025-12-01,REVISED,2025-12-01,REVISED,PAIMANA,0,1,
P-705434,2025-08,2027-03-01,REVISED,2027-03-01,REVISED,PAIMANA_TRANSITION,0,1,
P-705434,2025-09,2027-03-01,REVISED,2027-03-01,REVISED,PAIMANA,0,1,
P-705436,2025-08,2028-03-01,REVISED,2028-03-01,REVISED,PAIMANA_TRANSITION,0,1,
P-705436,2025-09,2028-03-01,REVISED,2028-03-01,REVISED,PAIMANA,0,1,
P-705437,2025-07,2025-03-01,REVISED,2027-12-01,REVISED,PAIMANA_TRANSITION,33,0,REPORTING_REGIME_CHANGE
P-705437,2025-08,2027-12-01,REVISED,2027-12-01,REVISED,PAIMANA_TRANSITION,0,1,
P-705437,2025-09,2027-12-01,REVISED,2027-12-01,REVISED,PAIMANA,0,1,
P-705444,2025-08,2025-12-01,REVISED,2025-12-01,REVISED,PAIMANA_TRANSITION,0,1,
P-705444,2025-09,2025-12-01,REVISED,2025-12-01,REVISED,PAIMANA,0,1,
P-705444,2026-04,2025-12-01,REVISED,2026-12-01,REVISED,PAIMANA,12,1,
P-705450,2025-04,2026-12-01,ORIGINAL,2026-12-01,ANTICIPATED,OCMS_LEGACY,0,1,
P-705450,2025-05,2026-12-01,ANTICIPATED,2026-12-01,REVISED,OCMS_LEGACY,0,1,
P-705450,2025-07,2026-12-01,REVISED,2026-12-01,REVISED,PAIMANA_TRANSITION,0,1,
P-705450,2025-08,2026-12-01,REVISED,2026-12-01,REVISED,PAIMANA_TRANSITION,0,1,
P-705450,2025-09,2026-12-01,REVISED,2026-12-01,REVISED,PAIMANA,0,1,
P-705453,2025-04,2027-02-01,REVISED,2027-02-01,ANTICIPATED,OCMS_LEGACY,0,1,
P-705453,2025-05,2027-02-01,ANTICIPATED,2027-02-01,REVISED,OCMS_LEGACY,0,1,
P-705453,2025-07,2027-02-01,REVISED,2027-02-01,REVISED,PAIMANA_TRANSITION,0,1,
P-705453,2025-08,2027-02-01,REVISED,2027-02-01,REVISED,PAIMANA_TRANSITION,0,1,
P-705453,2025-09,2027-02-01,REVISED,2027-02-01,REVISED,PAIMANA,0,1,
P-705454,2025-02,2027-12-01,ORIGINAL,2027-12-01,REVISED,OCMS_LEGACY,0,1,
P-705454,2025-03,2027-12-01,REVISED,2027-12-01,ORIGINAL,OCMS_LEGACY,0,1,
P-705454,2025-04,2027-12-01,ORIGINAL,2027-12-01,ANTICIPATED,OCMS_LEGACY,0,1,
P-705454,2025-05,2027-12-01,ANTICIPATED,2027-12-01,REVISED,OCMS_LEGACY,0,1,
P-705454,2025-07,2027-12-01,REVISED,2025-12-01,REVISED,PAIMANA_TRANSITION,-24,0,REPORTING_REGIME_CHANGE
P-705454,2025-08,2025-12-01,REVISED,2025-12-01,REVISED,PAIMANA_TRANSITION,0,1,
P-705454,2025-09,2025-12-01,REVISED,2025-12-01,REVISED,PAIMANA,0,1,
P-705457,2025-02,2027-02-01,ORIGINAL,2027-02-01,REVISED,OCMS_LEGACY,0,1,
P-705457,2025-04,2027-02-01,REVISED,2027-02-01,ANTICIPATED,OCMS_LEGACY,0,1,
P-705457,2025-05,2027-02-01,ANTICIPATED,2027-02-01,REVISED,OCMS_LEGACY,0,1,
P-705457,2025-07,2027-02-01,REVISED,2028-09-01,REVISED,PAIMANA_TRANSITION,19,0,REPORTING_REGIME_CHANGE
P-705457,2025-08,2028-09-01,REVISED,2028-09-01,REVISED,PAIMANA_TRANSITION,0,1,
P-705457,2025-09,2028-09-01,REVISED,2028-09-01,REVISED,PAIMANA,0,1,
P-705458,2025-04,2026-10-01,ORIGINAL,2026-10-01,ANTICIPATED,OCMS_LEGACY,0,1,
P-705458,2025-05,2026-10-01,ANTICIPATED,2026-10-01,REVISED,OCMS_LEGACY,0,1,
P-705458,2025-07,2026-10-01,REVISED,2026-12-01,REVISED,PAIMANA_TRANSITION,2,0,REPORTING_REGIME_CHANGE
P-705458,2025-08,2026-12-01,REVISED,2026-12-01,REVISED,PAIMANA_TRANSITION,0,1,
P-705458,2025-09,2026-12-01,REVISED,2026-12-01,REVISED,PAIMANA,0,1,
P-705479,2025-07,2026-12-01,REVISED,2027-03-01,REVISED,PAIMANA_TRANSITION,3,0,REPORTING_REGIME_CHANGE
P-705479,2025-08,2027-03-01,REVISED,2027-03-01,REVISED,PAIMANA_TRANSITION,0,1,
P-705479,2025-09,2027-03-01,REVISED,2027-03-01,REVISED,PAIMANA,0,1,
P-705480,2025-08,2027-12-01,REVISED,2027-12-01,REVISED,PAIMANA_TRANSITION,0,1,
P-705480,2025-09,2027-12-01,REVISED,2027-12-01,REVISED,PAIMANA,0,1,
P-705481,2025-08,2027-12-01,REVISED,2027-12-01,REVISED,PAIMANA_TRANSITION,0,1,
P-705481,2025-09,2027-12-01,REVISED,2027-12-01,REVISED,PAIMANA,0,1,
P-705482,2025-04,2026-12-01,ORIGINAL,2026-12-01,REVISED,OCMS_LEGACY,0,1,
P-705482,2025-07,2026-12-01,REVISED,2027-02-01,REVISED,PAIMANA_TRANSITION,2,0,REPORTING_REGIME_CHANGE
P-705482,2025-08,2027-02-01,REVISED,2027-02-01,REVISED,PAIMANA_TRANSITION,0,1,
P-705482,2025-09,2027-02-01,REVISED,2027-02-01,REVISED,PAIMANA,0,1,
P-705490,2025-03,2027-12-01,REVISED,2027-12-01,ORIGINAL,OCMS_LEGACY,0,1,
P-705490,2025-04,2027-12-01,ORIGINAL,2027-12-01,REVISED,OCMS_LEGACY,0,1,
P-705490,2025-05,2027-12-01,REVISED,2028-03-01,REVISED,OCMS_LEGACY,3,1,
P-705490,2025-07,2028-03-01,REVISED,2027-12-01,REVISED,PAIMANA_TRANSITION,-3,0,REPORTING_REGIME_CHANGE
P-705490,2025-08,2027-12-01,REVISED,2027-12-01,REVISED,PAIMANA_TRANSITION,0,1,
P-705490,2025-09,2027-12-01,REVISED,2027-12-01,REVISED,PAIMANA,0,1,
P-705491,2025-02,2027-12-01,ORIGINAL,2027-12-01,REVISED,OCMS_LEGACY,0,1,
P-705491,2025-03,2027-12-01,REVISED,2027-12-01,ORIGINAL,OCMS_LEGACY,0,1,
P-705491,2025-04,2027-12-01,ORIGINAL,2027-12-01,REVISED,OCMS_LEGACY,0,1,
P-705491,2025-07,2027-12-01,REVISED,2026-06-01,REVISED,PAIMANA_TRANSITION,-18,0,REPORTING_REGIME_CHANGE
P-705491,2025-08,2026-06-01,REVISED,2026-06-01,REVISED,PAIMANA_TRANSITION,0,1,
P-705491,2025-09,2026-06-01,REVISED,2026-06-01,REVISED,PAIMANA,0,1,
P-705492,2025-07,2026-03-01,REVISED,2025-12-01,REVISED,PAIMANA_TRANSITION,-3,0,REPORTING_REGIME_CHANGE
P-705492,2025-08,2025-12-01,REVISED,2025-12-01,REVISED,PAIMANA_TRANSITION,0,1,
P-705492,2025-09,2025-12-01,REVISED,2025-12-01,REVISED,PAIMANA,0,1,
P-705494,2025-04,2028-02-01,ORIGINAL,2028-02-01,REVISED,OCMS_LEGACY,0,1,
P-705494,2025-07,2028-02-01,REVISED,2028-02-01,REVISED,PAIMANA_TRANSITION,0,1,
P-705494,2025-08,2028-02-01,REVISED,2028-02-01,REVISED,PAIMANA_TRANSITION,0,1,
P-705494,2025-09,2028-02-01,REVISED,2028-02-01,REVISED,PAIMANA,0,1,
P-705495,2025-02,2027-03-01,ORIGINAL,2027-03-01,REVISED,OCMS_LEGACY,0,1,
P-705495,2025-03,2027-03-01,REVISED,2027-03-01,ORIGINAL,OCMS_LEGACY,0,1,
P-705495,2025-04,2027-03-01,ORIGINAL,2027-03-01,REVISED,OCMS_LEGACY,0,1,
P-705495,2025-06,2027-03-01,REVISED,2028-12-01,REVISED,OCMS_LEGACY,21,1,
P-705495,2025-07,2028-12-01,REVISED,2027-01-01,REVISED,PAIMANA_TRANSITION,-23,0,REPORTING_REGIME_CHANGE
P-705495,2025-08,2027-01-01,REVISED,2027-01-01,REVISED,PAIMANA_TRANSITION,0,1,
P-705495,2025-09,2027-01-01,REVISED,2027-01-01,REVISED,PAIMANA,0,1,
P-705496,2025-04,2027-12-01,ORIGINAL,2027-12-01,REVISED,OCMS_LEGACY,0,1,
P-705496,2025-07,2027-12-01,REVISED,2027-12-01,REVISED,PAIMANA_TRANSITION,0,1,
P-705496,2025-08,2027-12-01,REVISED,2027-12-01,REVISED,PAIMANA_TRANSITION,0,1,
P-705496,2025-09,2027-12-01,REVISED,2027-12-01,REVISED,PAIMANA,0,1,
P-705498,2025-02,2025-12-01,ORIGINAL,2025-12-01,REVISED,OCMS_LEGACY,0,1,
P-705498,2025-03,2025-12-01,REVISED,2026-12-01,ORIGINAL,OCMS_LEGACY,12,0,TARGET_SOURCE_TRANSITION
P-705498,2025-04,2026-12-01,ORIGINAL,2026-12-01,REVISED,OCMS_LEGACY,0,1,
P-705498,2025-07,2026-12-01,REVISED,2026-12-01,REVISED,PAIMANA_TRANSITION,0,1,
P-705498,2025-08,2026-12-01,REVISED,2026-12-01,REVISED,PAIMANA_TRANSITION,0,1,
P-705498,2025-09,2026-12-01,REVISED,2026-12-01,REVISED,PAIMANA,0,1,
P-705500,2025-02,2025-05-01,ORIGINAL,2025-05-01,REVISED,OCMS_LEGACY,0,1,
P-705500,2025-03,2025-05-01,REVISED,2026-02-01,REVISED,OCMS_LEGACY,9,1,
P-705500,2025-07,2026-02-01,REVISED,2025-12-01,REVISED,PAIMANA_TRANSITION,-2,0,REPORTING_REGIME_CHANGE
P-705500,2025-08,2025-12-01,REVISED,2025-12-01,REVISED,PAIMANA_TRANSITION,0,1,
P-705500,2025-09,2025-12-01,REVISED,2025-12-01,REVISED,PAIMANA,0,1,
P-705500,2025-12,2025-12-01,REVISED,2026-10-01,REVISED,PAIMANA,10,1,
P-705502,2025-03,2025-08-01,REVISED,2026-03-01,REVISED,OCMS_LEGACY,7,1,
P-705502,2025-07,2026-03-01,REVISED,2026-02-01,REVISED,PAIMANA_TRANSITION,-1,0,REPORTING_REGIME_CHANGE
P-705502,2025-08,2026-02-01,REVISED,2026-02-01,REVISED,PAIMANA_TRANSITION,0,1,
P-705502,2025-09,2026-02-01,REVISED,2026-02-01,REVISED,PAIMANA,0,1,
P-705503,2025-02,2025-03-01,ORIGINAL,2025-03-01,REVISED,OCMS_LEGACY,0,1,
P-705503,2025-03,2025-03-01,REVISED,2025-05-01,ORIGINAL,OCMS_LEGACY,2,0,TARGET_SOURCE_TRANSITION
P-705503,2025-04,2025-05-01,ORIGINAL,2025-05-01,REVISED,OCMS_LEGACY,0,1,
P-705503,2025-07,2025-05-01,REVISED,2025-08-01,REVISED,PAIMANA_TRANSITION,3,0,REPORTING_REGIME_CHANGE
P-705503,2025-08,2025-08-01,REVISED,2025-08-01,REVISED,PAIMANA_TRANSITION,0,1,
P-705503,2025-09,2025-08-01,REVISED,2025-08-01,REVISED,PAIMANA,0,1,
P-705504,2025-02,2025-09-01,ORIGINAL,2025-09-01,REVISED,OCMS_LEGACY,0,1,
P-705504,2025-03,2025-09-01,REVISED,2026-01-01,ORIGINAL,OCMS_LEGACY,4,0,TARGET_SOURCE_TRANSITION
P-705504,2025-04,2026-01-01,ORIGINAL,2026-01-01,REVISED,OCMS_LEGACY,0,1,
P-705504,2025-07,2026-01-01,REVISED,2025-12-01,REVISED,PAIMANA_TRANSITION,-1,0,REPORTING_REGIME_CHANGE
P-705504,2025-08,2025-12-01,REVISED,2026-03-01,REVISED,PAIMANA_TRANSITION,3,1,
P-705504,2025-09,2026-03-01,REVISED,2026-03-01,REVISED,PAIMANA,0,1,
P-705505,2025-02,2025-05-01,ORIGINAL,2025-05-01,REVISED,OCMS_LEGACY,0,1,
P-705505,2025-04,2025-05-01,REVISED,2026-02-01,REVISED,OCMS_LEGACY,9,1,
P-705505,2025-07,2026-02-01,REVISED,2026-02-01,REVISED,PAIMANA_TRANSITION,0,1,
P-705505,2025-08,2026-02-01,REVISED,2026-02-01,REVISED,PAIMANA_TRANSITION,0,1,
P-705505,2025-09,2026-02-01,REVISED,2026-02-01,REVISED,PAIMANA,0,1,
P-705505,2025-12,2026-02-01,REVISED,2026-10-01,REVISED,PAIMANA,8,1,
P-705506,2025-02,2025-03-01,ORIGINAL,2026-03-01,REVISED,OCMS_LEGACY,12,0,TARGET_SOURCE_TRANSITION
P-705506,2025-07,2026-03-01,REVISED,2025-08-01,REVISED,PAIMANA_TRANSITION,-7,0,REPORTING_REGIME_CHANGE
P-705506,2025-08,2025-08-01,REVISED,2025-08-01,REVISED,PAIMANA_TRANSITION,0,1,
P-705506,2025-09,2025-08-01,REVISED,2025-08-01,REVISED,PAIMANA,0,1,
P-705507,2025-07,2027-03-01,REVISED,2027-03-01,REVISED,PAIMANA_TRANSITION,0,1,
P-705507,2025-08,2027-03-01,REVISED,2027-03-01,REVISED,PAIMANA_TRANSITION,0,1,
P-705507,2025-09,2027-03-01,REVISED,2027-03-01,REVISED,PAIMANA,0,1,
P-705507,2025-11,2027-03-01,REVISED,2027-12-01,REVISED,PAIMANA,9,1,
P-705510,2025-02,2025-10-01,ORIGINAL,2025-10-01,REVISED,OCMS_LEGACY,0,1,
P-705510,2025-03,2025-10-01,REVISED,2025-10-01,ORIGINAL,OCMS_LEGACY,0,1,
P-705510,2025-04,2025-10-01,ORIGINAL,2026-01-01,ANTICIPATED,OCMS_LEGACY,3,0,TARGET_SOURCE_TRANSITION
P-705510,2025-05,2026-01-01,ANTICIPATED,2026-06-01,REVISED,OCMS_LEGACY,5,0,TARGET_SOURCE_TRANSITION
P-705510,2025-07,2026-06-01,REVISED,2026-01-01,REVISED,PAIMANA_TRANSITION,-5,0,REPORTING_REGIME_CHANGE
P-705510,2025-08,2026-01-01,REVISED,2026-01-01,REVISED,PAIMANA_TRANSITION,0,1,
P-705510,2025-09,2026-01-01,REVISED,2026-01-01,REVISED,PAIMANA,0,1,
P-705511,2025-02,2022-03-01,ORIGINAL,2022-03-01,REVISED,OCMS_LEGACY,0,1,
P-705511,2025-07,2022-03-01,REVISED,2026-12-01,REVISED,PAIMANA_TRANSITION,57,0,REPORTING_REGIME_CHANGE
P-705511,2025-08,2026-12-01,REVISED,2026-12-01,REVISED,PAIMANA_TRANSITION,0,1,
P-705511,2025-09,2026-12-01,REVISED,2026-12-01,REVISED,PAIMANA,0,1,
P-705512,2025-02,2022-03-01,ORIGINAL,2022-03-01,REVISED,OCMS_LEGACY,0,1,
P-705512,2025-07,2022-03-01,REVISED,2028-03-01,REVISED,PAIMANA_TRANSITION,72,0,REPORTING_REGIME_CHANGE
P-705512,2025-08,2028-03-01,REVISED,2028-03-01,REVISED,PAIMANA_TRANSITION,0,1,
P-705512,2025-09,2028-03-01,REVISED,2028-03-01,REVISED,PAIMANA,0,1,
P-705513,2025-02,2026-03-01,ORIGINAL,2026-03-01,REVISED,OCMS_LEGACY,0,1,
P-705513,2025-04,2026-03-01,REVISED,2026-03-01,ANTICIPATED,OCMS_LEGACY,0,1,
P-705513,2025-05,2026-03-01,ANTICIPATED,2026-03-01,REVISED,OCMS_LEGACY,0,1,
P-705513,2025-07,2026-03-01,REVISED,2028-03-01,REVISED,PAIMANA_TRANSITION,24,0,REPORTING_REGIME_CHANGE
P-705513,2025-08,2028-03-01,REVISED,2028-03-01,REVISED,PAIMANA_TRANSITION,0,1,
P-705513,2025-09,2028-03-01,REVISED,2028-03-01,REVISED,PAIMANA,0,1,
P-705514,2025-07,2026-08-01,REVISED,2026-03-01,REVISED,PAIMANA_TRANSITION,-5,0,REPORTING_REGIME_CHANGE
P-705514,2025-08,2026-03-01,REVISED,2026-03-01,REVISED,PAIMANA_TRANSITION,0,1,
P-705514,2025-09,2026-03-01,REVISED,2026-03-01,REVISED,PAIMANA,0,1,
P-705514,2026-02,2026-03-01,REVISED,2027-03-01,REVISED,PAIMANA,12,1,
P-705514,2026-04,2027-03-01,REVISED,2028-03-01,REVISED,PAIMANA,12,1,
P-705515,2025-02,2025-09-01,REVISED,2025-11-01,REVISED,OCMS_LEGACY,2,1,
P-705515,2025-04,2025-11-01,REVISED,2025-11-01,ANTICIPATED,OCMS_LEGACY,0,1,
P-705515,2025-05,2025-11-01,ANTICIPATED,2025-11-01,REVISED,OCMS_LEGACY,0,1,
P-705515,2025-07,2025-11-01,REVISED,2026-03-01,REVISED,PAIMANA_TRANSITION,4,0,REPORTING_REGIME_CHANGE
P-705515,2025-08,2026-03-01,REVISED,2026-03-01,REVISED,PAIMANA_TRANSITION,0,1,
P-705515,2025-09,2026-03-01,REVISED,2026-03-01,REVISED,PAIMANA,0,1,
P-705520,2025-09,2025-03-01,ORIGINAL,2025-03-01,ORIGINAL,PAIMANA,0,1,
P-705526,2025-03,2025-03-01,ORIGINAL,2025-10-01,ORIGINAL,OCMS_LEGACY,7,1,
P-705526,2025-04,2025-10-01,ORIGINAL,2025-10-01,REVISED,OCMS_LEGACY,0,1,
P-705526,2025-07,2025-10-01,REVISED,2025-10-01,REVISED,PAIMANA_TRANSITION,0,1,
P-705526,2025-08,2025-10-01,REVISED,2025-10-01,REVISED,PAIMANA_TRANSITION,0,1,
P-705526,2025-09,2025-10-01,REVISED,2025-10-01,REVISED,PAIMANA,0,1,
P-705527,2025-03,2024-12-01,REVISED,2025-06-01,REVISED,OCMS_LEGACY,6,1,
P-705527,2025-07,2025-06-01,REVISED,2025-12-01,REVISED,PAIMANA_TRANSITION,6,0,REPORTING_REGIME_CHANGE
P-705527,2025-08,2025-12-01,REVISED,2025-12-01,REVISED,PAIMANA_TRANSITION,0,1,
P-705527,2025-09,2025-12-01,REVISED,2025-12-01,REVISED,PAIMANA,0,1,
P-705528,2025-03,2024-12-01,REVISED,2025-05-01,REVISED,OCMS_LEGACY,5,1,
P-705528,2025-07,2025-05-01,REVISED,2025-08-01,REVISED,PAIMANA_TRANSITION,3,0,REPORTING_REGIME_CHANGE
P-705528,2025-08,2025-08-01,REVISED,2025-08-01,REVISED,PAIMANA_TRANSITION,0,1,
P-705528,2025-09,2025-08-01,REVISED,2026-02-01,REVISED,PAIMANA,6,0,REPORTING_REGIME_CHANGE
P-705528,2026-02,2026-02-01,REVISED,2026-03-01,REVISED,PAIMANA,1,1,
P-705528,2026-03,2026-03-01,REVISED,2026-06-01,REVISED,PAIMANA,3,1,
P-705562,2025-02,2025-04-01,ORIGINAL,2025-12-01,REVISED,OCMS_LEGACY,8,0,TARGET_SOURCE_TRANSITION
P-705562,2025-03,2025-12-01,REVISED,2025-12-01,ORIGINAL,OCMS_LEGACY,0,1,
P-705562,2025-04,2025-12-01,ORIGINAL,2025-12-01,REVISED,OCMS_LEGACY,0,1,
P-705562,2025-07,2025-12-01,REVISED,2026-03-01,REVISED,PAIMANA_TRANSITION,3,0,REPORTING_REGIME_CHANGE
P-705562,2025-08,2026-03-01,REVISED,2025-03-01,REVISED,PAIMANA_TRANSITION,-12,1,
P-705562,2025-09,2025-03-01,REVISED,2026-03-01,REVISED,PAIMANA,12,0,REPORTING_REGIME_CHANGE
P-705562,2026-03,2026-03-01,REVISED,2026-05-01,REVISED,PAIMANA,2,1,
P-705566,2025-08,2025-09-01,REVISED,2025-09-01,REVISED,PAIMANA_TRANSITION,0,1,
P-705566,2025-09,2025-09-01,REVISED,2025-09-01,REVISED,PAIMANA,0,1,
P-705567,2025-04,2025-09-01,ORIGINAL,2025-09-01,REVISED,OCMS_LEGACY,0,1,
P-705567,2025-07,2025-09-01,REVISED,2025-09-01,REVISED,PAIMANA_TRANSITION,0,1,
P-705567,2025-08,2025-09-01,REVISED,2025-09-01,REVISED,PAIMANA_TRANSITION,0,1,
P-705567,2025-09,2025-09-01,REVISED,2025-11-01,REVISED,PAIMANA,2,0,REPORTING_REGIME_CHANGE
P-705567,2025-10,2025-11-01,REVISED,2026-01-01,REVISED,PAIMANA,2,1,
P-705567,2026-03,2026-01-01,REVISED,2026-05-01,REVISED,PAIMANA,4,1,
P-705572,2025-07,2027-03-01,REVISED,2026-03-01,REVISED,PAIMANA_TRANSITION,-12,0,REPORTING_REGIME_CHANGE
P-705572,2025-08,2026-03-01,REVISED,2026-03-01,REVISED,PAIMANA_TRANSITION,0,1,
P-705572,2025-09,2026-03-01,REVISED,2026-03-01,REVISED,PAIMANA,0,1,
P-705583,2025-02,,MISSING,2026-06-01,ORIGINAL,OCMS_LEGACY,,0,MISSING_TARGET
P-705583,2025-04,2026-06-01,ORIGINAL,2026-06-01,REVISED,OCMS_LEGACY,0,1,
P-705583,2025-06,2026-06-01,REVISED,2027-12-01,REVISED,OCMS_LEGACY,18,1,
P-705583,2025-08,2027-12-01,REVISED,2027-12-01,REVISED,PAIMANA_TRANSITION,0,1,
P-705583,2025-09,2027-12-01,REVISED,2027-12-01,REVISED,PAIMANA,0,1,
P-705588,2025-02,2025-03-01,REVISED,2025-12-01,REVISED,OCMS_LEGACY,9,1,
P-705588,2025-07,2025-12-01,REVISED,2026-03-01,REVISED,PAIMANA_TRANSITION,3,0,REPORTING_REGIME_CHANGE
P-705588,2025-08,2026-03-01,REVISED,2026-03-01,REVISED,PAIMANA_TRANSITION,0,1,
P-705588,2025-09,2026-03-01,REVISED,2026-03-01,REVISED,PAIMANA,0,1,
P-705598,2025-02,2027-03-01,ORIGINAL,2027-03-01,REVISED,OCMS_LEGACY,0,1,
P-705598,2025-03,2027-03-01,REVISED,2027-03-01,ORIGINAL,OCMS_LEGACY,0,1,
P-705598,2025-04,2027-03-01,ORIGINAL,2027-03-01,REVISED,OCMS_LEGACY,0,1,
P-705598,2025-05,2027-03-01,REVISED,2026-04-01,REVISED,OCMS_LEGACY,-11,1,
P-705598,2025-07,2026-04-01,REVISED,2026-03-01,REVISED,PAIMANA_TRANSITION,-1,0,REPORTING_REGIME_CHANGE
P-705598,2025-08,2026-03-01,REVISED,2026-03-01,REVISED,PAIMANA_TRANSITION,0,1,
P-705598,2025-09,2026-03-01,REVISED,2026-03-01,REVISED,PAIMANA,0,1,
P-705608,2025-07,2027-03-01,REVISED,2026-03-01,REVISED,PAIMANA_TRANSITION,-12,0,REPORTING_REGIME_CHANGE
P-705608,2025-08,2026-03-01,REVISED,2026-03-01,REVISED,PAIMANA_TRANSITION,0,1,
P-705608,2025-09,2026-03-01,REVISED,2026-03-01,REVISED,PAIMANA,0,1,
P-705610,2025-02,2025-12-01,ORIGINAL,2025-12-01,REVISED,OCMS_LEGACY,0,1,
P-705610,2025-07,2025-12-01,REVISED,2025-12-01,REVISED,PAIMANA_TRANSITION,0,1,
P-705610,2025-08,2025-12-01,REVISED,2025-12-01,REVISED,PAIMANA_TRANSITION,0,1,
P-705610,2025-09,2025-12-01,REVISED,2025-12-01,REVISED,PAIMANA,0,1,
P-705610,2026-01,2025-12-01,REVISED,2026-03-01,REVISED,PAIMANA,3,1,
P-705612,2025-07,2025-03-01,REVISED,2025-12-01,REVISED,PAIMANA_TRANSITION,9,0,REPORTING_REGIME_CHANGE
P-705612,2025-08,2025-12-01,REVISED,2025-12-01,REVISED,PAIMANA_TRANSITION,0,1,
P-705612,2025-09,2025-12-01,REVISED,2025-12-01,REVISED,PAIMANA,0,1,
P-705613,2025-03,2025-01-01,REVISED,2025-01-01,ORIGINAL,OCMS_LEGACY,0,1,
P-705613,2025-04,2025-01-01,ORIGINAL,2025-01-01,REVISED,OCMS_LEGACY,0,1,
P-705613,2025-07,2025-01-01,REVISED,2025-11-01,REVISED,PAIMANA_TRANSITION,10,0,REPORTING_REGIME_CHANGE
P-705613,2025-08,2025-11-01,REVISED,2025-11-01,REVISED,PAIMANA_TRANSITION,0,1,
P-705613,2025-09,2025-11-01,REVISED,2025-11-01,REVISED,PAIMANA,0,1,
P-705616,2025-02,2025-12-01,ORIGINAL,2025-12-01,REVISED,OCMS_LEGACY,0,1,
P-705616,2025-04,2025-12-01,REVISED,2025-12-01,ANTICIPATED,OCMS_LEGACY,0,1,
P-705616,2025-05,2025-12-01,ANTICIPATED,2025-12-01,REVISED,OCMS_LEGACY,0,1,
P-705616,2025-07,2025-12-01,REVISED,2025-12-01,REVISED,PAIMANA_TRANSITION,0,1,
P-705616,2025-08,2025-12-01,REVISED,2025-12-01,REVISED,PAIMANA_TRANSITION,0,1,
P-705616,2025-09,2025-12-01,REVISED,2025-12-01,REVISED,PAIMANA,0,1,
P-705616,2025-11,2025-12-01,REVISED,2026-03-01,REVISED,PAIMANA,3,1,
P-705617,2025-05,2025-12-01,REVISED,2026-12-01,REVISED,OCMS_LEGACY,12,1,
P-705617,2025-07,2026-12-01,REVISED,2026-06-01,REVISED,PAIMANA_TRANSITION,-6,0,REPORTING_REGIME_CHANGE
P-705617,2025-08,2026-06-01,REVISED,2026-06-01,REVISED,PAIMANA_TRANSITION,0,1,
P-705617,2025-09,2026-06-01,REVISED,2026-06-01,REVISED,PAIMANA,0,1,
P-705628,2025-02,2026-06-01,ORIGINAL,2026-06-01,REVISED,OCMS_LEGACY,0,1,
P-705628,2025-07,2026-06-01,REVISED,2026-06-01,REVISED,PAIMANA_TRANSITION,0,1,
P-705628,2025-08,2026-06-01,REVISED,2026-06-01,REVISED,PAIMANA_TRANSITION,0,1,
P-705628,2025-09,2026-06-01,REVISED,2026-06-01,REVISED,PAIMANA,0,1,
P-705629,2025-07,2026-06-01,REVISED,2026-06-01,REVISED,PAIMANA_TRANSITION,0,1,
P-705629,2025-08,2026-06-01,REVISED,2026-06-01,REVISED,PAIMANA_TRANSITION,0,1,
P-705629,2025-09,2026-06-01,REVISED,2026-06-01,REVISED,PAIMANA,0,1,
P-705629,2026-03,2026-06-01,REVISED,2027-01-01,REVISED,PAIMANA,7,1,
P-705632,2025-02,2025-12-01,ORIGINAL,2025-12-01,REVISED,OCMS_LEGACY,0,1,
P-705632,2025-07,2025-12-01,REVISED,2025-12-01,REVISED,PAIMANA_TRANSITION,0,1,
P-705632,2025-08,2025-12-01,REVISED,2025-12-01,REVISED,PAIMANA_TRANSITION,0,1,
P-705632,2025-09,2025-12-01,REVISED,2025-12-01,REVISED,PAIMANA,0,1,
P-705633,2025-02,2025-12-01,ORIGINAL,2025-12-01,REVISED,OCMS_LEGACY,0,1,
P-705633,2025-03,2025-12-01,REVISED,2025-12-01,ORIGINAL,OCMS_LEGACY,0,1,
P-705633,2025-04,2025-12-01,ORIGINAL,2025-12-01,REVISED,OCMS_LEGACY,0,1,
P-705633,2025-07,2025-12-01,REVISED,2026-12-01,REVISED,PAIMANA_TRANSITION,12,0,REPORTING_REGIME_CHANGE
P-705633,2025-08,2026-12-01,REVISED,2026-12-01,REVISED,PAIMANA_TRANSITION,0,1,
P-705633,2025-09,2026-12-01,REVISED,2026-12-01,REVISED,PAIMANA,0,1,
P-705635,2025-04,2027-12-01,ORIGINAL,2027-12-01,REVISED,OCMS_LEGACY,0,1,
P-705635,2025-07,2027-12-01,REVISED,2027-12-01,REVISED,PAIMANA_TRANSITION,0,1,
P-705635,2025-08,2027-12-01,REVISED,2027-12-01,REVISED,PAIMANA_TRANSITION,0,1,
P-705635,2025-09,2027-12-01,REVISED,2027-12-01,REVISED,PAIMANA,0,1,
P-705635,2025-10,2027-12-01,REVISED,2026-12-01,REVISED,PAIMANA,-12,1,
P-705635,2026-03,2026-12-01,REVISED,2028-06-01,REVISED,PAIMANA,18,1,
P-705638,2025-07,2026-12-01,REVISED,2027-03-01,REVISED,PAIMANA_TRANSITION,3,0,REPORTING_REGIME_CHANGE
P-705638,2025-08,2027-03-01,REVISED,2027-03-01,REVISED,PAIMANA_TRANSITION,0,1,
P-705638,2025-09,2027-03-01,REVISED,2027-03-01,REVISED,PAIMANA,0,1,
P-705639,2025-07,2026-12-01,REVISED,2028-03-01,REVISED,PAIMANA_TRANSITION,15,0,REPORTING_REGIME_CHANGE
P-705639,2025-08,2028-03-01,REVISED,2028-03-01,REVISED,PAIMANA_TRANSITION,0,1,
P-705639,2025-09,2028-03-01,REVISED,2027-02-01,REVISED,PAIMANA,-13,0,REPORTING_REGIME_CHANGE
P-705648,2025-02,2024-12-01,ORIGINAL,2024-12-01,REVISED,OCMS_LEGACY,0,1,
P-705648,2025-03,2024-12-01,REVISED,2024-12-01,ORIGINAL,OCMS_LEGACY,0,1,
P-705648,2025-04,2024-12-01,ORIGINAL,2024-12-01,REVISED,OCMS_LEGACY,0,1,
P-705648,2025-07,2024-12-01,REVISED,2025-12-01,REVISED,PAIMANA_TRANSITION,12,0,REPORTING_REGIME_CHANGE
P-705648,2025-08,2025-12-01,REVISED,2025-12-01,REVISED,PAIMANA_TRANSITION,0,1,
P-705648,2025-09,2025-12-01,REVISED,2025-12-01,REVISED,PAIMANA,0,1,
P-705648,2025-12,2025-12-01,REVISED,2026-03-01,REVISED,PAIMANA,3,1,
P-705650,2025-07,2026-12-01,REVISED,2027-12-01,REVISED,PAIMANA_TRANSITION,12,0,REPORTING_REGIME_CHANGE
P-705650,2025-08,2027-12-01,REVISED,2027-12-01,REVISED,PAIMANA_TRANSITION,0,1,
P-705650,2025-09,2027-12-01,REVISED,2027-12-01,REVISED,PAIMANA,0,1,
P-705651,2025-08,2025-12-01,REVISED,2025-12-01,REVISED,PAIMANA_TRANSITION,0,1,
P-705651,2025-09,2025-12-01,REVISED,2025-12-01,REVISED,PAIMANA,0,1,
P-705659,2025-02,2026-03-01,ORIGINAL,2026-03-01,REVISED,OCMS_LEGACY,0,1,
P-705659,2025-03,2026-03-01,REVISED,2026-03-01,ORIGINAL,OCMS_LEGACY,0,1,
P-705659,2025-04,2026-03-01,ORIGINAL,2026-03-01,REVISED,OCMS_LEGACY,0,1,
P-705659,2025-07,2026-03-01,REVISED,2026-03-01,REVISED,PAIMANA_TRANSITION,0,1,
P-705659,2025-08,2026-03-01,REVISED,2026-03-01,REVISED,PAIMANA_TRANSITION,0,1,
P-705659,2025-09,2026-03-01,REVISED,2026-03-01,REVISED,PAIMANA,0,1,
P-705660,2025-02,2027-12-01,ORIGINAL,2027-12-01,REVISED,OCMS_LEGACY,0,1,
P-705660,2025-04,2027-12-01,REVISED,2027-12-01,ANTICIPATED,OCMS_LEGACY,0,1,
P-705660,2025-05,2027-12-01,ANTICIPATED,2027-12-01,REVISED,OCMS_LEGACY,0,1,
P-705660,2025-07,2027-12-01,REVISED,2027-12-01,REVISED,PAIMANA_TRANSITION,0,1,
P-705660,2025-08,2027-12-01,REVISED,2025-12-01,REVISED,PAIMANA_TRANSITION,-24,1,
P-705660,2025-09,2025-12-01,REVISED,2025-12-01,REVISED,PAIMANA,0,1,
P-705661,2025-02,2024-09-01,ORIGINAL,2024-09-01,REVISED,OCMS_LEGACY,0,1,
P-705661,2025-04,2024-09-01,REVISED,2024-09-01,ANTICIPATED,OCMS_LEGACY,0,1,
P-705661,2025-05,2024-09-01,ANTICIPATED,2024-09-01,REVISED,OCMS_LEGACY,0,1,
P-705661,2025-07,2024-09-01,REVISED,2026-03-01,REVISED,PAIMANA_TRANSITION,18,0,REPORTING_REGIME_CHANGE
P-705661,2025-08,2026-03-01,REVISED,2026-03-01,REVISED,PAIMANA_TRANSITION,0,1,
P-705661,2025-09,2026-03-01,REVISED,2026-03-01,REVISED,PAIMANA,0,1,
P-705661,2026-03,2026-03-01,REVISED,2026-09-01,REVISED,PAIMANA,6,1,
P-705662,2025-02,2026-02-01,ORIGINAL,2026-02-01,REVISED,OCMS_LEGACY,0,1,
P-705662,2025-03,2026-02-01,REVISED,2026-02-01,ORIGINAL,OCMS_LEGACY,0,1,
P-705662,2025-04,2026-02-01,ORIGINAL,2026-02-01,REVISED,OCMS_LEGACY,0,1,
P-705662,2025-07,2026-02-01,REVISED,2026-03-01,REVISED,PAIMANA_TRANSITION,1,0,REPORTING_REGIME_CHANGE
P-705662,2025-08,2026-03-01,REVISED,2026-03-01,REVISED,PAIMANA_TRANSITION,0,1,
P-705662,2025-09,2026-03-01,REVISED,2026-03-01,REVISED,PAIMANA,0,1,
P-705663,2025-05,2025-06-01,REVISED,2026-02-01,REVISED,OCMS_LEGACY,8,1,
P-705663,2025-07,2026-02-01,REVISED,2026-02-01,REVISED,PAIMANA_TRANSITION,0,1,
P-705663,2025-08,2026-02-01,REVISED,2026-02-01,REVISED,PAIMANA_TRANSITION,0,1,
P-705663,2025-09,2026-02-01,REVISED,2026-02-01,REVISED,PAIMANA,0,1,
P-705667,2025-02,2024-12-01,ORIGINAL,2024-12-01,REVISED,OCMS_LEGACY,0,1,
P-705667,2025-07,2024-12-01,REVISED,2026-12-01,REVISED,PAIMANA_TRANSITION,24,0,REPORTING_REGIME_CHANGE
P-705667,2025-08,2026-12-01,REVISED,2026-12-01,REVISED,PAIMANA_TRANSITION,0,1,
P-705667,2025-09,2026-12-01,REVISED,2026-12-01,REVISED,PAIMANA,0,1,
P-705668,2025-07,2025-03-01,REVISED,2025-12-01,REVISED,PAIMANA_TRANSITION,9,0,REPORTING_REGIME_CHANGE
P-705668,2025-08,2025-12-01,REVISED,2025-12-01,REVISED,PAIMANA_TRANSITION,0,1,
P-705668,2025-09,2025-12-01,REVISED,2025-12-01,REVISED,PAIMANA,0,1,
P-705668,2025-12,2025-12-01,REVISED,2026-06-01,REVISED,PAIMANA,6,1,
P-705694,2025-08,2026-01-01,REVISED,2026-01-01,REVISED,PAIMANA_TRANSITION,0,1,
P-705694,2025-09,2026-01-01,REVISED,2026-01-01,REVISED,PAIMANA,0,1,
P-705708,2025-08,2027-12-01,REVISED,2027-12-01,REVISED,PAIMANA_TRANSITION,0,1,
P-705708,2025-09,2027-12-01,REVISED,2027-12-01,REVISED,PAIMANA,0,1,
P-705710,2025-08,2027-06-01,REVISED,2027-06-01,REVISED,PAIMANA_TRANSITION,0,1,
P-705710,2025-09,2027-06-01,REVISED,2027-06-01,REVISED,PAIMANA,0,1,
P-705712,2025-08,2027-12-01,REVISED,2027-12-01,REVISED,PAIMANA_TRANSITION,0,1,
P-705712,2025-09,2027-12-01,REVISED,2027-12-01,REVISED,PAIMANA,0,1,
P-705717,2025-08,2026-03-01,REVISED,2026-03-01,REVISED,PAIMANA_TRANSITION,0,1,
P-705717,2025-09,2026-03-01,REVISED,2026-03-01,REVISED,PAIMANA,0,1,
P-705720,2025-08,2026-12-01,REVISED,2026-12-01,REVISED,PAIMANA_TRANSITION,0,1,
P-705720,2025-09,2026-12-01,REVISED,2026-12-01,REVISED,PAIMANA,0,1,
P-705721,2025-08,2026-12-01,REVISED,2026-12-01,REVISED,PAIMANA_TRANSITION,0,1,
P-705721,2025-09,2026-12-01,REVISED,2026-12-01,REVISED,PAIMANA,0,1,
P-705721,2025-11,2026-12-01,REVISED,2030-12-01,REVISED,PAIMANA,48,1,
P-705722,2025-08,2027-12-01,REVISED,2027-12-01,REVISED,PAIMANA_TRANSITION,0,1,
P-705722,2025-09,2027-12-01,REVISED,2027-12-01,REVISED,PAIMANA,0,1,
P-705726,2025-08,2028-01-01,REVISED,2028-01-01,REVISED,PAIMANA_TRANSITION,0,1,
P-705726,2025-09,2028-01-01,REVISED,2028-01-01,REVISED,PAIMANA,0,1,
P-705728,2025-07,2027-08-01,REVISED,2029-12-01,REVISED,PAIMANA_TRANSITION,28,0,REPORTING_REGIME_CHANGE
P-705728,2025-08,2029-12-01,REVISED,2029-12-01,REVISED,PAIMANA_TRANSITION,0,1,
P-705728,2025-09,2029-12-01,REVISED,2029-12-01,REVISED,PAIMANA,0,1,
P-705730,2025-07,2026-12-01,REVISED,2028-12-01,REVISED,PAIMANA_TRANSITION,24,0,REPORTING_REGIME_CHANGE
P-705730,2025-08,2028-12-01,REVISED,2028-12-01,REVISED,PAIMANA_TRANSITION,0,1,
P-705730,2025-09,2028-12-01,REVISED,2028-12-01,REVISED,PAIMANA,0,1,
P-705730,2025-10,2028-12-01,REVISED,2029-12-01,REVISED,PAIMANA,12,1,
P-705735,2025-03,2027-10-01,REVISED,2027-12-01,REVISED,OCMS_LEGACY,2,1,
P-705735,2025-07,2027-12-01,REVISED,2028-03-01,REVISED,PAIMANA_TRANSITION,3,0,REPORTING_REGIME_CHANGE
P-705735,2025-08,2028-03-01,REVISED,2028-03-01,REVISED,PAIMANA_TRANSITION,0,1,
P-705735,2025-09,2028-03-01,REVISED,2028-03-01,REVISED,PAIMANA,0,1,
P-705741,2025-02,2028-07-01,ORIGINAL,2028-07-01,REVISED,OCMS_LEGACY,0,1,
P-705741,2025-05,2028-07-01,REVISED,2029-12-01,REVISED,OCMS_LEGACY,17,1,
P-705741,2025-07,2029-12-01,REVISED,2029-12-01,REVISED,PAIMANA_TRANSITION,0,1,
P-705741,2025-08,2029-12-01,REVISED,2029-12-01,REVISED,PAIMANA_TRANSITION,0,1,
P-705741,2025-09,2029-12-01,REVISED,2029-12-01,REVISED,PAIMANA,0,1,
P-705742,2025-02,2033-07-01,ORIGINAL,2033-07-01,REVISED,OCMS_LEGACY,0,1,
P-705742,2025-03,2033-07-01,REVISED,2033-07-01,ORIGINAL,OCMS_LEGACY,0,1,
P-705742,2025-04,2033-07-01,ORIGINAL,2033-07-01,REVISED,OCMS_LEGACY,0,1,
P-705742,2025-07,2033-07-01,REVISED,2033-07-01,REVISED,PAIMANA_TRANSITION,0,1,
P-705742,2025-08,2033-07-01,REVISED,2033-07-01,REVISED,PAIMANA_TRANSITION,0,1,
P-705742,2025-10,2033-07-01,REVISED,2033-07-01,REVISED,PAIMANA,0,1,
P-705743,2025-08,2028-05-01,REVISED,2028-05-01,REVISED,PAIMANA_TRANSITION,0,1,
P-705752,2025-03,2025-03-01,REVISED,2025-06-01,REVISED,OCMS_LEGACY,3,1,
P-705752,2025-07,2025-06-01,REVISED,2026-11-01,REVISED,PAIMANA_TRANSITION,17,0,REPORTING_REGIME_CHANGE
P-705752,2025-08,2026-11-01,REVISED,2026-11-01,REVISED,PAIMANA_TRANSITION,0,1,
P-705752,2025-09,2026-11-01,REVISED,2026-11-01,REVISED,PAIMANA,0,1,
P-705755,2025-08,2028-03-01,REVISED,2028-03-01,REVISED,PAIMANA_TRANSITION,0,1,
P-705756,2025-08,2030-06-01,REVISED,2030-06-01,REVISED,PAIMANA_TRANSITION,0,1,
P-705761,2025-05,2027-12-01,REVISED,2028-12-01,REVISED,OCMS_LEGACY,12,1,
P-705761,2025-07,2028-12-01,REVISED,2028-06-01,REVISED,PAIMANA_TRANSITION,-6,0,REPORTING_REGIME_CHANGE
P-705761,2025-08,2028-06-01,REVISED,2028-06-01,REVISED,PAIMANA_TRANSITION,0,1,
P-705761,2025-09,2028-06-01,REVISED,2028-06-01,REVISED,PAIMANA,0,1,
P-705763,2025-02,2030-09-01,ORIGINAL,2030-09-01,REVISED,OCMS_LEGACY,0,1,
P-705763,2025-07,2030-09-01,REVISED,2030-09-01,REVISED,PAIMANA_TRANSITION,0,1,
P-705763,2025-08,2030-09-01,REVISED,2030-09-01,REVISED,PAIMANA_TRANSITION,0,1,
P-705763,2025-09,2030-09-01,REVISED,2030-09-01,REVISED,PAIMANA,0,1,
P-705764,2025-02,2026-03-01,ORIGINAL,2026-03-01,REVISED,OCMS_LEGACY,0,1,
P-705764,2025-06,2026-03-01,REVISED,2026-12-01,REVISED,OCMS_LEGACY,9,1,
P-705764,2025-07,2026-12-01,REVISED,2025-12-01,REVISED,PAIMANA_TRANSITION,-12,0,REPORTING_REGIME_CHANGE
P-705764,2025-08,2025-12-01,REVISED,2026-06-01,REVISED,PAIMANA_TRANSITION,6,1,
P-705764,2025-09,2026-06-01,REVISED,2026-06-01,REVISED,PAIMANA,0,1,
P-705765,2025-02,2025-12-01,ORIGINAL,2025-12-01,REVISED,OCMS_LEGACY,0,1,
P-705765,2025-03,2025-12-01,REVISED,2026-03-01,REVISED,OCMS_LEGACY,3,1,
P-705765,2025-07,2026-03-01,REVISED,2026-03-01,REVISED,PAIMANA_TRANSITION,0,1,
P-705765,2025-08,2026-03-01,REVISED,2026-03-01,REVISED,PAIMANA_TRANSITION,0,1,
P-705765,2025-09,2026-03-01,REVISED,2026-03-01,REVISED,PAIMANA,0,1,
P-705766,2025-05,2025-06-01,REVISED,2025-11-01,REVISED,OCMS_LEGACY,5,1,
P-705766,2025-07,2025-11-01,REVISED,2025-11-01,REVISED,PAIMANA_TRANSITION,0,1,
P-705766,2025-08,2025-11-01,REVISED,2025-11-01,REVISED,PAIMANA_TRANSITION,0,1,
P-705766,2025-09,2025-11-01,REVISED,2026-01-01,REVISED,PAIMANA,2,0,REPORTING_REGIME_CHANGE
P-705767,2025-08,2028-03-01,REVISED,2028-03-01,REVISED,PAIMANA_TRANSITION,0,1,
P-705771,2025-08,2026-03-01,REVISED,2026-03-01,REVISED,PAIMANA_TRANSITION,0,1,
P-705771,2025-09,2026-03-01,REVISED,2026-03-01,REVISED,PAIMANA,0,1,
P-705772,2025-02,2026-12-01,ORIGINAL,2026-12-01,REVISED,OCMS_LEGACY,0,1,
P-705772,2025-07,2026-12-01,REVISED,2027-03-01,REVISED,PAIMANA_TRANSITION,3,0,REPORTING_REGIME_CHANGE
P-705772,2025-08,2027-03-01,REVISED,2027-03-01,REVISED,PAIMANA_TRANSITION,0,1,
P-705772,2025-09,2027-03-01,REVISED,2027-03-01,REVISED,PAIMANA,0,1,
P-705774,2025-07,2025-12-01,REVISED,2027-03-01,REVISED,PAIMANA_TRANSITION,15,0,REPORTING_REGIME_CHANGE
P-705774,2025-08,2027-03-01,REVISED,2027-03-01,REVISED,PAIMANA_TRANSITION,0,1,
P-705774,2025-09,2027-03-01,REVISED,2027-03-01,REVISED,PAIMANA,0,1,
P-705777,2025-07,2026-03-01,REVISED,2027-02-01,REVISED,PAIMANA_TRANSITION,11,0,REPORTING_REGIME_CHANGE
P-705777,2025-08,2027-02-01,REVISED,2027-02-01,REVISED,PAIMANA_TRANSITION,0,1,
P-705777,2025-09,2027-02-01,REVISED,2027-02-01,REVISED,PAIMANA,0,1,
P-705779,2025-08,2026-03-01,REVISED,2026-03-01,REVISED,PAIMANA_TRANSITION,0,1,
P-705779,2025-09,2026-03-01,REVISED,2026-03-01,REVISED,PAIMANA,0,1,
P-705780,2025-07,2025-02-01,REVISED,2025-10-01,REVISED,PAIMANA_TRANSITION,8,0,REPORTING_REGIME_CHANGE
P-705780,2025-08,2025-10-01,REVISED,2025-10-01,REVISED,PAIMANA_TRANSITION,0,1,
P-705780,2025-09,2025-10-01,REVISED,2025-10-01,REVISED,PAIMANA,0,1,
P-705780,2025-11,2025-10-01,REVISED,2025-12-01,REVISED,PAIMANA,2,1,
P-705780,2025-12,2025-12-01,REVISED,2026-03-01,REVISED,PAIMANA,3,1,
P-705780,2026-03,2026-03-01,REVISED,2026-06-01,REVISED,PAIMANA,3,1,
P-705782,2025-02,2025-03-01,REVISED,2025-12-01,REVISED,OCMS_LEGACY,9,1,
P-705782,2025-04,2025-12-01,REVISED,2025-12-01,ANTICIPATED,OCMS_LEGACY,0,1,
P-705782,2025-05,2025-12-01,ANTICIPATED,2025-12-01,REVISED,OCMS_LEGACY,0,1,
P-705782,2025-06,2025-12-01,REVISED,2026-01-01,REVISED,OCMS_LEGACY,1,1,
P-705782,2025-07,2026-01-01,REVISED,2026-03-01,REVISED,PAIMANA_TRANSITION,2,0,REPORTING_REGIME_CHANGE
P-705782,2025-08,2026-03-01,REVISED,2026-03-01,REVISED,PAIMANA_TRANSITION,0,1,
P-705782,2025-09,2026-03-01,REVISED,2026-03-01,REVISED,PAIMANA,0,1,
P-705782,2026-01,2026-03-01,REVISED,2026-08-01,REVISED,PAIMANA,5,1,
P-705783,2025-02,2025-03-01,REVISED,2025-10-01,REVISED,OCMS_LEGACY,7,1,
P-705783,2025-04,2025-10-01,REVISED,2025-12-01,ANTICIPATED,OCMS_LEGACY,2,0,TARGET_SOURCE_TRANSITION
P-705783,2025-05,2025-12-01,ANTICIPATED,2026-01-01,REVISED,OCMS_LEGACY,1,0,TARGET_SOURCE_TRANSITION
P-705783,2025-06,2026-01-01,REVISED,2026-03-01,REVISED,OCMS_LEGACY,2,1,
P-705783,2025-07,2026-03-01,REVISED,2026-03-01,REVISED,PAIMANA_TRANSITION,0,1,
P-705783,2025-08,2026-03-01,REVISED,2026-03-01,REVISED,PAIMANA_TRANSITION,0,1,
P-705783,2025-09,2026-03-01,REVISED,2026-03-01,REVISED,PAIMANA,0,1,
P-705783,2026-02,2026-03-01,REVISED,2027-02-01,REVISED,PAIMANA,11,1,
P-705784,2025-08,2025-03-01,REVISED,2025-03-01,REVISED,PAIMANA_TRANSITION,0,1,
P-705784,2025-09,2025-03-01,REVISED,2025-03-01,REVISED,PAIMANA,0,1,
P-705785,2025-07,2026-06-01,REVISED,2027-05-01,REVISED,PAIMANA_TRANSITION,11,0,REPORTING_REGIME_CHANGE
P-705785,2025-08,2027-05-01,REVISED,2027-05-01,REVISED,PAIMANA_TRANSITION,0,1,
P-705785,2025-09,2027-05-01,REVISED,2027-05-01,REVISED,PAIMANA,0,1,
P-705789,2025-08,2026-03-01,REVISED,2026-03-01,REVISED,PAIMANA_TRANSITION,0,1,
P-705789,2025-09,2026-03-01,REVISED,2026-03-01,REVISED,PAIMANA,0,1,
P-705793,2025-08,2024-03-01,ORIGINAL,2024-03-01,ORIGINAL,PAIMANA_TRANSITION,0,1,
P-705793,2025-09,2024-03-01,ORIGINAL,2024-03-01,ORIGINAL,PAIMANA,0,1,
P-705793,2026-01,2024-03-01,ORIGINAL,2026-03-01,REVISED,PAIMANA,24,0,TARGET_SOURCE_TRANSITION
P-705794,2025-08,2024-03-01,ORIGINAL,2024-03-01,ORIGINAL,PAIMANA_TRANSITION,0,1,
P-705794,2025-09,2024-03-01,ORIGINAL,2024-03-01,ORIGINAL,PAIMANA,0,1,
P-705799,2025-03,2025-03-01,REVISED,2025-10-01,REVISED,OCMS_LEGACY,7,1,
P-705799,2025-07,2025-10-01,REVISED,2025-12-01,REVISED,PAIMANA_TRANSITION,2,0,REPORTING_REGIME_CHANGE
P-705799,2025-08,2025-12-01,REVISED,2025-12-01,REVISED,PAIMANA_TRANSITION,0,1,
P-705799,2025-09,2025-12-01,REVISED,2025-12-01,REVISED,PAIMANA,0,1,
P-705863,2025-08,2025-08-01,REVISED,2025-09-01,REVISED,PAIMANA_TRANSITION,1,1,
P-705863,2025-09,2025-09-01,REVISED,2025-09-01,REVISED,PAIMANA,0,1,
P-705912,2025-08,2027-03-01,ORIGINAL,2027-03-01,ORIGINAL,PAIMANA_TRANSITION,0,1,
P-705912,2025-09,2027-03-01,ORIGINAL,2027-03-01,ORIGINAL,PAIMANA,0,1,
P-705918,2025-07,2026-06-01,REVISED,2027-03-01,REVISED,PAIMANA_TRANSITION,9,0,REPORTING_REGIME_CHANGE
P-705918,2025-08,2027-03-01,REVISED,2027-03-01,REVISED,PAIMANA_TRANSITION,0,1,
P-705918,2026-01,2027-03-01,REVISED,2027-03-01,REVISED,PAIMANA,0,1,
P-705919,2025-02,2026-05-01,ORIGINAL,2026-05-01,REVISED,OCMS_LEGACY,0,1,
P-705919,2025-03,2026-05-01,REVISED,2026-05-01,ORIGINAL,OCMS_LEGACY,0,1,
P-705919,2025-04,2026-05-01,ORIGINAL,2026-05-01,ANTICIPATED,OCMS_LEGACY,0,1,
P-705919,2025-05,2026-05-01,ANTICIPATED,2026-05-01,REVISED,OCMS_LEGACY,0,1,
P-705919,2025-07,2026-05-01,REVISED,2027-06-01,REVISED,PAIMANA_TRANSITION,13,0,REPORTING_REGIME_CHANGE
P-705919,2025-08,2027-06-01,REVISED,2027-06-01,REVISED,PAIMANA_TRANSITION,0,1,
P-705919,2025-09,2027-06-01,REVISED,2027-06-01,REVISED,PAIMANA,0,1,
P-705933,2025-02,2025-06-01,ORIGINAL,2025-06-01,REVISED,OCMS_LEGACY,0,1,
P-705933,2025-03,2025-06-01,REVISED,2025-06-01,ORIGINAL,OCMS_LEGACY,0,1,
P-705933,2025-04,2025-06-01,ORIGINAL,2025-06-01,ANTICIPATED,OCMS_LEGACY,0,1,
P-705933,2025-05,2025-06-01,ANTICIPATED,2025-12-01,REVISED,OCMS_LEGACY,6,0,TARGET_SOURCE_TRANSITION
P-705933,2025-07,2025-12-01,REVISED,2027-10-01,REVISED,PAIMANA_TRANSITION,22,0,REPORTING_REGIME_CHANGE
P-705933,2025-08,2027-10-01,REVISED,2027-10-01,REVISED,PAIMANA_TRANSITION,0,1,
P-705933,2025-09,2027-10-01,REVISED,2027-10-01,REVISED,PAIMANA,0,1,
P-706718,2025-04,2026-03-01,REVISED,2026-03-01,ANTICIPATED,OCMS_LEGACY,0,1,
P-706718,2025-05,2026-03-01,ANTICIPATED,2026-03-01,REVISED,OCMS_LEGACY,0,1,
P-706718,2025-06,2026-03-01,REVISED,2025-12-01,REVISED,OCMS_LEGACY,-3,1,
P-706718,2025-07,2025-12-01,REVISED,2026-12-01,REVISED,PAIMANA_TRANSITION,12,0,REPORTING_REGIME_CHANGE
P-706718,2025-08,2026-12-01,REVISED,2026-12-01,REVISED,PAIMANA_TRANSITION,0,1,
P-706718,2025-09,2026-12-01,REVISED,2026-12-01,REVISED,PAIMANA,0,1,
P-706724,2025-02,2025-07-01,REVISED,2025-05-01,REVISED,OCMS_LEGACY,-2,1,
P-706724,2025-03,2025-05-01,REVISED,2025-08-01,REVISED,OCMS_LEGACY,3,1,
P-706724,2025-04,2025-08-01,REVISED,2025-08-01,ANTICIPATED,OCMS_LEGACY,0,1,
P-706724,2025-05,2025-08-01,ANTICIPATED,2025-08-01,REVISED,OCMS_LEGACY,0,1,
P-706724,2025-06,2025-08-01,REVISED,2025-09-01,REVISED,OCMS_LEGACY,1,1,
P-706724,2025-07,2025-09-01,REVISED,2025-03-01,ORIGINAL,PAIMANA_TRANSITION,-6,0,REPORTING_REGIME_CHANGE
P-706724,2025-08,2025-03-01,ORIGINAL,2025-11-01,REVISED,PAIMANA_TRANSITION,8,0,TARGET_SOURCE_TRANSITION
P-706724,2025-09,2025-11-01,REVISED,2025-11-01,REVISED,PAIMANA,0,1,
P-706724,2025-12,2025-11-01,REVISED,2026-03-01,REVISED,PAIMANA,4,1,
P-706724,2026-03,2026-03-01,REVISED,2026-06-01,REVISED,PAIMANA,3,1,
P-706757,2025-02,2026-03-01,REVISED,2026-02-01,REVISED,OCMS_LEGACY,-1,1,
P-706757,2025-04,2026-02-01,REVISED,2026-02-01,ANTICIPATED,OCMS_LEGACY,0,1,
P-706757,2025-05,2026-02-01,ANTICIPATED,2026-02-01,REVISED,OCMS_LEGACY,0,1,
P-706757,2025-06,2026-02-01,REVISED,2026-03-01,REVISED,OCMS_LEGACY,1,1,
P-706757,2025-07,2026-03-01,REVISED,2027-03-01,REVISED,PAIMANA_TRANSITION,12,0,REPORTING_REGIME_CHANGE
P-706757,2025-08,2027-03-01,REVISED,2027-03-01,REVISED,PAIMANA_TRANSITION,0,1,
P-706757,2025-09,2027-03-01,REVISED,2027-03-01,REVISED,PAIMANA,0,1,
P-706757,2025-12,2027-03-01,REVISED,2026-03-01,REVISED,PAIMANA,-12,1,
P-706759,2025-03,2025-05-01,REVISED,2025-12-01,REVISED,OCMS_LEGACY,7,1,
P-706759,2025-07,2025-12-01,REVISED,2025-12-01,REVISED,PAIMANA_TRANSITION,0,1,
P-706759,2025-08,2025-12-01,REVISED,2025-12-01,REVISED,PAIMANA_TRANSITION,0,1,
P-706759,2025-09,2025-12-01,REVISED,2025-12-01,REVISED,PAIMANA,0,1,
P-706763,2025-02,2025-12-01,ORIGINAL,2026-03-01,REVISED,OCMS_LEGACY,3,0,TARGET_SOURCE_TRANSITION
P-706763,2025-03,2026-03-01,REVISED,2026-03-01,ORIGINAL,OCMS_LEGACY,0,1,
P-706763,2025-04,2026-03-01,ORIGINAL,2026-03-01,ANTICIPATED,OCMS_LEGACY,0,1,
P-706763,2025-05,2026-03-01,ANTICIPATED,2026-06-01,REVISED,OCMS_LEGACY,3,0,TARGET_SOURCE_TRANSITION
P-706763,2025-07,2026-06-01,REVISED,2026-10-01,REVISED,PAIMANA_TRANSITION,4,0,REPORTING_REGIME_CHANGE
P-706763,2025-08,2026-10-01,REVISED,2026-10-01,REVISED,PAIMANA_TRANSITION,0,1,
P-706763,2025-09,2026-10-01,REVISED,2026-10-01,REVISED,PAIMANA,0,1,
P-706763,2026-01,2026-10-01,REVISED,2026-06-01,REVISED,PAIMANA,-4,1,
P-706775,2025-08,2027-03-01,REVISED,2027-03-01,REVISED,PAIMANA_TRANSITION,0,1,
P-706775,2025-09,2027-03-01,REVISED,2027-03-01,REVISED,PAIMANA,0,1,
P-706776,2025-07,2016-03-01,REVISED,2029-03-01,REVISED,PAIMANA_TRANSITION,156,0,REPORTING_REGIME_CHANGE
P-706776,2025-08,2029-03-01,REVISED,2029-03-01,REVISED,PAIMANA_TRANSITION,0,1,
P-706776,2025-09,2029-03-01,REVISED,2029-03-01,REVISED,PAIMANA,0,1,
P-706777,2025-07,2025-12-01,REVISED,2025-12-01,REVISED,PAIMANA_TRANSITION,0,1,
P-706777,2025-08,2025-12-01,REVISED,2025-12-01,REVISED,PAIMANA_TRANSITION,0,1,
P-706777,2025-09,2025-12-01,REVISED,2025-12-01,REVISED,PAIMANA,0,1,
P-706777,2025-12,2025-12-01,REVISED,2030-12-01,REVISED,PAIMANA,60,1,
P-706779,2025-07,2014-03-01,REVISED,2027-12-01,REVISED,PAIMANA_TRANSITION,165,0,REPORTING_REGIME_CHANGE
P-706779,2025-08,2027-12-01,REVISED,2027-12-01,REVISED,PAIMANA_TRANSITION,0,1,
P-706779,2025-09,2027-12-01,REVISED,2027-12-01,REVISED,PAIMANA,0,1,
P-706780,2025-07,2027-12-01,REVISED,2027-12-01,REVISED,PAIMANA_TRANSITION,0,1,
P-706780,2025-08,2027-12-01,REVISED,2027-12-01,REVISED,PAIMANA_TRANSITION,0,1,
P-706780,2025-09,2027-12-01,REVISED,2027-12-01,REVISED,PAIMANA,0,1,
P-706781,2025-08,2026-12-01,REVISED,2026-12-01,REVISED,PAIMANA_TRANSITION,0,1,
P-706781,2025-09,2026-12-01,REVISED,2026-12-01,REVISED,PAIMANA,0,1,
P-706811,2025-04,2025-12-01,REVISED,2025-12-01,ANTICIPATED,OCMS_LEGACY,0,1,
P-706811,2025-05,2025-12-01,ANTICIPATED,2025-12-01,REVISED,OCMS_LEGACY,0,1,
P-706811,2025-07,2025-12-01,REVISED,2025-12-01,REVISED,PAIMANA_TRANSITION,0,1,
P-706811,2025-08,2025-12-01,REVISED,2025-12-01,REVISED,PAIMANA_TRANSITION,0,1,
P-706811,2025-09,2025-12-01,REVISED,2025-12-01,REVISED,PAIMANA,0,1,
P-706811,2025-12,2025-12-01,REVISED,2026-03-01,REVISED,PAIMANA,3,1,
P-706811,2026-03,2026-03-01,REVISED,2026-04-01,REVISED,PAIMANA,1,1,
P-706811,2026-04,2026-04-01,REVISED,2026-05-01,REVISED,PAIMANA,1,1,
P-706835,2025-05,2027-12-01,REVISED,2029-03-01,REVISED,OCMS_LEGACY,15,1,
P-706835,2025-07,2029-03-01,REVISED,2029-03-01,REVISED,PAIMANA_TRANSITION,0,1,
P-706835,2025-08,2029-03-01,REVISED,2029-03-01,REVISED,PAIMANA_TRANSITION,0,1,
P-706835,2025-10,2029-03-01,REVISED,2029-03-01,REVISED,PAIMANA,0,1,
P-706837,2025-03,2027-11-01,REVISED,2026-03-01,REVISED,OCMS_LEGACY,-20,1,
P-706837,2025-08,2026-03-01,REVISED,2027-11-01,REVISED,PAIMANA_TRANSITION,20,0,REPORTING_REGIME_CHANGE
P-706837,2025-09,2027-11-01,REVISED,2027-11-01,REVISED,PAIMANA,0,1,
P-706844,2025-09,2027-08-01,REVISED,2027-08-01,REVISED,PAIMANA,0,1,
P-706854,2025-07,2027-03-01,REVISED,2030-06-01,REVISED,PAIMANA_TRANSITION,39,0,REPORTING_REGIME_CHANGE
P-706854,2025-08,2030-06-01,REVISED,2030-06-01,REVISED,PAIMANA_TRANSITION,0,1,
P-706854,2025-09,2030-06-01,REVISED,2030-06-01,REVISED,PAIMANA,0,1,
P-706860,2025-03,2025-06-01,REVISED,2025-12-01,REVISED,OCMS_LEGACY,6,1,
P-706860,2025-08,2025-12-01,REVISED,2026-10-01,REVISED,PAIMANA_TRANSITION,10,0,REPORTING_REGIME_CHANGE
P-706860,2025-09,2026-10-01,REVISED,2026-10-01,REVISED,PAIMANA,0,1,
P-706866,2025-02,2025-12-01,REVISED,2026-01-01,REVISED,OCMS_LEGACY,1,1,
P-706866,2025-06,2026-01-01,REVISED,2027-05-01,REVISED,OCMS_LEGACY,16,1,
P-706866,2025-07,2027-05-01,REVISED,2027-05-01,REVISED,PAIMANA_TRANSITION,0,1,
P-706866,2025-08,2027-05-01,REVISED,2027-05-01,REVISED,PAIMANA_TRANSITION,0,1,
P-706866,2025-09,2027-05-01,REVISED,2027-05-01,REVISED,PAIMANA,0,1,
P-706898,2025-08,2021-03-01,ORIGINAL,2021-03-01,ORIGINAL,PAIMANA_TRANSITION,0,1,
P-706898,2025-09,2021-03-01,ORIGINAL,2021-03-01,ORIGINAL,PAIMANA,0,1,
P-706922,2025-08,2024-06-01,REVISED,2024-06-01,REVISED,PAIMANA_TRANSITION,0,1,
P-706922,2025-09,2024-06-01,REVISED,2024-06-01,REVISED,PAIMANA,0,1,
P-706940,2025-09,2024-05-01,ORIGINAL,2024-05-01,ORIGINAL,PAIMANA,0,1,
P-706942,2025-09,2024-05-01,ORIGINAL,2024-05-01,ORIGINAL,PAIMANA,0,1,
P-706950,2025-08,2024-03-01,REVISED,2024-03-01,REVISED,PAIMANA_TRANSITION,0,1,
P-706950,2025-09,2024-03-01,REVISED,2024-03-01,REVISED,PAIMANA,0,1,
P-706950,2025-12,2024-03-01,REVISED,2026-06-01,REVISED,PAIMANA,27,1,
P-707215,2025-08,2025-09-01,REVISED,2025-09-01,REVISED,PAIMANA_TRANSITION,0,1,
P-707215,2025-09,2025-09-01,REVISED,2025-09-01,REVISED,PAIMANA,0,1,
P-707215,2025-12,2025-09-01,REVISED,2026-03-01,REVISED,PAIMANA,6,1,
P-707229,2025-08,2023-05-01,ORIGINAL,2023-05-01,ORIGINAL,PAIMANA_TRANSITION,0,1,
P-707229,2025-09,2023-05-01,ORIGINAL,2023-05-01,ORIGINAL,PAIMANA,0,1,
P-707267,2025-08,2023-06-01,ORIGINAL,2023-06-01,ORIGINAL,PAIMANA_TRANSITION,0,1,
P-707267,2025-09,2023-06-01,ORIGINAL,2023-06-01,ORIGINAL,PAIMANA,0,1,
P-708655,2025-08,2026-01-01,ORIGINAL,2026-01-01,ORIGINAL,PAIMANA_TRANSITION,0,1,
P-708662,2025-08,2027-12-01,REVISED,2027-12-01,REVISED,PAIMANA_TRANSITION,0,1,
P-708662,2025-09,2027-12-01,REVISED,2027-12-01,REVISED,PAIMANA,0,1,
P-709747,2025-02,2025-06-01,ORIGINAL,2025-12-01,REVISED,OCMS_LEGACY,6,0,TARGET_SOURCE_TRANSITION
P-709747,2025-03,2025-12-01,REVISED,2025-12-01,ORIGINAL,OCMS_LEGACY,0,1,
P-709747,2025-04,2025-12-01,ORIGINAL,2025-12-01,REVISED,OCMS_LEGACY,0,1,
P-709747,2025-07,2025-12-01,REVISED,2025-12-01,REVISED,PAIMANA_TRANSITION,0,1,
P-709747,2025-08,2025-12-01,REVISED,2025-12-01,REVISED,PAIMANA_TRANSITION,0,1,
P-709747,2025-09,2025-12-01,REVISED,2025-12-01,REVISED,PAIMANA,0,1,
P-709748,2025-08,2025-12-01,REVISED,2025-12-01,REVISED,PAIMANA_TRANSITION,0,1,
P-709748,2025-09,2025-12-01,REVISED,2025-12-01,REVISED,PAIMANA,0,1,
P-709749,2025-02,2025-03-01,REVISED,2025-06-01,REVISED,OCMS_LEGACY,3,1,
P-709749,2025-04,2025-06-01,REVISED,2025-06-01,ANTICIPATED,OCMS_LEGACY,0,1,
P-709749,2025-05,2025-06-01,ANTICIPATED,2025-12-01,REVISED,OCMS_LEGACY,6,0,TARGET_SOURCE_TRANSITION
P-709749,2025-07,2025-12-01,REVISED,2025-12-01,REVISED,PAIMANA_TRANSITION,0,1,
P-709749,2025-08,2025-12-01,REVISED,2025-12-01,REVISED,PAIMANA_TRANSITION,0,1,
P-709749,2025-09,2025-12-01,REVISED,2025-12-01,REVISED,PAIMANA,0,1,
P-709750,2025-08,2025-12-01,REVISED,2025-12-01,REVISED,PAIMANA_TRANSITION,0,1,
P-709750,2025-09,2025-12-01,REVISED,2025-12-01,REVISED,PAIMANA,0,1,
P-709750,2025-12,2025-12-01,REVISED,2026-12-01,REVISED,PAIMANA,12,1,
P-709752,2025-04,2026-03-01,REVISED,2026-03-01,ANTICIPATED,OCMS_LEGACY,0,1,
P-709752,2025-05,2026-03-01,ANTICIPATED,2026-03-01,REVISED,OCMS_LEGACY,0,1,
P-709752,2025-07,2026-03-01,REVISED,2026-03-01,REVISED,PAIMANA_TRANSITION,0,1,
P-709752,2025-08,2026-03-01,REVISED,2026-03-01,REVISED,PAIMANA_TRANSITION,0,1,
P-709752,2025-09,2026-03-01,REVISED,2026-03-01,REVISED,PAIMANA,0,1,
P-709752,2026-03,2026-03-01,REVISED,2027-02-01,REVISED,PAIMANA,11,1,
P-709753,2025-02,2025-11-01,ORIGINAL,2025-11-01,REVISED,OCMS_LEGACY,0,1,
P-709753,2025-07,2025-11-01,REVISED,2025-11-01,REVISED,PAIMANA_TRANSITION,0,1,
P-709753,2025-08,2025-11-01,REVISED,2025-11-01,REVISED,PAIMANA_TRANSITION,0,1,
P-709753,2025-09,2025-11-01,REVISED,2025-11-01,REVISED,PAIMANA,0,1,
P-709753,2025-10,2025-11-01,REVISED,2026-05-01,REVISED,PAIMANA,6,1,
P-709754,2025-04,2027-07-01,REVISED,2027-07-01,ANTICIPATED,OCMS_LEGACY,0,1,
P-709754,2025-05,2027-07-01,ANTICIPATED,2027-07-01,REVISED,OCMS_LEGACY,0,1,
P-709754,2025-07,2027-07-01,REVISED,2027-07-01,REVISED,PAIMANA_TRANSITION,0,1,
P-709754,2025-08,2027-07-01,REVISED,2027-07-01,REVISED,PAIMANA_TRANSITION,0,1,
P-709754,2025-09,2027-07-01,REVISED,2027-07-01,REVISED,PAIMANA,0,1,
P-709755,2025-04,2027-07-01,REVISED,2027-07-01,ANTICIPATED,OCMS_LEGACY,0,1,
P-709755,2025-05,2027-07-01,ANTICIPATED,2027-07-01,REVISED,OCMS_LEGACY,0,1,
P-709755,2025-07,2027-07-01,REVISED,2027-07-01,REVISED,PAIMANA_TRANSITION,0,1,
P-709755,2025-08,2027-07-01,REVISED,2027-07-01,REVISED,PAIMANA_TRANSITION,0,1,
P-709755,2025-09,2027-07-01,REVISED,2027-07-01,REVISED,PAIMANA,0,1,
P-709757,2025-02,2030-06-01,ORIGINAL,2030-06-01,REVISED,OCMS_LEGACY,0,1,
P-709757,2025-07,2030-06-01,REVISED,2030-06-01,REVISED,PAIMANA_TRANSITION,0,1,
P-709757,2025-08,2030-06-01,REVISED,2030-06-01,REVISED,PAIMANA_TRANSITION,0,1,
P-709757,2025-09,2030-06-01,REVISED,2030-06-01,REVISED,PAIMANA,0,1,
P-709758,2025-07,2030-06-01,REVISED,2030-06-01,REVISED,PAIMANA_TRANSITION,0,1,
P-709758,2025-08,2030-06-01,REVISED,2030-06-01,REVISED,PAIMANA_TRANSITION,0,1,
P-709758,2025-09,2030-06-01,REVISED,2030-06-01,REVISED,PAIMANA,0,1,
P-709759,2025-07,2026-12-01,REVISED,2026-12-01,REVISED,PAIMANA_TRANSITION,0,1,
P-709759,2025-08,2026-12-01,REVISED,2026-12-01,REVISED,PAIMANA_TRANSITION,0,1,
P-709759,2025-09,2026-12-01,REVISED,2026-12-01,REVISED,PAIMANA,0,1,
P-709760,2025-02,2026-04-01,ORIGINAL,2026-04-01,REVISED,OCMS_LEGACY,0,1,
P-709760,2025-07,2026-04-01,REVISED,2026-04-01,REVISED,PAIMANA_TRANSITION,0,1,
P-709760,2025-08,2026-04-01,REVISED,2026-04-01,REVISED,PAIMANA_TRANSITION,0,1,
P-709760,2025-09,2026-04-01,REVISED,2026-04-01,REVISED,PAIMANA,0,1,
P-709760,2026-03,2026-04-01,REVISED,2026-06-01,REVISED,PAIMANA,2,1,
P-709761,2025-08,2027-07-01,REVISED,2027-07-01,REVISED,PAIMANA_TRANSITION,0,1,
P-709761,2025-09,2027-07-01,REVISED,2027-07-01,REVISED,PAIMANA,0,1,
P-709766,2025-07,2030-03-01,REVISED,2030-03-01,REVISED,PAIMANA_TRANSITION,0,1,
P-709766,2025-08,2030-03-01,REVISED,2030-03-01,REVISED,PAIMANA_TRANSITION,0,1,
P-709766,2025-09,2030-03-01,REVISED,2030-03-01,REVISED,PAIMANA,0,1,
P-709770,2025-04,2033-09-01,REVISED,2033-09-01,ANTICIPATED,OCMS_LEGACY,0,1,
P-709770,2025-05,2033-09-01,ANTICIPATED,2033-09-01,REVISED,OCMS_LEGACY,0,1,
P-709770,2025-07,2033-09-01,REVISED,2033-09-01,REVISED,PAIMANA_TRANSITION,0,1,
P-709770,2025-08,2033-09-01,REVISED,2033-09-01,REVISED,PAIMANA_TRANSITION,0,1,
P-709770,2025-09,2033-09-01,REVISED,2033-09-01,REVISED,PAIMANA,0,1,
P-709771,2025-07,2031-09-01,REVISED,2031-09-01,REVISED,PAIMANA_TRANSITION,0,1,
P-709771,2025-08,2031-09-01,REVISED,2031-09-01,REVISED,PAIMANA_TRANSITION,0,1,
P-709771,2025-09,2031-09-01,REVISED,2031-09-01,REVISED,PAIMANA,0,1,
P-709772,2025-07,2031-06-01,REVISED,2031-06-01,REVISED,PAIMANA_TRANSITION,0,1,
P-709772,2025-08,2031-06-01,REVISED,2031-06-01,REVISED,PAIMANA_TRANSITION,0,1,
P-709772,2025-09,2031-06-01,REVISED,2031-06-01,REVISED,PAIMANA,0,1,
P-709773,2025-02,2034-09-01,ORIGINAL,2034-09-01,REVISED,OCMS_LEGACY,0,1,
P-709773,2025-04,2034-09-01,REVISED,2034-09-01,ANTICIPATED,OCMS_LEGACY,0,1,
P-709773,2025-05,2034-09-01,ANTICIPATED,2034-09-01,REVISED,OCMS_LEGACY,0,1,
P-709773,2025-07,2034-09-01,REVISED,2032-03-01,REVISED,PAIMANA_TRANSITION,-30,0,REPORTING_REGIME_CHANGE
P-709773,2025-08,2032-03-01,REVISED,2032-03-01,REVISED,PAIMANA_TRANSITION,0,1,
P-709773,2025-09,2032-03-01,REVISED,2032-03-01,REVISED,PAIMANA,0,1,
P-709773,2026-03,2032-03-01,REVISED,2034-09-01,REVISED,PAIMANA,30,1,
P-709774,2025-04,2025-12-01,REVISED,2025-12-01,ANTICIPATED,OCMS_LEGACY,0,1,
P-709774,2025-05,2025-12-01,ANTICIPATED,2025-12-01,REVISED,OCMS_LEGACY,0,1,
P-709774,2025-07,2025-12-01,REVISED,2025-12-01,REVISED,PAIMANA_TRANSITION,0,1,
P-709774,2025-08,2025-12-01,REVISED,2025-12-01,REVISED,PAIMANA_TRANSITION,0,1,
P-709774,2025-09,2025-12-01,REVISED,2025-12-01,REVISED,PAIMANA,0,1,
P-709774,2025-11,2025-12-01,REVISED,2027-06-01,REVISED,PAIMANA,18,1,
P-709776,2025-04,2026-09-01,REVISED,2026-09-01,ANTICIPATED,OCMS_LEGACY,0,1,
P-709776,2025-05,2026-09-01,ANTICIPATED,2026-09-01,REVISED,OCMS_LEGACY,0,1,
P-709776,2025-07,2026-09-01,REVISED,2026-09-01,REVISED,PAIMANA_TRANSITION,0,1,
P-709776,2025-08,2026-09-01,REVISED,2026-09-01,REVISED,PAIMANA_TRANSITION,0,1,
P-709776,2025-09,2026-09-01,REVISED,2026-09-01,REVISED,PAIMANA,0,1,
P-709777,2025-03,2026-08-01,REVISED,2026-05-01,REVISED,OCMS_LEGACY,-3,1,
P-709777,2025-07,2026-05-01,REVISED,2026-10-01,REVISED,PAIMANA_TRANSITION,5,0,REPORTING_REGIME_CHANGE
P-709777,2025-08,2026-10-01,REVISED,2026-10-01,REVISED,PAIMANA_TRANSITION,0,1,
P-709777,2025-09,2026-10-01,REVISED,2026-10-01,REVISED,PAIMANA,0,1,
P-709777,2026-04,2026-10-01,REVISED,2027-01-01,REVISED,PAIMANA,3,1,
P-709778,2025-03,2025-08-01,REVISED,2025-05-01,REVISED,OCMS_LEGACY,-3,1,
P-709778,2025-05,2025-05-01,REVISED,2026-05-01,REVISED,OCMS_LEGACY,12,1,
P-709778,2025-07,2026-05-01,REVISED,2026-09-01,REVISED,PAIMANA_TRANSITION,4,0,REPORTING_REGIME_CHANGE
P-709778,2025-08,2026-09-01,REVISED,2026-09-01,REVISED,PAIMANA_TRANSITION,0,1,
P-709778,2025-09,2026-09-01,REVISED,2026-09-01,REVISED,PAIMANA,0,1,
P-709778,2026-03,2026-09-01,REVISED,2026-12-01,REVISED,PAIMANA,3,1,
P-709779,2025-07,2026-03-01,REVISED,2026-03-01,REVISED,PAIMANA_TRANSITION,0,1,
P-709779,2025-08,2026-03-01,REVISED,2026-03-01,REVISED,PAIMANA_TRANSITION,0,1,
P-709779,2025-09,2026-03-01,REVISED,2027-07-01,REVISED,PAIMANA,16,0,REPORTING_REGIME_CHANGE
P-709780,2025-04,2026-08-01,REVISED,2026-08-01,ANTICIPATED,OCMS_LEGACY,0,1,
P-709780,2025-05,2026-08-01,ANTICIPATED,2026-08-01,REVISED,OCMS_LEGACY,0,1,
P-709780,2025-07,2026-08-01,REVISED,2026-08-01,REVISED,PAIMANA_TRANSITION,0,1,
P-709780,2025-08,2026-08-01,REVISED,2026-08-01,REVISED,PAIMANA_TRANSITION,0,1,
P-709780,2025-09,2026-08-01,REVISED,2026-08-01,REVISED,PAIMANA,0,1,
P-709781,2025-04,2026-12-01,REVISED,2026-12-01,ANTICIPATED,OCMS_LEGACY,0,1,
P-709781,2025-05,2026-12-01,ANTICIPATED,2026-12-01,REVISED,OCMS_LEGACY,0,1,
P-709781,2025-07,2026-12-01,REVISED,2026-12-01,REVISED,PAIMANA_TRANSITION,0,1,
P-709781,2025-08,2026-12-01,REVISED,2026-12-01,REVISED,PAIMANA_TRANSITION,0,1,
P-709781,2025-09,2026-12-01,REVISED,2026-12-01,REVISED,PAIMANA,0,1,
P-709782,2025-07,2026-03-01,REVISED,2026-03-01,REVISED,PAIMANA_TRANSITION,0,1,
P-709782,2025-08,2026-03-01,REVISED,2026-03-01,REVISED,PAIMANA_TRANSITION,0,1,
P-709782,2025-09,2026-03-01,REVISED,2026-03-01,REVISED,PAIMANA,0,1,
P-709782,2026-03,2026-03-01,REVISED,2026-06-01,REVISED,PAIMANA,3,1,
P-709783,2025-08,2026-06-01,REVISED,2026-06-01,REVISED,PAIMANA_TRANSITION,0,1,
P-709783,2025-09,2026-06-01,REVISED,2026-06-01,REVISED,PAIMANA,0,1,
P-709785,2025-07,2026-02-01,REVISED,2026-02-01,REVISED,PAIMANA_TRANSITION,0,1,
P-709785,2025-08,2026-02-01,REVISED,2026-02-01,REVISED,PAIMANA_TRANSITION,0,1,
P-709785,2025-09,2026-02-01,REVISED,2026-02-01,REVISED,PAIMANA,0,1,
P-709785,2025-12,2026-02-01,REVISED,2027-03-01,REVISED,PAIMANA,13,1,
P-709786,2025-07,2027-11-01,REVISED,2027-11-01,REVISED,PAIMANA_TRANSITION,0,1,
P-709786,2025-08,2027-11-01,REVISED,2027-11-01,REVISED,PAIMANA_TRANSITION,0,1,
P-709786,2025-09,2027-11-01,REVISED,2027-11-01,REVISED,PAIMANA,0,1,
P-709789,2025-08,2025-12-01,REVISED,2025-12-01,REVISED,PAIMANA_TRANSITION,0,1,
P-709789,2025-09,2025-12-01,REVISED,2025-12-01,REVISED,PAIMANA,0,1,
P-709789,2025-11,2025-12-01,REVISED,2026-02-01,REVISED,PAIMANA,2,1,
P-709790,2025-08,2026-03-01,REVISED,2026-03-01,REVISED,PAIMANA_TRANSITION,0,1,
P-709790,2025-09,2026-03-01,REVISED,2026-03-01,REVISED,PAIMANA,0,1,
P-709791,2025-07,2030-03-01,REVISED,2030-03-01,REVISED,PAIMANA_TRANSITION,0,1,
P-709791,2025-08,2030-03-01,REVISED,2030-03-01,REVISED,PAIMANA_TRANSITION,0,1,
P-709791,2025-09,2030-03-01,REVISED,2030-03-01,REVISED,PAIMANA,0,1,
P-709792,2025-07,2030-03-01,REVISED,2030-03-01,REVISED,PAIMANA_TRANSITION,0,1,
P-709792,2025-08,2030-03-01,REVISED,2030-03-01,REVISED,PAIMANA_TRANSITION,0,1,
P-709792,2025-09,2030-03-01,REVISED,2030-03-01,REVISED,PAIMANA,0,1,
P-709793,2025-07,2030-06-01,REVISED,2030-06-01,REVISED,PAIMANA_TRANSITION,0,1,
P-709793,2025-08,2030-06-01,REVISED,2030-06-01,REVISED,PAIMANA_TRANSITION,0,1,
P-709793,2025-09,2030-06-01,REVISED,2030-06-01,REVISED,PAIMANA,0,1,
P-709794,2025-07,2030-06-01,REVISED,2030-06-01,REVISED,PAIMANA_TRANSITION,0,1,
P-709794,2025-08,2030-06-01,REVISED,2030-06-01,REVISED,PAIMANA_TRANSITION,0,1,
P-709794,2025-09,2030-06-01,REVISED,2030-06-01,REVISED,PAIMANA,0,1,
P-709795,2025-07,2030-06-01,REVISED,2030-06-01,REVISED,PAIMANA_TRANSITION,0,1,
P-709795,2025-08,2030-06-01,REVISED,2030-06-01,REVISED,PAIMANA_TRANSITION,0,1,
P-709795,2025-09,2030-06-01,REVISED,2030-06-01,REVISED,PAIMANA,0,1,
P-709796,2025-07,2030-03-01,REVISED,2030-03-01,REVISED,PAIMANA_TRANSITION,0,1,
P-709796,2025-08,2030-03-01,REVISED,2030-03-01,REVISED,PAIMANA_TRANSITION,0,1,
P-709796,2025-09,2030-03-01,REVISED,2030-03-01,REVISED,PAIMANA,0,1,
P-709797,2025-07,2026-05-01,REVISED,2026-05-01,REVISED,PAIMANA_TRANSITION,0,1,
P-709797,2025-08,2026-05-01,REVISED,2026-05-01,REVISED,PAIMANA_TRANSITION,0,1,
P-709797,2025-09,2026-05-01,REVISED,2026-05-01,REVISED,PAIMANA,0,1,
P-709798,2025-07,2028-05-01,REVISED,2028-05-01,REVISED,PAIMANA_TRANSITION,0,1,
P-709798,2025-08,2028-05-01,REVISED,2028-05-01,REVISED,PAIMANA_TRANSITION,0,1,
P-709798,2025-09,2028-05-01,REVISED,2028-05-01,REVISED,PAIMANA,0,1,
P-709799,2025-07,2027-10-01,REVISED,2027-10-01,REVISED,PAIMANA_TRANSITION,0,1,
P-709799,2025-08,2027-10-01,REVISED,2027-10-01,REVISED,PAIMANA_TRANSITION,0,1,
P-709799,2025-09,2027-10-01,REVISED,2027-10-01,REVISED,PAIMANA,0,1,
P-709800,2025-08,2026-03-01,REVISED,2026-03-01,REVISED,PAIMANA_TRANSITION,0,1,
P-709800,2025-09,2026-03-01,REVISED,2026-03-01,REVISED,PAIMANA,0,1,
P-709800,2026-03,2026-03-01,REVISED,2026-06-01,REVISED,PAIMANA,3,1,
P-709808,2025-08,2028-03-01,REVISED,2028-03-01,REVISED,PAIMANA_TRANSITION,0,1,
P-709808,2025-09,2028-03-01,REVISED,2028-03-01,REVISED,PAIMANA,0,1,
P-709809,2025-08,2027-03-01,REVISED,2027-03-01,REVISED,PAIMANA_TRANSITION,0,1,
P-709810,2025-08,2027-08-01,REVISED,2027-08-01,REVISED,PAIMANA_TRANSITION,0,1,
P-709811,2025-02,2027-09-01,REVISED,2027-07-01,REVISED,OCMS_LEGACY,-2,1,
P-709811,2025-03,2027-07-01,REVISED,2028-03-01,REVISED,OCMS_LEGACY,8,1,
P-709811,2025-07,2028-03-01,REVISED,2027-09-01,REVISED,PAIMANA_TRANSITION,-6,0,REPORTING_REGIME_CHANGE
P-709811,2025-08,2027-09-01,REVISED,2027-09-01,REVISED,PAIMANA_TRANSITION,0,1,
P-709811,2025-11,2027-09-01,REVISED,2027-09-01,REVISED,PAIMANA,0,1,
P-709812,2025-02,2025-12-01,ORIGINAL,2025-12-01,REVISED,OCMS_LEGACY,0,1,
P-709812,2025-03,2025-12-01,REVISED,2025-12-01,ORIGINAL,OCMS_LEGACY,0,1,
P-709812,2025-04,2025-12-01,ORIGINAL,2025-12-01,REVISED,OCMS_LEGACY,0,1,
P-709812,2025-07,2025-12-01,REVISED,2030-06-01,REVISED,PAIMANA_TRANSITION,54,0,REPORTING_REGIME_CHANGE
P-709812,2025-08,2030-06-01,REVISED,2030-06-01,REVISED,PAIMANA_TRANSITION,0,1,
P-709812,2025-09,2030-06-01,REVISED,2030-06-01,REVISED,PAIMANA,0,1,
P-709813,2025-04,2027-10-01,REVISED,2027-10-01,ANTICIPATED,OCMS_LEGACY,0,1,
P-709813,2025-05,2027-10-01,ANTICIPATED,2027-10-01,REVISED,OCMS_LEGACY,0,1,
P-709813,2025-07,2027-10-01,REVISED,2027-10-01,REVISED,PAIMANA_TRANSITION,0,1,
P-709813,2025-08,2027-10-01,REVISED,2027-10-01,REVISED,PAIMANA_TRANSITION,0,1,
P-709813,2025-09,2027-10-01,REVISED,2027-10-01,REVISED,PAIMANA,0,1,
P-709814,2025-08,2026-12-01,REVISED,2026-12-01,REVISED,PAIMANA_TRANSITION,0,1,
P-709814,2025-09,2026-12-01,REVISED,2026-12-01,REVISED,PAIMANA,0,1,
P-709815,2025-07,2026-12-01,REVISED,2027-12-01,REVISED,PAIMANA_TRANSITION,12,0,REPORTING_REGIME_CHANGE
P-709815,2025-08,2027-12-01,REVISED,2027-12-01,REVISED,PAIMANA_TRANSITION,0,1,
P-709815,2025-09,2027-12-01,REVISED,2027-12-01,REVISED,PAIMANA,0,1,
P-709816,2025-07,2026-09-01,REVISED,2027-02-01,REVISED,PAIMANA_TRANSITION,5,0,REPORTING_REGIME_CHANGE
P-709816,2025-08,2027-02-01,REVISED,2027-02-01,REVISED,PAIMANA_TRANSITION,0,1,
P-709816,2025-09,2027-02-01,REVISED,2027-02-01,REVISED,PAIMANA,0,1,
P-709817,2025-07,2026-09-01,REVISED,2026-11-01,REVISED,PAIMANA_TRANSITION,2,0,REPORTING_REGIME_CHANGE
P-709817,2025-08,2026-11-01,REVISED,2026-11-01,REVISED,PAIMANA_TRANSITION,0,1,
P-709817,2025-09,2026-11-01,REVISED,2026-11-01,REVISED,PAIMANA,0,1,
P-709818,2025-07,2026-09-01,REVISED,2027-01-01,REVISED,PAIMANA_TRANSITION,4,0,REPORTING_REGIME_CHANGE
P-709818,2025-08,2027-01-01,REVISED,2027-01-01,REVISED,PAIMANA_TRANSITION,0,1,
P-709818,2025-09,2027-01-01,REVISED,2027-01-01,REVISED,PAIMANA,0,1,
P-709819,2025-07,2026-09-01,REVISED,2026-12-01,REVISED,PAIMANA_TRANSITION,3,0,REPORTING_REGIME_CHANGE
P-709819,2025-08,2026-12-01,REVISED,2026-12-01,REVISED,PAIMANA_TRANSITION,0,1,
P-709819,2025-09,2026-12-01,REVISED,2026-12-01,REVISED,PAIMANA,0,1,
P-709826,2025-02,2026-01-01,ORIGINAL,2026-01-01,REVISED,OCMS_LEGACY,0,1,
P-709826,2025-07,2026-01-01,REVISED,2026-01-01,ORIGINAL,PAIMANA_TRANSITION,0,1,
P-709826,2025-08,2026-01-01,ORIGINAL,2026-01-01,ORIGINAL,PAIMANA_TRANSITION,0,1,
P-709826,2025-09,2026-01-01,ORIGINAL,2026-01-01,ORIGINAL,PAIMANA,0,1,
P-709826,2026-01,2026-01-01,ORIGINAL,2027-07-01,REVISED,PAIMANA,18,0,TARGET_SOURCE_TRANSITION
P-709827,2025-07,2025-12-01,REVISED,2025-12-01,ORIGINAL,PAIMANA_TRANSITION,0,1,
P-709827,2025-08,2025-12-01,ORIGINAL,2025-12-01,ORIGINAL,PAIMANA_TRANSITION,0,1,
P-709827,2025-09,2025-12-01,ORIGINAL,2025-12-01,ORIGINAL,PAIMANA,0,1,
P-709827,2026-01,2025-12-01,ORIGINAL,2026-02-01,REVISED,PAIMANA,2,0,TARGET_SOURCE_TRANSITION
P-709829,2025-08,2025-03-01,ORIGINAL,2025-03-01,ORIGINAL,PAIMANA_TRANSITION,0,1,
P-709829,2025-09,2025-03-01,ORIGINAL,2025-03-01,ORIGINAL,PAIMANA,0,1,
P-709830,2025-02,2026-11-01,REVISED,2027-08-01,REVISED,OCMS_LEGACY,9,1,
P-709830,2025-04,2027-08-01,REVISED,2027-08-01,ANTICIPATED,OCMS_LEGACY,0,1,
P-709830,2025-05,2027-08-01,ANTICIPATED,2027-08-01,REVISED,OCMS_LEGACY,0,1,
P-709830,2025-07,2027-08-01,REVISED,2026-11-01,ORIGINAL,PAIMANA_TRANSITION,-9,0,REPORTING_REGIME_CHANGE
P-709830,2025-08,2026-11-01,ORIGINAL,2026-11-01,ORIGINAL,PAIMANA_TRANSITION,0,1,
P-709830,2025-09,2026-11-01,ORIGINAL,2026-11-01,ORIGINAL,PAIMANA,0,1,
P-709831,2025-04,2025-05-01,REVISED,2025-05-01,ANTICIPATED,OCMS_LEGACY,0,1,
P-709831,2025-05,2025-05-01,ANTICIPATED,2026-05-01,REVISED,OCMS_LEGACY,12,0,TARGET_SOURCE_TRANSITION
P-709831,2025-07,2026-05-01,REVISED,2026-06-01,REVISED,PAIMANA_TRANSITION,1,0,REPORTING_REGIME_CHANGE
P-709831,2025-08,2026-06-01,REVISED,2026-06-01,REVISED,PAIMANA_TRANSITION,0,1,
P-709831,2025-09,2026-06-01,REVISED,2026-06-01,REVISED,PAIMANA,0,1,
P-709832,2025-04,2024-12-01,REVISED,2024-12-01,ANTICIPATED,OCMS_LEGACY,0,1,
P-709832,2025-05,2024-12-01,ANTICIPATED,2024-12-01,REVISED,OCMS_LEGACY,0,1,
P-709832,2025-06,2024-12-01,REVISED,2025-12-01,REVISED,OCMS_LEGACY,12,1,
P-709832,2025-07,2025-12-01,REVISED,2026-03-01,REVISED,PAIMANA_TRANSITION,3,0,REPORTING_REGIME_CHANGE
P-709832,2025-08,2026-03-01,REVISED,2026-03-01,REVISED,PAIMANA_TRANSITION,0,1,
P-709832,2025-09,2026-03-01,REVISED,2026-03-01,REVISED,PAIMANA,0,1,
P-709837,2025-08,2025-12-01,REVISED,2025-12-01,REVISED,PAIMANA_TRANSITION,0,1,
P-709837,2025-09,2025-12-01,REVISED,2025-12-01,REVISED,PAIMANA,0,1,
P-709837,2025-11,2025-12-01,REVISED,2026-05-01,REVISED,PAIMANA,5,1,
P-709837,2026-03,2026-05-01,REVISED,2026-08-01,REVISED,PAIMANA,3,1,
P-709838,2025-07,2025-11-01,REVISED,2025-11-01,REVISED,PAIMANA_TRANSITION,0,1,
P-709838,2025-08,2025-11-01,REVISED,2025-11-01,REVISED,PAIMANA_TRANSITION,0,1,
P-709838,2025-09,2025-11-01,REVISED,2025-11-01,REVISED,PAIMANA,0,1,
P-709838,2025-10,2025-11-01,REVISED,2027-05-01,REVISED,PAIMANA,18,1,
P-709839,2025-07,2026-02-01,REVISED,2026-02-01,REVISED,PAIMANA_TRANSITION,0,1,
P-709839,2025-08,2026-02-01,REVISED,2026-02-01,REVISED,PAIMANA_TRANSITION,0,1,
P-709839,2025-09,2026-02-01,REVISED,2026-02-01,REVISED,PAIMANA,0,1,
P-709839,2026-02,2026-02-01,REVISED,2026-05-01,REVISED,PAIMANA,3,1,
P-709839,2026-04,2026-05-01,REVISED,2026-12-01,REVISED,PAIMANA,7,1,
P-709840,2025-07,2025-09-01,REVISED,2025-12-01,REVISED,PAIMANA_TRANSITION,3,0,REPORTING_REGIME_CHANGE
P-709840,2025-08,2025-12-01,REVISED,2025-12-01,REVISED,PAIMANA_TRANSITION,0,1,
P-709840,2025-09,2025-12-01,REVISED,2025-12-01,REVISED,PAIMANA,0,1,
P-709840,2025-12,2025-12-01,REVISED,2026-04-01,REVISED,PAIMANA,4,1,
P-709840,2026-04,2026-04-01,REVISED,2026-07-01,REVISED,PAIMANA,3,1,
P-709841,2025-07,2025-07-01,REVISED,2026-03-01,REVISED,PAIMANA_TRANSITION,8,0,REPORTING_REGIME_CHANGE
P-709841,2025-08,2026-03-01,REVISED,2026-03-01,REVISED,PAIMANA_TRANSITION,0,1,
P-709841,2025-09,2026-03-01,REVISED,2026-03-01,REVISED,PAIMANA,0,1,
P-709841,2026-03,2026-03-01,REVISED,2026-07-01,REVISED,PAIMANA,4,1,
P-709842,2025-02,2027-03-01,ORIGINAL,2027-03-01,REVISED,OCMS_LEGACY,0,1,
P-709842,2025-07,2027-03-01,REVISED,2027-03-01,REVISED,PAIMANA_TRANSITION,0,1,
P-709842,2025-08,2027-03-01,REVISED,2027-03-01,REVISED,PAIMANA_TRANSITION,0,1,
P-709842,2025-09,2027-03-01,REVISED,2027-03-01,REVISED,PAIMANA,0,1,
P-709845,2025-07,2026-08-01,REVISED,2026-08-01,REVISED,PAIMANA_TRANSITION,0,1,
P-709845,2025-08,2026-08-01,REVISED,2026-08-01,REVISED,PAIMANA_TRANSITION,0,1,
P-709845,2025-09,2026-08-01,REVISED,2026-08-01,REVISED,PAIMANA,0,1,
P-709846,2025-04,2025-03-01,REVISED,2025-03-01,ANTICIPATED,OCMS_LEGACY,0,1,
P-709846,2025-05,2025-03-01,ANTICIPATED,2025-11-01,REVISED,OCMS_LEGACY,8,0,TARGET_SOURCE_TRANSITION
P-709846,2025-07,2025-11-01,REVISED,2025-11-01,REVISED,PAIMANA_TRANSITION,0,1,
P-709846,2025-08,2025-11-01,REVISED,2025-11-01,REVISED,PAIMANA_TRANSITION,0,1,
P-709846,2025-09,2025-11-01,REVISED,2025-11-01,REVISED,PAIMANA,0,1,
P-709846,2025-10,2025-11-01,REVISED,2025-12-01,REVISED,PAIMANA,1,1,
P-709846,2025-11,2025-12-01,REVISED,2026-01-01,REVISED,PAIMANA,1,1,
P-709846,2026-01,2026-01-01,REVISED,2026-02-01,REVISED,PAIMANA,1,1,
P-709846,2026-02,2026-02-01,REVISED,2026-03-01,REVISED,PAIMANA,1,1,
P-709847,2025-07,2026-04-01,REVISED,2026-04-01,REVISED,PAIMANA_TRANSITION,0,1,
P-709847,2025-08,2026-04-01,REVISED,2026-04-01,REVISED,PAIMANA_TRANSITION,0,1,
P-709847,2025-09,2026-04-01,REVISED,2026-04-01,REVISED,PAIMANA,0,1,
P-709847,2026-03,2026-04-01,REVISED,2027-04-01,REVISED,PAIMANA,12,1,
P-709848,2025-02,2026-05-01,ORIGINAL,2026-05-01,REVISED,OCMS_LEGACY,0,1,
P-709848,2025-07,2026-05-01,REVISED,2026-05-01,REVISED,PAIMANA_TRANSITION,0,1,
P-709848,2025-08,2026-05-01,REVISED,2026-05-01,REVISED,PAIMANA_TRANSITION,0,1,
P-709848,2025-09,2026-05-01,REVISED,2026-05-01,REVISED,PAIMANA,0,1,
P-709849,2025-02,2026-02-01,ORIGINAL,2026-02-01,REVISED,OCMS_LEGACY,0,1,
P-709849,2025-07,2026-02-01,REVISED,2026-02-01,REVISED,PAIMANA_TRANSITION,0,1,
P-709849,2025-08,2026-02-01,REVISED,2026-02-01,REVISED,PAIMANA_TRANSITION,0,1,
P-709849,2025-09,2026-02-01,REVISED,2026-02-01,REVISED,PAIMANA,0,1,
P-709849,2025-11,2026-02-01,REVISED,2026-05-01,REVISED,PAIMANA,3,1,
P-709850,2025-04,2026-05-01,ORIGINAL,2026-05-01,REVISED,OCMS_LEGACY,0,1,
P-709850,2025-07,2026-05-01,REVISED,2026-05-01,REVISED,PAIMANA_TRANSITION,0,1,
P-709850,2025-08,2026-05-01,REVISED,2026-05-01,REVISED,PAIMANA_TRANSITION,0,1,
P-709850,2025-09,2026-05-01,REVISED,2026-05-01,REVISED,PAIMANA,0,1,
P-709850,2026-03,2026-05-01,REVISED,2026-09-01,REVISED,PAIMANA,4,1,
P-709851,2025-07,2027-04-01,REVISED,2027-04-01,REVISED,PAIMANA_TRANSITION,0,1,
P-709851,2025-08,2027-04-01,REVISED,2027-04-01,REVISED,PAIMANA_TRANSITION,0,1,
P-709851,2025-09,2027-04-01,REVISED,2027-04-01,REVISED,PAIMANA,0,1,
P-709856,2025-04,2025-03-01,REVISED,2025-06-01,ANTICIPATED,OCMS_LEGACY,3,0,TARGET_SOURCE_TRANSITION
P-709856,2025-05,2025-06-01,ANTICIPATED,2025-06-01,REVISED,OCMS_LEGACY,0,1,
P-709856,2025-07,2025-06-01,REVISED,2025-08-01,REVISED,PAIMANA_TRANSITION,2,0,REPORTING_REGIME_CHANGE
P-709856,2025-08,2025-08-01,REVISED,2025-10-01,REVISED,PAIMANA_TRANSITION,2,1,
P-709856,2025-09,2025-10-01,REVISED,2025-10-01,REVISED,PAIMANA,0,1,
P-709856,2025-11,2025-10-01,REVISED,2025-11-01,REVISED,PAIMANA,1,1,
P-709856,2025-12,2025-11-01,REVISED,2026-01-01,REVISED,PAIMANA,2,1,
P-709856,2026-02,2026-01-01,REVISED,2026-03-01,REVISED,PAIMANA,2,1,
P-709856,2026-03,2026-03-01,REVISED,2026-06-01,REVISED,PAIMANA,3,1,
P-709857,2025-07,2025-06-01,REVISED,2026-03-01,REVISED,PAIMANA_TRANSITION,9,0,REPORTING_REGIME_CHANGE
P-709857,2025-08,2026-03-01,REVISED,2026-03-01,REVISED,PAIMANA_TRANSITION,0,1,
P-709857,2025-09,2026-03-01,REVISED,2026-03-01,REVISED,PAIMANA,0,1,
P-709857,2026-03,2026-03-01,REVISED,2026-09-01,REVISED,PAIMANA,6,1,
P-709858,2025-08,2025-08-01,ORIGINAL,2025-10-01,REVISED,PAIMANA_TRANSITION,2,0,TARGET_SOURCE_TRANSITION
P-709858,2025-09,2025-10-01,REVISED,2025-10-01,REVISED,PAIMANA,0,1,
P-709858,2025-10,2025-10-01,REVISED,2025-11-01,REVISED,PAIMANA,1,1,
P-709859,2025-04,2025-03-01,REVISED,2025-10-01,REVISED,OCMS_LEGACY,7,1,
P-709859,2025-07,2025-10-01,REVISED,2025-10-01,REVISED,PAIMANA_TRANSITION,0,1,
P-709859,2025-08,2025-10-01,REVISED,2025-10-01,REVISED,PAIMANA_TRANSITION,0,1,
P-709859,2025-09,2025-10-01,REVISED,2025-10-01,REVISED,PAIMANA,0,1,
P-709859,2025-12,2025-10-01,REVISED,2026-06-01,REVISED,PAIMANA,8,1,
P-709864,2025-04,2025-10-01,ORIGINAL,2025-10-01,REVISED,OCMS_LEGACY,0,1,
P-709864,2025-07,2025-10-01,REVISED,2025-10-01,REVISED,PAIMANA_TRANSITION,0,1,
P-709864,2025-08,2025-10-01,REVISED,2025-10-01,REVISED,PAIMANA_TRANSITION,0,1,
P-709864,2025-09,2025-10-01,REVISED,2025-10-01,REVISED,PAIMANA,0,1,
P-709864,2025-10,2025-10-01,REVISED,2026-06-01,REVISED,PAIMANA,8,1,
P-709864,2026-03,2026-06-01,REVISED,2026-10-01,REVISED,PAIMANA,4,1,
P-709865,2025-04,2025-07-01,ORIGINAL,2025-07-01,REVISED,OCMS_LEGACY,0,1,
P-709865,2025-07,2025-07-01,REVISED,2025-10-01,REVISED,PAIMANA_TRANSITION,3,0,REPORTING_REGIME_CHANGE
P-709865,2025-08,2025-10-01,REVISED,2025-10-01,REVISED,PAIMANA_TRANSITION,0,1,
P-709865,2025-09,2025-10-01,REVISED,2025-10-01,REVISED,PAIMANA,0,1,
P-709865,2025-10,2025-10-01,REVISED,2025-12-01,REVISED,PAIMANA,2,1,
P-709865,2025-12,2025-12-01,REVISED,2026-09-01,REVISED,PAIMANA,9,1,
P-900808,2025-04,2025-05-01,REVISED,2025-08-01,REVISED,OCMS_LEGACY,3,1,
P-900808,2025-06,2025-08-01,REVISED,2025-09-01,REVISED,OCMS_LEGACY,1,1,
P-900808,2025-07,2025-09-01,REVISED,2025-12-01,REVISED,PAIMANA_TRANSITION,3,0,REPORTING_REGIME_CHANGE
P-900808,2025-08,2025-12-01,REVISED,2025-12-01,REVISED,PAIMANA_TRANSITION,0,1,
P-900808,2025-09,2025-12-01,REVISED,2025-12-01,REVISED,PAIMANA,0,1,
P-900808,2025-10,2025-12-01,REVISED,2026-01-01,REVISED,PAIMANA,1,1,
P-900808,2025-12,2026-01-01,REVISED,2026-03-01,REVISED,PAIMANA,2,1,
P-900808,2026-03,2026-03-01,REVISED,2026-05-01,REVISED,PAIMANA,2,1,
