canonical_project_id,snapshot_month,sector,state,ministry_department,project_age_months,months_to_target,current_time_slip_months,current_cost_overrun_pct,spend_ratio_pct,physical_progress_pct,financial_physical_gap_pct,progress_delta_1m,progress_delta_3m,progress_delta_6m,spend_delta_1m_cr,spend_delta_3m_cr,spend_delta_6m_cr,progress_velocity_3m,schedule_pressure,stagnation_streak_months,target_revision_count_to_date,cost_revision_count_to_date,data_quality_score,missing_core_fields_count,delay_event_next_3m,delay_event_next_6m,cost_escalation_next_3m,cost_escalation_next_6m,future_coverage_3m,future_coverage_6m,valid_delay_target_3m,valid_delay_target_6m,valid_cost_target_3m,valid_cost_target_6m
P-400005,2025-01,Electricity Generation,"Multi-States (Dadra & Nagar Haveli and Daman & Diu, Gujarat, Maharashtra)",Ministry of Power,30,4,23,0.0,56.09775947702067,84.0,-27.902240522979334,,,,,,,,4.0,0,0,0,92,0,1,,0,0,1,1,1,0,1,1
P-400005,2025-02,Electricity Generation,"Multi-States (Dadra & Nagar Haveli and Daman & Diu, Gujarat, Maharashtra)",Ministry of Power,31,4,24,0.0,57.72547104653055,87.0,-29.27452895346945,3.0,,,74.0,,,,3.25,0,1,0,92,0,1,,0,0,1,1,1,0,1,1
P-400005,2025-03,Electricity Generation,"Multi-States (Dadra & Nagar Haveli and Daman & Diu, Gujarat, Maharashtra)",Ministry of Power,32,3,24,0.0,58.9572527748083,89.0,-30.042747225191697,2.0,,,56.0,,,,3.6666666666666665,0,1,0,92,0,1,,0,0,1,1,1,0,1,1
P-400005,2025-04,Electricity Generation,"Multi-States (Dadra & Nagar Haveli and Daman & Diu, Gujarat, Maharashtra)",Ministry of Power,33,5,27,0.0,61.26684351532908,91.0,-29.73315648467092,2.0,7.0,,105.0,235.0,,2.3333333333333335,1.8,0,2,0,92,0,,,0,0,1,1,0,0,1,1
P-400005,2025-05,Electricity Generation,"Multi-States (Dadra & Nagar Haveli and Daman & Diu, Gujarat, Maharashtra)",Ministry of Power,34,4,27,0.0,87.3100086664643,92.0,-4.689991333535701,1.0,5.0,,1183.9900000000002,1344.9900000000002,,1.6666666666666667,2.0,0,2,0,92,0,,,0,0,1,1,0,0,1,1
P-400005,2025-06,Electricity Generation,"Multi-States (Dadra & Nagar Haveli and Daman & Diu, Gujarat, Maharashtra)",Ministry of Power,35,3,27,0.0,90.00079185968247,93.0,-2.999208140317535,1.0,4.0,,122.32999999999993,1411.3200000000002,,1.3333333333333333,2.3333333333333335,0,2,0,92,0,,,0,0,1,1,0,0,1,1
P-400005,2025-07,Electricity Generation,"Multi-States (Dadra & Nagar Haveli and Daman & Diu, Gujarat, Maharashtra)",Ministry of Power,36,5,30,0.0,91.24995050876984,93.0,-1.7500494912301576,0.0,2.0,9.0,56.789999999999964,1363.1100000000001,1598.1100000000001,0.6666666666666666,1.4,1,3,0,82,0,,,0,0,1,1,0,0,1,1
P-400005,2025-08,Electricity Generation,"Multi-States (Dadra & Nagar Haveli and Daman & Diu, Gujarat, Maharashtra)",Ministry of Power,43,4,30,0.0,91.78885501489135,93.0,-1.2111449851086462,0.0,1.0,6.0,24.5,203.6199999999999,1548.6100000000001,0.3333333333333333,1.75,2,3,0,90,0,0,1,0,0,1,1,1,1,1,1
P-400005,2025-09,Electricity Generation,"Multi-States (Dadra & Nagar Haveli and Daman & Diu, Gujarat, Maharashtra)",Ministry of Power,44,3,30,0.0,92.60996951340222,93.0,-0.39003048659778017,0.0,0.0,4.0,37.32999999999993,118.61999999999989,1529.94,0.0,2.3333333333333335,3,3,0,82,0,1,1,0,0,1,1,1,1,1,1
P-400005,2025-10,Electricity Generation,"Multi-States (Dadra & Nagar Haveli and Daman & Diu, Gujarat, Maharashtra)",Ministry of Power,45,2,30,0.0,92.61018947442513,93.0,-0.38981052557487317,0.0,0.0,2.0,0.010000000000218279,61.840000000000146,1424.9500000000003,0.0,3.5,4,3,0,90,0,1,1,0,0,1,1,1,1,1,1
P-400010,2025-01,CIVIL AVIATION,LADAKH,Ministry of Civil Aviation,78,9,49,33.24172964420295,62.915625,62.47,0.4456249999999997,,,,,,,,4.17,0,0,0,92,0,0,0,0,0,1,1,1,1,1,1
P-400010,2025-02,CIVIL AVIATION,LADAKH,Ministry of Civil Aviation,79,8,49,33.24172964420295,63.2765625,62.5,0.7765624999999972,0.030000000000001137,,,2.3100000000000023,,,,4.6875,1,0,0,92,0,0,0,0,0,1,1,1,1,1,1
P-400010,2025-03,CIVIL AVIATION,LADAKH,Ministry of Civil Aviation,80,7,49,33.24172964420295,63.7390625,62.62,1.1190625000000054,0.11999999999999744,,,2.9599999999999795,,,,5.340000000000001,2,0,0,92,0,0,0,0,0,1,1,1,1,1,1
P-400010,2025-04,CIVIL AVIATION,LADAKH,Ministry of Civil Aviation,81,6,49,33.24172964420295,63.7390625,63.2,0.5390625,0.5800000000000054,0.730000000000004,,0.0,5.269999999999982,,0.24333333333333465,6.133333333333333,0,0,0,84,0,0,0,0,0,1,1,1,1,1,1
P-400010,2025-05,CIVIL AVIATION,LADAKH,Ministry of Civil Aviation,82,5,49,33.24172964420295,63.91875,63.67,0.24875000000000114,0.46999999999999886,1.1700000000000017,,1.1499999999999773,4.109999999999957,,0.39000000000000057,7.266,1,0,0,76,0,0,1,0,0,1,1,1,1,1,1
P-400010,2025-06,CIVIL AVIATION,LADAKH,Ministry of Civil Aviation,83,4,49,33.24172964420295,65.0765625,65.92,-0.8434375000000074,2.25,3.3000000000000043,,7.410000000000025,8.560000000000002,,1.1000000000000014,8.52,0,0,0,92,0,0,1,0,0,1,1,1,1,1,1
P-400010,2025-07,CIVIL AVIATION,LADAKH,Ministry of Civil Aviation,82,3,49,33.333333333333336,66.725,67.0,-0.2750000000000057,1.0799999999999983,3.799999999999997,4.530000000000001,10.550000000000011,19.110000000000014,24.379999999999995,1.2666666666666657,11.0,0,0,0,74,0,0,1,0,0,1,1,1,1,1,1
P-400010,2025-08,CIVIL AVIATION,LADAKH,Ministry of Civil Aviation,85,2,49,33.333333333333336,67.9359375,71.0,-3.0640625000000057,4.0,7.329999999999998,8.5,7.75,25.710000000000036,29.819999999999993,2.443333333333333,14.5,0,0,0,90,0,1,1,0,0,1,1,1,1,1,1
P-400010,2025-09,CIVIL AVIATION,LADAKH,Ministry of Civil Aviation,86,1,49,33.333333333333336,71.284375,71.0,0.28437499999999716,0.0,5.079999999999998,8.380000000000003,21.430000000000007,39.73000000000002,48.29000000000002,1.6933333333333327,29.0,1,0,0,82,0,1,1,0,0,1,1,1,1,1,1
P-400010,2025-10,CIVIL AVIATION,LADAKH,Ministry of Civil Aviation,87,0,49,33.333333333333336,73.6859375,77.0,-3.3140625000000057,6.0,10.0,13.799999999999997,15.369999999999948,44.549999999999955,63.65999999999997,3.3333333333333335,23.0,0,0,0,90,0,1,1,0,0,1,1,1,1,1,1
P-400012,2025-07,Energy Storage,"Multi-States (Gujarat, Madhya Pradesh, Uttar Pradesh)",Ministry of Petroleum & Natural Gas,79,5,48,0.0,75.31849722442506,92.0,-16.68150277557494,,,,,,,,1.6,0,0,0,98,0,0,1,0,0,1,1,1,1,1,1
P-400012,2025-08,Energy Storage,"Multi-States (Gujarat, Madhya Pradesh, Uttar Pradesh)",Ministry of Petroleum & Natural Gas,80,4,48,0.0,76.05303330689928,92.0,-15.94696669310072,0.0,,,74.09999999999945,,,,2.0,1,0,0,98,0,0,1,0,0,1,1,1,1,1,1
P-400012,2025-09,Energy Storage,"Multi-States (Gujarat, Madhya Pradesh, Uttar Pradesh)",Ministry of Petroleum & Natural Gas,81,3,48,0.0,79.10249801744646,93.0,-13.897501982553536,1.0,,,307.6300000000001,,,,2.3333333333333335,0,0,0,90,0,1,1,0,0,1,1,1,1,1,1
P-400012,2025-10,Energy Storage,"Multi-States (Gujarat, Madhya Pradesh, Uttar Pradesh)",Ministry of Petroleum & Natural Gas,82,2,48,0.0,79.89224821570183,93.0,-13.107751784298173,0.0,1.0,,79.67000000000007,461.39999999999964,,0.3333333333333333,3.5,1,0,0,98,0,1,1,0,0,1,1,1,1,1,1
P-400013,2025-07,Telecommunication,PAN India,Department of Telecommunications,36,8,21,16.355069159446725,30.34552580013063,72.0,-41.65447419986937,,,,,,,,3.5,0,0,0,98,0,0,0,0,0,1,1,1,1,1,1
P-400013,2025-08,Telecommunication,PAN India,Department of Telecommunications,37,7,21,16.355069159446725,31.97844546048334,73.0,-41.02155453951666,1.0,,,500.0,,,,3.857142857142857,0,0,0,98,0,0,0,0,0,1,1,1,1,1,1
P-400013,2025-09,Telecommunication,PAN India,Department of Telecommunications,38,6,21,16.355069159446725,31.97844546048334,75.0,-43.02155453951666,2.0,,,0.0,,,,4.166666666666667,0,0,0,90,0,0,0,0,0,1,1,1,1,1,1
P-400013,2025-10,Telecommunication,PAN India,Department of Telecommunications,39,5,21,16.355069159446725,31.97844546048334,76.0,-44.02155453951666,1.0,4.0,,0.0,500.0,,1.3333333333333333,4.8,0,0,0,98,0,0,0,0,0,1,1,1,1,1,1
P-400018,2025-01,Coal,Jharkhand,Ministry of Coal,,50,0,0.0,51.065265705542174,62.0,-10.934734294457826,,,,,,,,0.76,0,0,0,92,0,0,0,0,0,1,1,1,1,1,1
P-400018,2025-02,Coal,Jharkhand,Ministry of Coal,30,49,0,0.0,51.065265705542174,62.0,-10.934734294457826,0.0,,,0.0,,,,0.7755102040816326,1,0,0,88,0,0,0,0,0,1,1,1,1,1,1
P-400018,2025-03,Coal,Jharkhand,Ministry of Coal,,48,0,0.0,51.22118662803552,62.0,-10.778813371964482,0.0,,,1.339999999999975,,,,0.7916666666666666,2,0,0,84,0,0,0,0,0,1,1,1,1,1,1
P-400018,2025-04,Coal,Jharkhand,Ministry of Coal,32,47,0,0.0,51.5446643627605,62.0,-10.4553356372395,0.0,0.0,,2.7800000000000296,4.1200000000000045,,0.0,0.8085106382978723,3,0,0,84,0,0,0,0,0,1,1,1,1,1,1
P-400018,2025-05,Coal,Jharkhand,Ministry of Coal,33,46,0,0.0,52.19860136605346,62.0,-9.80139863394654,0.0,0.0,,5.6200000000000045,9.740000000000009,,0.0,0.8260869565217391,4,0,0,92,0,0,0,0,0,1,1,1,1,1,1
P-400018,2025-06,Coal,Jharkhand,Ministry of Coal,34,45,0,0.0,52.21256443373943,62.0,-9.78743556626057,0.0,0.0,,0.12000000000000455,8.520000000000039,,0.0,0.8444444444444444,5,0,0,92,0,0,0,0,0,1,1,1,1,1,1
P-400018,2025-07,Coal,Jharkhand,Ministry of Coal,35,44,0,0.0,52.41619250415983,62.0,-9.583807495840169,0.0,0.0,0.0,1.75,7.490000000000009,11.610000000000014,0.0,0.8636363636363636,6,0,0,74,0,0,0,0,0,1,1,1,1,1,1
P-400018,2025-08,Coal,Jharkhand,Ministry of Coal,36,43,0,0.0,52.44993658440093,62.0,-9.55006341559907,0.0,0.0,0.0,0.2899999999999636,2.159999999999968,11.899999999999977,0.0,0.8837209302325582,7,0,0,90,0,0,0,0,0,1,1,1,1,1,1
P-400018,2025-09,Coal,Jharkhand,Ministry of Coal,37,42,0,0.0,52.54884164717655,62.0,-9.451158352823448,0.0,0.0,0.0,0.8500000000000227,2.8899999999999864,11.410000000000025,0.0,0.9047619047619048,8,0,0,82,0,0,0,0,0,1,1,1,1,1,1
P-400018,2025-10,Coal,Jharkhand,Ministry of Coal,38,41,0,0.0,52.55000523615038,62.0,-9.449994763849617,0.0,0.0,0.0,0.009999999999990905,1.1499999999999773,8.639999999999986,0.0,0.926829268292683,9,0,0,86,0,0,0,0,0,1,1,1,1,1,1
P-400019,2025-08,Railways,Maharashtra,Ministry of Railways,79,25,9,137.60654273885868,20.934721522338855,16.0,4.9347215223388545,7.0,11.0,11.0,10.630000000000024,46.370000000000005,69.07000000000002,3.6666666666666665,3.36,0,2,2,90,0,0,0,0,0,1,1,1,1,1,1
P-400019,2025-09,Railways,Maharashtra,Ministry of Railways,80,24,9,137.60654273885868,21.888745590734775,16.0,5.888745590734775,0.0,11.0,11.0,11.169999999999959,21.799999999999983,59.21999999999997,3.6666666666666665,3.5,1,2,2,82,0,0,0,0,0,1,1,1,1,1,1
P-400019,2025-10,Railways,Maharashtra,Ministry of Railways,81,23,9,137.60654273885868,23.646473014869795,16.0,7.646473014869795,0.0,7.0,11.0,20.58000000000004,42.380000000000024,78.73000000000002,2.3333333333333335,3.652173913043478,2,2,2,90,0,0,0,0,0,1,1,1,1,1,1
P-400022,2025-08,Railways,"Multi-States (Gujarat, Rajasthan)",Ministry of Railways,37,59,0,0.0,68.4553252323088,15.0,53.455325232308795,1.0,3.0,6.0,23.480000000000018,852.2900000000002,992.4800000000001,1.0,1.4406779661016949,0,1,0,90,0,0,0,0,0,1,1,1,1,1,1
P-400022,2025-09,Railways,"Multi-States (Gujarat, Rajasthan)",Ministry of Railways,38,58,0,0.0,69.03716940671909,16.0,53.03716940671909,1.0,3.5,6.0,16.279999999999973,828.5,940.82,1.1666666666666667,1.4482758620689655,0,1,0,82,0,0,0,0,0,1,1,1,1,1,1
P-400022,2025-10,Railways,"Multi-States (Gujarat, Rajasthan)",Ministry of Railways,39,57,0,0.0,72.00142959256611,17.0,55.00142959256611,1.0,3.0,6.0,82.93999999999983,122.69999999999982,993.8999999999999,1.0,1.456140350877193,0,1,0,90,0,0,0,0,0,1,1,1,1,1,1
P-400023,2025-10,Railways,Karnataka,Ministry of Railways,79,18,-12,0.0,0.0,0.0,0.0,,0.0,-1.0,,0.0,-0.88,0.0,5.555555555555555,1,1,0,78,0,0,0,0,0,1,1,1,1,1,1
P-400033,2025-08,Coal,Maharashtra,Ministry of Coal,66,31,0,0.0,12.009782814625996,26.0,-13.990217185374004,0.0,9.0,9.0,49.21000000000001,8.400000000000006,8.400000000000006,3.0,2.3870967741935485,1,0,1,90,0,0,0,0,0,1,1,1,1,1,1
P-400033,2025-09,Coal,Maharashtra,Ministry of Coal,67,30,0,0.0,12.016672120700642,28.0,-15.983327879299358,2.0,11.0,11.0,0.03999999999999204,8.439999999999998,8.439999999999998,3.6666666666666665,2.4,0,0,1,82,0,0,0,0,0,1,1,1,1,1,1
P-400033,2025-10,Coal,Maharashtra,Ministry of Coal,68,29,0,0.0,12.705602728165205,28.0,-15.294397271834795,0.0,2.0,11.0,4.0,53.25,12.439999999999998,0.6666666666666666,2.4827586206896552,1,0,1,90,0,0,0,0,0,1,1,1,1,1,1
P-400035,2025-01,Energy Storage,Tripura,Ministry of Petroleum & Natural Gas,31,8,1,0.0,56.66158536585366,72.1,-15.438414634146334,,,,,,,,3.4875000000000007,0,0,0,92,0,0,0,0,0,1,1,1,1,1,1
P-400035,2025-02,Energy Storage,Tripura,Ministry of Petroleum & Natural Gas,32,7,1,0.0,57.84146341463415,76.2,-18.358536585365854,4.1000000000000085,,,7.740000000000009,,,,3.3999999999999995,0,0,0,92,0,0,1,0,0,1,1,1,1,1,1
P-400035,2025-03,Energy Storage,Tripura,Ministry of Petroleum & Natural Gas,33,6,1,0.0,58.46189024390244,80.12,-21.658109756097566,3.9200000000000017,,,4.069999999999993,,,,3.3133333333333326,0,0,0,92,0,0,1,0,0,1,1,1,1,1,1
P-400035,2025-04,Energy Storage,Tripura,Ministry of Petroleum & Natural Gas,34,5,1,0.0,60.24085365853659,81.15,-20.90914634146342,1.0300000000000011,9.050000000000011,,11.670000000000016,23.480000000000018,,3.0166666666666706,3.7699999999999987,0,0,0,84,0,0,1,0,0,1,1,1,1,1,1
P-400035,2025-05,Energy Storage,Tripura,Ministry of Petroleum & Natural Gas,35,4,1,0.0,63.39329268292683,82.2,-18.806707317073176,1.0499999999999972,6.0,,20.680000000000007,36.420000000000016,,2.0,4.449999999999999,0,0,0,84,0,1,1,0,0,1,1,1,1,1,1
P-400035,2025-06,Energy Storage,Tripura,Ministry of Petroleum & Natural Gas,36,3,1,0.0,65.20884146341463,83.17,-17.961158536585373,0.9699999999999989,3.049999999999997,,11.909999999999968,44.25999999999999,,1.0166666666666657,5.609999999999999,0,0,0,92,0,1,1,0,0,1,1,1,1,1,1
P-400035,2025-07,Energy Storage,Tripura,Ministry of Petroleum & Natural Gas,37,2,0,0.0,70.9954268292683,84.0,-13.004573170731703,0.8299999999999983,2.8499999999999943,11.900000000000006,37.960000000000036,70.55000000000001,94.03000000000003,0.9499999999999981,8.0,0,0,0,82,0,1,1,0,0,1,1,1,1,1,1
P-400035,2025-08,Energy Storage,Tripura,Ministry of Petroleum & Natural Gas,38,10,9,0.0,72.8826219512195,86.0,-13.117378048780495,2.0,3.799999999999997,9.799999999999997,12.379999999999995,62.25,98.67000000000002,1.2666666666666657,1.4,0,1,0,90,0,0,0,0,0,1,1,1,1,1,1
P-400035,2025-09,Energy Storage,Tripura,Ministry of Petroleum & Natural Gas,39,9,9,0.0,73.76524390243902,88.0,-14.234756097560975,2.0,4.829999999999998,7.8799999999999955,5.789999999999964,56.129999999999995,100.38999999999999,1.6099999999999994,1.3333333333333333,0,1,0,82,0,0,0,0,0,1,1,1,1,1,1
P-400035,2025-10,Energy Storage,Tripura,Ministry of Petroleum & Natural Gas,40,8,9,0.0,77.73170731707317,89.0,-11.268292682926827,1.0,5.0,7.849999999999994,26.02000000000004,44.19,114.74000000000001,1.6666666666666667,1.375,0,1,0,90,0,0,0,0,0,1,1,1,1,1,1
P-400043,2025-01,Energy Storage,Tamil Nadu,Ministry of Petroleum & Natural Gas,36,16,22,0.0,27.325693606755127,56.53,-29.204306393244874,,,,,,,,2.716875,0,0,0,92,0,0,0,0,0,1,1,1,1,1,1
P-400043,2025-02,Energy Storage,Tamil Nadu,Ministry of Petroleum & Natural Gas,37,15,22,0.0,27.732207478890228,57.15,-29.41779252110977,0.6199999999999974,,,3.3700000000000045,,,,2.856666666666667,0,0,0,92,0,0,0,0,0,1,1,1,1,1,1
P-400043,2025-03,Energy Storage,Tamil Nadu,Ministry of Petroleum & Natural Gas,38,14,22,0.0,28.63329312424608,58.1,-29.46670687575392,0.9500000000000028,,,7.469999999999999,,,,2.992857142857143,0,0,0,92,0,0,0,0,0,1,1,1,1,1,1
P-400043,2025-04,Energy Storage,Tamil Nadu,Ministry of Petroleum & Natural Gas,39,13,22,0.0,29.59589867310012,58.7,-29.104101326899883,0.6000000000000014,2.1700000000000017,,7.97999999999999,18.819999999999993,,0.7233333333333339,3.1769230769230767,0,0,0,84,0,0,0,0,0,1,1,1,1,1,1
P-400043,2025-05,Energy Storage,Tamil Nadu,Ministry of Petroleum & Natural Gas,40,12,22,0.0,31.06634499396864,59.44,-28.373655006031356,0.7399999999999949,2.289999999999999,,12.190000000000026,27.640000000000015,,0.7633333333333331,3.3800000000000003,0,0,0,84,0,0,0,0,0,1,1,1,1,1,1
P-400043,2025-06,Energy Storage,Tamil Nadu,Ministry of Petroleum & Natural Gas,41,11,22,0.0,31.300361881785282,60.16,-28.859638118214715,0.7199999999999989,2.059999999999995,,1.9399999999999977,22.110000000000014,,0.6866666666666651,3.621818181818182,0,0,0,92,0,0,0,0,0,1,1,1,1,1,1
P-400043,2025-07,Energy Storage,Tamil Nadu,Ministry of Petroleum & Natural Gas,42,10,0,0.0,35.91917973462002,62.0,-26.080820265379977,1.8400000000000034,3.299999999999997,5.469999999999999,38.289999999999964,52.41999999999999,71.23999999999998,1.099999999999999,3.8,0,0,0,82,0,0,0,0,0,1,1,1,1,1,1
P-400043,2025-08,Energy Storage,Tamil Nadu,Ministry of Petroleum & Natural Gas,43,9,0,0.0,36.39445114595898,63.0,-26.605548854041018,1.0,3.5600000000000023,5.850000000000001,3.9399999999999977,44.16999999999996,71.80999999999997,1.1866666666666674,4.111111111111111,0,0,0,90,0,0,0,0,0,1,1,1,1,1,1
P-400043,2025-09,Energy Storage,Tamil Nadu,Ministry of Petroleum & Natural Gas,44,8,0,0.0,38.6767189384801,66.0,-27.3232810615199,3.0,5.840000000000003,7.899999999999999,18.920000000000016,61.14999999999998,83.25999999999999,1.9466666666666679,4.25,0,0,0,82,0,0,0,0,0,1,1,1,1,1,1
P-400043,2025-10,Energy Storage,Tamil Nadu,Ministry of Petroleum & Natural Gas,45,7,0,0.0,39.54885404101327,67.0,-27.45114595898673,1.0,5.0,8.299999999999997,7.230000000000018,30.090000000000032,82.51000000000002,1.6666666666666667,4.714285714285714,0,0,0,90,0,0,0,0,0,1,1,1,1,1,1
P-400045,2025-07,Railways,Odisha,Ministry of Railways,36,-6,-2,0.0,41.498336501901136,82.0,-40.501663498098864,,,,,,,,18.0,0,0,0,98,0,0,0,0,0,1,1,1,1,1,1
P-400045,2025-08,Railways,Odisha,Ministry of Railways,36,-7,-2,0.0,41.498336501901136,82.0,-40.501663498098864,0.0,,,0.0,,,,18.0,1,0,0,94,0,0,0,0,0,1,1,1,1,1,1
P-400045,2025-09,Railways,Odisha,Ministry of Railways,37,-8,-2,0.0,41.498336501901136,82.0,-40.501663498098864,0.0,,,0.0,,,,18.0,2,0,0,86,0,0,0,0,0,1,1,1,1,1,1
P-400045,2025-10,Railways,Odisha,Ministry of Railways,38,-9,-2,0.0,41.498336501901136,82.0,-40.501663498098864,0.0,0.0,,0.0,0.0,,0.0,18.0,3,0,0,94,0,0,0,0,0,1,1,1,1,1,1
P-400062,2025-07,Electricity Generation,West Bengal,Ministry of Power,5,47,0,0.0,6.697787585582527,1.0,5.697787585582527,,,,,,,,2.106382978723404,0,0,0,98,0,0,0,0,0,1,1,1,1,1,1
P-400062,2025-08,Electricity Generation,West Bengal,Ministry of Power,6,46,0,0.0,6.7487693091156,1.0,5.7487693091156,0.0,,,9.009999999999991,,,,2.152173913043478,1,0,0,98,0,0,0,0,0,1,1,1,1,1,1
P-400062,2025-09,Electricity Generation,West Bengal,Ministry of Power,32,45,0,0.0,7.764216601595654,2.0,5.764216601595654,1.0,,,179.46000000000004,,,,2.1777777777777776,0,0,0,90,0,0,0,0,0,1,1,1,1,1,1
P-400062,2025-10,Electricity Generation,West Bengal,Ministry of Power,33,44,0,0.0,7.971481921575284,2.0,5.971481921575284,0.0,1.0,,36.62999999999988,225.0999999999999,,0.3333333333333333,2.227272727272727,1,0,0,98,0,0,0,0,0,1,1,1,1,1,1
P-400073,2025-01,Coal,Jharkhand,Ministry of Coal,,86,0,0.0,48.836540145620134,32.0,16.836540145620134,,,,,,,,0.7906976744186046,0,0,0,92,0,0,0,0,0,1,1,1,1,1,1
P-400073,2025-02,Coal,Jharkhand,Ministry of Coal,37,85,0,0.0,50.35028898841544,32.0,18.350288988415443,0.0,,,12.100000000000023,,,,0.8,1,0,0,84,0,0,0,0,0,1,1,1,1,1,1
P-400073,2025-03,Coal,Jharkhand,Ministry of Coal,,84,0,0.0,50.68681662371456,32.0,18.686816623714563,0.0,,,2.6899999999999977,,,,0.8095238095238095,2,0,0,84,0,0,0,0,0,1,1,1,1,1,1
P-400073,2025-04,Coal,Jharkhand,Ministry of Coal,39,83,0,0.0,52.13426076513123,32.0,20.13426076513123,0.0,0.0,,11.569999999999993,26.360000000000014,,0.0,0.8192771084337349,3,0,0,84,0,0,0,0,0,1,1,1,1,1,1
P-400073,2025-05,Coal,Jharkhand,Ministry of Coal,40,82,0,0.0,52.13426076513123,32.0,20.13426076513123,0.0,0.0,,0.0,14.259999999999991,,0.0,0.8292682926829268,4,0,0,88,0,0,0,0,0,1,1,1,1,1,1
P-400073,2025-06,Coal,Jharkhand,Ministry of Coal,41,81,0,0.0,52.13426076513123,32.0,20.13426076513123,0.0,0.0,,0.0,11.569999999999993,,0.0,0.8395061728395061,5,0,0,88,0,0,0,0,0,1,1,1,1,1,1
P-400073,2025-07,Coal,Jharkhand,Ministry of Coal,42,80,0,0.0,53.313984036830384,46.0,7.313984036830384,14.0,14.0,14.0,9.430000000000007,9.430000000000007,35.79000000000002,4.666666666666667,0.675,0,0,0,74,0,0,0,0,0,1,1,1,1,1,1
P-400073,2025-08,Coal,Jharkhand,Ministry of Coal,43,79,0,0.0,53.04501213501138,45.0,8.045012135011383,-1.0,13.0,13.0,-2.150000000000034,7.279999999999973,21.539999999999964,4.333333333333333,0.6962025316455697,0,0,0,78,0,0,0,0,0,1,1,1,1,1,1
P-400073,2025-09,Coal,Jharkhand,Ministry of Coal,44,78,0,0.0,53.721820501914074,45.0,8.721820501914074,0.0,13.0,13.0,5.410000000000025,12.689999999999998,24.25999999999999,4.333333333333333,0.7051282051282052,1,0,0,82,0,0,0,0,0,1,1,1,1,1,1
P-400073,2025-10,Coal,Jharkhand,Ministry of Coal,45,77,0,0.0,53.750594240248205,45.0,8.750594240248205,0.0,-1.0,13.0,0.22999999999996135,3.4899999999999523,12.919999999999959,-0.3333333333333333,0.7142857142857143,2,0,0,90,0,0,0,0,0,1,1,1,1,1,1
P-400074,2025-01,Coal,Jharkhand,Ministry of Coal,,14,0,0.0,16.063271214239325,17.2,-1.136728785760674,,,,,,,,5.914285714285714,0,0,0,92,0,,,0,0,1,1,0,0,1,1
P-400074,2025-02,Coal,Jharkhand,Ministry of Coal,37,13,0,0.0,19.892786773366208,20.0,-0.1072132266337924,2.8000000000000007,,,34.78999999999999,,,,6.153846153846154,0,0,0,84,0,,,0,0,1,1,0,0,1,1
P-400074,2025-03,Coal,Jharkhand,Ministry of Coal,,12,0,0.0,20.01056721740949,20.0,0.010567217409491292,0.0,,,1.0699999999999932,,,,6.666666666666667,1,0,0,84,0,,,0,0,1,1,0,0,1,1
P-400074,2025-04,Coal,Jharkhand,Ministry of Coal,39,47,0,0.0,23.96116547602012,20.0,3.9611654760201205,0.0,2.8000000000000007,,35.890000000000015,71.75,,0.9333333333333336,1.702127659574468,2,1,0,84,0,,,0,0,1,1,0,0,1,1
P-400074,2025-05,Coal,Jharkhand,Ministry of Coal,40,46,0,0.0,23.96116547602012,21.0,2.9611654760201205,1.0,1.0,,0.0,36.96000000000001,,0.3333333333333333,1.7173913043478262,0,1,0,92,0,0,0,0,0,1,1,1,1,1,1
P-400074,2025-06,Coal,Jharkhand,Ministry of Coal,41,45,0,0.0,23.96116547602012,21.0,2.9611654760201205,0.0,1.0,,0.0,35.890000000000015,,0.3333333333333333,1.7555555555555555,1,1,0,88,0,0,0,0,0,1,1,1,1,1,1
P-400074,2025-07,Coal,Jharkhand,Ministry of Coal,42,44,0,0.0,27.71582991182978,22.0,5.715829911829779,1.0,2.0,4.800000000000001,34.109999999999985,34.109999999999985,105.85999999999999,0.6666666666666666,1.7727272727272727,0,1,0,74,0,0,0,0,0,1,1,1,1,1,1
P-400074,2025-08,Coal,Jharkhand,Ministry of Coal,43,43,0,0.0,29.630037315486476,22.0,7.630037315486476,0.0,1.0,2.0,17.390000000000015,51.5,88.46000000000001,0.3333333333333333,1.813953488372093,1,1,0,90,0,0,0,0,0,1,1,1,1,1,1
P-400074,2025-09,Coal,Jharkhand,Ministry of Coal,44,42,0,0.0,29.630037315486476,22.0,7.630037315486476,0.0,1.0,2.0,0.0,51.5,87.39000000000001,0.3333333333333333,1.8571428571428572,2,1,0,78,0,0,0,0,0,1,1,1,1,1,1
P-400074,2025-10,Coal,Jharkhand,Ministry of Coal,45,41,0,0.0,29.638843329994387,22.0,7.638843329994387,0.0,0.0,2.0,0.07999999999998408,17.47,51.579999999999984,0.0,1.9024390243902438,3,1,0,90,0,0,0,0,0,1,1,1,1,1,1
P-400077,2025-01,Energy Storage,Tamil Nadu,Ministry of Petroleum & Natural Gas,36,5,11,7.340991535671105,60.39134402000653,80.1,-19.708655979993466,,,,,,,,3.9800000000000013,0,0,0,92,0,0,,0,0,1,1,1,0,1,1
P-400077,2025-02,Energy Storage,Tamil Nadu,Ministry of Petroleum & Natural Gas,37,4,11,7.340991535671105,61.86817767063568,81.6,-19.731822329364313,1.5,,,13.110000000000014,,,,4.600000000000001,0,0,0,92,0,,,0,0,1,1,0,0,1,1
P-400077,2025-03,Energy Storage,Tamil Nadu,Ministry of Petroleum & Natural Gas,38,3,11,7.340991535671105,63.16139279719729,84.0,-20.838607202802713,2.4000000000000057,,,11.480000000000018,,,,5.333333333333333,0,0,0,92,0,,,0,0,1,1,0,0,1,1
P-400077,2025-04,Energy Storage,Tamil Nadu,Ministry of Petroleum & Natural Gas,39,2,11,7.340991535671105,64.03893163307836,84.79,-20.751068366921643,0.7900000000000063,4.690000000000012,,7.789999999999964,32.379999999999995,,1.5633333333333372,7.604999999999997,0,0,0,84,0,,,0,0,1,1,0,0,1,1
P-400077,2025-05,Energy Storage,Tamil Nadu,Ministry of Petroleum & Natural Gas,40,7,17,7.340991535671105,64.9570242534161,85.4,-20.44297574658391,0.6099999999999994,3.8000000000000114,,8.149999999999977,27.41999999999996,,1.2666666666666704,2.085714285714285,0,1,0,84,0,,,0,0,1,1,0,0,1,1
P-400077,2025-06,Energy Storage,Tamil Nadu,Ministry of Petroleum & Natural Gas,41,6,17,7.340991535671105,65.44254317288303,85.9,-20.45745682711697,0.5,1.9000000000000057,,4.310000000000059,20.25,,0.6333333333333352,2.349999999999999,0,1,0,92,0,,,0,0,1,1,0,0,1,1
P-400077,2025-07,Energy Storage,Tamil Nadu,Ministry of Petroleum & Natural Gas,42,8,15,7.340991535671105,69.78630408579379,85.0,-15.213695914206212,-0.9000000000000057,0.20999999999999375,4.900000000000006,38.559999999999945,51.01999999999998,83.39999999999998,0.06999999999999791,1.875,0,2,0,74,0,,,0,0,1,1,0,0,1,1
P-400077,2025-08,Energy Storage,Tamil Nadu,Ministry of Petroleum & Natural Gas,43,7,15,7.340991535671105,70.51965168805127,88.0,-17.48034831194873,3.0,2.5999999999999943,6.400000000000006,6.509999999999991,49.379999999999995,76.79999999999995,0.8666666666666648,1.7142857142857142,0,2,0,90,0,0,0,0,0,1,1,1,1,1,1
P-400078,2025-01,Energy Storage,"Multi-States (Gujarat, Haryana, Rajasthan)",Ministry of Petroleum & Natural Gas,37,11,14,0.0,69.25310146211785,74.03,-4.776898537882147,,,,,,,,2.360909090909091,0,0,0,92,0,0,0,0,0,1,1,1,1,1,1
P-400078,2025-02,Energy Storage,"Multi-States (Gujarat, Haryana, Rajasthan)",Ministry of Petroleum & Natural Gas,38,10,14,0.0,70.15917146654851,75.97,-5.810828533451485,1.9399999999999977,,,81.80000000000018,,,,2.403,0,0,0,92,0,0,0,0,0,1,1,1,1,1,1
P-400078,2025-03,Energy Storage,"Multi-States (Gujarat, Haryana, Rajasthan)",Ministry of Petroleum & Natural Gas,39,9,14,0.0,72.48116969428445,77.53,-5.048830305715555,1.5600000000000023,,,209.6300000000001,,,,2.4966666666666666,0,0,0,92,0,0,0,0,0,1,1,1,1,1,1
P-400078,2025-04,Energy Storage,"Multi-States (Gujarat, Haryana, Rajasthan)",Ministry of Petroleum & Natural Gas,40,8,14,0.0,73.07676118741692,79.96,-6.883238812583073,2.4299999999999926,5.929999999999993,,53.76999999999953,345.1999999999998,,1.9766666666666641,2.505000000000001,0,0,0,84,0,0,0,0,0,1,1,1,1,1,1
P-400078,2025-05,Energy Storage,"Multi-States (Gujarat, Haryana, Rajasthan)",Ministry of Petroleum & Natural Gas,41,7,14,0.0,73.79751883030572,81.86,-8.06248116969428,1.9000000000000057,5.890000000000001,,65.06999999999971,328.46999999999935,,1.9633333333333336,2.5914285714285716,0,0,0,84,0,0,1,0,0,1,1,1,1,1,1
P-400078,2025-06,Energy Storage,"Multi-States (Gujarat, Haryana, Rajasthan)",Ministry of Petroleum & Natural Gas,42,6,14,0.0,74.59858218874612,82.3,-7.701417811253876,0.4399999999999977,4.769999999999996,,72.32000000000062,191.15999999999985,,1.5899999999999987,2.9500000000000006,1,0,0,92,0,0,1,0,0,1,1,1,1,1,1
P-400078,2025-07,Energy Storage,"Multi-States (Gujarat, Haryana, Rajasthan)",Ministry of Petroleum & Natural Gas,43,5,12,0.0,78.3238812583075,84.0,-5.676118741692505,1.7000000000000028,4.040000000000006,9.969999999999999,336.3199999999997,473.71000000000004,818.9099999999999,1.3466666666666687,3.2,0,0,0,82,0,0,1,0,0,1,1,1,1,1,1
P-400078,2025-08,Energy Storage,"Multi-States (Gujarat, Haryana, Rajasthan)",Ministry of Petroleum & Natural Gas,44,4,12,0.0,79.04751883030572,85.0,-5.9524811696942805,1.0,3.1400000000000006,9.030000000000001,65.32999999999993,473.97000000000025,802.4399999999996,1.0466666666666669,3.75,0,0,0,90,0,1,1,0,0,1,1,1,1,1,1
P-400078,2025-09,Energy Storage,"Multi-States (Gujarat, Haryana, Rajasthan)",Ministry of Petroleum & Natural Gas,45,3,12,0.0,79.60766504209127,85.0,-5.39233495790873,0.0,2.700000000000003,7.469999999999999,50.56999999999971,452.21999999999935,643.3799999999992,0.9000000000000009,5.0,1,0,0,82,0,1,1,0,0,1,1,1,1,1,1
P-400078,2025-10,Energy Storage,"Multi-States (Gujarat, Haryana, Rajasthan)",Ministry of Petroleum & Natural Gas,46,2,12,0.0,80.77470093043864,86.0,-5.225299069561359,1.0,2.0,6.040000000000006,105.36000000000058,221.26000000000022,694.9700000000003,0.6666666666666666,7.0,0,0,0,90,0,1,1,0,0,1,1,1,1,1,1
P-400081,2025-10,Education,Manipur,Department of Sports,45,1,15,-32.51403797147175,90.45999934612743,94.0,-3.5400006538725677,,,,,,,,6.0,0,0,0,98,0,1,1,0,0,1,1,1,1,1,1
P-400087,2025-01,Energy Storage,Gujarat,Ministry of Petroleum & Natural Gas,41,13,0,45.28301886792454,37.499902849992615,56.9,-19.400097150007383,,,,,,,,3.3153846153846156,0,0,0,92,0,0,0,0,0,1,1,1,1,1,1
P-400087,2025-02,Energy Storage,Gujarat,Ministry of Petroleum & Natural Gas,42,12,0,45.28301886792454,37.499902849992615,60.4,-22.900097150007383,3.5,,,0.0,,,,3.3000000000000003,0,0,0,92,0,0,0,0,0,1,1,1,1,1,1
P-400087,2025-03,Energy Storage,Gujarat,Ministry of Petroleum & Natural Gas,43,11,0,45.28301886792454,42.494967629617534,66.0,-23.505032370382466,5.600000000000001,,,64.26999999999998,,,,3.090909090909091,0,0,0,92,0,0,0,0,0,1,1,1,1,1,1
P-400087,2025-04,Energy Storage,Gujarat,Ministry of Petroleum & Natural Gas,44,10,0,45.28301886792454,42.5454856334569,69.4,-26.854514366543107,3.4000000000000057,12.500000000000007,,0.6499999999999773,64.91999999999996,,4.166666666666669,3.0599999999999996,0,0,0,92,0,0,0,0,0,1,1,1,1,1,1
P-400087,2025-05,Energy Storage,Gujarat,Ministry of Petroleum & Natural Gas,45,9,0,45.28301886792454,45.40635905088329,71.4,-25.993640949116717,2.0,11.000000000000007,,36.81000000000006,101.73000000000002,,3.666666666666669,3.177777777777777,0,0,0,92,0,0,0,0,0,1,1,1,1,1,1
P-400087,2025-06,Energy Storage,Gujarat,Ministry of Petroleum & Natural Gas,46,8,0,45.28301886792454,45.40635905088329,71.4,-25.993640949116717,0.0,5.400000000000006,,0.0,37.460000000000036,,1.8000000000000018,3.5749999999999993,1,0,0,88,0,0,0,0,0,1,1,1,1,1,1
P-400087,2025-07,Energy Storage,Gujarat,Ministry of Petroleum & Natural Gas,47,7,0,45.28301886792454,59.48922412118103,73.0,-13.510775878818968,1.5999999999999943,3.5999999999999943,16.1,181.19999999999993,218.01,282.92999999999995,1.1999999999999982,3.857142857142857,0,0,0,74,0,0,1,0,1,1,1,1,1,1,1
P-400087,2025-08,Energy Storage,Gujarat,Ministry of Petroleum & Natural Gas,48,6,0,45.28301886792454,61.35916746329672,78.0,-16.64083253670328,5.0,6.599999999999994,17.6,24.06000000000006,205.26,306.99,2.199999999999998,3.6666666666666665,0,0,0,90,0,0,1,0,1,1,1,1,1,1,1
P-400087,2025-09,Energy Storage,Gujarat,Ministry of Petroleum & Natural Gas,49,5,0,45.28301886792454,64.57677570783495,79.0,-14.423224292165045,1.0,7.599999999999994,13.0,41.39999999999998,246.65999999999997,284.12,2.5333333333333314,4.2,0,0,0,82,0,0,1,0,1,1,1,1,1,1,1
P-400087,2025-10,Energy Storage,Gujarat,Ministry of Petroleum & Natural Gas,50,4,0,45.28301886792454,68.12391677741768,79.0,-10.876083222582324,0.0,6.0,9.599999999999994,45.639999999999986,111.10000000000002,329.11,2.0,5.25,1,0,0,90,0,1,1,1,1,1,1,1,1,1,1
P-400093,2025-07,Telecommunication,Uttar Pradesh,"Department of Water Resources, River Development & GR",99,8,75,0.0,0.0,0.0,0.0,,,,,,,,12.5,0,0,0,98,0,0,0,0,0,1,1,1,1,1,1
P-400093,2025-08,Telecommunication,Uttar Pradesh,"Department of Water Resources, River Development & GR",100,7,75,0.0,0.0,0.0,0.0,0.0,,,0.0,,,,14.285714285714286,1,0,0,94,0,0,0,0,0,1,1,1,1,1,1
P-400093,2025-09,Telecommunication,Uttar Pradesh,"Department of Water Resources, River Development & GR",101,6,75,0.0,1.3295868954385126,1.0,0.3295868954385126,1.0,,,22.24,,,,16.5,0,0,0,90,0,0,0,0,0,1,1,1,1,1,1
P-400093,2025-10,Telecommunication,Uttar Pradesh,"Department of Water Resources, River Development & GR",102,5,75,0.0,1.3295868954385126,1.0,0.3295868954385126,0.0,1.0,,0.0,22.24,,0.3333333333333333,19.8,1,0,0,94,0,0,0,0,0,1,1,1,1,1,1
P-400095,2025-07,Telecommunication,Maharashtra,"Department of Water Resources, River Development & GR",99,11,78,0.0,33.88326408777379,50.0,-16.11673591222621,,,,,,,,4.545454545454546,0,0,0,98,0,0,0,0,0,1,1,1,1,1,1
P-400095,2025-08,Telecommunication,Maharashtra,"Department of Water Resources, River Development & GR",100,10,78,0.0,33.88326408777379,50.0,-16.11673591222621,0.0,,,0.0,,,,5.0,1,0,0,94,0,0,0,0,0,1,1,1,1,1,1
P-400095,2025-09,Telecommunication,Maharashtra,"Department of Water Resources, River Development & GR",101,9,78,0.0,33.94108076855848,50.0,-16.05891923144152,0.0,,,0.4300000000000068,,,,5.555555555555555,2,0,0,90,0,0,0,0,0,1,1,1,1,1,1
P-400095,2025-10,Telecommunication,Maharashtra,"Department of Water Resources, River Development & GR",102,8,78,0.0,39.681067053903966,52.0,-12.318932946096034,2.0,2.0,,42.69,43.120000000000005,,0.6666666666666666,6.0,0,0,0,98,0,0,0,0,0,1,1,1,1,1,1
P-400096,2025-07,Telecommunication,Madhya Pradesh,"Department of Water Resources, River Development & GR",123,8,75,0.0,26.625931583576353,3.0,23.625931583576353,,,,,,,,12.125,0,0,0,98,0,0,0,0,0,1,1,1,1,1,1
P-400096,2025-08,Telecommunication,Madhya Pradesh,"Department of Water Resources, River Development & GR",124,7,75,0.0,26.625931583576353,3.0,23.625931583576353,0.0,,,0.0,,,,13.857142857142858,1,0,0,94,0,0,0,0,0,1,1,1,1,1,1
P-400096,2025-09,Telecommunication,Madhya Pradesh,"Department of Water Resources, River Development & GR",101,6,75,0.0,26.625931583576353,3.0,23.625931583576353,0.0,,,0.0,,,,16.166666666666668,2,0,0,86,0,0,1,0,0,1,1,1,1,1,1
P-400096,2025-10,Telecommunication,Madhya Pradesh,"Department of Water Resources, River Development & GR",102,5,75,0.0,26.625931583576353,3.0,23.625931583576353,0.0,0.0,,0.0,0.0,,0.0,19.4,3,0,0,94,0,0,1,0,0,1,1,1,1,1,1
P-400097,2025-07,Telecommunication,Gujarat,"Department of Water Resources, River Development & GR",255,-4,63,32.82813196966801,74.28425365537733,90.3,-16.01574634462267,,,,,,,,9.700000000000003,0,0,0,98,0,,,0,0,1,1,0,0,1,1
P-400097,2025-08,Telecommunication,Gujarat,"Department of Water Resources, River Development & GR",256,-5,63,32.82813196966801,74.28425365537733,90.3,-16.01574634462267,0.0,,,0.0,,,,9.700000000000003,1,0,0,94,0,,,0,0,1,1,0,0,1,1
P-400097,2025-09,Telecommunication,Gujarat,"Department of Water Resources, River Development & GR",101,6,75,32.82813196966801,74.28425365537733,90.0,-15.715746344622673,-0.29999999999999716,,,0.0,,,,1.6666666666666667,2,1,0,90,0,,,0,0,1,1,0,0,1,1
P-400097,2025-10,Telecommunication,Gujarat,"Department of Water Resources, River Development & GR",102,5,75,32.82813196966801,74.28425365537733,90.0,-15.715746344622673,0.0,-0.29999999999999716,,0.0,0.0,,-0.09999999999999905,2.0,3,1,0,94,0,0,0,0,0,1,1,1,1,1,1
P-400100,2025-07,Telecommunication,Andhra Pradesh,"Department of Water Resources, River Development & GR",234,-4,63,189.82863617051407,84.93706266369571,95.0,-10.062937336304287,,,,,,,,5.0,0,0,0,98,0,1,1,0,0,1,1,1,1,1,1
P-400100,2025-08,Telecommunication,Andhra Pradesh,"Department of Water Resources, River Development & GR",235,10,78,189.82863617051407,84.93706266369571,95.0,-10.062937336304287,0.0,,,0.0,,,,0.5,1,1,0,94,0,0,0,0,0,1,1,1,1,1,1
P-400100,2025-09,Telecommunication,Andhra Pradesh,"Department of Water Resources, River Development & GR",245,9,78,189.82863617051407,84.93706266369571,95.0,-10.062937336304287,0.0,,,0.0,,,,0.5555555555555556,2,1,0,86,0,0,0,0,0,1,1,1,1,1,1
P-400100,2025-10,Telecommunication,Andhra Pradesh,"Department of Water Resources, River Development & GR",246,8,78,189.82863617051407,84.93706266369571,95.0,-10.062937336304287,0.0,0.0,,0.0,0.0,,0.0,0.625,3,1,0,94,0,0,0,0,0,1,1,1,1,1,1
P-400101,2025-07,Telecommunication,Andhra Pradesh,"Department of Water Resources, River Development & GR",243,20,87,75.48375732870333,87.59661021809892,98.0,-10.403389781901083,,,,,,,,0.1,0,0,0,98,0,0,0,0,0,1,1,1,1,1,1
P-400101,2025-08,Telecommunication,Andhra Pradesh,"Department of Water Resources, River Development & GR",244,19,87,75.48375732870333,87.59661021809892,98.0,-10.403389781901083,0.0,,,0.0,,,,0.10526315789473684,1,0,0,94,0,0,0,0,0,1,1,1,1,1,1
P-400101,2025-09,Telecommunication,Andhra Pradesh,"Department of Water Resources, River Development & GR",245,18,87,75.48375732870333,88.77242289106526,98.0,-9.227577108934739,0.0,,,8.200000000000045,,,,0.1111111111111111,2,0,0,90,0,0,0,0,0,1,1,1,1,1,1
P-400101,2025-10,Telecommunication,Andhra Pradesh,"Department of Water Resources, River Development & GR",246,17,87,75.48375732870333,88.77242289106526,98.0,-9.227577108934739,0.0,0.0,,0.0,8.200000000000045,,0.0,0.11764705882352941,3,0,0,94,0,0,0,0,0,1,1,1,1,1,1
P-400102,2025-07,Telecommunication,Telangana,"Department of Water Resources, River Development & GR",243,-7,60,29.03563229320908,99.03460473538485,96.0,3.034604735384846,,,,,,,,4.0,0,0,0,98,0,1,1,0,0,1,1,1,1,1,1
P-400102,2025-08,Telecommunication,Telangana,"Department of Water Resources, River Development & GR",244,7,75,29.03563229320908,99.03460473538485,96.0,3.034604735384846,0.0,,,0.0,,,,0.5714285714285714,1,1,0,94,0,0,0,0,0,1,1,1,1,1,1
P-400102,2025-09,Telecommunication,Telangana,"Department of Water Resources, River Development & GR",245,6,75,29.03563229320908,99.03460473538485,96.0,3.034604735384846,0.0,,,0.0,,,,0.6666666666666666,2,1,0,86,0,0,0,0,0,1,1,1,1,1,1
P-400102,2025-10,Telecommunication,Telangana,"Department of Water Resources, River Development & GR",246,5,75,29.03563229320908,99.03460473538485,96.0,3.034604735384846,0.0,0.0,,0.0,0.0,,0.0,0.8,3,1,0,94,0,0,0,0,0,1,1,1,1,1,1
P-400103,2025-07,Telecommunication,Telangana,"Department of Water Resources, River Development & GR",234,-4,63,346.1871854578232,75.60626185798532,92.0,-16.393738142014683,,,,,,,,8.0,0,0,0,98,0,1,1,0,0,1,1,1,1,1,1
P-400103,2025-08,Telecommunication,Telangana,"Department of Water Resources, River Development & GR",235,16,84,346.1871854578232,75.60626185798532,92.0,-16.393738142014683,0.0,,,0.0,,,,0.5,1,1,0,94,0,0,0,0,0,1,1,1,1,1,1
P-400103,2025-09,Telecommunication,Telangana,"Department of Water Resources, River Development & GR",245,15,84,346.1871854578232,75.60626185798532,92.0,-16.393738142014683,0.0,,,0.0,,,,0.5333333333333333,2,1,0,86,0,0,0,0,0,1,1,1,1,1,1
P-400103,2025-10,Telecommunication,Telangana,"Department of Water Resources, River Development & GR",246,14,84,346.1871854578232,75.60626185798532,92.0,-16.393738142014683,0.0,0.0,,0.0,0.0,,0.0,0.5714285714285714,3,1,0,94,0,0,0,0,0,1,1,1,1,1,1
P-400104,2025-07,Telecommunication,Bihar,"Department of Water Resources, River Development & GR",219,8,75,15.243315180275616,71.36388500577402,44.0,27.363885005774023,,,,,,,,7.0,0,0,0,98,0,0,0,0,0,1,1,1,1,1,1
P-400104,2025-08,Telecommunication,Bihar,"Department of Water Resources, River Development & GR",220,7,75,15.243315180275616,71.36388500577402,44.0,27.363885005774023,0.0,,,0.0,,,,8.0,1,0,0,94,0,0,0,0,0,1,1,1,1,1,1
P-400104,2025-09,Telecommunication,Bihar,"Department of Water Resources, River Development & GR",221,6,75,15.243315180275616,68.02406855892542,44.0,24.02406855892542,0.0,,,-21.980000000000018,,,,9.333333333333334,2,0,0,78,0,0,0,0,0,1,1,1,1,1,1
P-400105,2025-07,Telecommunication,Maharashtra,"Department of Water Resources, River Development & GR",87,-1,36,54.239914599080564,79.64412096315067,76.22,3.4241209631506706,,,,,,,,23.78,0,0,0,98,0,1,1,0,0,1,1,1,1,1,1
P-400105,2025-08,Telecommunication,Maharashtra,"Department of Water Resources, River Development & GR",88,16,54,54.239914599080564,79.64412096315067,76.0,3.6441209631506695,-0.21999999999999886,,,0.0,,,,1.5,1,1,0,98,0,0,0,0,0,1,1,1,1,1,1
P-400105,2025-09,Telecommunication,Maharashtra,"Department of Water Resources, River Development & GR",101,15,54,54.239914599080564,79.64412096315067,76.0,3.6441209631506695,0.0,,,0.0,,,,1.6,2,1,0,86,0,0,0,0,0,1,1,1,1,1,1
P-400105,2025-10,Telecommunication,Maharashtra,"Department of Water Resources, River Development & GR",102,14,54,54.239914599080564,79.64412096315067,76.0,3.6441209631506695,0.0,-0.21999999999999886,,0.0,0.0,,-0.07333333333333296,1.7142857142857142,3,1,0,94,0,0,0,0,0,1,1,1,1,1,1
P-400107,2025-07,Telecommunication,Maharashtra,"Department of Water Resources, River Development & GR",77,23,48,0.0,101.1945158597316,80.0,21.194515859731595,,,,,,,,0.8695652173913043,0,0,0,98,0,0,0,0,0,1,1,1,1,1,1
P-400107,2025-08,Telecommunication,Maharashtra,"Department of Water Resources, River Development & GR",78,22,48,0.0,101.1945158597316,80.0,21.194515859731595,0.0,,,0.0,,,,0.9090909090909091,1,0,0,94,0,0,0,0,0,1,1,1,1,1,1
P-400107,2025-09,Telecommunication,Maharashtra,"Department of Water Resources, River Development & GR",101,21,48,0.0,106.31481889129324,80.0,26.314818891293243,0.0,,,123.2800000000002,,,,0.9523809523809523,2,0,0,90,0,0,0,0,0,1,1,1,1,1,1
P-400107,2025-10,Telecommunication,Maharashtra,"Department of Water Resources, River Development & GR",102,20,48,0.0,106.78124493805214,80.0,26.78124493805214,0.0,0.0,,11.230000000000018,134.51000000000022,,0.0,1.0,3,0,0,98,0,0,0,0,0,1,1,1,1,1,1
P-400109,2025-07,Telecommunication,Maharashtra,"Department of Water Resources, River Development & GR",87,-1,60,4.759041116888924,77.72024807807031,69.0,8.720248078070313,,,,,,,,31.0,0,0,0,98,0,1,1,0,0,1,1,1,1,1,1
P-400109,2025-08,Telecommunication,Maharashtra,"Department of Water Resources, River Development & GR",88,10,72,4.759041116888924,77.72024807807031,69.0,8.720248078070313,0.0,,,0.0,,,,3.1,1,1,0,94,0,0,0,0,0,1,1,1,1,1,1
P-400109,2025-09,Telecommunication,Maharashtra,"Department of Water Resources, River Development & GR",101,9,72,4.759041116888924,77.72024807807031,69.0,8.720248078070313,0.0,,,0.0,,,,3.4444444444444446,2,1,0,86,0,0,0,0,0,1,1,1,1,1,1
P-400109,2025-10,Telecommunication,Maharashtra,"Department of Water Resources, River Development & GR",102,8,72,4.759041116888924,77.72024807807031,69.0,8.720248078070313,0.0,0.0,,0.0,0.0,,0.0,3.875,3,1,0,94,0,0,0,0,0,1,1,1,1,1,1
P-400111,2025-07,Telecommunication,Chhattisgarh,"Department of Water Resources, River Development & GR",207,-1,66,58.06248233580449,84.85502860915493,71.0,13.855028609154928,,,,,,,,29.0,0,0,0,98,0,1,1,0,0,1,1,1,1,1,1
P-400111,2025-08,Telecommunication,Chhattisgarh,"Department of Water Resources, River Development & GR",208,10,78,58.06248233580449,84.85502860915493,71.0,13.855028609154928,0.0,,,0.0,,,,2.9,1,1,0,94,0,0,0,0,0,1,1,1,1,1,1
P-400111,2025-09,Telecommunication,Chhattisgarh,"Department of Water Resources, River Development & GR",209,9,78,58.06248233580449,84.85502860915493,72.0,12.855028609154928,1.0,,,0.0,,,,3.111111111111111,0,1,0,90,0,0,0,0,0,1,1,1,1,1,1
P-400111,2025-10,Telecommunication,Chhattisgarh,"Department of Water Resources, River Development & GR",210,8,78,58.06248233580449,84.85502860915493,72.0,12.855028609154928,0.0,1.0,,0.0,0.0,,0.3333333333333333,3.5,1,1,0,94,0,0,0,0,0,1,1,1,1,1,1
P-400112,2025-07,Telecommunication,Maharashtra,"Department of Water Resources, River Development & GR",87,35,0,0.0,117.70052402411758,90.0,27.700524024117584,,,,,,,,0.2857142857142857,0,0,0,98,0,0,0,0,0,1,1,1,1,1,1
P-400112,2025-08,Telecommunication,Maharashtra,"Department of Water Resources, River Development & GR",88,34,0,0.0,117.70052402411758,90.0,27.700524024117584,0.0,,,0.0,,,,0.29411764705882354,1,0,0,94,0,0,0,0,0,1,1,1,1,1,1
P-400112,2025-09,Telecommunication,Maharashtra,"Department of Water Resources, River Development & GR",101,33,0,0.0,120.76519981448024,90.0,30.76519981448024,0.0,,,221.35999999999876,,,,0.30303030303030304,2,0,0,90,0,0,0,0,0,1,1,1,1,1,1
P-400112,2025-10,Telecommunication,Maharashtra,"Department of Water Resources, River Development & GR",102,32,0,0.0,120.76519981448024,90.0,30.76519981448024,0.0,0.0,,0.0,221.35999999999876,,0.0,0.3125,3,0,0,94,0,0,0,0,0,1,1,1,1,1,1
P-400115,2025-07,Telecommunication,Madhya Pradesh,"Department of Water Resources, River Development & GR",198,0,67,18.949975367162438,87.08680808193877,74.0,13.08680808193877,,,,,,,,26.0,0,0,0,98,0,,,0,0,1,1,0,0,1,1
P-400115,2025-08,Telecommunication,Madhya Pradesh,"Department of Water Resources, River Development & GR",199,-5,63,18.949975367162438,83.52717300050372,75.0,8.527173000503723,1.0,,,-31.799999999999955,,,,25.0,0,1,0,86,0,,,0,0,1,1,0,0,1,1
P-400115,2025-09,Telecommunication,Madhya Pradesh,"Department of Water Resources, River Development & GR",209,6,75,18.949975367162438,83.52717300050372,75.0,8.527173000503723,0.0,,,0.0,,,,4.166666666666667,1,2,0,86,0,,,0,0,1,1,0,0,1,1
P-400115,2025-10,Telecommunication,Madhya Pradesh,"Department of Water Resources, River Development & GR",210,5,75,18.949975367162438,87.65881233559075,75.0,12.658812335590753,0.0,1.0,,36.90999999999997,5.110000000000014,,0.3333333333333333,5.0,2,2,0,98,0,0,0,0,0,1,1,1,1,1,1
P-400116,2025-07,Telecommunication,Madhya Pradesh,"Department of Water Resources, River Development & GR",219,0,67,13.87544237887971,129.11338143887974,79.0,50.11338143887974,,,,,,,,21.0,0,0,0,98,0,,,0,0,1,1,0,0,1,1
P-400116,2025-08,Telecommunication,Madhya Pradesh,"Department of Water Resources, River Development & GR",220,4,72,13.87544237887971,129.11338143887974,79.0,50.11338143887974,0.0,,,0.0,,,,5.25,1,1,0,94,0,,,0,0,1,1,0,0,1,1
P-400116,2025-09,Telecommunication,Madhya Pradesh,"Department of Water Resources, River Development & GR",221,6,75,13.87544237887971,136.2077588054583,80.0,56.2077588054583,1.0,,,99.29999999999995,,,,3.3333333333333335,0,2,0,90,0,,,0,0,1,1,0,0,1,1
P-400116,2025-10,Telecommunication,Madhya Pradesh,"Department of Water Resources, River Development & GR",222,5,75,13.87544237887971,138.4046581410302,80.0,58.40465814103021,0.0,1.0,,30.75,130.04999999999995,,0.3333333333333333,4.0,1,2,0,98,0,0,1,0,0,1,1,1,1,1,1
P-400119,2025-01,Energy Storage,Offshore,Ministry of Petroleum & Natural Gas,109,5,86,5.804700550664591,87.89863443822388,87.8,0.09863443822388263,,,,,,,,2.4400000000000004,0,0,0,92,0,0,,0,0,1,1,1,0,1,1
P-400119,2025-02,Energy Storage,Offshore,Ministry of Petroleum & Natural Gas,110,4,86,5.804700550664591,87.89863443822388,88.1,-0.20136556177611453,0.29999999999999716,,,0.0,,,,2.9750000000000014,1,0,0,92,0,0,,0,0,1,1,1,0,1,1
P-400119,2025-03,Energy Storage,Offshore,Ministry of Petroleum & Natural Gas,111,3,86,5.804700550664591,88.95139074024705,88.1,0.8513907402470551,0.0,,,35.539999999999964,,,,3.9666666666666686,2,0,0,92,0,0,,0,0,1,1,1,0,1,1
P-400119,2025-04,Energy Storage,Offshore,Ministry of Petroleum & Natural Gas,112,2,86,5.804700550664591,89.0455878432418,88.4,0.645587843241799,0.30000000000001137,0.6000000000000085,,3.180000000000291,38.720000000000255,,0.20000000000000284,5.799999999999997,3,0,0,84,0,,,0,0,1,1,0,0,1,1
P-400119,2025-05,Energy Storage,Offshore,Ministry of Petroleum & Natural Gas,113,1,86,5.804700550664591,89.57522438460855,89.0,0.5752243846085463,0.5999999999999943,0.9000000000000057,,17.879999999999654,56.59999999999991,,0.3000000000000019,11.0,0,0,0,84,0,,,0,0,1,1,0,0,1,1
P-400119,2025-06,Energy Storage,Offshore,Ministry of Petroleum & Natural Gas,114,0,86,5.804700550664591,90.38360140999437,89.5,0.8836014099943696,0.5,1.4000000000000057,,27.29000000000042,48.350000000000364,,0.46666666666666856,10.5,0,0,0,92,0,,,0,0,1,1,0,0,1,1
P-400119,2025-07,Energy Storage,Offshore,Ministry of Petroleum & Natural Gas,115,5,92,5.804700550664591,91.0574957789034,89.0,2.0574957789034016,-0.5,0.5999999999999943,1.2000000000000028,22.75,67.92000000000007,106.64000000000033,0.1999999999999981,2.2,0,1,0,74,0,,,0,0,1,1,0,0,1,1
P-400119,2025-08,Energy Storage,Offshore,Ministry of Petroleum & Natural Gas,116,4,92,5.804700550664591,91.06460499422376,89.0,2.0646049942237568,0.0,0.0,0.9000000000000057,0.23999999999978172,50.2800000000002,106.88000000000011,0.0,2.75,1,1,0,90,0,1,1,0,0,1,1,1,1,1,1
P-400119,2025-09,Energy Storage,Offshore,Ministry of Petroleum & Natural Gas,117,3,92,5.804700550664591,92.22014870108711,89.0,3.220148701087112,0.0,-0.5,0.9000000000000057,39.01000000000022,62.0,110.35000000000036,-0.16666666666666666,3.6666666666666665,2,1,0,82,0,1,1,0,0,1,1,1,1,1,1
P-400119,2025-10,Energy Storage,Offshore,Ministry of Petroleum & Natural Gas,118,2,92,5.804700550664591,92.39876773601114,89.0,3.3987677360111377,0.0,0.0,0.5999999999999943,6.029999999999745,45.279999999999745,113.19999999999982,0.0,5.5,3,1,0,90,0,1,1,0,0,1,1,1,1,1,1
P-400120,2025-01,Energy Storage,Andhra Pradesh,Ministry of Petroleum & Natural Gas,106,2,57,0.0,94.30915559214395,96.0,-1.6908444078560478,,,,,,,,2.0,0,0,0,92,0,1,,0,0,1,1,1,0,1,1
P-400120,2025-02,Energy Storage,Andhra Pradesh,Ministry of Petroleum & Natural Gas,107,1,57,0.0,95.74614841820534,96.0,-0.25385158179466316,0.0,,,488.75,,,,4.0,1,0,0,92,0,1,,0,0,1,1,1,0,1,1
P-400120,2025-03,Energy Storage,Andhra Pradesh,Ministry of Petroleum & Natural Gas,108,3,60,0.0,95.74614841820534,96.1,-0.3538515817946575,0.09999999999999432,,,0.0,,,,1.3000000000000018,2,1,0,92,0,0,,0,0,1,1,1,0,1,1
P-400120,2025-04,Energy Storage,Andhra Pradesh,Ministry of Petroleum & Natural Gas,109,2,60,0.0,97.46351287780783,96.4,1.063512877807824,0.30000000000001137,0.4000000000000057,,584.1100000000006,1072.8600000000006,,0.13333333333333522,1.7999999999999972,3,1,0,84,0,,,0,0,1,1,0,0,1,1
P-400120,2025-05,Energy Storage,Andhra Pradesh,Ministry of Petroleum & Natural Gas,110,1,60,0.0,97.46351287780783,96.4,1.063512877807824,0.0,0.4000000000000057,,0.0,584.1100000000006,,0.13333333333333522,3.5999999999999943,4,1,0,80,0,,,0,0,1,1,0,0,1,1
P-400120,2025-06,Energy Storage,Andhra Pradesh,Ministry of Petroleum & Natural Gas,111,0,60,0.0,97.51605315770905,96.4,1.1160531577090467,0.0,0.30000000000001137,,17.87000000000262,601.9800000000032,,0.1000000000000038,3.5999999999999943,5,1,0,92,0,,,0,0,1,1,0,0,1,1
P-400120,2025-07,Energy Storage,Andhra Pradesh,Ministry of Petroleum & Natural Gas,112,11,72,0.0,104.37007526755262,96.0,8.370075267552622,-0.4000000000000057,-0.4000000000000057,0.0,2331.189999999995,2349.0599999999977,3421.9199999999983,-0.13333333333333522,0.36363636363636365,6,2,0,82,0,,,0,0,1,1,0,0,1,1
P-400120,2025-08,Energy Storage,Andhra Pradesh,Ministry of Petroleum & Natural Gas,113,10,72,0.0,97.72571445372222,96.0,1.7257144537222189,0.0,-0.4000000000000057,0.0,-2259.8799999999974,89.18000000000029,673.2900000000009,-0.13333333333333522,0.4,7,2,0,78,0,0,0,0,0,1,1,1,1,1,1
P-400120,2025-09,Energy Storage,Andhra Pradesh,Ministry of Petroleum & Natural Gas,114,9,72,0.0,97.72580265788545,96.0,1.7258026578854526,0.0,-0.4000000000000057,-0.09999999999999432,0.029999999998835847,71.33999999999651,673.3199999999997,-0.13333333333333522,0.4444444444444444,8,2,0,82,0,0,0,0,0,1,1,1,1,1,1
P-400120,2025-10,Energy Storage,Andhra Pradesh,Ministry of Petroleum & Natural Gas,115,8,72,0.0,94.62551452428555,96.0,-1.374485475714451,0.0,0.0,-0.4000000000000057,-1054.4700000000012,-3314.3199999999997,-965.260000000002,0.0,0.5,9,2,0,78,0,0,1,0,0,1,1,1,1,1,1
P-400121,2025-01,STEEL,Karnataka,Ministry of Steel,,19,0,0.0,13.737627320027212,6.63,7.107627320027212,,,,,,,,4.91421052631579,0,0,0,92,0,0,0,0,0,1,1,1,1,1,1
P-400121,2025-02,STEEL,Karnataka,Ministry of Steel,17,18,0,0.0,14.981363126778646,7.78,7.201363126778646,1.1500000000000004,,,12.97999999999999,,,,5.123333333333333,0,0,0,84,0,0,0,0,0,1,1,1,1,1,1
P-400121,2025-03,STEEL,Karnataka,Ministry of Steel,,17,0,0.0,16.892960148711705,9.43,7.462960148711705,1.6499999999999995,,,19.950000000000017,,,,5.327647058823529,0,0,0,84,0,0,0,0,0,1,1,1,1,1,1
P-400121,2025-04,STEEL,Karnataka,Ministry of Steel,19,16,0,0.0,16.892960148711705,11.27,5.622960148711705,1.8399999999999999,4.64,,0.0,32.93000000000001,,1.5466666666666666,5.545625,0,0,0,84,0,0,0,0,0,1,1,1,1,1,1
P-400121,2025-05,STEEL,Karnataka,Ministry of Steel,20,15,0,0.0,17.363433400726308,13.61,3.7534334007263084,2.34,5.829999999999999,,4.909999999999997,24.860000000000014,,1.9433333333333331,5.759333333333333,0,0,0,92,0,0,0,0,0,1,1,1,1,1,1
P-400121,2025-06,STEEL,Karnataka,Ministry of Steel,21,14,0,0.0,19.283654168622977,21.5,-2.216345831377023,7.890000000000001,12.07,,20.039999999999992,24.94999999999999,,4.023333333333333,5.607142857142857,0,0,0,92,0,0,0,0,0,1,1,1,1,1,1
P-400121,2025-07,STEEL,Karnataka,Ministry of Steel,13,13,0,0.0,20.551344825273322,25.0,-4.448655174726678,3.5,13.73,18.37,13.22999999999999,38.17999999999998,71.10999999999999,4.576666666666667,5.769230769230769,0,0,0,74,0,0,0,0,0,1,1,1,1,1,1
P-400121,2025-08,STEEL,Karnataka,Ministry of Steel,129,12,0,0.0,22.01642344509069,29.0,-6.983576554909309,4.0,15.39,21.22,15.29000000000002,48.56,73.42000000000002,5.13,5.916666666666667,0,0,0,90,0,0,0,0,0,1,1,1,1,1,1
P-400121,2025-09,STEEL,Karnataka,Ministry of Steel,130,11,0,0.0,25.13726128992075,32.0,-6.862738710079249,3.0,10.5,22.57,32.569999999999965,61.089999999999975,86.03999999999996,3.5,6.181818181818182,0,0,0,82,0,0,0,0,0,1,1,1,1,1,1
P-400121,2025-10,STEEL,Karnataka,Ministry of Steel,131,10,0,0.0,27.67934996119314,35.0,-7.3206500388068605,3.0,10.0,23.73,26.53000000000003,74.39000000000001,112.57,3.3333333333333335,6.5,0,0,0,90,0,0,0,0,0,1,1,1,1,1,1
P-400136,2025-07,Coal,Jharkhand,Ministry of Coal,-20,80,0,0.0,0.0,0.0,0.0,,,,,,,,1.25,0,0,0,98,0,0,0,0,0,1,1,1,1,1,1
P-400136,2025-08,Coal,Jharkhand,Ministry of Coal,17,79,0,0.0,0.0,0.0,0.0,0.0,,,0.0,,,,1.2658227848101267,1,0,0,94,0,0,0,0,0,1,1,1,1,1,1
P-400136,2025-09,Coal,Jharkhand,Ministry of Coal,18,78,0,0.0,0.0,0.0,0.0,0.0,,,0.0,,,,1.2820512820512822,2,0,0,86,0,0,0,0,0,1,1,1,1,1,1
P-400136,2025-10,Coal,Jharkhand,Ministry of Coal,19,77,0,0.0,0.0,0.0,0.0,0.0,0.0,,0.0,0.0,,0.0,1.2987012987012987,3,0,0,94,0,0,0,0,0,1,1,1,1,1,1
P-400138,2025-01,Coal,Jharkhand,Ministry of Coal,,86,0,0.0,0.8166409861325116,12.4,-11.583359013867488,,,,,,,,1.0186046511627906,0,0,0,92,0,0,0,0,0,1,1,1,1,1,1
P-400138,2025-02,Coal,Jharkhand,Ministry of Coal,54,85,0,0.0,34.85567539804828,12.4,22.455675398048278,0.0,,,331.37,,,,1.0305882352941176,1,0,0,84,0,0,0,0,0,1,1,1,1,1,1
P-400138,2025-03,Coal,Jharkhand,Ministry of Coal,,84,0,0.0,34.85567539804828,12.4,22.455675398048278,0.0,,,0.0,,,,1.0428571428571427,2,0,0,80,0,0,0,0,0,1,1,1,1,1,1
P-400138,2025-04,Coal,Jharkhand,Ministry of Coal,56,83,0,0.0,34.85567539804828,12.4,22.455675398048278,0.0,0.0,,0.0,331.37,,0.0,1.0554216867469879,3,0,0,80,0,0,0,0,0,1,1,1,1,1,1
P-400138,2025-05,Coal,Jharkhand,Ministry of Coal,57,82,0,0.0,34.85567539804828,12.4,22.455675398048278,0.0,0.0,,0.0,0.0,,0.0,1.068292682926829,4,0,0,88,0,0,0,0,0,1,1,1,1,1,1
P-400138,2025-06,Coal,Jharkhand,Ministry of Coal,58,81,0,0.0,45.2552645095018,12.4,32.8552645095018,0.0,0.0,,101.24000000000001,101.24000000000001,,0.0,1.0814814814814815,5,0,0,92,0,0,0,0,0,1,1,1,1,1,1
P-400138,2025-07,Coal,Jharkhand,Ministry of Coal,59,80,0,0.0,45.23061119671289,15.0,30.230611196712893,2.5999999999999996,2.5999999999999996,2.5999999999999996,-0.2400000000000091,101.0,432.37,0.8666666666666666,1.0625,0,0,0,62,0,0,0,0,0,1,1,1,1,1,1
P-400138,2025-08,Coal,Jharkhand,Ministry of Coal,60,79,0,0.0,45.2552645095018,25.0,20.2552645095018,10.0,12.6,12.6,0.2400000000000091,101.24000000000001,101.24000000000001,4.2,0.9493670886075949,0,0,0,90,0,0,0,0,0,1,1,1,1,1,1
P-400138,2025-09,Coal,Jharkhand,Ministry of Coal,61,78,0,0.0,45.2552645095018,24.0,21.2552645095018,-1.0,11.6,11.6,0.0,0.0,101.24000000000001,3.8666666666666667,0.9743589743589743,0,0,0,82,0,0,0,0,0,1,1,1,1,1,1
P-400138,2025-10,Coal,Jharkhand,Ministry of Coal,62,77,0,0.0,45.2552645095018,24.0,21.2552645095018,0.0,9.0,11.6,0.0,0.2400000000000091,101.24000000000001,3.0,0.987012987012987,1,0,0,86,0,0,0,0,0,1,1,1,1,1,1
P-400139,2025-01,Coal,Jharkhand,Ministry of Coal,,86,0,0.0,65.78189958426607,60.0,5.781899584266071,,,,,,,,0.46511627906976744,0,0,0,92,0,0,0,0,0,1,1,1,1,1,1
P-400139,2025-02,Coal,Jharkhand,Ministry of Coal,54,85,0,0.0,70.51487048289096,60.0,10.514870482890956,0.0,,,29.600000000000023,,,,0.47058823529411764,1,0,0,84,0,0,0,0,0,1,1,1,1,1,1
P-400139,2025-03,Coal,Jharkhand,Ministry of Coal,55,84,0,0.0,70.51487048289096,41.0,29.514870482890956,-19.0,,,0.0,,,,0.7023809523809523,0,0,0,80,0,0,0,0,0,1,1,1,1,1,1
P-400139,2025-04,Coal,Jharkhand,Ministry of Coal,56,83,0,0.0,70.55324592260953,41.0,29.553245922609534,0.0,-19.0,,0.2400000000000091,29.840000000000032,,-6.333333333333333,0.7108433734939759,1,0,0,92,0,0,0,0,0,1,1,1,1,1,1
P-400139,2025-05,Coal,Jharkhand,Ministry of Coal,57,82,0,0.0,70.55324592260953,41.0,29.553245922609534,0.0,-19.0,,0.0,0.2400000000000091,,-6.333333333333333,0.7195121951219512,2,0,0,88,0,0,0,0,0,1,1,1,1,1,1
P-400139,2025-06,Coal,Jharkhand,Ministry of Coal,58,81,0,0.0,70.55324592260953,41.0,29.553245922609534,0.0,0.0,,0.0,0.2400000000000091,,0.0,0.7283950617283951,3,0,0,88,0,0,0,0,0,1,1,1,1,1,1
P-400139,2025-07,Coal,Jharkhand,Ministry of Coal,59,80,0,-27.36859220031124,70.52286536616566,41.0,29.52286536616566,0.0,0.0,-19.0,-0.18999999999999773,-0.18999999999999773,29.650000000000034,0.0,0.7375,4,0,0,54,0,0,0,0,0,1,1,1,1,1,1
P-400139,2025-08,Coal,Jharkhand,Ministry of Coal,60,79,0,-27.36859220031124,72.9053405820275,42.0,30.905340582027506,1.0,1.0,-18.0,14.899999999999977,14.70999999999998,14.949999999999989,0.3333333333333333,0.7341772151898734,0,0,0,90,0,0,0,0,0,1,1,1,1,1,1
P-400139,2025-09,Coal,Jharkhand,Ministry of Coal,61,78,0,-27.36859220031124,72.9053405820275,42.0,30.905340582027506,0.0,1.0,1.0,0.0,14.70999999999998,14.949999999999989,0.3333333333333333,0.7435897435897436,1,0,0,78,0,0,0,0,0,1,1,1,1,1,1
P-400139,2025-10,Coal,Jharkhand,Ministry of Coal,62,77,0,-27.36859220031124,72.9053405820275,42.0,30.905340582027506,0.0,1.0,1.0,0.0,14.899999999999977,14.70999999999998,0.3333333333333333,0.7532467532467533,2,0,0,86,0,0,0,0,0,1,1,1,1,1,1
P-400141,2025-01,Urban Public Transport,Odisha,Ministry of Mines,121,8,53,38.371922983183026,61.27981118117449,70.53,-9.250188818825514,,,,,,,,3.68375,0,0,0,92,0,0,,0,0,1,1,1,0,1,1
P-400141,2025-02,Urban Public Transport,Odisha,Ministry of Mines,122,7,53,38.371922983183026,62.232536020009164,71.39,-9.157463979990837,0.8599999999999994,,,54.090000000000146,,,,4.087142857142857,0,0,0,92,0,0,,0,0,1,1,1,0,1,1
P-400141,2025-03,Urban Public Transport,Odisha,Ministry of Mines,123,6,53,38.371922983183026,65.36566033747843,72.13,-6.764339662521564,0.7399999999999949,,,177.8800000000001,,,,4.6450000000000005,0,0,0,92,0,1,,0,0,1,1,1,0,1,1
P-400141,2025-04,Urban Public Transport,Odisha,Ministry of Mines,124,5,53,38.371922983183026,66.06932750907106,73.01,-6.940672490928947,0.8800000000000097,2.480000000000004,,39.94999999999982,271.9200000000001,,0.826666666666668,5.397999999999999,0,0,0,84,0,,,0,0,1,1,0,0,1,1
P-400141,2025-05,Urban Public Transport,Odisha,Ministry of Mines,125,4,53,38.371922983183026,66.9242963328284,73.74,-6.81570366717159,0.7299999999999898,2.3499999999999943,,48.539999999999964,266.3699999999999,,0.7833333333333314,6.565000000000001,0,0,0,84,0,,,0,0,1,1,0,0,1,1
P-400141,2025-06,Urban Public Transport,Odisha,Ministry of Mines,126,12,62,38.371922983183026,67.48494028956917,74.52,-7.035059710430829,0.7800000000000011,2.3900000000000006,,31.829999999999927,120.31999999999971,,0.7966666666666669,2.1233333333333335,0,1,0,92,0,,,0,0,1,1,0,0,1,1
P-400141,2025-07,Urban Public Transport,Odisha,Ministry of Mines,99,2,33,38.371922983183026,68.93965547609822,75.0,-6.060344523901776,0.480000000000004,1.9899999999999949,4.469999999999999,82.59000000000015,162.96000000000004,434.8800000000001,0.6633333333333317,12.5,1,2,0,74,0,,,0,0,1,1,0,0,1,1
P-400141,2025-08,Urban Public Transport,Odisha,Ministry of Mines,100,1,33,38.371922983183026,70.19040405819565,76.0,-5.809595941804346,1.0,2.260000000000005,4.609999999999999,71.00999999999976,185.42999999999984,451.7999999999997,0.7533333333333351,24.0,0,2,0,90,0,0,1,0,0,1,1,1,1,1,1
P-400141,2025-09,Urban Public Transport,Odisha,Ministry of Mines,101,0,33,38.371922983183026,72.41272413428683,77.0,-4.587275865713167,1.0,2.480000000000004,4.8700000000000045,126.17000000000007,279.77,400.0899999999997,0.826666666666668,23.0,0,2,0,82,0,0,1,0,0,1,1,1,1,1,1
P-400141,2025-10,Urban Public Transport,Odisha,Ministry of Mines,102,-1,33,38.371922983183026,73.91270652059042,78.0,-4.087293479409581,1.0,3.0,4.989999999999995,85.15999999999985,282.3399999999997,445.2999999999997,1.0,22.0,0,2,0,90,0,1,1,0,0,1,1,1,1,1,1
P-400142,2025-01,Coal,Jharkhand,Ministry of Coal,,44,0,-0.0008916947550506398,16.86834009541219,44.0,-27.13165990458781,,,,,,,,1.2727272727272727,0,0,0,92,0,0,0,0,0,1,1,1,1,1,1
P-400142,2025-02,Coal,Jharkhand,Ministry of Coal,139,43,0,-0.0008916947550506398,23.092424985509833,44.0,-20.907575014490167,0.0,,,139.60000000000008,,,,1.302325581395349,1,0,0,84,0,0,0,0,0,1,1,1,1,1,1
P-400142,2025-03,Coal,Jharkhand,Ministry of Coal,,42,0,-0.0008916947550506398,24.111641178830972,44.0,-19.888358821169028,0.0,,,22.8599999999999,,,,1.3333333333333333,2,0,0,84,0,0,0,0,0,1,1,1,1,1,1
P-400142,2025-04,Coal,Jharkhand,Ministry of Coal,141,41,0,-0.0008916947550506398,26.029247848767216,54.0,-27.970752151232784,10.0,10.0,,43.00999999999999,205.46999999999997,,3.3333333333333335,1.1219512195121952,0,0,0,84,0,0,0,0,0,1,1,1,1,1,1
P-400142,2025-05,Coal,Jharkhand,Ministry of Coal,142,40,0,-0.0008916947550506398,30.65049712425877,54.0,-23.34950287574123,0.0,10.0,,103.65000000000009,169.51999999999998,,3.3333333333333335,1.15,1,0,0,92,0,0,0,0,0,1,1,1,1,1,1
P-400142,2025-06,Coal,Jharkhand,Ministry of Coal,143,39,0,-0.0008916947550506398,51.32774532970707,54.0,-2.6722546702929293,0.0,10.0,,463.77,610.4300000000001,,3.3333333333333335,1.1794871794871795,2,0,0,92,0,0,0,0,0,1,1,1,1,1,1
P-400142,2025-07,Coal,Jharkhand,Ministry of Coal,67,38,0,0.0,51.97021712960899,54.0,-2.02978287039101,0.0,0.0,10.0,14.410000000000082,581.8300000000002,787.3000000000002,0.0,1.2105263157894737,3,0,0,66,0,0,0,0,0,1,1,1,1,1,1
P-400142,2025-08,Coal,Jharkhand,Ministry of Coal,68,37,0,0.0,52.19804717107316,74.0,-21.801952828926837,20.0,20.0,30.0,5.1099999999999,483.28999999999996,652.81,6.666666666666667,0.7027027027027027,0,0,0,90,0,0,0,0,0,1,1,1,1,1,1
P-400142,2025-09,Coal,Jharkhand,Ministry of Coal,114,36,0,0.0,52.88599580899728,74.0,-21.11400419100272,0.0,20.0,30.0,15.430000000000064,34.950000000000045,645.3800000000001,6.666666666666667,0.7222222222222222,1,0,0,82,0,0,0,0,0,1,1,1,1,1,1
P-400142,2025-10,Coal,Jharkhand,Ministry of Coal,115,35,0,0.0,54.4277497882206,74.0,-19.572250211779398,0.0,20.0,20.0,34.57999999999993,55.11999999999989,636.95,6.666666666666667,0.7428571428571429,2,0,0,90,0,0,0,0,0,1,1,1,1,1,1
P-400144,2025-01,Coal,Chhattisgarh,Ministry of Coal,,50,0,0.0,1.9687288972001455,10.0,-8.031271102799854,,,,,,,,1.8,0,0,0,92,0,0,0,0,0,1,1,1,1,1,1
P-400144,2025-02,Coal,Chhattisgarh,Ministry of Coal,50,49,0,0.0,1.9895070385953977,10.0,-8.010492961404601,0.0,,,0.480000000000004,,,,1.836734693877551,1,0,0,84,0,0,0,0,0,1,1,1,1,1,1
P-400144,2025-03,Coal,Chhattisgarh,Ministry of Coal,51,48,0,0.0,2.014613959447994,10.0,-7.985386040552006,0.0,,,0.5799999999999983,,,,1.875,2,0,0,92,0,0,0,0,0,1,1,1,1,1,1
P-400144,2025-04,Coal,Chhattisgarh,Ministry of Coal,52,47,0,0.0,2.0137482035565255,10.0,-7.986251796443474,0.0,0.0,,-0.01999999999999602,1.0400000000000063,,0.0,1.9148936170212767,3,0,0,80,0,0,0,0,0,1,1,1,1,1,1
P-400144,2025-05,Coal,Chhattisgarh,Ministry of Coal,53,46,0,0.0,2.062663411424515,10.0,-7.937336588575485,0.0,0.0,,1.1299999999999955,1.6899999999999977,,0.0,1.9565217391304348,4,0,0,92,0,0,0,0,0,1,1,1,1,1,1
P-400144,2025-06,Coal,Chhattisgarh,Ministry of Coal,54,45,0,0.0,3.6058732879677247,10.0,-6.394126712032275,0.0,0.0,,35.65,36.76,,0.0,2.0,5,0,0,92,0,0,0,0,0,1,1,1,1,1,1
P-400144,2025-07,Coal,Chhattisgarh,Ministry of Coal,55,44,0,0.0,3.621456894014164,10.0,-6.378543105985836,0.0,0.0,0.0,0.35999999999999943,37.13999999999999,38.18,0.0,2.0454545454545454,6,0,0,74,0,0,0,0,0,1,1,1,1,1,1
P-400144,2025-08,Coal,Chhattisgarh,Ministry of Coal,56,43,0,0.0,3.621456894014164,10.0,-6.378543105985836,0.0,0.0,0.0,0.0,36.01,37.699999999999996,0.0,2.0930232558139537,7,0,0,86,0,0,0,0,0,1,1,1,1,1,1
P-400144,2025-09,Coal,Chhattisgarh,Ministry of Coal,57,42,0,0.0,3.7127941405641267,10.0,-6.287205859435874,0.0,0.0,0.0,2.1099999999999994,2.469999999999999,39.23,0.0,2.142857142857143,8,0,0,82,0,0,0,0,0,1,1,1,1,1,1
P-400144,2025-10,Coal,Chhattisgarh,Ministry of Coal,58,41,0,0.0,3.8080272886256994,10.0,-6.191972711374301,0.0,0.0,0.0,2.200000000000003,4.310000000000002,41.449999999999996,0.0,2.1951219512195124,9,0,0,90,0,0,0,0,0,1,1,1,1,1,1
P-400148,2025-01,COAL,Madhya Pradesh,Ministry of Coal,106,26,72,0.0,29.746733529628266,64.0,-34.253266470371734,,,,,,,,1.3846153846153846,0,0,0,92,0,0,0,0,0,1,1,1,1,1,1
P-400148,2025-02,COAL,Madhya Pradesh,Ministry of Coal,107,25,72,0.0,30.756578947368425,64.0,-33.243421052631575,0.0,,,8.78000000000003,,,,1.44,1,0,0,92,0,0,0,0,0,1,1,1,1,1,1
P-400148,2025-03,COAL,Madhya Pradesh,Ministry of Coal,108,24,72,0.0,31.18789105631211,72.0,-40.81210894368789,8.0,,,3.75,,,,1.1666666666666667,0,0,0,92,0,0,0,0,0,1,1,1,1,1,1
P-400148,2025-04,COAL,Madhya Pradesh,Ministry of Coal,109,23,72,0.0,31.2546006624954,73.0,-41.7453993375046,1.0,9.0,,0.5799999999999841,13.110000000000014,,3.0,1.173913043478261,0,0,0,84,0,0,0,0,0,1,1,1,1,1,1
P-400148,2025-05,COAL,Madhya Pradesh,Ministry of Coal,110,22,72,0.0,31.294856459330138,75.0,-43.705143540669866,2.0,11.0,,0.3499999999999659,4.67999999999995,,3.6666666666666665,1.1363636363636365,0,0,0,84,0,0,0,0,0,1,1,1,1,1,1
P-400148,2025-06,COAL,Madhya Pradesh,Ministry of Coal,111,21,72,0.0,31.294856459330138,75.0,-43.705143540669866,0.0,3.0,,0.0,0.92999999999995,,1.0,1.1904761904761905,1,0,0,88,0,0,0,0,0,1,1,1,1,1,1
P-400148,2025-07,COAL,Madhya Pradesh,Ministry of Coal,112,20,72,0.0,31.566295546558703,75.0,-43.433704453441294,0.0,2.0,11.0,2.3600000000000136,2.7099999999999795,15.819999999999993,0.6666666666666666,1.25,2,0,0,82,0,0,0,0,0,1,1,1,1,1,1
P-400148,2025-08,COAL,Madhya Pradesh,Ministry of Coal,113,19,72,0.0,31.45127898417372,75.0,-43.54872101582628,0.0,0.0,11.0,-1.0,1.3600000000000136,6.039999999999964,0.0,1.3157894736842106,3,0,0,78,0,0,0,0,0,1,1,1,1,1,1
P-400148,2025-09,COAL,Madhya Pradesh,Ministry of Coal,114,18,72,0.0,31.669810452705192,75.0,-43.33018954729481,0.0,0.0,3.0,1.900000000000034,3.2600000000000477,4.189999999999998,0.0,1.3888888888888888,4,0,0,82,0,0,0,0,0,1,1,1,1,1,1
P-400148,2025-10,COAL,Madhya Pradesh,Ministry of Coal,115,17,72,0.0,31.669810452705192,75.0,-43.33018954729481,0.0,0.0,2.0,0.0,0.9000000000000341,3.6100000000000136,0.0,1.4705882352941178,5,0,0,86,0,0,0,0,0,1,1,1,1,1,1
P-400149,2025-01,Coal,Chhattisgarh,Ministry of Coal,,50,0,0.0,37.603255693133605,39.0,-1.3967443068663954,,,,,,,,1.22,0,0,0,92,0,0,0,0,0,1,1,1,1,1,1
P-400149,2025-02,Coal,Chhattisgarh,Ministry of Coal,54,49,0,0.0,38.83582994198632,39.0,-0.16417005801368134,0.0,,,28.470000000000027,,,,1.2448979591836735,1,0,0,84,0,0,0,0,0,1,1,1,1,1,1
P-400149,2025-03,Coal,Chhattisgarh,Ministry of Coal,55,48,0,0.0,39.02502381158541,41.0,-1.9749761884145869,2.0,,,4.3700000000000045,,,,1.2291666666666667,0,0,0,92,0,0,0,0,0,1,1,1,1,1,1
P-400149,2025-04,Coal,Chhattisgarh,Ministry of Coal,56,47,0,0.0,39.16746038618062,41.0,-1.8325396138193781,0.0,2.0,,3.2900000000000773,36.13000000000011,,0.6666666666666666,1.2553191489361701,1,0,0,92,0,0,0,0,0,1,1,1,1,1,1
P-400149,2025-05,Coal,Chhattisgarh,Ministry of Coal,57,46,0,0.0,39.46272404537189,41.0,-1.5372759546281074,0.0,2.0,,6.819999999999936,14.480000000000018,,0.6666666666666666,1.2826086956521738,2,0,0,92,0,0,0,0,0,1,1,1,1,1,1
P-400149,2025-06,Coal,Chhattisgarh,Ministry of Coal,58,45,0,0.0,39.672265997056016,47.0,-7.327734002943984,6.0,6.0,,4.840000000000032,14.950000000000045,,2.0,1.1777777777777778,0,0,0,92,0,0,0,0,0,1,1,1,1,1,1
P-400149,2025-07,Coal,Chhattisgarh,Ministry of Coal,59,44,0,0.0,39.52853060871071,47.0,-7.47146939128929,0.0,6.0,8.0,-3.32000000000005,8.339999999999918,44.47000000000003,2.0,1.2045454545454546,1,0,0,62,0,0,0,0,0,1,1,1,1,1,1
P-400149,2025-08,Coal,Chhattisgarh,Ministry of Coal,60,43,0,0.0,40.0948134037579,48.0,-7.905186596242103,1.0,7.0,9.0,13.080000000000041,14.600000000000023,29.08000000000004,2.3333333333333335,1.2093023255813953,0,0,0,90,0,0,0,0,0,1,1,1,1,1,1
P-400149,2025-09,Coal,Chhattisgarh,Ministry of Coal,61,42,0,0.0,40.507403238375616,50.0,-9.492596761624384,2.0,3.0,9.0,9.529999999999973,19.289999999999964,34.24000000000001,1.0,1.1904761904761905,0,0,0,82,0,0,0,0,0,1,1,1,1,1,1
P-400149,2025-10,Coal,Chhattisgarh,Ministry of Coal,62,41,0,0.0,40.58273443588189,50.0,-9.41726556411811,0.0,3.0,9.0,1.740000000000009,24.350000000000023,32.68999999999994,1.0,1.2195121951219512,1,0,0,90,0,0,0,0,0,1,1,1,1,1,1
P-400150,2025-01,Coal,Jharkhand,Ministry of Coal,53,38,0,0.0,18.174148823398863,19.0,-0.8258511766011374,,,,,,,,2.1315789473684212,0,0,0,92,0,0,0,0,0,1,1,1,1,1,1
P-400150,2025-02,Coal,Jharkhand,Ministry of Coal,54,37,0,0.0,19.560209914851324,22.0,-2.439790085148676,3.0,,,100.54999999999995,,,,2.108108108108108,0,0,0,92,0,0,0,0,0,1,1,1,1,1,1
P-400150,2025-03,Coal,Jharkhand,Ministry of Coal,55,36,0,0.0,20.589244827600467,29.0,-8.410755172399533,7.0,,,74.64999999999986,,,,1.9722222222222223,0,0,0,92,0,0,0,0,0,1,1,1,1,1,1
P-400150,2025-04,Coal,Jharkhand,Ministry of Coal,56,35,0,0.0,20.614195305726067,29.0,-8.385804694273933,0.0,10.0,,1.8100000000001728,177.01,,3.3333333333333335,2.0285714285714285,1,0,0,92,0,0,0,0,0,1,1,1,1,1,1
P-400150,2025-05,Coal,Jharkhand,Ministry of Coal,57,34,0,0.0,20.681740798994262,38.0,-17.318259201005738,9.0,16.0,,4.899999999999864,81.3599999999999,,5.333333333333333,1.8235294117647058,0,0,0,92,0,0,0,0,0,1,1,1,1,1,1
P-400150,2025-06,Coal,Jharkhand,Ministry of Coal,58,33,0,0.0,21.05723860238725,38.0,-16.94276139761275,0.0,9.0,,27.24000000000001,33.950000000000045,,3.0,1.878787878787879,1,0,0,92,0,0,0,0,0,1,1,1,1,1,1
P-400150,2025-07,Coal,Jharkhand,Ministry of Coal,59,32,0,0.0,21.154697099817078,38.0,-16.845302900182922,0.0,9.0,19.0,7.070000000000164,39.210000000000036,216.22000000000003,3.0,1.9375,2,0,0,74,0,0,0,0,0,1,1,1,1,1,1
P-400150,2025-08,Coal,Jharkhand,Ministry of Coal,60,31,0,0.0,21.16393291216191,38.0,-16.83606708783809,0.0,0.0,16.0,0.6699999999998454,34.98000000000002,116.33999999999992,0.0,2.0,3,0,0,90,0,0,0,0,0,1,1,1,1,1,1
P-400150,2025-09,Coal,Jharkhand,Ministry of Coal,61,30,0,0.0,21.34451372069525,38.0,-16.65548627930475,0.0,0.0,9.0,13.100000000000136,20.840000000000146,54.79000000000019,0.0,2.066666666666667,4,0,0,82,0,0,0,0,0,1,1,1,1,1,1
P-400150,2025-10,Coal,Jharkhand,Ministry of Coal,62,29,0,0.0,22.066285563046826,38.0,-15.933714436953174,0.0,0.0,9.0,52.3599999999999,66.12999999999988,105.33999999999992,0.0,2.1379310344827585,5,0,0,90,0,0,0,0,0,1,1,1,1,1,1
P-400151,2025-01,Coal,Jharkhand,Ministry of Coal,,14,0,0.0,87.75295326142785,75.0,12.752953261427848,,,,,,,,1.7857142857142858,0,0,0,92,0,1,1,0,0,1,1,1,1,1,1
P-400151,2025-02,Coal,Jharkhand,Ministry of Coal,43,13,0,0.0,89.10374935798666,75.0,14.103749357986658,0.0,,,10.520000000000095,,,,1.9230769230769231,1,0,0,84,0,1,1,0,0,1,1,1,1,1,1
P-400151,2025-03,Coal,Jharkhand,Ministry of Coal,44,12,-36,0.0,89.12557781201849,75.0,14.125577812018491,0.0,,,0.16999999999995907,,,,2.0833333333333335,2,0,0,92,0,1,1,0,0,1,1,1,1,1,1
P-400151,2025-04,Coal,Jharkhand,Ministry of Coal,45,47,0,0.0,89.12557781201849,75.0,14.125577812018491,0.0,0.0,,0.0,10.690000000000055,,0.0,0.5319148936170213,3,1,0,88,0,0,0,0,0,1,1,1,1,1,1
P-400151,2025-05,Coal,Jharkhand,Ministry of Coal,46,46,0,0.0,89.12557781201849,75.0,14.125577812018491,0.0,0.0,,0.0,0.16999999999995907,,0.0,0.5434782608695652,4,1,0,88,0,0,0,0,0,1,1,1,1,1,1
P-400151,2025-06,Coal,Jharkhand,Ministry of Coal,47,45,0,0.0,89.12557781201849,75.0,14.125577812018491,0.0,0.0,,0.0,0.0,,0.0,0.5555555555555556,5,1,0,88,0,0,0,0,0,1,1,1,1,1,1
P-400151,2025-07,Coal,Jharkhand,Ministry of Coal,48,44,0,0.0,89.25398048279405,67.0,22.25398048279405,-8.0,-8.0,-8.0,1.0,1.0,11.690000000000055,-2.6666666666666665,0.75,0,1,0,62,0,0,0,0,0,1,1,1,1,1,1
P-400151,2025-08,Coal,Jharkhand,Ministry of Coal,49,43,0,0.0,89.36697483307654,67.0,22.36697483307654,0.0,-8.0,-8.0,0.8799999999999955,1.8799999999999955,2.0499999999999545,-2.6666666666666665,0.7674418604651163,1,1,0,90,0,0,0,0,0,1,1,1,1,1,1
P-400151,2025-09,Coal,Jharkhand,Ministry of Coal,50,42,0,0.0,89.37467899332307,67.0,22.374678993323073,0.0,-8.0,-8.0,0.05999999999994543,1.9399999999999409,1.9399999999999409,-2.6666666666666665,0.7857142857142857,2,1,0,82,0,0,0,0,0,1,1,1,1,1,1
P-400151,2025-10,Coal,Jharkhand,Ministry of Coal,51,41,0,0.0,89.37467899332307,67.0,22.374678993323073,0.0,0.0,-8.0,0.0,0.9399999999999409,1.9399999999999409,0.0,0.8048780487804879,3,1,0,86,0,0,0,0,0,1,1,1,1,1,1
P-400152,2025-01,Coal,Madhya Pradesh,Ministry of Coal,,14,0,0.0,38.454517066609014,44.0,-5.545482933390986,,,,,,,,4.0,0,0,0,92,0,0,0,0,0,1,1,1,1,1,1
P-400152,2025-02,Coal,Madhya Pradesh,Ministry of Coal,67,13,0,0.0,38.55780548149215,44.0,-5.442194518507847,0.0,,,1.2900000000000205,,,,4.3076923076923075,1,0,0,84,0,0,0,0,0,1,1,1,1,1,1
P-400152,2025-03,Coal,Madhya Pradesh,Ministry of Coal,,12,0,0.0,38.80681863675306,44.0,-5.193181363246943,0.0,,,3.1100000000000136,,,,4.666666666666667,2,0,0,84,0,0,0,0,0,1,1,1,1,1,1
P-400152,2025-04,Coal,Madhya Pradesh,Ministry of Coal,69,11,0,0.0,39.06303796049418,44.0,-4.936962039505822,0.0,0.0,,3.1999999999999886,7.600000000000023,,0.0,5.090909090909091,3,0,0,84,0,0,0,0,0,1,1,1,1,1,1
P-400152,2025-05,Coal,Madhya Pradesh,Ministry of Coal,70,10,0,0.0,39.121487993722624,44.0,-4.878512006277376,0.0,0.0,,0.7300000000000182,7.0400000000000205,,0.0,5.6,4,0,0,92,0,0,0,0,0,1,1,1,1,1,1
P-400152,2025-06,Coal,Madhya Pradesh,Ministry of Coal,71,9,0,0.0,39.280023700287444,44.0,-4.719976299712556,0.0,0.0,,1.9799999999999613,5.909999999999968,,0.0,6.222222222222222,5,0,0,92,0,0,0,0,0,1,1,1,1,1,1
P-400152,2025-07,Coal,Madhya Pradesh,Ministry of Coal,72,8,0,0.0,39.66595405667251,44.0,-4.334045943327489,0.0,0.0,0.0,4.819999999999993,7.529999999999973,15.129999999999995,0.0,7.0,6,0,0,74,0,0,0,0,0,1,1,1,1,1,1
P-400152,2025-08,Coal,Madhya Pradesh,Ministry of Coal,73,7,0,0.0,39.66595405667251,44.0,-4.334045943327489,0.0,0.0,0.0,0.0,6.7999999999999545,13.839999999999975,0.0,8.0,7,0,0,86,0,0,0,0,0,1,1,1,1,1,1
P-400153,2025-01,Coal,Jharkhand,Ministry of Coal,,38,0,0.0,8.126065737637443,11.7,-3.573934262362556,,,,,,,,2.3236842105263156,0,0,0,92,0,0,0,0,0,1,1,1,1,1,1
P-400153,2025-02,Coal,Jharkhand,Ministry of Coal,49,37,0,0.0,8.126065737637443,11.7,-3.573934262362556,0.0,,,0.0,,,,2.3864864864864863,1,0,0,80,0,0,0,0,0,1,1,1,1,1,1
P-400153,2025-03,Coal,Jharkhand,Ministry of Coal,,36,0,0.0,8.177025146508301,11.7,-3.5229748534916983,0.0,,,0.519999999999996,,,,2.4527777777777775,2,0,0,84,0,0,0,0,0,1,1,1,1,1,1
P-400153,2025-04,Coal,Jharkhand,Ministry of Coal,51,35,0,0.0,8.177025146508301,11.7,-3.5229748534916983,0.0,0.0,,0.0,0.519999999999996,,0.0,2.5228571428571427,3,0,0,80,0,0,0,0,0,1,1,1,1,1,1
P-400153,2025-05,Coal,Jharkhand,Ministry of Coal,52,34,0,0.0,8.177025146508301,11.7,-3.5229748534916983,0.0,0.0,,0.0,0.519999999999996,,0.0,2.597058823529412,4,0,0,88,0,0,0,0,0,1,1,1,1,1,1
P-400153,2025-06,Coal,Jharkhand,Ministry of Coal,53,33,0,0.0,8.177025146508301,18.0,-9.822974853491699,6.300000000000001,6.300000000000001,,0.0,0.0,,2.1,2.484848484848485,0,0,0,92,0,0,0,0,0,1,1,1,1,1,1
P-400153,2025-07,Coal,Jharkhand,Ministry of Coal,54,32,0,0.0,8.227004566747025,20.0,-11.772995433252975,2.0,8.3,8.3,0.5100000000000051,0.5100000000000051,1.0300000000000011,2.766666666666667,2.5,0,0,0,74,0,0,0,0,0,1,1,1,1,1,1
P-400153,2025-08,Coal,Jharkhand,Ministry of Coal,55,31,0,0.0,8.227004566747025,20.0,-11.772995433252975,0.0,8.3,8.3,0.0,0.5100000000000051,1.0300000000000011,2.766666666666667,2.5806451612903225,1,0,0,86,0,0,0,0,0,1,1,1,1,1,1
P-400153,2025-09,Coal,Jharkhand,Ministry of Coal,56,30,0,0.0,8.227004566747025,20.0,-11.772995433252975,0.0,2.0,8.3,0.0,0.5100000000000051,0.5100000000000051,0.6666666666666666,2.6666666666666665,2,0,0,78,0,0,0,0,0,1,1,1,1,1,1
P-400153,2025-10,Coal,Jharkhand,Ministry of Coal,57,29,0,0.0,8.304423668685443,21.0,-12.695576331314557,1.0,1.0,9.3,0.789999999999992,0.789999999999992,1.2999999999999972,0.3333333333333333,2.7241379310344827,0,0,0,90,0,0,0,0,0,1,1,1,1,1,1
P-400154,2025-01,Coal,Jharkhand,Ministry of Coal,,26,0,0.0,33.16324384944277,39.0,-5.836756150557228,,,,,,,,2.3461538461538463,0,0,0,92,0,0,0,0,0,1,1,1,1,1,1
P-400154,2025-02,Coal,Jharkhand,Ministry of Coal,51,25,0,0.0,33.16324384944277,21.0,12.163243849442772,-18.0,,,0.0,,,,3.16,0,0,0,80,0,0,0,0,0,1,1,1,1,1,1
P-400154,2025-03,Coal,Jharkhand,Ministry of Coal,,24,0,0.0,33.16324384944277,21.0,12.163243849442772,0.0,,,0.0,,,,3.2916666666666665,1,0,0,80,0,0,0,0,0,1,1,1,1,1,1
P-400154,2025-04,Coal,Jharkhand,Ministry of Coal,53,23,0,0.0,33.16324384944277,21.0,12.163243849442772,0.0,-18.0,,0.0,0.0,,-6.0,3.4347826086956523,2,0,0,80,0,0,0,0,0,1,1,1,1,1,1
P-400154,2025-05,Coal,Jharkhand,Ministry of Coal,54,22,0,0.0,33.16324384944277,21.0,12.163243849442772,0.0,0.0,,0.0,0.0,,0.0,3.590909090909091,3,0,0,88,0,0,0,0,0,1,1,1,1,1,1
P-400154,2025-06,Coal,Jharkhand,Ministry of Coal,55,21,0,0.0,33.16324384944277,21.0,12.163243849442772,0.0,0.0,,0.0,0.0,,0.0,3.761904761904762,4,0,0,88,0,0,0,0,0,1,1,1,1,1,1
P-400154,2025-07,Coal,Jharkhand,Ministry of Coal,56,20,0,0.0,33.16324384944277,10.0,23.16324384944277,-11.0,-11.0,-29.0,0.0,0.0,0.0,-3.6666666666666665,4.5,0,0,0,62,0,0,0,0,0,1,1,1,1,1,1
P-400154,2025-08,Coal,Jharkhand,Ministry of Coal,57,19,0,0.0,33.16464568584846,10.0,23.164645685848463,0.0,-11.0,-11.0,0.010000000000019327,0.010000000000019327,0.010000000000019327,-3.6666666666666665,4.7368421052631575,1,0,0,90,0,0,0,0,0,1,1,1,1,1,1
P-400154,2025-09,Coal,Jharkhand,Ministry of Coal,58,18,0,0.0,33.16464568584846,10.0,23.164645685848463,0.0,-11.0,-11.0,0.0,0.010000000000019327,0.010000000000019327,-3.6666666666666665,5.0,2,0,0,78,0,0,0,0,0,1,1,1,1,1,1
P-400154,2025-10,Coal,Jharkhand,Ministry of Coal,59,17,0,0.0,33.16464568584846,10.0,23.164645685848463,0.0,0.0,-11.0,0.0,0.010000000000019327,0.010000000000019327,0.0,5.294117647058823,3,0,0,86,0,0,0,0,0,1,1,1,1,1,1
P-400155,2025-01,Coal,Jharkhand,Ministry of Coal,,38,0,0.0,6.038408987399423,12.1,-6.0615910126005765,,,,,,,,2.3131578947368423,0,0,0,92,0,0,0,0,0,1,1,1,1,1,1
P-400155,2025-02,Coal,Jharkhand,Ministry of Coal,45,37,0,0.0,6.041514277433512,20.0,-13.958485722566488,7.9,,,0.09000000000000341,,,,2.1621621621621623,0,0,0,84,0,0,0,0,0,1,1,1,1,1,1
P-400155,2025-03,Coal,Jharkhand,Ministry of Coal,,36,0,0.0,6.041514277433512,20.0,-13.958485722566488,0.0,,,0.0,,,,2.2222222222222223,1,0,0,80,0,0,,0,0,1,1,1,0,1,1
P-400155,2025-04,Coal,Jharkhand,Ministry of Coal,47,35,0,0.0,6.089818789074899,20.0,-13.910181210925101,0.0,7.9,,1.4000000000000057,1.490000000000009,,2.6333333333333333,2.2857142857142856,2,0,0,84,0,0,,0,0,1,1,1,0,1,1
P-400155,2025-05,Coal,Jharkhand,Ministry of Coal,48,34,0,0.0,6.089818789074899,20.0,-13.910181210925101,0.0,0.0,,0.0,1.4000000000000057,,0.0,2.3529411764705883,3,0,0,88,0,0,,0,0,1,1,1,0,1,1
P-400155,2025-06,Coal,Jharkhand,Ministry of Coal,49,33,0,0.0,6.089818789074899,20.0,-13.910181210925101,0.0,0.0,,0.0,1.4000000000000057,,0.0,2.4242424242424243,4,0,0,88,0,,,0,0,1,1,0,0,1,1
P-400155,2025-07,Coal,Jharkhand,Ministry of Coal,50,32,0,0.0,6.093269111334998,21.0,-14.906730888665003,1.0,1.0,8.9,0.09999999999999432,0.09999999999999432,1.5900000000000034,0.3333333333333333,2.46875,0,0,0,74,0,,,0,0,1,1,0,0,1,1
P-400155,2025-08,Coal,Jharkhand,Ministry of Coal,51,31,0,0.0,6.159170266502891,22.0,-15.84082973349711,1.0,2.0,2.0,1.9099999999999966,2.009999999999991,3.4099999999999966,0.6666666666666666,2.5161290322580645,0,0,0,90,0,,,0,0,1,1,0,0,1,1
P-400155,2025-09,Coal,Jharkhand,Ministry of Coal,52,66,0,0.0,6.20022910139807,24.0,-17.79977089860193,2.0,4.0,4.0,1.1899999999999977,3.1999999999999886,4.599999999999994,1.3333333333333333,1.1515151515151516,0,1,0,82,0,,,0,0,1,1,0,0,1,1
P-400155,2025-10,Coal,Jharkhand,Ministry of Coal,53,65,0,0.0,6.20022910139807,24.0,-17.79977089860193,0.0,3.0,4.0,0.0,3.0999999999999943,3.1999999999999886,1.0,1.1692307692307693,1,1,0,86,0,0,0,0,0,1,1,1,1,1,1
P-400156,2025-01,Coal,Jharkhand,Ministry of Coal,,38,0,0.0,15.004818784498118,19.0,-3.9951812155018818,,,,,,,,2.1315789473684212,0,0,0,92,0,0,0,0,0,1,1,1,1,1,1
P-400156,2025-02,Coal,Jharkhand,Ministry of Coal,54,37,0,0.0,19.44686194912532,30.0,-10.55313805087468,11.0,,,228.1500000000001,,,,1.8918918918918919,0,0,0,84,0,0,0,0,0,1,1,1,1,1,1
P-400156,2025-03,Coal,Jharkhand,Ministry of Coal,55,36,0,0.0,20.53853567360767,40.0,-19.46146432639233,10.0,,,56.07000000000005,,,,1.6666666666666667,0,0,0,92,0,0,0,0,0,1,1,1,1,1,1
P-400156,2025-04,Coal,Jharkhand,Ministry of Coal,56,35,0,0.0,20.701303505544036,41.0,-20.298696494455964,1.0,22.0,,8.3599999999999,292.58000000000004,,7.333333333333333,1.6857142857142857,0,0,0,92,0,0,0,0,0,1,1,1,1,1,1
P-400156,2025-05,Coal,Jharkhand,Ministry of Coal,57,34,0,0.0,21.068115222491553,41.0,-19.931884777508447,0.0,11.0,,18.839999999999918,83.26999999999987,,3.6666666666666665,1.7352941176470589,1,0,0,92,0,0,0,0,0,1,1,1,1,1,1
P-400156,2025-06,Coal,Jharkhand,Ministry of Coal,58,33,0,0.0,21.264371172960292,43.0,-21.735628827039708,2.0,3.0,,10.080000000000155,37.27999999999997,,1.0,1.7272727272727273,0,0,0,92,0,0,0,0,0,1,1,1,1,1,1
P-400156,2025-07,Coal,Jharkhand,Ministry of Coal,65,32,0,0.0,21.907070471072693,43.0,-21.092929528927307,0.0,2.0,24.0,33.00999999999999,61.930000000000064,354.5100000000001,0.6666666666666666,1.78125,1,0,0,74,0,0,0,0,0,1,1,1,1,1,1
P-400156,2025-08,Coal,Jharkhand,Ministry of Coal,66,31,0,0.0,22.479873056666957,43.0,-20.520126943333043,0.0,2.0,13.0,29.419999999999845,72.50999999999999,155.77999999999986,0.6666666666666666,1.8387096774193548,2,0,0,90,0,0,0,0,0,1,1,1,1,1,1
P-400156,2025-09,Coal,Jharkhand,Ministry of Coal,67,30,0,0.0,22.568850208813995,42.0,-19.431149791186005,-1.0,-1.0,2.0,4.570000000000164,67.0,104.27999999999997,-0.3333333333333333,1.9333333333333333,0,0,0,82,0,0,0,0,0,1,1,1,1,1,1
P-400156,2025-10,Coal,Jharkhand,Ministry of Coal,68,29,0,0.0,22.74291054583686,42.0,-19.25708945416314,0.0,-1.0,1.0,8.939999999999827,42.929999999999836,104.8599999999999,-0.3333333333333333,2.0,1,0,0,90,0,0,0,0,0,1,1,1,1,1,1
P-400160,2025-01,Coal,Jharkhand,Ministry of Coal,,2,0,0.0,95.58774591367329,74.5,21.087745913673288,,,,,,,,12.75,0,0,0,92,0,,,0,0,1,1,0,0,1,1
P-400160,2025-02,Coal,Jharkhand,Ministry of Coal,182,25,132,0.0,95.63864147988646,74.5,21.13864147988646,0.0,,,0.2599999999999909,,,,1.02,1,1,0,84,0,,,0,0,1,1,0,0,1,1
P-400160,2025-03,Coal,Jharkhand,Ministry of Coal,,24,0,0.0,95.63864147988646,75.0,20.63864147988646,0.5,,,0.0,,,,1.0416666666666667,0,1,0,84,0,0,0,0,0,1,1,1,1,1,1
P-400160,2025-04,Coal,Jharkhand,Ministry of Coal,184,23,132,0.0,95.63864147988646,75.0,20.63864147988646,0.0,0.5,,0.0,0.2599999999999909,,0.16666666666666666,1.0869565217391304,1,1,0,80,0,0,0,0,0,1,1,1,1,1,1
P-400160,2025-05,Coal,Jharkhand,Ministry of Coal,185,22,132,0.0,95.63864147988646,75.0,20.63864147988646,0.0,0.5,,0.0,0.0,,0.16666666666666666,1.1363636363636365,2,1,0,88,0,0,0,0,0,1,1,1,1,1,1
P-400160,2025-06,Coal,Jharkhand,Ministry of Coal,186,21,132,0.0,95.63864147988646,75.0,20.63864147988646,0.0,0.0,,0.0,0.0,,0.0,1.1904761904761905,3,1,0,88,0,0,0,0,0,1,1,1,1,1,1
P-400160,2025-07,Coal,Jharkhand,Ministry of Coal,187,20,132,0.0,95.63864147988646,76.0,19.63864147988646,1.0,1.0,1.5,0.0,0.0,0.2599999999999909,0.3333333333333333,1.2,0,1,0,82,0,0,0,0,0,1,1,1,1,1,1
P-400160,2025-08,Coal,Jharkhand,Ministry of Coal,188,19,132,0.0,95.65821669766076,76.0,19.658216697660762,0.0,1.0,1.5,0.10000000000002274,0.10000000000002274,0.10000000000002274,0.3333333333333333,1.263157894736842,1,1,0,90,0,0,0,0,0,1,1,1,1,1,1
P-400160,2025-09,Coal,Jharkhand,Ministry of Coal,189,18,132,0.0,95.65821669766076,76.0,19.658216697660762,0.0,1.0,1.0,0.0,0.10000000000002274,0.10000000000002274,0.3333333333333333,1.3333333333333333,2,1,0,78,0,0,0,0,0,1,1,1,1,1,1
P-400160,2025-10,Coal,Jharkhand,Ministry of Coal,190,17,132,0.0,95.66213174121562,76.0,19.662131741215617,0.0,0.0,1.0,0.01999999999998181,0.12000000000000455,0.12000000000000455,0.0,1.411764705882353,3,1,0,90,0,0,0,0,0,1,1,1,1,1,1
P-400161,2025-07,Energy Storage,Uttar Pradesh,Ministry of Petroleum & Natural Gas,76,1,19,42.66165875944474,77.28903327123524,97.0,-19.71096672876476,,,,,,,,3.0,0,0,0,98,0,,,0,0,1,1,0,0,1,1
P-400162,2025-01,Coal,Madhya Pradesh,Ministry of Coal,66,2,24,0.0,40.29598181654334,28.08,12.21598181654334,,,,,,,,35.96,0,0,0,92,0,1,1,0,0,1,1,1,1,1,1
P-400162,2025-02,Coal,Madhya Pradesh,Ministry of Coal,67,1,24,0.0,40.26394048322336,28.78,11.483940483223357,0.7000000000000028,,,-0.3199999999999932,,,,71.22,0,0,0,80,0,1,1,0,0,1,1,1,1,1,1
P-400162,2025-03,Coal,Madhya Pradesh,Ministry of Coal,68,24,48,0.0,42.980444773758144,28.89,14.090444773758144,0.10999999999999943,,,27.129999999999995,,,,2.9629166666666666,1,1,0,92,0,0,0,0,0,1,1,1,1,1,1
P-400162,2025-04,Coal,Madhya Pradesh,Ministry of Coal,69,23,48,0.0,43.17669794034304,29.48,13.69669794034304,0.5899999999999999,1.4000000000000021,,1.9599999999999795,28.769999999999982,,0.4666666666666674,3.066086956521739,0,1,0,92,0,0,0,0,0,1,1,1,1,1,1
P-400162,2025-05,Coal,Madhya Pradesh,Ministry of Coal,70,22,48,0.0,43.920657648366394,42.57,1.3506576483663935,13.09,13.79,,7.430000000000007,36.51999999999998,,4.596666666666667,2.6104545454545454,0,1,0,92,0,0,0,0,0,1,1,1,1,1,1
P-400162,2025-06,Coal,Madhya Pradesh,Ministry of Coal,71,21,48,0.0,45.433609356069326,46.24,-0.8063906439306763,3.6700000000000017,17.35,,15.110000000000014,24.5,,5.783333333333334,2.56,0,1,0,92,0,0,0,0,0,1,1,1,1,1,1
P-400162,2025-07,Coal,Madhya Pradesh,Ministry of Coal,72,20,48,0.0,45.860159605891596,46.0,-0.1398403941084041,-0.240000000000002,16.52,17.92,4.259999999999991,26.80000000000001,55.56999999999999,5.506666666666667,2.7,1,1,0,82,0,0,0,0,0,1,1,1,1,1,1
P-400162,2025-08,Coal,Madhya Pradesh,Ministry of Coal,73,19,48,0.0,45.779054980925395,47.0,-1.2209450190746054,1.0,4.43,18.22,-0.8100000000000023,18.560000000000002,55.079999999999984,1.4766666666666666,2.789473684210526,0,1,0,78,0,0,0,0,0,1,1,1,1,1,1
P-400162,2025-09,Coal,Madhya Pradesh,Ministry of Coal,74,18,48,0.0,46.873466772136055,47.0,-0.12653322786394483,0.0,0.759999999999998,18.11,10.930000000000007,14.379999999999995,38.879999999999995,0.2533333333333327,2.9444444444444446,1,1,0,82,0,0,0,0,0,1,1,1,1,1,1
P-400162,2025-10,Coal,Madhya Pradesh,Ministry of Coal,75,17,48,0.0,47.147820688688405,47.0,0.14782068868840526,0.0,1.0,17.52,2.740000000000009,12.860000000000014,39.660000000000025,0.3333333333333333,3.1176470588235294,2,1,0,90,0,0,0,0,0,1,1,1,1,1,1
P-400165,2025-01,Coal,Odisha,Ministry of Coal,,50,0,0.0,69.16714389453362,39.1,30.067143894533622,,,,,,,,1.218,0,0,0,92,0,0,0,0,0,1,1,1,1,1,1
P-400165,2025-02,Coal,Odisha,Ministry of Coal,45,49,0,0.0,69.20551891888701,39.2,30.005518918887006,0.10000000000000142,,,0.650000000000091,,,,1.2408163265306122,1,0,0,92,0,0,,0,0,1,1,1,0,1,1
P-400165,2025-03,Coal,Odisha,Ministry of Coal,,48,0,0.0,69.64181342653544,39.3,30.34181342653544,0.09999999999999432,,,7.389999999999873,,,,1.2645833333333334,2,0,0,84,0,0,,0,0,1,1,1,0,1,1
P-400165,2025-04,Coal,Odisha,Ministry of Coal,47,47,0,0.0,69.68609230078934,39.3,30.386092300789343,0.0,0.19999999999999574,,0.75,8.789999999999964,,0.06666666666666525,1.2914893617021277,3,0,0,84,0,0,,0,0,1,1,1,0,1,1
P-400165,2025-05,Coal,Odisha,Ministry of Coal,48,46,0,0.0,69.78173466917778,39.3,30.481734669177783,0.0,0.09999999999999432,,1.6200000000001182,9.759999999999991,,0.03333333333333144,1.3195652173913044,4,0,0,84,0,,,0,0,1,1,0,0,1,1
P-400165,2025-06,Coal,Odisha,Ministry of Coal,49,45,0,0.0,75.44057479882632,40.05,35.39057479882632,0.75,0.75,,95.84999999999991,98.22000000000003,,0.25,1.3322222222222222,0,0,0,92,0,,,0,0,1,1,0,0,1,1
P-400165,2025-07,Coal,Odisha,Ministry of Coal,50,44,0,0.0,75.4901671379907,42.0,33.490167137990696,1.9500000000000028,2.700000000000003,2.8999999999999986,0.8400000000001455,98.31000000000017,107.10000000000014,0.9000000000000009,1.3181818181818181,0,0,0,82,0,,,0,0,1,1,0,0,1,1
P-400165,2025-08,Coal,Odisha,Ministry of Coal,51,80,0,0.0,77.99871296072169,42.0,35.99871296072169,0.0,2.700000000000003,2.799999999999997,42.49000000000001,139.18000000000006,148.94000000000005,0.9000000000000009,0.725,1,1,0,82,0,,,0,0,1,1,0,0,1,1
P-400165,2025-09,Coal,Odisha,Ministry of Coal,52,79,0,0.0,78.13981497334412,42.0,36.139814973344116,0.0,1.9500000000000028,2.700000000000003,2.3899999999998727,45.72000000000003,143.94000000000005,0.6500000000000009,0.7341772151898734,2,1,0,82,0,0,0,0,0,1,1,1,1,1,1
P-400165,2025-10,Coal,Odisha,Ministry of Coal,53,78,0,0.0,78.14453805326454,42.0,36.14453805326454,0.0,0.0,2.700000000000003,0.07999999999992724,44.95999999999981,143.26999999999998,0.0,0.7435897435897436,3,1,0,90,0,0,0,0,0,1,1,1,1,1,1
P-400166,2025-08,Coal,Odisha,Ministry of Coal,54,43,0,0.0,66.52710805686291,55.0,11.527108056862915,1.0,3.0600000000000023,12.200000000000003,0.40000000000009095,19.65000000000009,25.390000000000327,1.0200000000000007,1.0465116279069768,0,2,0,82,0,,,0,0,1,1,0,0,1,1
P-400166,2025-09,Coal,Odisha,Ministry of Coal,55,42,0,0.0,66.53981270272091,55.0,11.539812702720909,0.0,1.3699999999999974,3.9299999999999997,0.6599999999998545,2.0,20.84999999999991,0.45666666666666583,1.0714285714285714,1,2,0,82,0,0,0,0,0,1,1,1,1,1,1
P-400166,2025-10,Coal,Odisha,Ministry of Coal,56,41,0,0.0,66.54404758467358,55.0,11.544047584673578,0.0,1.0,3.9299999999999997,0.2199999999997999,1.2799999999997453,20.529999999999745,0.3333333333333333,1.0975609756097562,2,2,0,90,0,0,0,0,0,1,1,1,1,1,1
P-400167,2025-01,Energy Storage,Gujarat,Ministry of Petroleum & Natural Gas,,14,0,0.0,98.56007431874484,92.6,5.960074318744844,,,,,,,,0.528571428571429,0,0,0,92,0,0,0,0,0,1,1,1,1,1,1
P-400167,2025-02,Energy Storage,Gujarat,Ministry of Petroleum & Natural Gas,96,13,0,0.0,98.95575282135977,93.1,5.855752821359772,0.5,,,4.600000000000136,,,,0.5307692307692312,0,0,0,84,0,0,0,0,0,1,1,1,1,1,1
P-400167,2025-03,Energy Storage,Gujarat,Ministry of Petroleum & Natural Gas,97,12,0,0.0,99.38583815028902,93.6,5.785838150289024,0.5,,,5.0,,,,0.5333333333333338,0,0,0,92,0,0,0,0,0,1,1,1,1,1,1
P-400167,2025-04,Energy Storage,Gujarat,Ministry of Petroleum & Natural Gas,98,11,0,0.0,99.45293146160199,93.6,5.852931461601997,0.0,1.0,,0.7799999999999727,10.38000000000011,,0.3333333333333333,0.5818181818181823,1,0,0,92,0,0,0,0,0,1,1,1,1,1,1
P-400167,2025-05,Energy Storage,Gujarat,Ministry of Petroleum & Natural Gas,99,10,0,0.0,99.50712221304707,94.1,5.407122213047074,0.5,1.0,,0.6299999999998818,6.4099999999998545,,0.3333333333333333,0.5900000000000005,0,0,0,92,0,0,0,0,0,1,1,1,1,1,1
P-400167,2025-06,Energy Storage,Gujarat,Ministry of Petroleum & Natural Gas,100,9,0,0.0,99.5131434076521,94.1,5.4131434076521,0.0,0.5,,0.07000000000016371,1.4800000000000182,,0.16666666666666666,0.6555555555555562,1,0,0,92,0,0,0,0,0,1,1,1,1,1,1
P-400167,2025-07,Energy Storage,Gujarat,Ministry of Petroleum & Natural Gas,101,8,0,0.0,99.5131434076521,94.0,5.513143407652095,-0.09999999999999432,0.4000000000000057,1.4000000000000057,0.0,0.7000000000000455,11.080000000000155,0.13333333333333522,0.75,2,0,0,82,0,0,0,0,0,1,1,1,1,1,1
P-400167,2025-08,Energy Storage,Gujarat,Ministry of Petroleum & Natural Gas,102,7,0,0.0,99.52174511423067,94.0,5.521745114230669,0.0,-0.09999999999999432,0.9000000000000057,0.09999999999990905,0.17000000000007276,6.579999999999927,-0.03333333333333144,0.8571428571428571,3,0,0,90,0,0,0,0,0,1,1,1,1,1,1
P-400167,2025-09,Energy Storage,Gujarat,Ministry of Petroleum & Natural Gas,103,6,0,0.0,99.52174511423067,94.0,5.521745114230669,0.0,-0.09999999999999432,0.4000000000000057,0.0,0.09999999999990905,1.5799999999999272,-0.03333333333333144,1.0,4,0,0,78,0,0,1,0,0,1,1,1,1,1,1
P-400167,2025-10,Energy Storage,Gujarat,Ministry of Petroleum & Natural Gas,104,5,0,0.0,98.01644646297827,94.0,4.016446462978266,0.0,0.0,0.4000000000000057,-17.5,-17.40000000000009,-16.700000000000045,0.0,1.2,5,0,0,78,0,0,1,0,0,1,1,1,1,1,1
P-400168,2025-01,Energy Storage,Maharashtra,Ministry of Petroleum & Natural Gas,68,9,6,27.95271115152893,51.3089907604833,79.3,-27.9910092395167,,,,,,,,2.3000000000000003,0,0,0,92,0,0,0,0,0,1,1,1,1,1,1
P-400168,2025-02,Energy Storage,Maharashtra,Ministry of Petroleum & Natural Gas,69,8,6,27.95271115152893,51.76199360341151,80.65,-28.888006396588494,1.3500000000000085,,,50.98999999999978,,,,2.4187499999999993,0,0,0,92,0,0,0,0,0,1,1,1,1,1,1
P-400168,2025-03,Energy Storage,Maharashtra,Ministry of Petroleum & Natural Gas,70,7,6,27.95271115152893,54.643567874911156,81.86,-27.216432125088843,1.2099999999999937,,,324.35000000000036,,,,2.5914285714285716,0,0,0,92,0,0,,0,0,1,1,1,0,1,1
P-400168,2025-04,Energy Storage,Maharashtra,Ministry of Petroleum & Natural Gas,71,6,6,27.95271115152893,55.41648898365316,82.79,-27.373511016346846,0.9300000000000068,3.490000000000009,,87.0,462.34000000000015,,1.1633333333333364,2.8683333333333323,0,0,0,84,0,0,,0,0,1,1,1,0,1,1
P-400168,2025-05,Energy Storage,Maharashtra,Ministry of Petroleum & Natural Gas,72,5,6,27.95271115152893,56.57231698649609,83.78,-27.20768301350391,0.9899999999999949,3.1299999999999955,,130.09999999999945,541.4499999999998,,1.043333333333332,3.2439999999999998,0,0,0,84,0,0,,0,0,1,1,1,0,1,1
P-400168,2025-06,Energy Storage,Maharashtra,Ministry of Petroleum & Natural Gas,73,4,6,27.95271115152893,59.47921108742004,84.5,-25.02078891257996,0.7199999999999989,2.6400000000000006,,327.1999999999998,544.2999999999993,,0.8800000000000002,3.875,0,0,0,92,0,,,0,0,1,1,0,0,1,1
P-400168,2025-07,Energy Storage,Maharashtra,Ministry of Petroleum & Natural Gas,51,3,6,27.95271115152893,60.131130063965884,85.0,-24.868869936034116,0.5,2.2099999999999937,5.700000000000003,73.38000000000011,530.6799999999994,993.0199999999995,0.7366666666666646,5.0,0,0,0,74,0,,,0,0,1,1,0,0,1,1
P-400168,2025-08,Energy Storage,Maharashtra,Ministry of Petroleum & Natural Gas,52,2,6,27.95271115152893,61.10154584221748,85.0,-23.898454157782517,0.0,1.2199999999999989,4.349999999999994,109.23000000000047,509.8100000000004,1051.2600000000002,0.4066666666666663,7.5,1,0,0,90,0,,,0,0,1,1,0,0,1,1
P-400168,2025-09,Energy Storage,Maharashtra,Ministry of Petroleum & Natural Gas,53,3,8,27.95271115152893,62.10270078180526,86.0,-23.89729921819474,1.0,1.5,4.140000000000001,112.6899999999996,295.3000000000002,839.5999999999995,0.5,4.666666666666667,0,1,0,82,0,,,0,0,1,1,0,0,1,1
P-400168,2025-10,Energy Storage,Maharashtra,Ministry of Petroleum & Natural Gas,54,2,8,27.95271115152893,63.28073916133618,86.0,-22.71926083866382,0.0,1.0,3.2099999999999937,132.60000000000036,354.52000000000044,885.1999999999998,0.3333333333333333,7.0,1,1,0,90,0,1,1,0,0,1,1,1,1,1,1
P-400169,2025-01,Energy Storage,Gujarat,Ministry of Petroleum & Natural Gas,,6,0,36.2914599939781,35.827403376587135,63.0,-27.172596623412865,,,,,,,,6.166666666666667,0,0,0,92,0,0,,0,0,1,1,1,0,1,1
P-400169,2025-02,Energy Storage,Gujarat,Ministry of Petroleum & Natural Gas,46,5,4,36.2914599939781,36.46109483279847,65.6,-29.13890516720152,2.5999999999999943,,,5.449999999999989,,,,6.880000000000001,0,0,0,84,0,0,,0,0,1,1,1,0,1,1
P-400169,2025-03,Energy Storage,Gujarat,Ministry of Petroleum & Natural Gas,47,4,4,36.2914599939781,44.744430491605044,65.6,-20.85556950839495,0.0,,,71.24000000000001,,,,8.600000000000001,1,0,0,92,0,0,,0,0,1,1,1,0,1,1
P-400169,2025-04,Energy Storage,Gujarat,Ministry of Petroleum & Natural Gas,48,3,4,36.2914599939781,44.77931259011209,65.9,-21.120687409887914,0.30000000000001137,2.9000000000000057,,0.30000000000001137,76.99000000000001,,0.9666666666666686,11.366666666666665,2,0,0,92,0,,,0,0,1,1,0,0,1,1
P-400169,2025-05,Energy Storage,Gujarat,Ministry of Petroleum & Natural Gas,49,2,4,36.2914599939781,46.46993163108693,75.8,-29.330068368913068,9.899999999999991,10.200000000000003,,14.54000000000002,86.08000000000004,,3.400000000000001,12.100000000000001,0,0,0,92,0,,,0,0,1,1,0,0,1,1
P-400169,2025-06,Energy Storage,Gujarat,Ministry of Petroleum & Natural Gas,50,1,4,36.2914599939781,50.65345797869867,76.6,-25.946542021301326,0.7999999999999972,11.0,,35.97999999999996,50.81999999999999,,3.6666666666666665,23.400000000000006,0,0,0,92,0,,,0,0,1,1,0,0,1,1
P-400169,2025-07,Energy Storage,Gujarat,Ministry of Petroleum & Natural Gas,51,3,7,36.2914599939781,58.72633830984606,77.0,-18.273661690153943,0.4000000000000057,11.099999999999994,14.0,69.43,119.94999999999999,196.94,3.699999999999998,7.666666666666667,1,1,0,74,0,,,0,0,1,1,0,0,1,1
P-400169,2025-08,Energy Storage,Gujarat,Ministry of Petroleum & Natural Gas,52,2,7,36.2914599939781,58.73564020278127,79.0,-20.26435979721873,2.0,3.200000000000003,13.400000000000006,0.07999999999998408,105.48999999999995,191.57,1.0666666666666675,10.5,0,1,0,90,0,1,1,0,0,1,1,1,1,1,1
P-400169,2025-09,Energy Storage,Gujarat,Ministry of Petroleum & Natural Gas,53,1,7,36.2914599939781,62.67499186084368,83.0,-20.325008139156317,4.0,6.400000000000006,17.400000000000006,33.879999999999995,103.38999999999999,154.20999999999998,2.133333333333335,17.0,0,1,0,82,0,1,1,0,0,1,1,1,1,1,1
P-400169,2025-10,Energy Storage,Gujarat,Ministry of Petroleum & Natural Gas,54,5,12,36.2914599939781,66.59457699641878,85.0,-18.40542300358122,2.0,8.0,19.099999999999994,33.710000000000036,67.67000000000002,187.62,2.6666666666666665,3.0,0,2,0,90,0,0,1,0,0,1,1,1,1,1,1
P-400171,2025-01,Energy Storage,Punjab,Ministry of Petroleum & Natural Gas,56,2,25,0.0,78.17877393665667,95.4,-17.221226063343337,,,,,,,,2.299999999999997,0,0,0,92,0,1,1,0,0,1,1,1,1,1,1
P-400171,2025-02,Energy Storage,Punjab,Ministry of Petroleum & Natural Gas,57,1,25,0.0,78.73383704078904,95.5,-16.76616295921096,0.09999999999999432,,,7.8900000000001,,,,4.5,1,0,0,92,0,1,1,0,0,1,1,1,1,1,1
P-400171,2025-03,Energy Storage,Punjab,Ministry of Petroleum & Natural Gas,58,9,34,0.0,79.8573297876831,95.55,-15.692670212316898,0.04999999999999716,,,15.970000000000027,,,,0.49444444444444474,2,1,0,92,0,1,1,0,0,1,1,1,1,1,1
P-400171,2025-04,Energy Storage,Punjab,Ministry of Petroleum & Natural Gas,59,8,34,0.0,81.18061711198345,95.6,-14.419382888016543,0.04999999999999716,0.19999999999998863,,18.809999999999945,42.67000000000007,,0.06666666666666288,0.5500000000000007,3,1,0,84,0,1,1,0,0,1,1,1,1,1,1
P-400171,2025-05,Energy Storage,Punjab,Ministry of Petroleum & Natural Gas,60,7,34,0.0,81.35649262026367,95.62,-14.263507379736339,0.020000000000010232,0.12000000000000455,,2.5,37.27999999999997,,0.040000000000001514,0.6257142857142851,4,1,0,84,0,1,1,0,0,1,1,1,1,1,1
P-400171,2025-06,Energy Storage,Punjab,Ministry of Petroleum & Natural Gas,61,9,37,0.0,81.82432147228904,95.63,-13.805678527710953,0.009999999999990905,0.0799999999999983,,6.649999999999864,27.95999999999981,,0.0266666666666661,0.4855555555555561,5,2,0,92,0,0,0,0,0,1,1,1,1,1,1
P-400171,2025-07,Energy Storage,Punjab,Ministry of Petroleum & Natural Gas,62,8,37,0.0,83.07725859327735,95.0,-11.92274140672265,-0.6299999999999955,-0.5999999999999943,-0.4000000000000057,17.810000000000173,26.960000000000036,69.63000000000011,-0.1999999999999981,0.625,0,2,0,82,0,0,0,0,0,1,1,1,1,1,1
P-400171,2025-08,Energy Storage,Punjab,Ministry of Petroleum & Natural Gas,63,7,37,0.0,83.18208039621236,95.0,-11.817919603787644,0.0,-0.6200000000000045,-0.5,1.490000000000009,25.950000000000045,63.23000000000002,-0.2066666666666682,0.7142857142857143,1,2,0,90,0,0,0,0,0,1,1,1,1,1,1
P-400171,2025-09,Energy Storage,Punjab,Ministry of Petroleum & Natural Gas,64,6,37,0.0,83.42478859763904,95.0,-11.575211402360964,0.0,-0.6299999999999955,-0.5499999999999972,3.449999999999818,22.75,50.70999999999981,-0.2099999999999985,0.8333333333333334,2,2,0,82,0,0,1,0,0,1,1,1,1,1,1
P-400171,2025-10,Energy Storage,Punjab,Ministry of Petroleum & Natural Gas,65,5,37,0.0,84.53702531200317,95.0,-10.462974687996834,0.0,0.0,-0.5999999999999943,15.810000000000173,20.75,47.710000000000036,0.0,1.0,3,2,0,90,0,0,1,0,0,1,1,1,1,1,1
P-400172,2025-01,Coal,Jharkhand,Ministry of Coal,,14,0,0.0,42.64951943655395,51.0,-8.350480563446048,,,,,,,,3.5,0,0,0,92,0,0,0,0,0,1,1,1,1,1,1
P-400172,2025-02,Coal,Jharkhand,Ministry of Coal,78,13,0,0.0,43.50947507685124,51.0,-7.490524923148762,0.0,,,4.4199999999999875,,,,3.769230769230769,1,0,0,84,0,0,0,0,0,1,1,1,1,1,1
P-400172,2025-03,Coal,Jharkhand,Ministry of Coal,,12,0,0.0,43.585353515701,51.0,-7.4146464842989985,0.0,,,0.3900000000000148,,,,4.083333333333333,2,0,0,84,0,0,0,0,0,1,1,1,1,1,1
P-400172,2025-04,Coal,Jharkhand,Ministry of Coal,80,11,0,0.0,44.21183703646056,51.0,-6.788162963539442,0.0,0.0,,3.219999999999999,8.030000000000001,,0.0,4.454545454545454,3,0,0,84,0,0,,0,0,1,1,1,0,1,1
P-400172,2025-05,Coal,Jharkhand,Ministry of Coal,81,10,0,0.0,44.309117086267946,51.0,-6.690882913732054,0.0,0.0,,0.5,4.110000000000014,,0.0,4.9,4,0,0,84,0,0,,0,0,1,1,1,0,1,1
P-400172,2025-06,Coal,Jharkhand,Ministry of Coal,82,9,0,0.0,44.42779874703296,51.0,-6.572201252967041,0.0,0.0,,0.6099999999999852,4.329999999999984,,0.0,5.444444444444445,5,0,0,92,0,0,,0,0,1,1,1,0,1,1
P-400172,2025-07,Coal,Jharkhand,Ministry of Coal,83,8,0,0.0,44.49697464931224,51.0,-6.503025350687757,0.0,0.0,0.0,0.36000000000001364,1.4699999999999989,9.5,0.0,6.125,6,0,0,74,0,,,0,0,1,1,0,0,1,1
P-400172,2025-08,Coal,Jharkhand,Ministry of Coal,84,7,0,0.0,44.5553415436098,51.0,-6.444658456390201,0.0,0.0,0.0,0.29999999999998295,1.2699999999999818,5.3799999999999955,0.0,7.0,7,0,0,90,0,,,0,0,1,1,0,0,1,1
P-400172,2025-09,Coal,Jharkhand,Ministry of Coal,85,6,0,0.0,44.5553415436098,51.0,-6.444658456390201,0.0,0.0,0.0,0.0,0.6599999999999966,4.989999999999981,0.0,8.166666666666666,8,0,0,78,0,,,0,0,1,1,0,0,1,1
P-400172,2025-10,Coal,Jharkhand,Ministry of Coal,86,29,24,0.0,44.7207144107862,51.0,-6.279285589213799,0.0,0.0,0.0,0.8500000000000227,1.1500000000000057,2.6200000000000045,0.0,1.6896551724137931,9,1,0,82,0,,,0,0,1,1,0,0,1,1
P-400173,2025-01,Coal,West Bengal,Ministry of Coal,,14,0,0.0,6.912338721470433,30.0,-23.087661278529566,,,,,,,,5.0,0,0,0,92,0,0,0,0,0,1,1,1,1,1,1
P-400173,2025-02,Coal,West Bengal,Ministry of Coal,51,13,0,0.0,7.063071575608275,30.0,-22.936928424391724,0.0,,,1.3399999999999963,,,,5.384615384615385,1,0,0,84,0,0,0,0,0,1,1,1,1,1,1
P-400173,2025-03,Coal,West Bengal,Ministry of Coal,52,12,0,0.0,7.744744035365976,30.0,-22.255255964634024,0.0,,,6.059999999999995,,,,5.833333333333333,2,0,0,92,0,0,0,0,0,1,1,1,1,1,1
P-400173,2025-04,Coal,West Bengal,Ministry of Coal,53,11,0,0.0,8.246436967794914,30.0,-21.753563032205086,0.0,0.0,,4.460000000000008,11.86,,0.0,6.363636363636363,3,0,0,92,0,0,,0,0,1,1,1,0,1,1
P-400173,2025-05,Coal,West Bengal,Ministry of Coal,54,10,0,0.0,8.76725272500253,30.25,-21.48274727499747,0.25,0.25,,4.6299999999999955,15.149999999999999,,0.08333333333333333,6.975,4,0,0,92,0,0,,0,0,1,1,1,0,1,1
P-400173,2025-06,Coal,West Bengal,Ministry of Coal,55,9,0,0.0,10.072104298136088,30.25,-20.17789570186391,0.0,0.25,,11.600000000000009,20.690000000000012,,0.08333333333333333,7.75,5,0,0,92,0,0,,0,0,1,1,1,0,1,1
P-400173,2025-07,Coal,West Bengal,Ministry of Coal,56,8,0,0.0,9.618780863676756,30.0,-20.381219136323246,-0.25,0.0,0.0,-4.030000000000001,12.200000000000003,24.060000000000002,0.0,8.75,6,0,0,62,0,,,0,0,1,1,0,0,1,1
P-400173,2025-08,Coal,West Bengal,Ministry of Coal,57,7,0,0.0,10.461310025984544,30.0,-19.538689974015455,0.0,-0.25,0.0,7.489999999999995,15.060000000000002,30.21,-0.08333333333333333,10.0,7,0,0,90,0,,,0,0,1,1,0,0,1,1
P-400173,2025-09,Coal,West Bengal,Ministry of Coal,58,6,0,0.0,12.176739895836848,30.0,-17.823260104163154,0.0,-0.25,0.0,15.25,18.709999999999994,39.400000000000006,-0.08333333333333333,11.666666666666666,8,0,0,82,0,,,0,0,1,1,0,0,1,1
P-400173,2025-10,Coal,West Bengal,Ministry of Coal,59,53,48,0.0,13.026018290419465,30.0,-16.973981709580535,0.0,0.0,0.0,7.549999999999997,30.289999999999992,42.489999999999995,0.0,1.320754716981132,9,1,0,82,0,,,0,0,1,1,0,0,1,1
P-400174,2025-01,STEEL,Jharkhand,Ministry of Steel,118,22,109,69.46644616589782,49.76488044284655,51.75,-1.9851195571534532,,,,,,,,2.1931818181818183,0,0,0,92,0,0,,0,0,1,1,1,0,1,1
P-400174,2025-02,STEEL,Jharkhand,Ministry of Steel,119,21,109,69.46644616589782,49.85961307995206,51.75,-1.8903869200479377,0.0,,,1.6600000000000819,,,,2.2976190476190474,1,0,0,92,0,0,,0,0,1,1,1,0,1,1
P-400174,2025-03,STEEL,Jharkhand,Ministry of Steel,120,20,109,69.46644616589782,49.89157107801176,51.75,-1.8584289219882422,0.0,,,0.5599999999999454,,,,2.4125,2,0,0,92,0,0,,0,0,1,1,1,0,1,1
P-400174,2025-04,STEEL,Jharkhand,Ministry of Steel,121,19,109,69.46644616589782,49.901272613137024,51.75,-1.8487273868629757,0.0,0.0,,0.16999999999995907,2.3899999999999864,,0.0,2.539473684210526,3,0,0,84,0,,,0,0,1,1,0,0,1,1
P-400174,2025-05,STEEL,Jharkhand,Ministry of Steel,122,18,109,69.46644616589782,49.92010500485077,51.75,-1.8298949951492318,0.0,0.0,,0.3300000000000409,1.0599999999999454,,0.0,2.6805555555555554,4,0,0,84,0,,,0,0,1,1,0,0,1,1
P-400174,2025-06,STEEL,Jharkhand,Ministry of Steel,123,17,109,69.46644616589782,50.35724476402443,51.75,-1.3927552359755708,0.0,0.0,,7.659999999999968,8.159999999999968,,0.0,2.838235294117647,5,0,0,92,0,,,0,0,1,1,0,0,1,1
P-400174,2025-07,STEEL,Jharkhand,Ministry of Steel,122,23,116,69.46644616589782,50.40404040404041,51.0,-0.5959595959595916,-0.75,-0.75,-0.75,0.82000000000005,8.81000000000006,11.200000000000045,-0.25,2.130434782608696,0,1,0,74,0,,,0,0,1,1,0,0,1,1
P-400174,2025-08,STEEL,Jharkhand,Ministry of Steel,125,22,116,69.46644616589782,50.41602465331279,51.0,-0.5839753466872111,0.0,-0.75,-0.75,0.21000000000003638,8.690000000000055,9.75,-0.25,2.227272727272727,1,1,0,90,0,0,0,0,0,1,1,1,1,1,1
P-400174,2025-09,STEEL,Jharkhand,Ministry of Steel,126,21,116,69.46644616589782,50.50961593334475,53.0,-2.4903840666552526,2.0,1.25,1.25,1.6399999999999864,2.6700000000000728,10.830000000000041,0.4166666666666667,2.238095238095238,0,1,0,82,0,0,0,0,0,1,1,1,1,1,1
P-400174,2025-10,STEEL,Jharkhand,Ministry of Steel,127,20,116,69.46644616589782,50.51988814700679,53.0,-2.480111852993211,0.0,2.0,1.25,0.17999999999994998,2.0299999999999727,10.840000000000032,0.6666666666666666,2.35,1,1,0,90,0,0,0,0,0,1,1,1,1,1,1
P-400177,2025-01,Coal,Maharashtra,Ministry of Coal,,2,0,0.0,72.8770212297877,86.0,-13.122978770212299,,,,,,,,7.0,0,0,0,92,0,0,,0,0,1,1,1,0,1,1
P-400177,2025-02,Coal,Maharashtra,Ministry of Coal,114,1,0,0.0,72.8770212297877,86.0,-13.122978770212299,0.0,,,0.0,,,,14.0,1,0,0,80,0,0,,0,0,1,1,1,0,1,1
P-400177,2025-03,Coal,Maharashtra,Ministry of Coal,115,0,0,0.0,72.8770212297877,86.0,-13.122978770212299,0.0,,,0.0,,,,14.0,2,0,0,88,0,0,,0,0,1,1,1,0,1,1
P-400177,2025-04,Coal,Maharashtra,Ministry of Coal,116,-1,0,0.0,72.8770212297877,86.0,-13.122978770212299,0.0,0.0,,0.0,0.0,,0.0,14.0,3,0,0,88,0,,,0,0,1,1,0,0,1,1
P-400177,2025-05,Coal,Maharashtra,Ministry of Coal,117,-2,0,0.0,72.8770212297877,86.0,-13.122978770212299,0.0,0.0,,0.0,0.0,,0.0,14.0,4,0,0,88,0,,,0,0,1,1,0,0,1,1
P-400177,2025-06,Coal,Maharashtra,Ministry of Coal,118,-3,0,0.0,72.8770212297877,86.0,-13.122978770212299,0.0,0.0,,0.0,0.0,,0.0,14.0,5,0,0,88,0,,,0,0,1,1,0,0,1,1
P-400177,2025-07,Coal,Maharashtra,Ministry of Coal,119,8,12,0.0,72.12352876471236,80.0,-7.876471235287639,-6.0,-6.0,-6.0,-5.480000000000018,-5.480000000000018,-5.480000000000018,-2.0,2.5,0,1,0,58,0,,,0,0,1,1,0,0,1,1
P-400177,2025-08,Coal,Maharashtra,Ministry of Coal,120,7,12,0.0,73.69376306236938,80.0,-6.306236937630615,0.0,-6.0,-6.0,11.420000000000073,5.940000000000055,5.940000000000055,-2.0,2.857142857142857,1,1,0,90,0,0,0,0,0,1,1,1,1,1,1
P-400177,2025-09,Coal,Maharashtra,Ministry of Coal,121,6,12,0.0,74.02925970740293,80.0,-5.970740292597071,0.0,-6.0,-6.0,2.439999999999941,8.379999999999995,8.379999999999995,-2.0,3.3333333333333335,2,1,0,82,0,0,0,0,0,1,1,1,1,1,1
P-400177,2025-10,Coal,Maharashtra,Ministry of Coal,122,5,12,0.0,74.23963260367395,80.0,-5.760367396326046,0.0,0.0,-6.0,1.5299999999999727,15.389999999999986,9.909999999999968,0.0,4.0,3,1,0,90,0,0,0,0,0,1,1,1,1,1,1
P-400178,2025-08,Coal,Maharashtra,Ministry of Coal,66,19,0,0.0,75.55536651759674,35.0,40.55536651759674,0.0,-13.0,-13.0,0.0,42.84000000000003,42.84000000000003,-4.333333333333333,3.4210526315789473,1,0,1,86,0,0,0,0,0,1,1,1,1,1,1
P-400178,2025-09,Coal,Maharashtra,Ministry of Coal,67,18,0,0.0,75.55536651759674,35.0,40.55536651759674,0.0,-13.0,-13.0,0.0,42.84000000000003,42.84000000000003,-4.333333333333333,3.611111111111111,2,0,1,78,0,0,0,0,0,1,1,1,1,1,1
P-400178,2025-10,Coal,Maharashtra,Ministry of Coal,68,17,0,0.0,75.58088664203773,34.0,41.580886642037726,-1.0,-1.0,-14.0,0.21000000000003638,0.21000000000003638,43.05000000000007,-0.3333333333333333,3.8823529411764706,0,0,1,90,0,0,0,0,0,1,1,1,1,1,1
P-400180,2025-01,Coal,West Bengal,Ministry of Coal,,14,0,-0.001754016698237372,14.04816614337584,16.0,-1.9518338566241606,,,,,,,,6.0,0,0,0,92,0,0,0,0,0,1,1,1,1,1,1
P-400180,2025-02,Coal,West Bengal,Ministry of Coal,42,13,0,-0.001754016698237372,14.072722807879181,16.0,-1.927277192120819,0.0,,,0.14000000000000057,,,,6.461538461538462,1,0,0,84,0,0,0,0,0,1,1,1,1,1,1
P-400180,2025-03,Coal,West Bengal,Ministry of Coal,,12,0,-0.001754016698237372,14.125344231814912,16.0,-1.8746557681850877,0.0,,,0.29999999999999716,,,,7.0,2,0,0,84,0,0,0,0,0,1,1,1,1,1,1
P-400180,2025-04,Coal,West Bengal,Ministry of Coal,44,11,0,-0.001754016698237372,14.223570889828279,16.0,-1.776429110171721,0.0,0.0,,0.5600000000000023,1.0,,0.0,7.636363636363637,3,0,0,84,0,0,1,0,0,1,1,1,1,1,1
P-400180,2025-05,Coal,West Bengal,Ministry of Coal,45,10,0,-0.001754016698237372,14.309519215589974,16.0,-1.6904807844100258,0.0,0.0,,0.4899999999999949,1.3499999999999943,,0.0,8.4,4,0,0,84,0,0,1,0,0,1,1,1,1,1,1
P-400180,2025-06,Coal,West Bengal,Ministry of Coal,46,9,0,-0.001754016698237372,14.309519215589974,16.0,-1.6904807844100258,0.0,0.0,,0.0,1.0499999999999972,,0.0,9.333333333333334,5,0,0,88,0,0,1,0,0,1,1,1,1,1,1
P-400180,2025-07,Coal,West Bengal,Ministry of Coal,47,8,0,0.0,14.258651839118768,16.0,-1.7413481608812322,0.0,0.0,0.0,-0.28999999999999204,0.20000000000000284,1.2000000000000028,0.0,10.5,6,0,0,70,0,1,1,0,0,1,1,1,1,1,1
P-400180,2025-08,Coal,West Bengal,Ministry of Coal,48,7,0,0.0,14.374418971777375,16.0,-1.6255810282226246,0.0,0.0,0.0,0.6599999999999966,0.37000000000000455,1.7199999999999989,0.0,12.0,7,0,0,90,0,1,1,0,0,1,1,1,1,1,1
P-400180,2025-09,Coal,West Bengal,Ministry of Coal,49,6,0,0.0,14.365648734454755,16.0,-1.634351265545245,0.0,0.0,0.0,-0.04999999999999716,0.3200000000000074,1.3700000000000045,0.0,14.0,8,0,0,70,0,1,1,0,0,1,1,1,1,1,1
P-400180,2025-10,Coal,West Bengal,Ministry of Coal,50,53,48,0.0,14.427040395713108,16.0,-1.5729596042868916,0.0,0.0,0.0,0.3499999999999943,0.9599999999999937,1.1599999999999966,0.0,1.5849056603773586,9,1,0,90,0,0,0,0,0,1,1,1,1,1,1
P-400181,2025-01,Coal,West Bengal,Ministry of Coal,,50,0,-0.0019893371528588574,13.090098872023395,25.0,-11.909901127976605,,,,,,,,1.5,0,0,0,92,0,0,0,0,0,1,1,1,1,1,1
P-400181,2025-02,Coal,West Bengal,Ministry of Coal,78,49,0,-0.0019893371528588574,13.123918276404002,25.5,-12.376081723595998,0.5,,,0.1700000000000017,,,,1.5204081632653061,0,0,0,84,0,0,0,0,0,1,1,1,1,1,1
P-400181,2025-03,Coal,West Bengal,Ministry of Coal,,48,0,-0.0019893371528588574,13.778423220005173,25.5,-11.721576779994827,0.0,,,3.2900000000000063,,,,1.5520833333333333,1,0,0,84,0,0,0,0,0,1,1,1,1,1,1
P-400181,2025-04,Coal,West Bengal,Ministry of Coal,80,47,0,-0.0019893371528588574,13.92961585135377,25.5,-11.57038414864623,0.0,0.5,,0.7599999999999909,4.219999999999999,,0.16666666666666666,1.5851063829787233,2,0,0,84,0,0,0,0,0,1,1,1,1,1,1
P-400181,2025-05,Coal,West Bengal,Ministry of Coal,81,46,0,-0.0019893371528588574,14.138500407822226,25.5,-11.361499592177774,0.0,0.0,,1.0499999999999972,5.099999999999994,,0.0,1.6195652173913044,3,0,0,92,0,0,0,0,0,1,1,1,1,1,1
P-400181,2025-06,Coal,West Bengal,Ministry of Coal,82,45,0,-0.0019893371528588574,14.138500407822226,25.51,-11.371499592177775,0.010000000000001563,0.010000000000001563,,0.0,1.809999999999988,,0.0033333333333338544,1.6553333333333333,4,0,0,92,0,0,0,0,0,1,1,1,1,1,1
P-400181,2025-07,Coal,West Bengal,Ministry of Coal,83,44,0,0.0,14.118325773852153,25.0,-10.881674226147847,-0.5100000000000016,-0.5,0.0,-0.09999999999999432,0.9500000000000028,5.170000000000002,-0.16666666666666666,1.7045454545454546,0,0,0,62,0,0,0,0,0,1,1,1,1,1,1
P-400181,2025-08,Coal,West Bengal,Ministry of Coal,84,43,0,-0.0019893371528588574,13.450176059840452,26.0,-12.549823940159548,1.0,0.5,0.5,-3.3599999999999994,-3.4599999999999937,1.6400000000000006,0.16666666666666666,1.7209302325581395,0,0,0,78,0,0,0,0,0,1,1,1,1,1,1
P-400181,2025-09,Coal,West Bengal,Ministry of Coal,85,42,0,-0.0019893371528588574,13.46410169693835,26.0,-12.53589830306165,0.0,0.48999999999999844,0.5,0.07000000000000739,-3.3899999999999864,-1.5799999999999983,0.1633333333333328,1.7619047619047619,1,0,0,82,0,0,0,0,0,1,1,1,1,1,1
P-400181,2025-10,Coal,West Bengal,Ministry of Coal,86,41,0,-0.0019893371528588574,14.146457914735313,26.0,-11.853542085264687,0.0,1.0,0.5,3.4299999999999926,0.14000000000000057,1.0900000000000034,0.3333333333333333,1.8048780487804879,2,0,0,90,0,0,0,0,0,1,1,1,1,1,1
P-400182,2025-01,Coal,West Bengal,Ministry of Coal,,26,0,-0.0018685302141318633,0.7847973541117776,14.0,-13.215202645888223,,,,,,,,3.3076923076923075,0,0,0,92,0,0,0,0,0,1,1,1,1,1,1
P-400182,2025-02,Coal,West Bengal,Ministry of Coal,81,25,0,-0.0018685302141318633,0.8203000915596913,14.0,-13.179699908440309,0.0,,,0.1899999999999995,,,,3.44,1,0,0,84,0,0,0,0,0,1,1,1,1,1,1
P-400182,2025-03,Coal,West Bengal,Ministry of Coal,,24,0,-0.0018685302141318633,0.8726199151671432,14.0,-13.127380084832858,0.0,,,0.28000000000000025,,,,3.5833333333333335,2,0,0,84,0,0,0,0,0,1,1,1,1,1,1
P-400182,2025-04,Coal,West Bengal,Ministry of Coal,83,23,0,-0.0018685302141318633,0.8875684361978438,14.0,-13.112431563802156,0.0,0.0,,0.08000000000000007,0.5499999999999998,,0.0,3.739130434782609,3,0,0,84,0,0,,0,0,1,1,1,0,1,1
P-400182,2025-05,Coal,West Bengal,Ministry of Coal,84,22,0,-0.0018685302141318633,0.8875684361978438,14.0,-13.112431563802156,0.0,0.0,,0.0,0.3600000000000003,,0.0,3.909090909090909,4,0,0,88,0,0,,0,0,1,1,1,0,1,1
P-400182,2025-06,Coal,West Bengal,Ministry of Coal,85,21,0,-0.0018685302141318633,0.9342825644187829,14.0,-13.065717435581217,0.0,0.0,,0.25,0.33000000000000007,,0.0,4.095238095238095,5,0,0,92,0,0,,0,0,1,1,1,0,1,1
P-400182,2025-07,Coal,West Bengal,Ministry of Coal,86,20,0,0.0,0.9436077581374491,14.0,-13.05639224186255,0.0,0.0,0.0,0.04999999999999982,0.2999999999999998,0.8499999999999996,0.0,4.3,6,0,0,74,0,,,0,0,1,1,0,0,1,1
P-400182,2025-08,Coal,West Bengal,Ministry of Coal,87,19,0,-0.0018685302141318633,0.9436253900629707,14.0,-13.056374609937029,0.0,0.0,0.0,0.0,0.2999999999999998,0.6600000000000001,0.0,4.526315789473684,7,0,0,86,0,,,0,0,1,1,0,0,1,1
P-400182,2025-09,Coal,West Bengal,Ministry of Coal,88,18,0,-0.0018685302141318633,0.9847338228973972,14.0,-13.015266177102603,0.0,0.0,0.0,0.21999999999999975,0.2699999999999996,0.5999999999999996,0.0,4.777777777777778,8,0,0,82,0,,,0,0,1,1,0,0,1,1
P-400182,2025-10,Coal,West Bengal,Ministry of Coal,89,53,36,-0.0018685302141318633,0.9866023880262347,14.0,-13.013397611973765,0.0,0.0,0.0,0.010000000000000675,0.23000000000000043,0.5300000000000002,0.0,1.6226415094339623,9,1,0,82,0,,,0,0,1,1,0,0,1,1
P-400183,2025-01,Coal,Odisha,Ministry of Coal,,50,0,0.0,28.077084421310367,49.9,-21.82291557868963,,,,,,,,1.002,0,0,0,92,0,0,0,0,0,1,1,1,1,1,1
P-400183,2025-02,Coal,Odisha,Ministry of Coal,54,49,0,0.0,28.11389728355321,49.9,-21.786102716446788,0.0,,,1.2899999999999636,,,,1.0224489795918368,1,0,0,84,0,0,0,0,0,1,1,1,1,1,1
P-400183,2025-03,Coal,Odisha,Ministry of Coal,,48,0,0.0,28.651250923888693,50.17,-21.51874907611131,0.2700000000000031,,,18.83000000000004,,,,1.038125,2,0,0,84,0,0,0,0,0,1,1,1,1,1,1
P-400183,2025-04,Coal,Odisha,Ministry of Coal,56,47,0,0.0,29.173479899891845,50.17,-20.996520100108157,0.0,0.2700000000000031,,18.299999999999955,38.41999999999996,,0.09000000000000104,1.0602127659574467,3,0,0,84,0,0,0,0,0,1,1,1,1,1,1
P-400183,2025-05,Coal,Odisha,Ministry of Coal,57,46,0,0.0,29.247961737452954,50.17,-20.922038262547048,0.0,0.2700000000000031,,2.6100000000001273,39.74000000000012,,0.09000000000000104,1.0832608695652173,4,0,0,92,0,0,0,0,0,1,1,1,1,1,1
P-400183,2025-06,Coal,Odisha,Ministry of Coal,58,45,0,0.0,29.306462797606308,52.44,-23.13353720239369,2.269999999999996,2.269999999999996,,2.0499999999999545,22.960000000000036,,0.7566666666666654,1.056888888888889,0,0,0,92,0,0,0,0,0,1,1,1,1,1,1
P-400183,2025-07,Coal,Odisha,Ministry of Coal,59,44,0,0.0,29.314167815285042,52.0,-22.685832184714958,-0.4399999999999977,1.8299999999999983,2.1000000000000014,0.2699999999999818,4.930000000000064,43.35000000000002,0.6099999999999994,1.0909090909090908,1,0,0,74,0,0,0,0,0,1,1,1,1,1,1
P-400183,2025-08,Coal,Odisha,Ministry of Coal,62,43,0,0.0,29.362395518533422,52.0,-22.637604481466578,0.0,1.8299999999999983,2.1000000000000014,1.6900000000000546,4.009999999999991,43.750000000000114,0.6099999999999994,1.1162790697674418,2,0,0,90,0,0,0,0,0,1,1,1,1,1,1
P-400183,2025-09,Coal,Odisha,Ministry of Coal,63,42,0,0.0,22.102556639014214,53.0,-30.897443360985786,1.0,0.5600000000000023,2.8299999999999983,-254.4000000000001,-252.44000000000005,-229.48000000000002,0.18666666666666742,1.119047619047619,0,0,0,70,0,0,0,0,0,1,1,1,1,1,1
P-400183,2025-10,Coal,Odisha,Ministry of Coal,64,41,0,0.0,26.337462652067085,53.0,-26.662537347932915,0.0,1.0,2.8299999999999983,148.39999999999998,-104.31000000000006,-99.38,0.3333333333333333,1.146341463414634,1,0,0,90,0,0,0,0,0,1,1,1,1,1,1
P-400185,2025-01,Coal,Odisha,Ministry of Coal,,38,0,0.0,26.98191022402245,16.7,10.28191022402245,,,,,,,,2.192105263157895,0,0,0,92,0,0,,0,0,1,1,1,0,1,1
P-400185,2025-02,Coal,Odisha,Ministry of Coal,34,37,0,0.0,27.073267767650588,16.8,10.273267767650587,0.10000000000000142,,,5.579999999999927,,,,2.2486486486486488,1,0,0,84,0,0,,0,0,1,1,1,0,1,1
P-400185,2025-03,Coal,Odisha,Ministry of Coal,,36,0,0.0,27.730943847855308,17.39,10.340943847855307,0.5899999999999999,,,40.17000000000007,,,,2.294722222222222,0,0,0,84,0,0,,0,0,1,1,1,0,1,1
P-400185,2025-04,Coal,Odisha,Ministry of Coal,36,35,0,0.0,27.734873204570498,17.39,10.344873204570497,0.0,0.6900000000000013,,0.2400000000000091,45.99000000000001,,0.23000000000000043,2.3602857142857143,1,0,0,84,0,,,0,0,1,1,0,0,1,1
P-400185,2025-05,Coal,Odisha,Ministry of Coal,37,34,0,0.0,27.893029812356843,17.39,10.503029812356843,0.0,0.5899999999999999,,9.660000000000082,50.070000000000164,,0.19666666666666663,2.429705882352941,2,0,0,92,0,,,0,0,1,1,0,0,1,1
P-400185,2025-06,Coal,Odisha,Ministry of Coal,38,33,0,0.0,27.893029812356843,17.73,10.163029812356843,0.33999999999999986,0.33999999999999986,,0.0,9.900000000000091,,0.11333333333333329,2.4930303030303027,3,0,0,92,0,,,0,0,1,1,0,0,1,1
P-400185,2025-07,Coal,Odisha,Ministry of Coal,39,56,0,-27.427137457685728,27.739784900464482,17.0,10.739784900464482,-0.7300000000000004,-0.39000000000000057,0.3000000000000007,-9.360000000000127,0.2999999999999545,46.289999999999964,-0.1300000000000002,1.4821428571428572,0,1,0,62,0,,,0,0,1,1,0,0,1,1
P-400185,2025-08,Coal,Odisha,Ministry of Coal,40,55,0,-27.427137457685728,27.978329597715735,17.0,10.978329597715735,0.0,-0.39000000000000057,0.1999999999999993,14.570000000000164,5.210000000000036,55.2800000000002,-0.1300000000000002,1.509090909090909,1,1,0,90,0,0,0,0,0,1,1,1,1,1,1
P-400185,2025-09,Coal,Odisha,Ministry of Coal,41,54,0,-27.427137457685728,28.325913943813475,17.0,11.325913943813475,0.0,-0.7300000000000004,-0.39000000000000057,21.22999999999979,26.439999999999827,36.33999999999992,-0.24333333333333348,1.537037037037037,2,1,0,82,0,0,0,0,0,1,1,1,1,1,1
P-400185,2025-10,Coal,Odisha,Ministry of Coal,42,53,0,-27.427137457685728,28.403682462134917,17.0,11.403682462134917,0.0,0.0,-0.39000000000000057,4.75,40.549999999999955,40.84999999999991,0.0,1.5660377358490567,3,1,0,90,0,0,0,0,0,1,1,1,1,1,1
P-400186,2025-01,Coal,West Bengal,Ministry of Coal,,50,0,0.0,6.825797322012629,10.0,-3.1742026779873713,,,,,,,,1.8,0,0,0,92,0,0,0,0,0,1,1,1,1,1,1
P-400186,2025-02,Coal,West Bengal,Ministry of Coal,25,49,0,0.0,6.869851949751024,10.0,-3.130148050248976,0.0,,,0.3299999999999983,,,,1.836734693877551,1,0,0,92,0,0,0,0,0,1,1,1,1,1,1
P-400186,2025-03,Coal,West Bengal,Ministry of Coal,,48,0,0.0,6.887206803102513,10.0,-3.1127931968974867,0.0,,,0.13000000000000256,,,,1.875,2,0,0,84,0,0,0,0,0,1,1,1,1,1,1
P-400186,2025-04,Coal,West Bengal,Ministry of Coal,27,47,0,0.0,6.887206803102513,10.0,-3.1127931968974867,0.0,0.0,,0.0,0.46000000000000085,,0.0,1.9148936170212767,3,0,0,80,0,0,0,0,0,1,1,1,1,1,1
P-400186,2025-05,Coal,West Bengal,Ministry of Coal,28,46,0,0.0,6.95395623906978,10.3,-3.346043760930221,0.3000000000000007,0.3000000000000007,,0.5,0.6300000000000026,,0.10000000000000024,1.95,4,0,0,92,0,0,0,0,0,1,1,1,1,1,1
P-400186,2025-06,Coal,West Bengal,Ministry of Coal,29,45,0,0.0,6.95395623906978,10.3,-3.346043760930221,0.0,0.3000000000000007,,0.0,0.5,,0.10000000000000024,1.9933333333333334,5,0,0,88,0,0,0,0,0,1,1,1,1,1,1
P-400186,2025-07,Coal,West Bengal,Ministry of Coal,28,44,0,0.0,6.905804453462914,10.0,-3.094195546537086,-0.3000000000000007,0.0,0.0,-0.36000000000000654,0.13999999999999346,0.5999999999999943,0.0,2.0454545454545454,6,0,0,70,0,0,0,0,0,1,1,1,1,1,1
P-400186,2025-08,Coal,West Bengal,Ministry of Coal,31,43,0,0.0,6.965878143856464,10.0,-3.0341218561435364,0.0,-0.3000000000000007,0.0,0.45000000000000284,0.0899999999999963,0.7199999999999989,-0.10000000000000024,2.0930232558139537,7,0,0,90,0,0,0,0,0,1,1,1,1,1,1
P-400186,2025-09,Coal,West Bengal,Ministry of Coal,32,42,0,0.0,6.965878143856464,10.0,-3.0341218561435364,0.0,-0.3000000000000007,0.0,0.0,0.0899999999999963,0.5899999999999963,-0.10000000000000024,2.142857142857143,8,0,0,78,0,0,0,0,0,1,1,1,1,1,1
P-400186,2025-10,Coal,West Bengal,Ministry of Coal,33,41,0,-0.0013349708976332173,7.015365720159664,10.0,-2.9846342798403356,0.0,0.0,0.0,0.36999999999999744,0.8200000000000003,0.9599999999999937,0.0,2.1951219512195124,9,0,0,82,0,0,0,0,0,1,1,1,1,1,1
P-400187,2025-01,Coal,Odisha,Ministry of Coal,80,26,0,0.0,76.65468733956259,55.1,21.554687339562584,,,,,,,,1.7269230769230768,0,0,0,92,0,0,0,0,0,1,1,1,1,1,1
P-400187,2025-02,Coal,Odisha,Ministry of Coal,81,25,0,0.0,77.1023719067666,55.1,22.002371906766605,0.0,,,10.900000000000091,,,,1.796,1,0,0,92,0,0,0,0,0,1,1,1,1,1,1
P-400187,2025-03,Coal,Odisha,Ministry of Coal,82,24,0,0.0,71.78724715063149,60.87,10.91724715063149,5.769999999999996,,,-129.41000000000008,,,,1.6304166666666668,0,0,0,80,0,0,0,0,0,1,1,1,1,1,1
P-400187,2025-04,Coal,Odisha,Ministry of Coal,83,23,0,0.0,71.84844439880891,60.87,10.97844439880891,0.0,5.769999999999996,,1.490000000000009,-117.01999999999998,,1.923333333333332,1.701304347826087,1,0,0,92,0,0,0,0,0,1,1,1,1,1,1
P-400187,2025-05,Coal,Odisha,Ministry of Coal,84,22,0,0.0,72.32611151042201,60.87,11.456111510422012,0.0,5.769999999999996,,11.63000000000011,-116.28999999999996,,1.923333333333332,1.7786363636363638,2,0,0,92,0,0,0,0,0,1,1,1,1,1,1
P-400187,2025-06,Coal,Odisha,Ministry of Coal,85,21,0,0.0,72.53147140363487,61.49,11.041471403634866,0.6200000000000045,0.6200000000000045,,5.0,18.12000000000012,,0.2066666666666682,1.8338095238095238,0,0,0,92,0,0,0,0,0,1,1,1,1,1,1
P-400187,2025-07,Coal,Odisha,Ministry of Coal,86,20,0,0.0,74.16161823595851,61.0,13.161618235958514,-0.490000000000002,0.13000000000000256,5.899999999999999,39.690000000000055,56.320000000000164,-60.69999999999982,0.04333333333333419,1.95,1,0,0,74,0,0,0,0,0,1,1,1,1,1,1
P-400187,2025-08,Coal,Odisha,Ministry of Coal,87,19,0,0.0,74.47417599342849,69.0,5.474175993428489,8.0,8.130000000000003,13.899999999999999,7.6099999999999,52.299999999999955,-63.99000000000001,2.710000000000001,1.631578947368421,0,0,0,90,0,0,0,0,0,1,1,1,1,1,1
P-400187,2025-09,Coal,Odisha,Ministry of Coal,88,18,0,0.0,74.53126604374165,69.0,5.5312660437416525,0.0,7.509999999999998,8.130000000000003,1.3900000000001,48.690000000000055,66.81000000000017,2.5033333333333325,1.7222222222222223,1,0,0,82,0,0,0,0,0,1,1,1,1,1,1
P-400187,2025-10,Coal,Odisha,Ministry of Coal,89,17,0,0.0,75.36338433104015,69.0,6.363384331040152,0.0,8.0,8.130000000000003,20.25999999999999,29.25999999999999,85.58000000000015,2.6666666666666665,1.8235294117647058,2,0,0,90,0,0,0,0,0,1,1,1,1,1,1
P-400188,2025-07,Real Estate,Delhi,Ministry of Housing & Urban Affairs,86,5,36,0.0,0.0,0.0,0.0,,,,,,,,20.0,0,0,0,98,0,0,0,0,0,1,1,1,1,1,1
P-400188,2025-08,Real Estate,Delhi,Ministry of Housing & Urban Affairs,109,4,0,0.0,0.0,0.0,0.0,0.0,,,0.0,,,,25.0,1,0,0,94,0,0,0,0,0,1,1,1,1,1,1
P-400188,2025-09,Real Estate,Delhi,Ministry of Housing & Urban Affairs,110,3,0,0.0,0.0,0.0,0.0,0.0,,,0.0,,,,33.333333333333336,2,0,0,86,0,0,0,0,0,1,1,1,1,1,1
P-400188,2025-10,Real Estate,Delhi,Ministry of Housing & Urban Affairs,111,2,0,0.0,0.0,0.0,0.0,0.0,0.0,,0.0,0.0,,0.0,50.0,3,0,0,94,0,0,0,0,0,1,1,1,1,1,1
P-400192,2025-07,Coal,Jharkhand,Ministry of Power,105,10,0,0.0,37.898798228969,34.0,3.8987982289689995,,,,,,,,6.6,0,0,0,98,0,0,0,0,0,1,1,1,1,1,1
P-400192,2025-08,Coal,Jharkhand,Ministry of Power,106,9,0,0.0,37.757115749525624,34.0,3.7571157495256244,0.0,,,-2.2399999999998954,,,,7.333333333333333,1,0,0,86,0,0,0,0,0,1,1,1,1,1,1
P-400192,2025-09,Coal,Jharkhand,Ministry of Power,110,8,0,0.0,37.79253636938646,35.0,2.792536369386461,1.0,,,0.5599999999999454,,,,8.125,0,0,0,90,0,0,0,0,0,1,1,1,1,1,1
P-400192,2025-10,Coal,Jharkhand,Ministry of Power,111,7,0,0.0,37.827956989247305,35.0,2.827956989247305,0.0,1.0,,0.5599999999999454,-1.1200000000000045,,0.3333333333333333,9.285714285714286,1,0,0,98,0,0,0,0,0,1,1,1,1,1,1
P-400203,2025-07,Railways,Chhattisgarh,Ministry of Coal,100,13,-4,0.0,20.338983050847457,40.0,-19.661016949152543,,,,,,,,4.615384615384615,0,0,0,98,0,0,0,0,1,1,1,1,1,1,1
P-400203,2025-08,Railways,Chhattisgarh,Ministry of Coal,87,12,-4,0.0,20.635504263975044,41.0,-20.364495736024956,1.0,,,5.0,,,,4.916666666666667,0,0,0,98,0,0,0,0,1,1,1,1,1,1,1
P-400203,2025-09,Railways,Chhattisgarh,Ministry of Coal,88,11,-4,0.0,20.76893880988246,41.0,-20.23106119011754,0.0,,,2.25,,,,5.363636363636363,1,0,0,90,0,0,0,0,1,1,1,1,1,1,1
P-400203,2025-10,Railways,Chhattisgarh,Ministry of Coal,89,10,-4,0.0,20.941514155922714,42.0,-21.058485844077286,1.0,2.0,,2.910000000000025,10.160000000000025,,0.6666666666666666,5.8,0,0,0,98,0,0,0,1,1,1,1,1,1,1,1
P-400204,2025-01,Railways,Uttar Pradesh,Ministry of Railways,75,26,-43,208.73625,20.692621938628847,5.5,15.192621938628847,,,,,,,,3.6346153846153846,0,0,0,92,0,1,,0,0,1,1,1,0,1,1
P-400204,2025-02,Railways,Uttar Pradesh,Ministry of Railways,76,22,-46,208.73625,20.766714307114892,6.0,14.766714307114892,0.5,,,3.659999999999968,,,,4.2727272727272725,0,1,0,92,0,1,,0,0,1,1,1,0,1,1
P-400204,2025-03,Railways,Uttar Pradesh,Ministry of Railways,77,36,-31,208.73625,21.855224321730926,5.0,16.855224321730926,-1.0,,,53.76999999999998,,,,2.638888888888889,0,2,0,92,0,0,,0,0,1,1,1,0,1,1
P-400204,2025-04,Railways,Uttar Pradesh,Ministry of Railways,78,35,-31,0.0,21.855224321730926,5.0,16.855224321730926,0.0,-0.5,,0.0,57.42999999999995,,-0.16666666666666666,2.7142857142857144,1,2,0,88,0,,,0,0,1,1,0,0,1,1
P-400204,2025-05,Railways,Uttar Pradesh,Ministry of Railways,79,34,-31,0.0,22.565579843636762,7.0,15.565579843636762,2.0,1.0,,35.090000000000146,88.86000000000013,,0.3333333333333333,2.735294117647059,0,2,0,92,0,,,0,0,1,1,0,0,1,1
P-400204,2025-06,Railways,Uttar Pradesh,Ministry of Railways,80,33,-31,0.0,27.025090186202625,7.5,19.525090186202625,0.5,2.5,,220.28999999999996,255.3800000000001,,0.8333333333333334,2.803030303030303,0,2,0,92,0,,,0,0,1,1,0,0,1,1
P-400204,2025-07,Railways,Uttar Pradesh,Ministry of Railways,100,63,0,0.0,24.639356408585,8.0,16.639356408585,0.5,3.0,2.5,-117.84999999999991,137.5300000000002,194.96000000000015,1.0,1.4603174603174602,0,3,0,70,0,,,0,0,1,1,0,0,1,1
P-400204,2025-08,Railways,Uttar Pradesh,Ministry of Railways,82,62,0,0.0,24.953338002907017,8.0,16.953338002907017,0.0,1.0,2.0,15.509999999999991,117.95000000000005,206.81000000000017,0.3333333333333333,1.4838709677419355,1,3,0,90,0,0,0,0,0,1,1,1,1,1,1
P-400204,2025-09,Railways,Uttar Pradesh,Ministry of Railways,83,61,0,0.0,25.09443740409492,8.0,17.09443740409492,0.0,0.5,3.0,6.9699999999998,-95.37000000000012,160.01,0.16666666666666666,1.5081967213114753,2,3,0,82,0,0,0,0,0,1,1,1,1,1,1
P-400204,2025-10,Railways,Uttar Pradesh,Ministry of Railways,84,60,0,0.0,25.341411965715075,8.0,17.341411965715075,0.0,0.0,3.0,12.200000000000045,34.679999999999836,172.21000000000004,0.0,1.5333333333333334,3,3,0,90,0,0,0,0,0,1,1,1,1,1,1
P-400205,2025-01,Railways,Uttar Pradesh,Ministry of Railways,,35,0,254.9909890523711,40.920628906989954,2.0,38.920628906989954,,,,,,,,2.8,0,0,0,92,0,0,,0,0,1,1,1,0,1,1
P-400205,2025-02,Railways,Uttar Pradesh,Ministry of Railways,66,34,-15,254.9909890523711,41.242659594620186,2.5,38.742659594620186,0.5,,,4.25,,,,2.8676470588235294,0,0,0,84,0,0,,0,0,1,1,1,0,1,1
P-400205,2025-03,Railways,Uttar Pradesh,Ministry of Railways,,33,0,254.9909890523711,41.806402727789354,2.5,39.306402727789354,0.0,,,7.440000000000055,,,,2.9545454545454546,1,0,0,84,0,0,,0,0,1,1,1,0,1,1
P-400205,2025-04,Railways,Uttar Pradesh,Ministry of Railways,68,32,-15,254.9909890523711,41.806402727789354,2.5,39.306402727789354,0.0,0.5,,0.0,11.690000000000055,,0.16666666666666666,3.046875,2,0,0,80,0,,,0,0,1,1,0,0,1,1
P-400205,2025-05,Railways,Uttar Pradesh,Ministry of Railways,69,25,-21,254.9909890523711,43.12559196817579,3.0,40.12559196817579,0.5,0.5,,17.409999999999968,24.850000000000023,,0.16666666666666666,3.88,0,1,0,92,0,,,0,0,1,1,0,0,1,1
P-400205,2025-06,Railways,Uttar Pradesh,Ministry of Railways,70,30,-15,254.9909890523711,43.7848077287365,5.0,38.7848077287365,2.0,2.5,,8.700000000000045,26.110000000000014,,0.8333333333333334,3.1666666666666665,0,2,0,92,0,,,0,0,1,1,0,0,1,1
P-400205,2025-07,Railways,Uttar Pradesh,Ministry of Railways,100,44,0,0.0,34.65429058533813,3.0,31.65429058533813,-2.0,0.5,1.0,-120.5,-94.38999999999999,-82.69999999999993,0.16666666666666666,2.2045454545454546,0,3,0,58,0,,,0,0,1,1,0,0,1,1
P-400205,2025-08,Railways,Uttar Pradesh,Ministry of Railways,72,43,0,0.0,34.87024057586664,3.0,31.87024057586664,0.0,0.0,0.5,2.849999999999966,-108.94999999999999,-84.09999999999997,0.0,2.255813953488372,1,3,0,90,0,0,0,0,0,1,1,1,1,1,1
P-400205,2025-09,Railways,Uttar Pradesh,Ministry of Railways,73,42,0,0.0,35.892403864368255,3.0,32.892403864368255,0.0,-2.0,0.5,13.490000000000009,-104.16000000000003,-78.05000000000001,-0.6666666666666666,2.3095238095238093,2,3,0,82,0,0,0,0,0,1,1,1,1,1,1
P-400205,2025-10,Railways,Uttar Pradesh,Ministry of Railways,74,41,0,0.0,36.04243227884069,3.0,33.04243227884069,0.0,0.0,0.5,1.9800000000000182,18.319999999999993,-76.07,0.0,2.3658536585365852,3,3,0,90,0,0,0,0,0,1,1,1,1,1,1
P-400220,2025-08,Railways,Chhattisgarh,Ministry of Railways,113,7,90,12.536824877250409,74.8848167539267,94.0,-19.1151832460733,0.0,1.2000000000000028,1.4000000000000057,0.0,-542.6999999999998,-502.23,0.40000000000000097,0.8571428571428571,1,1,0,86,0,0,0,0,0,1,1,1,1,1,1
P-400220,2025-09,Railways,Chhattisgarh,Ministry of Railways,114,6,90,12.536824877250409,75.25538103548575,94.0,-18.744618964514245,0.0,1.0,1.4000000000000057,12.740000000000236,-529.9599999999996,-524.7799999999997,0.3333333333333333,1.0,2,1,0,82,0,0,0,0,0,1,1,1,1,1,1
P-400220,2025-10,Railways,Chhattisgarh,Ministry of Railways,115,5,90,12.536824877250409,75.47673065735893,94.0,-18.523269342641072,0.0,0.0,1.4000000000000057,7.609999999999673,20.34999999999991,-517.8400000000001,0.0,1.2,3,1,0,90,0,0,1,0,1,1,1,1,1,1,1
P-400223,2025-08,Railways,"Multi-States (Puducherry, Tamil Nadu)",Ministry of Railways,205,19,12,37.58765778401122,60.99694189602447,80.0,-19.003058103975533,0.0,61.0,61.0,0.0,454.1,455.94,20.333333333333332,1.0526315789473684,1,0,2,86,0,1,1,0,0,1,1,1,1,1,1
P-400223,2025-09,Railways,"Multi-States (Puducherry, Tamil Nadu)",Ministry of Railways,206,18,12,37.58765778401122,60.99694189602447,80.0,-19.003058103975533,0.0,60.0,61.0,0.0,451.43,455.94,20.0,1.1111111111111112,2,0,2,78,0,1,1,0,0,1,1,1,1,1,1
P-400223,2025-10,Railways,"Multi-States (Puducherry, Tamil Nadu)",Ministry of Railways,207,17,12,37.58765778401122,60.99694189602447,80.0,-19.003058103975533,0.0,0.0,61.0,0.0,0.0,455.94,0.0,1.1764705882352942,3,0,2,86,0,1,1,0,0,1,1,1,1,1,1
P-400231,2025-01,Electricity Generation,Odisha,Ministry of Coal,12,62,10,0.0,5.266967993238525,1.55,3.7169679932385256,,,,,,,,1.5879032258064516,0,0,0,92,0,0,0,0,0,1,1,1,1,1,1
P-400231,2025-02,Electricity Generation,Odisha,Ministry of Coal,13,61,10,0.0,5.283357218976224,1.55,3.7333572189762245,0.0,,,4.460000000000036,,,,1.6139344262295083,1,0,0,92,0,0,0,0,0,1,1,1,1,1,1
P-400231,2025-03,Electricity Generation,Odisha,Ministry of Coal,14,60,10,0.0,5.718002425311432,1.55,4.168002425311432,0.0,,,118.27999999999997,,,,1.6408333333333334,2,0,0,92,0,0,0,0,0,1,1,1,1,1,1
P-400231,2025-04,Electricity Generation,Odisha,Ministry of Coal,15,59,10,0.0,5.719545805313637,1.55,4.169545805313637,0.0,0.0,,0.42000000000007276,123.16000000000008,,0.0,1.6686440677966101,3,0,0,84,0,0,0,0,0,1,1,1,1,1,1
P-400231,2025-05,Electricity Generation,Odisha,Ministry of Coal,16,58,10,0.0,6.920920148458458,1.55,5.370920148458458,0.0,0.0,,326.93000000000006,445.6300000000001,,0.0,1.6974137931034483,4,0,0,84,0,0,0,0,0,1,1,1,1,1,1
P-400231,2025-06,Electricity Generation,Odisha,Ministry of Coal,17,57,10,0.0,7.087053981552934,1.55,5.537053981552934,0.0,0.0,,45.20999999999981,372.55999999999995,,0.0,1.7271929824561405,5,0,0,92,0,0,0,0,0,1,1,1,1,1,1
P-400231,2025-07,Electricity Generation,Odisha,Ministry of Coal,18,56,0,0.00014698878769848307,7.1240951016058505,1.0,6.1240951016058505,-0.55,-0.55,-0.55,10.080000000000155,382.22,505.3800000000001,-0.18333333333333335,1.7678571428571428,0,0,0,74,0,0,0,0,0,1,1,1,1,1,1
P-400231,2025-08,Electricity Generation,Odisha,Ministry of Coal,19,55,0,0.00014698878769848307,7.178627861683754,1.0,6.178627861683754,0.0,-0.55,-0.55,14.839999999999918,70.12999999999988,515.76,-0.18333333333333335,1.8,1,0,0,90,0,0,0,0,0,1,1,1,1,1,1
P-400231,2025-09,Electricity Generation,Odisha,Ministry of Coal,104,54,0,0.00014698878769848307,9.249733583213905,1.0,8.249733583213905,0.0,-0.55,-0.55,563.6100000000001,588.5300000000002,961.0900000000001,-0.18333333333333335,1.8333333333333333,2,0,0,82,0,0,0,0,0,1,1,1,1,1,1
P-400231,2025-10,Electricity Generation,Odisha,Ministry of Coal,105,53,0,0.00014698878769848307,9.367985889097122,1.0,8.367985889097122,0.0,0.0,-0.55,32.179999999999836,610.6299999999999,992.8499999999999,0.0,1.8679245283018868,3,0,0,90,0,0,0,0,0,1,1,1,1,1,1
P-400232,2025-01,Railways,Odisha,Ministry of Railways,181,23,0,513.1296449215524,98.95622895622894,10.0,88.95622895622894,,,,,,,,3.9130434782608696,0,0,0,92,0,0,0,0,0,1,1,1,1,1,1
P-400232,2025-02,Railways,Odisha,Ministry of Railways,182,22,0,513.1296449215524,99.62962962962962,10.0,89.62962962962962,0.0,,,2.0,,,,4.090909090909091,1,0,0,92,0,0,0,0,0,1,1,1,1,1,1
P-400232,2025-03,Railways,Odisha,Ministry of Railways,183,21,0,513.1296449215524,101.85185185185185,10.0,91.85185185185185,0.0,,,6.600000000000023,,,,4.285714285714286,2,0,0,92,0,0,0,0,0,1,1,1,1,1,1
P-400232,2025-04,Railways,Odisha,Ministry of Railways,184,20,0,0.16525580924758326,101.85185185185185,10.0,91.85185185185185,0.0,0.0,,0.0,8.600000000000023,,0.0,4.5,3,0,0,88,0,0,0,0,0,1,1,1,1,1,1
P-400232,2025-05,Railways,Odisha,Ministry of Railways,185,19,0,0.16525580924758326,57.9057239057239,10.0,47.9057239057239,0.0,0.0,,-130.52,-123.91999999999999,,0.0,4.7368421052631575,4,0,0,80,0,0,0,0,0,1,1,1,1,1,1
P-400232,2025-06,Railways,Odisha,Ministry of Railways,186,18,0,0.16525580924758326,54.69360269360269,10.0,44.69360269360269,0.0,0.0,,-9.539999999999992,-140.06,,0.0,5.0,5,0,0,80,0,0,0,0,0,1,1,1,1,1,1
P-400232,2025-07,Railways,Odisha,Ministry of Railways,138,17,0,0.0,65.05723905723906,30.0,35.05723905723906,20.0,20.0,20.0,30.78,-109.28,-100.67999999999998,6.666666666666667,4.117647058823529,0,0,0,82,0,0,0,0,0,1,1,1,1,1,1
P-400232,2025-08,Railways,Odisha,Ministry of Railways,139,16,0,0.0,65.05723905723906,30.0,35.05723905723906,0.0,20.0,20.0,0.0,21.24000000000001,-102.67999999999998,6.666666666666667,4.375,1,0,0,86,0,0,0,0,0,1,1,1,1,1,1
P-400232,2025-09,Railways,Odisha,Ministry of Railways,140,15,0,0.0,65.05723905723906,30.0,35.05723905723906,0.0,20.0,20.0,0.0,30.78,-109.28,6.666666666666667,4.666666666666667,2,0,0,78,0,0,0,0,0,1,1,1,1,1,1
P-400232,2025-10,Railways,Odisha,Ministry of Railways,141,14,0,0.0,65.05723905723906,30.0,35.05723905723906,0.0,0.0,20.0,0.0,0.0,-109.28,0.0,5.0,3,0,0,86,0,0,0,0,0,1,1,1,1,1,1
P-400247,2025-08,Railways,West Bengal,Ministry of Railways,121,18,0,0.0,103.121,67.0,36.120999999999995,0.0,23.0,23.0,1.240000000000009,864.08,867.6600000000001,7.666666666666667,1.8333333333333333,1,3,1,90,0,0,0,0,0,1,1,1,1,1,1
P-400247,2025-09,Railways,West Bengal,Ministry of Railways,122,17,0,0.0,103.43499999999999,67.0,36.43499999999999,0.0,23.0,23.0,3.1399999999998727,862.7199999999999,869.3999999999999,7.666666666666667,1.9411764705882353,2,3,1,82,0,0,1,0,0,1,1,1,1,1,1
P-400247,2025-10,Railways,West Bengal,Ministry of Railways,123,16,0,0.0,105.34000000000002,69.0,36.34000000000002,2.0,2.0,25.0,19.050000000000182,23.430000000000064,887.6600000000001,0.6666666666666666,1.9375,0,3,1,90,0,0,1,0,0,1,1,1,1,1,1
P-400253,2025-08,Railways,"Multi-States (Andhra Pradesh, Odisha)",Ministry of Railways,110,16,0,38.871538621694775,85.7872563718141,89.0,-3.2127436281859048,0.0,,,0.0,1030.4899999999998,1030.4899999999998,,0.6875,1,0,1,86,0,0,0,0,0,1,1,1,1,1,1
P-400253,2025-09,Railways,"Multi-States (Andhra Pradesh, Odisha)",Ministry of Railways,111,15,0,38.871538621694775,85.7872563718141,89.0,-3.2127436281859048,0.0,,,0.0,1030.4899999999998,1030.4899999999998,,0.7333333333333333,2,0,1,78,0,0,0,0,0,1,1,1,1,1,1
P-400253,2025-10,Railways,"Multi-States (Andhra Pradesh, Odisha)",Ministry of Railways,112,14,0,38.871538621694775,85.7872563718141,89.0,-3.2127436281859048,0.0,0.0,,0.0,0.0,1030.4899999999998,0.0,0.7857142857142857,3,0,1,86,0,0,0,0,0,1,1,1,1,1,1
P-400254,2025-07,Railways,Bihar,Ministry of Railways,335,20,27,0.0,79.58242655059847,81.0,-1.4175734494015302,,,,,,,,0.95,0,0,0,98,0,0,0,0,0,1,1,1,1,1,1
P-400254,2025-08,Railways,Bihar,Ministry of Railways,20,19,27,0.0,79.68443960826986,82.0,-2.315560391730145,1.0,,,0.75,,,,0.9473684210526315,0,0,0,98,0,0,0,0,0,1,1,1,1,1,1
P-400254,2025-09,Railways,Bihar,Ministry of Railways,21,18,27,0.0,79.89526659412404,82.0,-2.1047334058759617,0.0,,,1.5499999999999545,,,,1.0,1,0,0,90,0,0,0,0,0,1,1,1,1,1,1
P-400254,2025-10,Railways,Bihar,Ministry of Railways,22,17,27,0.0,80.06800870511425,84.0,-3.931991294885748,2.0,3.0,,1.2699999999999818,3.5699999999999363,,1.0,0.9411764705882353,0,0,0,98,0,0,0,0,0,1,1,1,1,1,1
P-400259,2025-08,Electricity Generation,Uttar Pradesh,Ministry of Coal,108,2,59,26.355451391708932,93.06107644771336,92.0,1.0610764477133614,0.0,1.1099999999999994,3.2900000000000063,134.0600000000013,414.7400000000016,837.9799999999996,0.36999999999999983,4.0,1,1,0,90,0,,,0,0,1,1,0,0,1,1
P-400259,2025-09,Electricity Generation,Uttar Pradesh,Ministry of Coal,122,3,61,26.355451391708932,94.16722908603408,92.0,2.1672290860340837,0.0,0.6099999999999994,2.4000000000000057,240.9300000000003,561.4700000000012,842.7000000000007,0.20333333333333314,2.6666666666666665,2,2,0,82,0,,,0,0,1,1,0,0,1,1
P-400259,2025-10,Electricity Generation,Uttar Pradesh,Ministry of Coal,111,2,61,26.355451391708932,94.2215427278028,93.0,1.2215427278027988,1.0,1.0,2.5900000000000034,11.829999999998108,386.8199999999997,741.630000000001,0.3333333333333333,3.5,0,2,0,90,0,1,1,0,0,1,1,1,1,1,1
P-400261,2025-08,Electricity Generation,Jharkhand,Ministry of Power,93,15,44,18.641888733052827,86.07526352083539,85.0,1.0752635208353922,4.0,4.0,6.0,110.0,1169.8199999999997,2014.5499999999993,1.3333333333333333,1.0,0,2,1,90,0,0,1,0,0,1,1,1,1,1,1
P-400261,2025-09,Electricity Generation,Jharkhand,Ministry of Power,98,14,44,18.641888733052827,87.97162841099399,85.0,2.9716284109939863,0.0,4.0,4.0,385.0,640.6500000000015,1573.0,1.3333333333333333,1.0714285714285714,1,2,1,82,0,1,1,0,0,1,1,1,1,1,1
P-400261,2025-10,Electricity Generation,Jharkhand,Ministry of Power,99,13,44,18.641888733052827,87.97852428332185,85.0,2.978524283321846,0.0,4.0,4.0,1.4000000000014552,496.40000000000146,1556.2200000000012,1.3333333333333333,1.1538461538461537,2,2,1,90,0,1,1,0,0,1,1,1,1,1,1
P-400271,2025-08,Railways,Maharashtra,Ministry of Railways,92,31,0,0.0,87.1677793904209,50.0,37.167779390420904,0.0,3.0,3.0,0.0,-118.33000000000038,84.03999999999996,1.0,1.6129032258064515,1,4,0,86,0,0,0,0,0,1,1,1,1,1,1
P-400271,2025-09,Railways,Maharashtra,Ministry of Railways,93,30,0,0.0,87.1677793904209,50.0,37.167779390420904,0.0,3.0,3.0,0.0,-153.53999999999996,12.879999999999654,1.0,1.6666666666666667,2,4,0,78,0,0,0,0,0,1,1,1,1,1,1
P-400271,2025-10,Railways,Maharashtra,Ministry of Railways,94,29,0,0.0,87.1677793904209,50.0,37.167779390420904,0.0,0.0,3.0,0.0,0.0,-104.53999999999996,0.0,1.7241379310344827,3,4,0,86,0,0,0,0,0,1,1,1,1,1,1
P-400273,2025-07,Railways,West Bengal,Ministry of Railways,209,7,83,29.688814129520605,83.4662775616083,90.0,-6.533722438391706,,,,,,,,1.4285714285714286,0,0,0,98,0,0,0,0,0,1,1,1,1,1,1
P-400273,2025-08,Railways,West Bengal,Ministry of Railways,293,6,83,29.688814129520605,84.79377431906615,90.0,-5.206225680933855,0.0,,,20.470000000000027,,,,1.6666666666666667,1,0,0,98,0,0,0,0,0,1,1,1,1,1,1
P-400273,2025-09,Railways,West Bengal,Ministry of Railways,294,5,83,29.688814129520605,85.6556420233463,91.0,-5.344357976653697,1.0,,,13.289999999999964,,,,1.8,0,0,0,90,0,0,0,0,0,1,1,1,1,1,1
P-400273,2025-10,Railways,West Bengal,Ministry of Railways,295,4,83,29.688814129520605,85.84176394293125,91.0,-5.158236057068748,0.0,1.0,,2.8700000000001182,36.63000000000011,,0.3333333333333333,2.25,1,0,0,98,0,0,0,0,0,1,1,1,1,1,1
P-400275,2025-08,Railways,"Multi-States (Andhra Pradesh, Tamil Nadu)",Ministry of Railways,205,31,138,0.0,30.667309281189755,18.0,12.667309281189755,0.0,3.0,6.0,0.0,240.22000000000003,286.68999999999994,1.0,2.6451612903225805,1,0,0,86,0,0,0,0,0,1,1,1,1,1,1
P-400275,2025-09,Railways,"Multi-States (Andhra Pradesh, Tamil Nadu)",Ministry of Railways,206,30,138,0.0,30.667309281189755,18.0,12.667309281189755,0.0,3.0,4.0,0.0,240.22000000000003,280.12,1.0,2.7333333333333334,2,0,0,78,0,0,0,0,0,1,1,1,1,1,1
P-400275,2025-10,Railways,"Multi-States (Andhra Pradesh, Tamil Nadu)",Ministry of Railways,207,29,138,0.0,30.667309281189755,18.0,12.667309281189755,0.0,0.0,4.0,0.0,0.0,258.67999999999995,0.0,2.8275862068965516,3,0,0,86,0,0,0,0,0,1,1,1,1,1,1
P-400277,2025-08,Railways,West Bengal,Ministry of Railways,185,7,3,0.0,90.33322177599285,80.0,10.333221775992854,0.0,,,0.0,710.0700000000006,710.0700000000006,,2.857142857142857,1,0,0,86,0,0,0,0,0,1,1,1,1,1,1
P-400277,2025-09,Railways,West Bengal,Ministry of Railways,186,6,3,0.0,90.33322177599285,80.0,10.333221775992854,0.0,,,0.0,710.0700000000006,710.0700000000006,,3.3333333333333335,2,0,0,78,0,0,1,0,0,1,1,1,1,1,1
P-400277,2025-10,Railways,West Bengal,Ministry of Railways,187,5,3,0.0,92.77465417224454,81.0,11.774654172244539,1.0,1.0,,218.84999999999945,218.84999999999945,928.9200000000001,0.3333333333333333,3.8,0,0,0,90,0,0,1,0,0,1,1,1,1,1,1
P-400280,2025-08,RAILWAYS,Tamil Nadu,Ministry of Railways,213,0,13,33.787465940054496,48.44501018329939,99.0,-50.55498981670061,0.0,1.0,1.0,0.0,-156.60000000000002,-156.60000000000002,0.3333333333333333,1.0,1,1,1,86,0,1,1,0,0,1,1,1,1,1,1
P-400280,2025-09,RAILWAYS,Tamil Nadu,Ministry of Railways,214,-1,13,33.787465940054496,48.44501018329939,99.0,-50.55498981670061,0.0,1.0,1.0,0.0,-164.69999999999993,-156.60000000000002,0.3333333333333333,1.0,2,1,1,78,0,1,1,0,0,1,1,1,1,1,1
P-400280,2025-10,RAILWAYS,Tamil Nadu,Ministry of Railways,215,-2,13,33.787465940054496,48.44501018329939,99.0,-50.55498981670061,0.0,0.0,1.0,0.0,0.0,-156.60000000000002,0.0,1.0,3,1,1,86,0,1,1,0,0,1,1,1,1,1,1
P-400291,2025-08,Railways,Chhattisgarh,Ministry of Railways,150,4,69,13.1529263687854,85.80589543937708,92.0,-6.194104560622918,0.0,-2.799999999999997,-1.0,1.0899999999999181,15.950000000000045,55.75999999999999,-0.9333333333333323,2.0,1,1,2,90,0,0,1,0,0,1,1,1,1,1,1
P-400291,2025-09,Railways,Chhattisgarh,Ministry of Railways,151,3,69,13.1529263687854,85.80589543937708,92.0,-6.194104560622918,0.0,-2.9000000000000057,-2.0,0.0,8.059999999999945,39.680000000000064,-0.9666666666666686,2.6666666666666665,2,1,2,78,0,0,1,0,0,1,1,1,1,1,1
P-400291,2025-10,Railways,Chhattisgarh,Ministry of Railways,152,2,69,13.1529263687854,87.15072302558399,93.0,-5.849276974416014,1.0,1.0,-1.5,24.180000000000064,25.269999999999982,51.25999999999999,0.3333333333333333,3.5,0,1,2,90,0,1,1,0,0,1,1,1,1,1,1
P-400298,2025-08,Railways,Andhra Pradesh,Ministry of Railways,161,31,10,124.91349480968859,41.90384615384615,54.0,-12.096153846153847,0.0,19.0,,0.0,243.23000000000002,288.20000000000005,6.333333333333333,1.4838709677419355,1,1,1,86,0,0,0,1,1,1,1,1,1,1,1
P-400298,2025-09,Railways,Andhra Pradesh,Ministry of Railways,162,30,10,124.91349480968859,41.90384615384615,54.0,-12.096153846153847,0.0,,,0.0,201.91000000000008,259.43000000000006,,1.5333333333333334,2,1,1,78,0,0,0,1,1,1,1,1,1,1,1
P-400298,2025-10,Railways,Andhra Pradesh,Ministry of Railways,163,29,10,124.91349480968859,41.90384615384615,54.0,-12.096153846153847,0.0,0.0,,0.0,0.0,243.23000000000002,0.0,1.5862068965517242,3,1,1,86,0,0,0,1,1,1,1,1,1,1,1
P-400299,2025-08,Urban Public Transport,Odisha,Ministry of Mines,87,9,14,41.981897175959446,33.152282011658684,51.0,-17.847717988341316,0.0,0.0,0.29999999999999716,0.0,-0.009999999999990905,0.07999999999992724,0.0,5.444444444444445,7,1,1,86,0,0,0,0,0,1,1,1,1,1,1
P-400299,2025-09,Urban Public Transport,Odisha,Ministry of Mines,88,8,14,41.981897175959446,33.152282011658684,51.0,-17.847717988341316,0.0,-0.10000000000000142,0.20000000000000284,0.0,-0.009999999999990905,0.07999999999992724,-0.033333333333333805,6.125,8,1,1,78,0,0,0,0,0,1,1,1,1,1,1
P-400299,2025-10,Urban Public Transport,Odisha,Ministry of Mines,89,7,14,41.981897175959446,33.152282011658684,51.0,-17.847717988341316,0.0,0.0,0.10000000000000142,0.0,0.0,0.07999999999992724,0.0,7.0,9,1,1,86,0,0,0,0,0,1,1,1,1,1,1
P-400301,2025-01,Energy Storage,"Multi-States (Karnataka, Tamil Nadu)",Ministry of Petroleum & Natural Gas,,9,0,155.45722713864308,30.721131639722863,48.1,-17.37886836027714,,,,,,,,5.766666666666667,0,0,0,92,0,0,0,0,0,1,1,1,1,1,1
P-400301,2025-02,Energy Storage,"Multi-States (Karnataka, Tamil Nadu)",Ministry of Petroleum & Natural Gas,147,8,104,155.45722713864308,30.961316397228636,50.7,-19.738683602771367,2.6000000000000014,,,4.159999999999968,,,,6.1625,0,0,0,84,0,0,0,0,0,1,1,1,1,1,1
P-400301,2025-03,Energy Storage,"Multi-States (Karnataka, Tamil Nadu)",Ministry of Petroleum & Natural Gas,148,7,104,155.45722713864308,33.70438799076212,53.6,-19.89561200923788,2.8999999999999986,,,47.50999999999999,,,,6.628571428571428,0,0,0,92,0,0,,0,0,1,1,1,0,1,1
P-400301,2025-04,Energy Storage,"Multi-States (Karnataka, Tamil Nadu)",Ministry of Petroleum & Natural Gas,149,6,104,155.45722713864308,34.689953810623564,56.7,-22.01004618937644,3.1000000000000014,8.600000000000001,,17.07000000000005,68.74000000000001,,2.866666666666667,7.216666666666666,0,0,0,84,0,0,,0,0,1,1,1,0,1,1
P-400301,2025-05,Energy Storage,"Multi-States (Karnataka, Tamil Nadu)",Ministry of Petroleum & Natural Gas,150,5,104,155.45722713864308,35.53579676674365,59.0,-23.46420323325635,2.299999999999997,8.299999999999997,,14.649999999999977,79.23000000000002,,2.7666666666666657,8.2,0,0,0,84,0,0,,0,0,1,1,1,0,1,1
P-400301,2025-06,Energy Storage,"Multi-States (Karnataka, Tamil Nadu)",Ministry of Petroleum & Natural Gas,151,4,104,155.45722713864308,37.1108545034642,64.1,-26.98914549653579,5.099999999999994,10.499999999999993,,27.279999999999973,59.0,,3.499999999999998,8.975000000000001,0,0,0,92,0,,,0,0,1,1,0,0,1,1
P-400301,2025-07,Energy Storage,"Multi-States (Karnataka, Tamil Nadu)",Ministry of Petroleum & Natural Gas,152,3,104,155.45722713864308,38.986720554272516,67.0,-28.013279445727484,2.9000000000000057,10.299999999999997,18.9,32.49000000000001,74.41999999999996,143.15999999999997,3.4333333333333322,11.0,0,0,0,74,0,,,0,0,1,1,0,0,1,1
P-400301,2025-08,Energy Storage,"Multi-States (Karnataka, Tamil Nadu)",Ministry of Petroleum & Natural Gas,153,2,104,155.45722713864308,41.21593533487298,69.0,-27.78406466512702,2.0,10.0,18.299999999999997,38.610000000000014,98.38,177.61,3.3333333333333335,15.5,0,0,0,90,0,,,0,0,1,1,0,0,1,1
P-400301,2025-09,Energy Storage,"Multi-States (Karnataka, Tamil Nadu)",Ministry of Petroleum & Natural Gas,154,12,115,155.45722713864308,44.28926096997691,71.0,-26.710739030023092,2.0,6.900000000000006,17.4,53.23000000000002,124.33000000000004,183.33000000000004,2.300000000000002,2.4166666666666665,0,1,0,82,0,,,0,0,1,1,0,0,1,1
P-400301,2025-10,Energy Storage,"Multi-States (Karnataka, Tamil Nadu)",Ministry of Petroleum & Natural Gas,155,11,115,155.45722713864308,46.24018475750577,73.0,-26.759815242494227,2.0,6.0,16.299999999999997,33.789999999999964,125.63,200.04999999999995,2.0,2.4545454545454546,0,1,0,90,0,0,0,0,0,1,1,1,1,1,1
P-400312,2025-01,Coal,West Bengal,Ministry of Coal,57,50,0,0.0,38.269758371070644,38.0,0.26975837107064393,,,,,,,,1.24,0,0,0,92,0,0,0,0,0,1,1,1,1,1,1
P-400312,2025-02,Coal,West Bengal,Ministry of Coal,58,49,0,0.0,38.720126929560706,38.0,0.7201269295607062,0.0,,,5.449999999999989,,,,1.2653061224489797,1,0,0,92,0,0,0,0,0,1,1,1,1,1,1
P-400312,2025-03,Coal,West Bengal,Ministry of Coal,59,48,0,0.0,39.21677189039104,38.0,1.216771890391037,0.0,,,6.009999999999991,,,,1.2916666666666667,2,0,0,92,0,0,0,0,0,1,1,1,1,1,1
P-400312,2025-04,Coal,West Bengal,Ministry of Coal,60,47,0,0.0,39.563844907943015,38.0,1.5638449079430146,0.0,0.0,,4.199999999999989,15.659999999999968,,0.0,1.3191489361702127,3,0,0,92,0,0,0,0,0,1,1,1,1,1,1
P-400312,2025-05,Coal,West Bengal,Ministry of Coal,61,46,0,0.0,40.44640200971805,40.0,0.44640200971804944,2.0,2.0,,10.680000000000007,20.889999999999986,,0.6666666666666666,1.3043478260869565,0,0,0,92,0,0,0,0,0,1,1,1,1,1,1
P-400312,2025-06,Coal,West Bengal,Ministry of Coal,62,45,0,0.0,40.93560969160084,40.0,0.9356096916008383,0.0,2.0,,5.920000000000016,20.80000000000001,,0.6666666666666666,1.3333333333333333,1,0,0,92,0,0,0,0,0,1,1,1,1,1,1
P-400312,2025-07,Coal,West Bengal,Ministry of Coal,63,44,0,0.0,42.55197831620004,40.0,2.5519783162000422,0.0,2.0,2.0,19.559999999999945,36.15999999999997,51.819999999999936,0.6666666666666666,1.3636363636363635,2,0,0,74,0,0,0,0,0,1,1,1,1,1,1
P-400312,2025-08,Coal,West Bengal,Ministry of Coal,64,43,0,0.0,43.604766469441046,41.0,2.6047664694410457,1.0,1.0,3.0,12.740000000000009,38.21999999999997,59.10999999999996,0.3333333333333333,1.372093023255814,0,0,0,90,0,0,0,0,0,1,1,1,1,1,1
P-400312,2025-09,Coal,West Bengal,Ministry of Coal,65,42,0,0.0,44.197269692261926,44.0,0.19726969226192637,3.0,4.0,6.0,7.170000000000073,39.47000000000003,60.27000000000004,1.3333333333333333,1.3333333333333333,0,0,0,82,0,0,0,0,0,1,1,1,1,1,1
P-400312,2025-10,Coal,West Bengal,Ministry of Coal,66,41,0,0.0,44.43939444022081,44.0,0.4393944402208092,0.0,4.0,6.0,2.92999999999995,22.840000000000032,59.0,1.3333333333333333,1.3658536585365855,1,0,0,90,0,0,0,0,0,1,1,1,1,1,1
P-400313,2025-08,COAL,"Multi-States (Jharkhand, West Bengal)",Ministry of Coal,192,40,112,0.0,29.636740014952682,43.0,-13.363259985047318,0.0,1.0,1.0,1.1000000000000227,4.75,14.0,0.3333333333333333,1.425,1,4,1,90,0,0,0,0,0,1,1,1,1,1,1
P-400313,2025-09,COAL,"Multi-States (Jharkhand, West Bengal)",Ministry of Coal,193,39,112,0.0,29.674309565583286,43.0,-13.325690434416714,0.0,1.0,1.0,1.0,2.25,12.580000000000041,0.3333333333333333,1.4615384615384615,2,4,1,82,0,0,0,0,0,1,1,1,1,1,1
P-400315,2025-01,Coal,West Bengal,Ministry of Coal,,50,0,0.0,9.776588369475277,17.0,-7.223411630524723,,,,,,,,1.66,0,0,0,92,0,0,0,0,0,1,1,1,1,1,1
P-400315,2025-02,Coal,West Bengal,Ministry of Coal,43,49,0,0.0,9.879646954460405,17.0,-7.120353045539595,0.0,,,5.529999999999973,,,,1.6938775510204083,1,0,0,84,0,0,0,0,0,1,1,1,1,1,1
P-400315,2025-03,Coal,West Bengal,Ministry of Coal,44,48,0,0.0,10.079055066456947,17.0,-6.920944933543053,0.0,,,10.700000000000045,,,,1.7291666666666667,2,0,0,92,0,0,0,0,0,1,1,1,1,1,1
P-400315,2025-04,Coal,West Bengal,Ministry of Coal,45,47,0,0.0,10.261317808076214,17.0,-6.738682191923786,0.0,0.0,,9.779999999999973,26.00999999999999,,0.0,1.7659574468085106,3,0,0,92,0,0,0,0,0,1,1,1,1,1,1
P-400315,2025-05,Coal,West Bengal,Ministry of Coal,46,46,0,0.0,10.315362997308922,17.3,-6.984637002691079,0.3000000000000007,0.3000000000000007,,2.8999999999999773,23.379999999999995,,0.10000000000000024,1.797826086956522,4,0,0,92,0,0,0,0,0,1,1,1,1,1,1
P-400315,2025-06,Coal,West Bengal,Ministry of Coal,47,45,0,0.0,10.481225819436887,17.38,-6.898774180563112,0.0799999999999983,0.379999999999999,,8.899999999999977,21.579999999999927,,0.12666666666666634,1.836,5,0,0,92,0,0,0,0,0,1,1,1,1,1,1
P-400315,2025-07,Coal,West Bengal,Ministry of Coal,48,44,0,0.0,10.64168412264158,17.0,-6.35831587735842,-0.379999999999999,0.0,0.0,8.610000000000014,20.409999999999968,46.41999999999996,0.0,1.8863636363636365,6,0,0,66,0,0,0,0,0,1,1,1,1,1,1
P-400315,2025-08,Coal,West Bengal,Ministry of Coal,49,43,0,0.0,10.534339195062133,17.0,-6.465660804937867,0.0,-0.3000000000000007,0.0,-5.759999999999991,11.75,35.129999999999995,-0.10000000000000024,1.930232558139535,7,0,0,78,0,0,0,0,0,1,1,1,1,1,1
P-400315,2025-09,Coal,West Bengal,Ministry of Coal,50,42,0,0.0,10.62304785049237,17.0,-6.3769521495076305,0.0,-0.379999999999999,0.0,4.759999999999991,7.610000000000014,29.18999999999994,-0.12666666666666634,1.9761904761904763,8,0,0,82,0,0,0,0,0,1,1,1,1,1,1
P-400315,2025-10,Coal,West Bengal,Ministry of Coal,51,41,0,0.0,10.880228406151462,17.0,-6.119771593848538,0.0,0.0,0.0,13.800000000000068,12.800000000000068,33.210000000000036,0.0,2.024390243902439,9,0,0,90,0,0,0,0,0,1,1,1,1,1,1
P-400321,2025-01,Coal,Madhya Pradesh,Ministry of Coal,50,2,0,0.0,41.520974978030615,42.4,-0.8790250219693831,,,,,,,,28.8,0,0,0,92,0,1,1,0,0,1,1,1,1,1,1
P-400321,2025-02,Coal,Madhya Pradesh,Ministry of Coal,51,1,0,0.0,42.27834050228944,42.65,-0.37165949771056006,0.25,,,13.100000000000023,,,,57.35,1,0,0,92,0,1,1,0,0,1,1,1,1,1,1
P-400321,2025-03,Coal,Madhya Pradesh,Ministry of Coal,52,36,36,0.0,43.33807409463022,42.75,0.5880740946302225,0.10000000000000142,,,18.33000000000004,,,,1.5902777777777777,2,1,0,92,0,0,0,0,0,1,1,1,1,1,1
P-400321,2025-04,Coal,Madhya Pradesh,Ministry of Coal,53,35,36,0.0,43.99542111835715,44.0,-0.004578881642849808,1.25,1.6000000000000014,,11.370000000000005,42.80000000000007,,0.5333333333333338,1.6,0,1,0,92,0,0,0,0,0,1,1,1,1,1,1
P-400321,2025-05,Coal,Madhya Pradesh,Ministry of Coal,54,34,36,0.0,44.28911706211554,44.29,-0.0008829378844623648,0.28999999999999915,1.6400000000000006,,5.079999999999927,34.77999999999997,,0.5466666666666669,1.638529411764706,1,1,0,92,0,0,0,0,0,1,1,1,1,1,1
P-400321,2025-06,Coal,Madhya Pradesh,Ministry of Coal,55,33,36,0.0,44.68745663937838,44.93,-0.2425433606216174,0.6400000000000006,2.1799999999999997,,6.8900000000001,23.340000000000032,,0.7266666666666666,1.6687878787878787,0,1,0,92,0,0,0,0,0,1,1,1,1,1,1
P-400321,2025-07,Coal,Madhya Pradesh,Ministry of Coal,56,32,36,0.0,44.68514407289209,44.0,0.6851440728920934,-0.9299999999999997,0.0,1.6000000000000014,-0.04000000000007731,11.92999999999995,54.73000000000002,0.0,1.75,0,1,0,70,0,0,0,0,0,1,1,1,1,1,1
P-400321,2025-08,Coal,Madhya Pradesh,Ministry of Coal,57,31,36,0.0,46.48894593219555,48.0,-1.5110540678044515,4.0,3.710000000000001,5.350000000000001,31.200000000000045,38.05000000000007,72.83000000000004,1.236666666666667,1.6774193548387097,0,1,0,90,0,0,0,0,0,1,1,1,1,1,1
P-400321,2025-09,Coal,Madhya Pradesh,Ministry of Coal,58,30,36,0.0,47.839484760186856,47.0,0.8394847601868562,-1.0,2.0700000000000003,4.25,23.360000000000014,54.51999999999998,77.86000000000001,0.6900000000000001,1.7666666666666666,0,1,0,82,0,0,0,0,0,1,1,1,1,1,1
P-400321,2025-10,Coal,Madhya Pradesh,Ministry of Coal,59,29,36,0.0,48.1950418574534,48.0,0.19504185745339697,1.0,4.0,4.0,6.149999999999977,60.710000000000036,72.63999999999999,1.3333333333333333,1.793103448275862,0,1,0,90,0,0,0,0,0,1,1,1,1,1,1
P-400352,2025-01,Coal,Jharkhand,Ministry of Coal,,74,0,0.0,19.069542357141923,20.0,-0.9304576428580766,,,,,,,,1.0810810810810811,0,0,0,92,0,0,0,0,0,1,1,1,1,1,1
P-400352,2025-02,Coal,Jharkhand,Ministry of Coal,54,73,0,0.0,19.069542357141923,21.0,-1.9304576428580766,1.0,,,0.0,,,,1.082191780821918,0,0,0,84,0,0,0,0,0,1,1,1,1,1,1
P-400352,2025-03,Coal,Jharkhand,Ministry of Coal,,72,0,0.0,19.069542357141923,21.0,-1.9304576428580766,0.0,,,0.0,,,,1.0972222222222223,1,0,0,80,0,0,0,0,0,1,1,1,1,1,1
P-400352,2025-04,Coal,Jharkhand,Ministry of Coal,56,71,0,0.0,19.069542357141923,28.0,-8.930457642858077,7.0,8.0,,0.0,0.0,,2.6666666666666665,1.0140845070422535,0,0,0,84,0,0,0,0,0,1,1,1,1,1,1
P-400352,2025-05,Coal,Jharkhand,Ministry of Coal,57,70,0,0.0,19.069542357141923,28.0,-8.930457642858077,0.0,7.0,,0.0,0.0,,2.3333333333333335,1.0285714285714285,1,0,0,88,0,0,0,0,0,1,1,1,1,1,1
P-400352,2025-06,Coal,Jharkhand,Ministry of Coal,58,69,0,0.0,19.069542357141923,28.0,-8.930457642858077,0.0,7.0,,0.0,0.0,,2.3333333333333335,1.0434782608695652,2,0,0,88,0,0,0,0,0,1,1,1,1,1,1
P-400352,2025-07,Coal,Jharkhand,Ministry of Coal,59,68,0,0.0,19.070850281857776,25.0,-5.929149718142224,-3.0,-3.0,5.0,0.009999999999990905,0.009999999999990905,0.009999999999990905,-1.0,1.1029411764705883,0,0,0,62,0,0,0,0,0,1,1,1,1,1,1
P-400352,2025-08,Coal,Jharkhand,Ministry of Coal,60,67,0,0.0,19.070850281857776,29.0,-9.929149718142224,4.0,1.0,8.0,0.0,0.009999999999990905,0.009999999999990905,0.3333333333333333,1.0597014925373134,0,0,0,90,0,0,0,0,0,1,1,1,1,1,1
P-400352,2025-09,Coal,Jharkhand,Ministry of Coal,61,66,0,0.0,19.070850281857776,29.0,-9.929149718142224,0.0,1.0,8.0,0.0,0.009999999999990905,0.009999999999990905,0.3333333333333333,1.0757575757575757,1,0,0,78,0,0,0,0,0,1,1,1,1,1,1
P-400352,2025-10,Coal,Jharkhand,Ministry of Coal,62,65,0,0.0,19.070850281857776,29.0,-9.929149718142224,0.0,4.0,1.0,0.0,0.0,0.009999999999990905,1.3333333333333333,1.0923076923076922,2,0,0,86,0,0,0,0,0,1,1,1,1,1,1
P-400353,2025-08,Coal,Maharashtra,Ministry of Coal,46,31,0,0.0,11.337393285607797,17.0,-5.6626067143922025,0.0,-16.0,-16.0,0.28000000000000114,-78.54,-78.54,-5.333333333333333,2.6774193548387095,1,0,1,90,0,0,0,0,0,1,1,1,1,1,1
P-400353,2025-09,Coal,Maharashtra,Ministry of Coal,47,30,0,0.0,11.337393285607797,17.0,-5.6626067143922025,0.0,-16.0,-16.0,0.0,-78.54,-78.54,-5.333333333333333,2.7666666666666666,2,0,1,78,0,0,0,0,0,1,1,1,1,1,1
P-400353,2025-10,Coal,Maharashtra,Ministry of Coal,80,29,0,0.0,23.784475605125103,19.0,4.7844756051251025,2.0,2.0,-14.0,88.50000000000001,88.78000000000002,9.960000000000008,0.6666666666666666,2.793103448275862,0,0,1,90,0,0,0,0,0,1,1,1,1,1,1
P-400354,2025-01,Coal,Chhattisgarh,Ministry of Coal,,50,0,0.0,52.16869538672874,37.0,15.168695386728743,,,,,,,,1.26,0,0,0,92,0,0,0,0,0,1,1,1,1,1,1
P-400354,2025-02,Coal,Chhattisgarh,Ministry of Coal,50,49,0,0.0,52.34307627733049,37.0,15.34307627733049,0.0,,,9.140000000000327,,,,1.2857142857142858,1,0,0,84,0,0,0,0,0,1,1,1,1,1,1
P-400354,2025-03,Coal,Chhattisgarh,Ministry of Coal,,48,0,0.0,52.56133857366353,37.3,15.26133857366353,0.29999999999999716,,,11.4399999999996,,,,1.3062500000000001,2,0,0,84,0,0,0,0,0,1,1,1,1,1,1
P-400354,2025-04,Coal,Chhattisgarh,Ministry of Coal,52,47,0,0.0,53.42580226657,37.3,16.125802266570005,0.0,0.29999999999999716,,45.3100000000004,65.89000000000033,,0.09999999999999905,1.3340425531914895,3,0,0,84,0,0,0,0,0,1,1,1,1,1,1
P-400354,2025-05,Coal,Chhattisgarh,Ministry of Coal,53,46,0,0.0,53.80680734154997,37.3,16.506807341549973,0.0,0.29999999999999716,,19.9699999999998,76.7199999999998,,0.09999999999999905,1.3630434782608696,4,0,0,92,0,0,0,0,0,1,1,1,1,1,1
P-400354,2025-06,Coal,Chhattisgarh,Ministry of Coal,54,45,0,0.0,53.83809669172359,37.3,16.538096691723595,0.0,0.0,,1.6399999999998727,66.92000000000007,,0.0,1.3933333333333333,5,0,0,92,0,0,0,0,0,1,1,1,1,1,1
P-400354,2025-07,Coal,Chhattisgarh,Ministry of Coal,55,44,0,0.0,51.03598275269967,37.0,14.035982752699667,-0.29999999999999716,-0.29999999999999716,0.0,-146.8699999999999,-125.26000000000022,-59.36999999999989,-0.09999999999999905,1.4318181818181819,6,0,0,62,0,0,0,0,0,1,1,1,1,1,1
P-400354,2025-08,Coal,Chhattisgarh,Ministry of Coal,56,43,0,0.0,53.99339871026825,37.0,16.993398710268252,0.0,-0.29999999999999716,0.0,155.01000000000022,9.7800000000002,86.5,-0.09999999999999905,1.4651162790697674,7,0,0,90,0,0,0,0,0,1,1,1,1,1,1
P-400354,2025-09,Coal,Chhattisgarh,Ministry of Coal,57,42,0,0.0,54.00141183653223,37.0,17.001411836532228,0.0,-0.29999999999999716,-0.29999999999999716,0.419999999999618,8.559999999999945,75.48000000000002,-0.09999999999999905,1.5,8,0,0,82,0,0,0,0,0,1,1,1,1,1,1
P-400354,2025-10,Coal,Chhattisgarh,Ministry of Coal,58,41,0,0.0,54.20460182394017,37.0,17.204601823940173,0.0,0.0,-0.29999999999999716,10.650000000000091,166.07999999999993,40.81999999999971,0.0,1.5365853658536586,9,0,0,90,0,0,0,0,0,1,1,1,1,1,1
P-400369,2025-01,Coal,"Multi-States (Madhya Pradesh, Uttar Pradesh)",Ministry of Coal,53,2,12,0.0,85.40446187322159,56.74,28.66446187322159,,,,,,,,21.63,0,0,0,92,0,1,1,0,0,1,1,1,1,1,1
P-400369,2025-02,Coal,"Multi-States (Madhya Pradesh, Uttar Pradesh)",Ministry of Coal,54,1,12,0.0,85.56705961120012,57.03,28.53705961120012,0.28999999999999915,,,1.3600000000000136,,,,42.97,1,0,0,92,0,1,1,0,0,1,1,1,1,1,1
P-400369,2025-03,Coal,"Multi-States (Madhya Pradesh, Uttar Pradesh)",Ministry of Coal,55,24,36,0.0,86.8714282298367,57.18,29.691428229836696,0.14999999999999858,,,10.909999999999968,,,,1.7841666666666667,2,1,0,92,0,0,0,0,0,1,1,1,1,1,1
P-400369,2025-04,Coal,"Multi-States (Madhya Pradesh, Uttar Pradesh)",Ministry of Coal,56,23,36,0.0,91.89641567633485,58.2,33.69641567633485,1.0200000000000031,1.4600000000000009,,42.02999999999997,54.299999999999955,,0.48666666666666697,1.817391304347826,0,1,0,92,0,0,0,0,0,1,1,1,1,1,1
P-400369,2025-05,Coal,"Multi-States (Madhya Pradesh, Uttar Pradesh)",Ministry of Coal,57,22,36,0.0,91.97173668731021,85.95,6.021736687310209,27.75,28.92,,0.6299999999999955,53.569999999999936,,9.64,0.6386363636363636,0,1,0,92,0,0,0,0,0,1,1,1,1,1,1
P-400369,2025-06,Coal,"Multi-States (Madhya Pradesh, Uttar Pradesh)",Ministry of Coal,58,21,36,0.0,93.10035628033764,89.08,4.020356280337637,3.1299999999999955,31.9,,9.440000000000055,52.10000000000002,,10.633333333333333,0.5200000000000001,0,1,0,92,0,0,0,0,0,1,1,1,1,1,1
P-400369,2025-07,Coal,"Multi-States (Madhya Pradesh, Uttar Pradesh)",Ministry of Coal,59,20,36,0.0,93.10752970995433,89.0,4.107529709954335,-0.0799999999999983,30.799999999999997,32.26,0.05999999999994543,10.129999999999995,64.42999999999995,10.266666666666666,0.55,1,1,0,82,0,0,0,0,0,1,1,1,1,1,1
P-400369,2025-08,Coal,"Multi-States (Madhya Pradesh, Uttar Pradesh)",Ministry of Coal,60,19,36,0.0,94.0902895674422,89.0,5.090289567442198,0.0,3.049999999999997,31.97,8.220000000000027,17.720000000000027,71.28999999999996,1.0166666666666657,0.5789473684210527,2,1,0,90,0,0,0,0,0,1,1,1,1,1,1
P-400369,2025-09,Coal,"Multi-States (Madhya Pradesh, Uttar Pradesh)",Ministry of Coal,61,18,36,0.0,96.36068004112767,89.0,7.360680041127665,0.0,-0.0799999999999983,31.82,18.99000000000001,27.269999999999982,79.37,-0.0266666666666661,0.6111111111111112,3,1,0,82,0,0,0,0,0,1,1,1,1,1,1
P-400369,2025-10,Coal,"Multi-States (Madhya Pradesh, Uttar Pradesh)",Ministry of Coal,62,17,36,0.0,96.74565409722389,89.0,7.745654097223891,0.0,0.0,30.799999999999997,3.2200000000000273,30.430000000000064,40.56000000000006,0.0,0.6470588235294118,4,1,0,90,0,0,0,0,0,1,1,1,1,1,1
P-400382,2025-09,Shipping,Maharashtra,"Ministry of Ports, Shipping and Waterways",68,-30,0,0.0,99.99816666666666,0.0,99.99816666666666,,,,,,,,100.0,0,0,0,98,0,0,0,0,0,1,1,1,1,1,1
P-400382,2025-10,Shipping,Maharashtra,"Ministry of Ports, Shipping and Waterways",69,-31,0,0.0,99.99816666666666,0.0,99.99816666666666,0.0,,,0.0,,,,100.0,1,0,0,94,0,0,0,0,0,1,1,1,1,1,1
P-400392,2025-01,Coal,Odisha,Ministry of Coal,74,50,0,0.0,61.09649261854189,44.6,16.496492618541886,,,,,,,,1.1079999999999999,0,0,0,92,0,0,0,0,0,1,1,1,1,1,1
P-400392,2025-02,Coal,Odisha,Ministry of Coal,75,49,0,0.0,61.1546143359858,44.6,16.554614335985796,0.0,,,1.6499999999998636,,,,1.1306122448979592,1,0,0,92,0,0,0,0,0,1,1,1,1,1,1
P-400392,2025-03,Coal,Odisha,Ministry of Coal,76,48,0,0.0,61.39168049259036,44.6,16.79168049259036,0.0,,,6.730000000000018,,,,1.1541666666666666,2,0,0,92,0,0,0,0,0,1,1,1,1,1,1
P-400392,2025-04,Coal,Odisha,Ministry of Coal,77,47,0,0.0,61.411406651237996,44.6,16.811406651237995,0.0,0.0,,0.5600000000001728,8.940000000000055,,0.0,1.1787234042553192,3,0,0,92,0,0,0,0,0,1,1,1,1,1,1
P-400392,2025-05,Coal,Odisha,Ministry of Coal,78,46,0,0.0,64.65812101293825,44.62,20.038121012938255,0.01999999999999602,0.01999999999999602,,92.16999999999985,99.46000000000004,,0.00666666666666534,1.203913043478261,4,0,0,92,0,0,0,0,0,1,1,1,1,1,1
P-400392,2025-06,Coal,Odisha,Ministry of Coal,79,45,0,0.0,64.71483371905019,47.35,17.36483371905019,2.730000000000004,2.75,,1.6100000000001273,94.34000000000015,,0.9166666666666666,1.17,0,0,0,92,0,0,0,0,0,1,1,1,1,1,1
P-400392,2025-07,Coal,Odisha,Ministry of Coal,80,44,0,0.0,61.60571497009363,47.0,14.60571497009363,-0.3500000000000014,2.3999999999999986,2.3999999999999986,-88.26999999999998,5.509999999999991,14.450000000000045,0.7999999999999995,1.2045454545454546,1,0,0,62,0,0,0,0,0,1,1,1,1,1,1
P-400392,2025-08,Coal,Odisha,Ministry of Coal,81,43,0,0.0,61.588454520476525,47.0,14.588454520476525,0.0,2.3800000000000026,2.3999999999999986,-0.4900000000000091,-87.14999999999986,12.310000000000173,0.7933333333333342,1.2325581395348837,2,0,0,78,0,0,0,0,0,1,1,1,1,1,1
P-400392,2025-09,Coal,Odisha,Ministry of Coal,82,42,0,0.0,58.92576597648352,47.0,11.925765976483518,0.0,-0.3500000000000014,2.3999999999999986,-75.59000000000015,-164.35000000000014,-70.00999999999999,-0.11666666666666714,1.2619047619047619,3,0,0,70,0,0,0,0,0,1,1,1,1,1,1
P-400392,2025-10,Coal,Odisha,Ministry of Coal,83,41,0,0.0,58.949366999429344,47.0,11.949366999429344,0.0,0.0,2.3999999999999986,0.6700000000000728,-75.41000000000008,-69.90000000000009,0.0,1.2926829268292683,4,0,0,90,0,0,0,0,0,1,1,1,1,1,1
P-400416,2025-10,Railways,Jharkhand,Ministry of Coal,92,8,12,42.49183169967326,57.02636935819743,61.0,-3.973630641802572,0.0,1.0,,0.0,168.63999999999987,,0.3333333333333333,4.875,1,1,1,94,0,0,0,0,0,1,1,1,1,1,1
P-400424,2025-07,Coal,Chhattisgarh,Ministry of Coal,112,8,36,0.0,45.097999390677366,77.0,-31.902000609322634,,,,,,,,2.875,0,0,0,98,0,0,1,0,0,1,1,1,1,1,1
P-400424,2025-08,Coal,Chhattisgarh,Ministry of Coal,113,7,36,0.0,45.097999390677366,77.0,-31.902000609322634,0.0,,,0.0,,,,3.2857142857142856,1,0,0,94,0,1,1,0,0,1,1,1,1,1,1
P-400424,2025-09,Coal,Chhattisgarh,Ministry of Coal,114,6,36,0.0,56.50841203750719,78.0,-21.491587962492808,1.0,,,1348.3000000000002,,,,3.6666666666666665,0,0,0,90,0,1,1,0,0,1,1,1,1,1,1
P-400424,2025-10,Coal,Chhattisgarh,Ministry of Coal,115,5,36,0.0,56.59456348803358,78.0,-21.40543651196642,0.0,1.0,,10.179999999999382,1358.4799999999996,,0.3333333333333333,4.4,1,0,0,98,0,1,1,0,0,1,1,1,1,1,1
P-400425,2025-01,Coal,Jharkhand,Ministry of Coal,,13,0,0.0,48.49585863265787,80.2,-31.70414136734213,,,,,,,,1.5230769230769228,0,0,0,92,0,,,0,0,1,1,0,0,1,1
P-400425,2025-02,Coal,Jharkhand,Ministry of Coal,162,12,83,0.0,48.67468116754859,80.2,-31.52531883245141,0.0,,,2.2000000000000455,,,,1.6499999999999997,1,0,0,84,0,,,0,0,1,1,0,0,1,1
P-400425,2025-03,Coal,Jharkhand,Ministry of Coal,,11,0,0.0,48.945353458996806,80.3,-31.35464654100319,0.09999999999999432,,,3.3299999999999272,,,,1.7909090909090912,2,0,0,84,0,,,0,0,1,1,0,0,1,1
P-400425,2025-04,Coal,Jharkhand,Ministry of Coal,164,13,86,0.0,49.0802831898689,81.0,-31.9197168101311,0.7000000000000028,0.7999999999999972,,1.6600000000000819,7.190000000000055,,0.2666666666666657,1.4615384615384615,0,1,0,84,0,,,0,0,1,1,0,0,1,1
P-400425,2025-05,Coal,Jharkhand,Ministry of Coal,165,12,86,0.0,49.25666723564746,81.0,-31.743332764352537,0.0,0.7999999999999972,,2.169999999999959,7.159999999999968,,0.2666666666666657,1.5833333333333333,1,1,0,92,0,0,0,0,0,1,1,1,1,1,1
P-400425,2025-06,Coal,Jharkhand,Ministry of Coal,166,11,86,0.0,50.47428613231242,81.0,-30.52571386768758,0.0,0.7000000000000028,,14.980000000000018,18.81000000000006,,0.23333333333333428,1.7272727272727273,2,1,0,92,0,0,0,0,0,1,1,1,1,1,1
P-400425,2025-07,Coal,Jharkhand,Ministry of Coal,167,10,86,0.0,50.734391637608,81.0,-30.265608362392,0.0,0.0,0.7999999999999972,3.199999999999932,20.34999999999991,27.539999999999964,0.0,1.9,3,1,0,82,0,0,0,0,0,1,1,1,1,1,1
P-400425,2025-08,Coal,Jharkhand,Ministry of Coal,168,9,86,0.0,50.934347744803986,81.0,-30.065652255196014,0.0,0.0,0.7999999999999972,2.4600000000000364,20.639999999999986,27.799999999999955,0.0,2.111111111111111,4,1,0,90,0,0,1,0,0,1,1,1,1,1,1
P-400425,2025-09,Coal,Jharkhand,Ministry of Coal,169,8,86,0.0,51.17413250749836,81.0,-29.825867492501636,0.0,0.0,0.7000000000000028,2.9500000000000455,8.610000000000014,27.420000000000073,0.0,2.375,5,1,0,82,0,0,1,0,0,1,1,1,1,1,1
P-400425,2025-10,Coal,Jharkhand,Ministry of Coal,170,7,86,0.0,51.34889089386883,81.0,-29.651109106131173,0.0,0.0,0.0,2.1499999999999773,7.560000000000059,27.909999999999968,0.0,2.7142857142857144,6,1,0,90,0,0,1,0,0,1,1,1,1,1,1
P-400426,2025-07,Urban Public Transport,Madhya Pradesh,Ministry of Mines,123,9,72,0.0,49.82761964274171,79.0,-29.17238035725829,,,,,,,,2.3333333333333335,0,0,0,98,0,0,0,0,0,1,1,1,1,1,1
P-400426,2025-08,Urban Public Transport,Madhya Pradesh,Ministry of Mines,167,8,72,0.0,50.38462367213256,80.0,-29.615376327867438,1.0,,,10.340000000000032,,,,2.5,0,0,0,98,0,0,0,0,0,1,1,1,1,1,1
P-400426,2025-09,Urban Public Transport,Madhya Pradesh,Ministry of Mines,168,7,72,0.0,50.38462367213256,80.0,-29.615376327867438,0.0,,,0.0,,,,2.857142857142857,1,0,0,86,0,0,0,0,0,1,1,1,1,1,1
P-400426,2025-10,Urban Public Transport,Madhya Pradesh,Ministry of Mines,169,6,72,0.0,50.65127453726648,81.0,-30.34872546273352,1.0,2.0,,4.949999999999932,15.289999999999964,,0.6666666666666666,3.1666666666666665,0,0,0,98,0,0,1,0,1,1,1,1,1,1,1
P-602096,2025-07,Electricity Generation,"Multi-States (Arunachal Pradesh, Assam)",Ministry of Power,262,10,188,314.8628632068642,94.66790665567295,96.0,-1.332093344327049,,,,,,,,0.4,0,0,0,90,0,0,0,0,0,1,1,1,1,1,1
P-602096,2025-08,Electricity Generation,"Multi-States (Arunachal Pradesh, Assam)",Ministry of Power,263,9,188,314.8628632068642,95.41887979137505,96.0,-0.5811202086249523,0.0,,,195.8199999999997,,,,0.4444444444444444,1,0,0,90,0,0,0,0,0,1,1,1,1,1,1
P-602096,2025-09,Electricity Generation,"Multi-States (Arunachal Pradesh, Assam)",Ministry of Power,264,8,188,314.8628632068642,96.10082261126345,96.0,0.10082261126345315,0.0,,,177.8199999999997,,,,0.5,2,0,0,82,0,0,0,0,0,1,1,1,1,1,1
P-602096,2025-10,Electricity Generation,"Multi-States (Arunachal Pradesh, Assam)",Ministry of Power,265,7,188,314.8628632068642,96.81336887116258,97.0,-0.18663112883741917,1.0,1.0,,185.79999999999927,559.4399999999987,,0.3333333333333333,0.42857142857142855,0,0,0,90,0,0,0,0,0,1,1,1,1,1,1
P-602098,2025-01,Education,Jammu and Kashmir,Department of Higher Education,70,0,30,17.880592097521948,94.57587191311812,96.0,-1.424128086881879,,,,,,,,4.0,0,0,0,92,0,0,,0,0,1,1,1,0,1,1
P-602098,2025-02,Education,Jammu and Kashmir,Department of Higher Education,71,-1,30,17.880592097521948,94.57587191311812,96.0,-1.424128086881879,0.0,,,0.0,,,,4.0,1,0,0,88,0,0,,0,0,1,1,1,0,1,1
P-602098,2025-03,Education,Jammu and Kashmir,Department of Higher Education,72,-2,30,17.880592097521948,94.57587191311812,96.0,-1.424128086881879,0.0,,,0.0,,,,4.0,2,0,0,88,0,0,,0,0,1,1,1,0,1,1
P-602098,2025-04,Education,Jammu and Kashmir,Department of Higher Education,73,-3,30,17.880592097521948,89.46716975105308,96.0,-6.532830248946922,0.0,0.0,,-25.590000000000032,-25.590000000000032,,0.0,4.0,3,0,0,72,0,,,0,0,1,1,0,0,1,1
P-602098,2025-05,Education,Jammu and Kashmir,Department of Higher Education,74,-4,30,17.880592097521948,89.46716975105308,96.0,-6.532830248946922,0.0,0.0,,0.0,-25.590000000000032,,0.0,4.0,4,0,0,80,0,,,0,0,1,1,0,0,1,1
P-602098,2025-06,Education,Jammu and Kashmir,Department of Higher Education,75,-5,30,17.880592097521948,89.46716975105308,96.0,-6.532830248946922,0.0,0.0,,0.0,-25.590000000000032,,0.0,4.0,5,0,0,88,0,,,0,0,1,1,0,0,1,1
P-602098,2025-07,Education,Jammu and Kashmir,Department of Higher Education,57,1,26,17.880592097521948,96.72795512167853,96.0,0.7279551216785336,0.0,0.0,0.0,36.370000000000005,36.370000000000005,10.779999999999973,0.0,4.0,6,1,0,82,0,,,0,0,1,1,0,0,1,1
P-602098,2025-08,Education,Jammu and Kashmir,Department of Higher Education,77,1,27,17.880592097521948,96.72795512167853,96.0,0.7279551216785336,0.0,0.0,0.0,0.0,36.370000000000005,10.779999999999973,0.0,4.0,7,2,0,86,0,1,1,0,0,1,1,1,1,1,1
P-602098,2025-09,Education,Jammu and Kashmir,Department of Higher Education,78,0,27,17.880592097521948,96.72795512167853,96.0,0.7279551216785336,0.0,0.0,0.0,0.0,36.370000000000005,10.779999999999973,0.0,4.0,8,2,0,78,0,1,1,0,0,1,1,1,1,1,1
P-602098,2025-10,Education,Jammu and Kashmir,Department of Higher Education,79,1,29,17.880592097521948,96.72795512167853,96.0,0.7279551216785336,0.0,0.0,0.0,0.0,0.0,36.370000000000005,0.0,4.0,9,3,0,86,0,0,0,0,0,1,1,1,1,1,1
P-602099,2025-08,Education,Himachal Pradesh,Department of Higher Education,83,6,28,15.864563960153877,71.16407933506311,92.0,-20.835920664936893,0.0,0.5,1.2000000000000028,2.8899999999999864,7.479999999999961,10.289999999999964,0.16666666666666666,1.3333333333333333,1,2,1,90,0,0,1,0,0,1,1,1,1,1,1
P-602099,2025-09,Education,Himachal Pradesh,Department of Higher Education,84,5,28,15.864563960153877,71.20146004661595,93.0,-21.79853995338405,1.0,1.5,1.5,0.17000000000001592,7.649999999999977,7.7099999999999795,0.5,1.4,0,2,1,82,0,0,1,0,0,1,1,1,1,1,1
P-602099,2025-10,Education,Himachal Pradesh,Department of Higher Education,85,4,28,15.864563960153877,71.735784335283,93.0,-21.264215664717,0.0,1.0,1.5,2.430000000000007,5.490000000000009,10.079999999999984,0.3333333333333333,1.75,1,2,1,90,0,0,1,0,0,1,1,1,1,1,1
P-602181,2025-01,Electricity Generation,Sikkim,Ministry of Power,,35,0,0.0,69.41357401827406,64.97,4.443574018274063,,,,,,,,1.000857142857143,0,0,0,92,0,0,0,0,0,1,1,1,1,1,1
P-602181,2025-02,Electricity Generation,Sikkim,Ministry of Power,,34,0,0.0,71.78864447707392,65.28,6.508644477073915,0.3100000000000023,,,136.51999999999953,,,,1.0211764705882354,1,0,0,92,0,0,0,0,0,1,1,1,1,1,1
P-602181,2025-03,Electricity Generation,Sikkim,Ministry of Power,,33,0,0.0,72.05534408250466,66.31,5.7453440825046584,1.0300000000000011,,,15.330000000000837,,,,1.0209090909090908,0,0,0,92,0,0,0,0,0,1,1,1,1,1,1
P-602181,2025-04,Electricity Generation,Sikkim,Ministry of Power,73,32,45,0.0,73.93581116345744,67.08,6.855811163457446,0.769999999999996,2.1099999999999994,,108.08999999999924,259.9399999999996,,0.7033333333333331,1.02875,0,0,0,84,0,0,0,0,0,1,1,1,1,1,1
P-602181,2025-05,Electricity Generation,Sikkim,Ministry of Power,74,31,45,0.0,75.53009373629968,67.67,7.860093736299675,0.5900000000000034,2.3900000000000006,,91.64000000000033,215.0600000000004,,0.7966666666666669,1.0429032258064515,0,0,0,92,0,0,0,0,0,1,1,1,1,1,1
P-602181,2025-06,Electricity Generation,Sikkim,Ministry of Power,75,30,45,0.0,76.96901900473901,68.17,8.799019004739009,0.5,1.8599999999999994,,82.71000000000004,282.4399999999996,,0.6199999999999998,1.061,0,0,0,92,0,0,0,0,0,1,1,1,1,1,1
P-602181,2025-07,Electricity Generation,Sikkim,Ministry of Power,76,29,45,0.0,78.20544046318398,68.0,10.205440463183976,-0.1700000000000017,0.9200000000000017,3.030000000000001,71.06999999999971,245.42000000000007,505.3599999999997,0.30666666666666725,1.103448275862069,1,0,0,82,0,0,0,0,0,1,1,1,1,1,1
P-602181,2025-08,Electricity Generation,Sikkim,Ministry of Power,77,28,45,0.0,79.62592466301557,69.0,10.625924663015567,1.0,1.3299999999999983,3.719999999999999,81.65000000000055,235.4300000000003,450.4900000000007,0.44333333333333275,1.1071428571428572,0,0,0,90,0,0,0,0,0,1,1,1,1,1,1
P-602181,2025-09,Electricity Generation,Sikkim,Ministry of Power,78,27,45,0.0,81.01752945351807,69.0,12.017529453518065,0.0,0.8299999999999983,2.6899999999999977,79.98999999999978,232.71000000000004,515.1499999999996,0.2766666666666661,1.1481481481481481,1,0,0,82,0,0,0,0,0,1,1,1,1,1,1
P-602181,2025-10,Electricity Generation,Sikkim,Ministry of Power,79,26,45,0.0,66.41376886730086,70.0,-3.5862311326991403,1.0,2.0,2.9200000000000017,-839.4300000000003,-677.79,-432.3699999999999,0.6666666666666666,1.1538461538461537,0,0,0,78,0,0,0,0,0,1,1,1,1,1,1
P-602182,2025-01,Electricity Generation,Arunachal Pradesh,Ministry of Power,23,85,0,0.0,8.958228958799914,13.99,-5.031771041200086,,,,,,,,1.0118823529411765,0,0,0,92,0,0,0,0,0,1,1,1,1,1,1
P-602182,2025-02,Electricity Generation,Arunachal Pradesh,Ministry of Power,24,84,0,0.0,9.493107594680577,14.23,-4.7368924053194235,0.2400000000000002,,,170.5,,,,1.0210714285714286,1,0,0,92,0,0,0,0,0,1,1,1,1,1,1
P-602182,2025-03,Electricity Generation,Arunachal Pradesh,Ministry of Power,25,83,0,0.0,9.985227310871776,14.47,-4.484772689128224,0.2400000000000002,,,156.8699999999999,,,,1.0304819277108435,2,0,0,92,0,0,0,0,0,1,1,1,1,1,1
P-602182,2025-04,Electricity Generation,Arunachal Pradesh,Ministry of Power,26,82,0,0.0,10.109080733420566,14.7,-4.590919266579434,0.22999999999999865,0.7099999999999991,,39.48000000000002,366.8499999999999,,0.23666666666666636,1.0402439024390244,3,0,0,92,0,0,0,0,0,1,1,1,1,1,1
P-602182,2025-05,Electricity Generation,Arunachal Pradesh,Ministry of Power,27,81,0,0.0,10.37256728255615,15.74,-5.367432717443851,1.040000000000001,1.5099999999999998,,83.99000000000024,280.34000000000015,,0.5033333333333333,1.040246913580247,0,0,0,92,0,0,0,0,0,1,1,1,1,1,1
P-602182,2025-06,Electricity Generation,Arunachal Pradesh,Ministry of Power,28,80,0,0.0,10.604212082986813,15.81,-5.205787917013188,0.07000000000000028,1.3399999999999999,,73.83999999999969,197.30999999999995,,0.4466666666666666,1.052375,1,0,0,92,0,0,0,0,0,1,1,1,1,1,1
P-602182,2025-07,Electricity Generation,Arunachal Pradesh,Ministry of Power,29,79,0,3.137118099645935e-05,10.780326511149314,16.0,-5.219673488850686,0.1899999999999995,1.3000000000000007,2.01,56.14000000000033,213.97000000000025,580.8200000000002,0.43333333333333357,1.0632911392405062,2,0,0,82,0,0,0,0,0,1,1,1,1,1,1
P-602182,2025-08,Electricity Generation,Arunachal Pradesh,Ministry of Power,30,78,0,3.137118099645935e-05,11.149000514487206,16.0,-4.850999485512794,0.0,0.2599999999999998,1.7699999999999996,117.51999999999998,247.5,527.8400000000001,0.0866666666666666,1.0769230769230769,3,0,0,90,0,0,0,0,0,1,1,1,1,1,1
P-602182,2025-09,Electricity Generation,Arunachal Pradesh,Ministry of Power,31,77,0,3.137118099645935e-05,11.417192656636256,16.0,-4.5828073433637435,0.0,0.1899999999999995,1.5299999999999994,85.48999999999978,259.1500000000001,456.46000000000004,0.06333333333333317,1.0909090909090908,4,0,0,82,0,0,0,0,0,1,1,1,1,1,1
P-602182,2025-10,Electricity Generation,Arunachal Pradesh,Ministry of Power,32,76,0,3.137118099645935e-05,11.634343903326599,16.0,-4.365656096673401,0.0,0.0,1.3000000000000007,69.22000000000025,272.23,486.2000000000003,0.0,1.105263157894737,5,0,0,90,0,0,0,0,0,1,1,1,1,1,1
P-602184,2025-08,Electricity Generation,West Bengal,Ministry of Power,11,43,114,0.0,92.76399583164476,47.0,45.76399583164476,2.0,3.3200000000000003,3.3200000000000003,15.849999999999909,-20.910000000000082,162.6099999999999,1.1066666666666667,1.2325581395348837,0,0,1,90,0,0,0,1,1,1,1,1,1,1,1
P-602184,2025-09,Electricity Generation,West Bengal,Ministry of Power,131,42,114,0.0,94.32495802697852,47.0,47.32495802697852,0.0,3.3200000000000003,3.3200000000000003,21.570000000000164,0.6600000000000819,0.6600000000000819,1.1066666666666667,1.2619047619047619,1,0,1,82,0,0,0,1,1,1,1,1,1,1,1
P-602184,2025-10,Electricity Generation,West Bengal,Ministry of Power,132,41,114,0.0,100.04197302147861,47.0,53.04197302147861,0.0,2.0,3.3200000000000003,79.0,116.42000000000007,79.66000000000008,0.6666666666666666,1.2926829268292683,2,0,1,90,0,0,0,1,1,1,1,1,1,1,1
P-602185,2025-08,Electricity Generation,Uttarakhand,Ministry of Power,225,44,193,266.2625923438549,65.97031345979299,77.0,-11.02968654020701,0.0,4.599999999999994,4.599999999999994,72.0,459.4899999999998,516.1999999999998,1.5333333333333314,0.5227272727272727,1,0,0,90,0,0,0,0,0,1,1,1,1,1,1
P-602185,2025-09,Electricity Generation,Uttarakhand,Ministry of Power,226,43,193,266.2625923438549,66.56321912847359,77.0,-10.436780871526409,0.0,4.599999999999994,4.599999999999994,64.67000000000007,252.3199999999997,563.6899999999996,1.5333333333333314,0.5348837209302325,2,0,0,82,0,0,0,0,0,1,1,1,1,1,1
P-602185,2025-10,Electricity Generation,Uttarakhand,Ministry of Power,227,42,193,266.2625923438549,62.06467228369991,77.0,-14.935327716300087,0.0,0.0,4.599999999999994,-490.6700000000001,-354.0,33.48999999999978,0.0,0.5476190476190477,3,0,0,78,0,0,0,0,0,1,1,1,1,1,1
P-602193,2025-08,Electricity Generation,Uttarakhand,Ministry of Power,229,3,41,72.80752652519892,96.71303513610745,98.0,-1.2869648638925497,0.0,-0.20000000000000284,0.04999999999999716,125.07999999999993,57.6299999999992,348.7699999999995,-0.06666666666666761,0.6666666666666666,7,4,3,90,0,1,1,0,0,1,1,1,1,1,1
P-602195,2025-01,Electricity Generation,Uttarakhand,Ministry of Power,197,23,162,152.9720097287665,69.8772013326987,69.0,0.8772013326987036,,,,,,,,1.3478260869565217,0,0,0,92,0,1,1,1,1,1,1,1,1,1,1
P-602195,2025-02,Electricity Generation,Uttarakhand,Ministry of Power,198,22,162,166.1202931473202,67.47353180707627,69.5,-2.02646819292373,0.5,,,69.53999999999996,,,,1.3863636363636365,0,0,1,92,0,1,1,1,1,1,1,1,1,1,1
P-602195,2025-03,Electricity Generation,Uttarakhand,Ministry of Power,199,21,162,166.1202931473202,69.52085784091936,69.8,-0.2791421590806351,0.29999999999999716,,,135.75,,,,1.4380952380952383,1,0,1,92,0,1,1,1,1,1,1,1,1,1,1
P-602195,2025-04,Electricity Generation,Uttarakhand,Ministry of Power,200,23,165,166.1202931473202,70.16122221216781,70.0,0.1612222121678144,0.20000000000000284,1.0,,42.460000000000036,247.75,,0.3333333333333333,1.3043478260869565,2,1,1,92,0,0,0,1,1,1,1,1,1,1,1
P-602195,2025-05,Electricity Generation,Uttarakhand,Ministry of Power,201,22,165,173.87119819552254,70.62408774099757,70.5,0.1240877409975667,0.5,1.0,,167.07999999999993,345.28999999999996,,0.3333333333333333,1.3409090909090908,0,1,2,92,0,0,0,0,0,1,1,1,1,1,1
P-602195,2025-06,Electricity Generation,Uttarakhand,Ministry of Power,202,21,165,173.87119819552254,72.07886607305106,71.0,1.07886607305106,0.5,1.2000000000000028,,99.27000000000044,308.8100000000004,,0.40000000000000097,1.380952380952381,0,1,2,92,0,0,1,0,0,1,1,1,1,1,1
P-602195,2025-07,Electricity Generation,Uttarakhand,Ministry of Power,138,20,51,76.76428303133137,70.76623894298126,72.0,-1.2337610570187394,1.0,2.0,3.0,-89.56999999999971,176.78000000000065,424.53000000000065,0.6666666666666666,1.4,0,1,2,62,0,0,1,0,0,1,1,1,1,1,1
P-602195,2025-08,Electricity Generation,Uttarakhand,Ministry of Power,204,19,51,76.76428303133137,74.75482581348591,72.0,2.7548258134859083,0.0,1.5,2.5,272.1700000000001,281.8700000000008,627.1600000000008,0.5,1.4736842105263157,1,1,2,90,0,0,1,0,0,1,1,1,1,1,1
P-602195,2025-09,Electricity Generation,Uttarakhand,Ministry of Power,205,18,51,76.76428303133137,76.00956662934587,72.0,4.009566629345869,0.0,1.0,2.200000000000003,85.61999999999989,268.22000000000025,577.0300000000007,0.3333333333333333,1.5555555555555556,2,1,2,82,0,1,1,0,0,1,1,1,1,1,1
P-602195,2025-10,Electricity Generation,Uttarakhand,Ministry of Power,206,17,51,76.76428303133137,76.86437896044973,73.0,3.864378960449727,1.0,1.0,3.0,58.32999999999993,416.1199999999999,592.9000000000005,0.3333333333333333,1.588235294117647,0,1,2,90,0,1,1,0,0,1,1,1,1,1,1
P-602223,2025-08,Electricity Generation,"Multi-States (Arunachal Pradesh, Sikkim)",Ministry of Power,53,19,99,92.0175331586187,81.7388370656303,81.0,0.7388370656303067,0.0,-0.5,1.5,141.1300000000001,-140.23999999999978,452.4499999999998,-0.16666666666666666,1.0,1,3,2,90,0,0,0,0,0,1,1,1,1,1,1
P-602223,2025-09,Electricity Generation,"Multi-States (Arunachal Pradesh, Sikkim)",Ministry of Power,131,18,99,92.0175331586187,83.22996674451109,82.0,1.2299667445110885,1.0,0.29999999999999716,2.0,136.1300000000001,-4.109999999999673,-4.109999999999673,0.09999999999999905,1.0,0,3,2,82,0,0,0,0,0,1,1,1,1,1,1
P-602223,2025-10,Electricity Generation,"Multi-States (Arunachal Pradesh, Sikkim)",Ministry of Power,132,17,99,92.0175331586187,84.39993340139245,82.0,2.3999334013924454,0.0,1.0,1.0,106.8100000000004,384.0700000000006,102.70000000000073,0.3333333333333333,1.0588235294117647,1,3,2,90,0,0,0,0,0,1,1,1,1,1,1
P-602525,2025-08,Electricity Generation,Jammu and Kashmir,Ministry of Power,130,16,80,56.901032036015245,56.87248585795098,72.0,-15.127514142049023,1.0,2.6500000000000057,7.0,322.6299999999992,677.0799999999999,1364.4199999999992,0.8833333333333352,1.75,0,3,3,90,0,0,0,0,0,1,1,1,1,1,1
P-602525,2025-09,Electricity Generation,Jammu and Kashmir,Ministry of Power,131,15,80,56.901032036015245,58.59184475172847,73.0,-14.408155248271527,1.0,3.0,5.599999999999994,218.84000000000015,764.9899999999998,1375.6599999999999,1.0,1.8,0,3,3,82,0,0,0,0,0,1,1,1,1,1,1
P-602525,2025-10,Electricity Generation,Jammu and Kashmir,Ministry of Power,132,14,80,56.901032036015245,59.563089252042744,74.0,-14.436910747957256,1.0,3.0,6.099999999999994,123.61999999999989,665.0899999999992,1259.79,1.0,1.8571428571428572,0,3,3,90,0,0,0,0,0,1,1,1,1,1,1
P-602532,2025-08,Electricity Generation,Jammu and Kashmir,Ministry of Power,77,16,39,26.15478625521563,58.37474579404696,68.0,-9.625254205953041,2.0,6.619999999999997,13.899999999999999,101.61999999999989,558.25,871.1699999999996,2.2066666666666657,2.0,0,3,3,90,0,0,0,0,0,1,1,1,1,1,1
P-602532,2025-09,Electricity Generation,Jammu and Kashmir,Ministry of Power,78,15,39,26.15478625521563,56.11074135699759,70.0,-13.889258643002407,2.0,6.130000000000003,12.54,-122.45999999999958,321.7800000000002,599.5900000000001,2.0433333333333343,2.0,0,3,3,70,0,0,0,0,0,1,1,1,1,1,1
P-602532,2025-10,Electricity Generation,Jammu and Kashmir,Ministry of Power,79,14,39,26.15478625521563,57.62100203364763,72.0,-14.378997966352372,2.0,6.0,12.86,81.6899999999996,60.84999999999991,613.3399999999997,2.0,2.0,0,3,3,90,0,0,0,0,0,1,1,1,1,1,1
P-602535,2025-01,Electricity Generation,Jammu and Kashmir,Ministry of Power,,46,33,0.0,16.502459323657597,19.01,-2.507540676342405,,,,,,,,1.7606521739130434,0,0,0,92,0,0,,0,0,1,1,1,0,1,1
P-602535,2025-02,Electricity Generation,Jammu and Kashmir,Ministry of Power,48,45,33,0.0,16.750663581941485,20.01,-3.259336418058517,1.0,,,13.110000000000014,,,,1.7775555555555553,0,0,0,92,0,0,,0,0,1,1,1,0,1,1
P-602535,2025-03,Electricity Generation,Jammu and Kashmir,Ministry of Power,,44,0,0.0,17.33264671692598,21.29,-3.9573532830740206,1.2799999999999976,,,30.74000000000001,,,,1.7888636363636365,0,0,0,84,0,0,,0,0,1,1,1,0,1,1
P-602535,2025-04,Electricity Generation,Jammu and Kashmir,Ministry of Power,50,43,33,0.0,17.646357209661602,22.1,-4.4536427903383995,0.8100000000000023,3.09,,16.57000000000005,60.42000000000007,,1.03,1.8116279069767443,0,0,0,84,0,,,0,0,1,1,0,0,1,1
P-602535,2025-05,Electricity Generation,Jammu and Kashmir,Ministry of Power,51,39,30,0.0,18.330196859487234,23.01,-4.679803140512767,0.9100000000000001,3.0,,36.120000000000005,83.43000000000006,,1.0,1.974102564102564,0,1,0,92,0,,,0,0,1,1,0,0,1,1
P-602535,2025-06,Electricity Generation,Jammu and Kashmir,Ministry of Power,52,38,30,0.0,19.151296682658266,23.57,-4.418703317341734,0.5599999999999987,2.280000000000001,,43.36999999999989,96.05999999999995,,0.7600000000000003,2.0113157894736844,0,1,0,92,0,,,0,0,1,1,0,0,1,1
P-602535,2025-07,Electricity Generation,Jammu and Kashmir,Ministry of Power,53,49,42,0.0,19.117786267924288,24.0,-4.882213732075712,0.4299999999999997,1.8999999999999986,4.989999999999998,-1.7699999999999818,77.71999999999991,138.14,0.6333333333333329,1.5510204081632653,1,2,0,70,0,,,0,0,1,1,0,0,1,1
P-602535,2025-08,Electricity Generation,Jammu and Kashmir,Ministry of Power,54,48,42,0.0,19.117786267924288,24.0,-4.882213732075712,0.0,0.9899999999999984,3.9899999999999984,0.0,41.59999999999991,125.02999999999997,0.32999999999999946,1.5833333333333333,2,2,0,86,0,0,0,0,0,1,1,1,1,1,1
P-602535,2025-09,Electricity Generation,Jammu and Kashmir,Ministry of Power,55,47,42,0.0,19.494163129456226,24.0,-4.505836870543774,0.0,0.4299999999999997,2.710000000000001,19.88000000000011,18.110000000000127,114.17000000000007,0.14333333333333323,1.6170212765957446,3,2,0,82,0,0,0,0,0,1,1,1,1,1,1
P-602535,2025-10,Electricity Generation,Jammu and Kashmir,Ministry of Power,56,37,33,0.0,21.054385320545105,25.0,-3.945614679454895,1.0,1.0,2.8999999999999986,82.40999999999985,102.28999999999996,180.00999999999988,0.3333333333333333,2.027027027027027,0,3,0,90,0,0,0,0,0,1,1,1,1,1,1
P-602538,2025-07,Electricity Generation,West Bengal,Ministry of Power,53,5,23,6.65380906460945,98.1365280289331,91.0,7.1365280289331,,,,,,,,1.8,0,0,0,98,0,0,1,0,0,1,1,1,1,1,1
P-602538,2025-08,Electricity Generation,West Bengal,Ministry of Power,54,4,23,6.65380906460945,98.75858951175407,92.0,6.758589511754067,1.0,,,6.879999999999882,,,,2.0,0,0,0,98,0,0,1,0,0,1,1,1,1,1,1
P-602538,2025-09,Electricity Generation,West Bengal,Ministry of Power,75,3,23,6.65380906460945,99.29113924050634,92.0,7.2911392405063395,0.0,,,5.8900000000001,,,,2.6666666666666665,1,0,0,90,0,0,1,0,0,1,1,1,1,1,1
P-602538,2025-10,Electricity Generation,West Bengal,Ministry of Power,76,2,23,0.0,89.6808100289296,67.0,22.6808100289296,-25.0,-24.0,,-168.17000000000007,-155.4000000000001,,-8.0,16.5,0,0,1,74,0,1,1,1,1,1,1,1,1,1,1
P-602579,2025-08,Electricity Generation,Bihar,Ministry of Power,77,4,23,31.77968577720855,88.31004754081677,92.0,-3.689952459183232,0.0,1.0799999999999983,5.25,177.5,472.4599999999991,1079.8899999999994,0.35999999999999943,2.0,2,4,2,90,0,0,0,0,0,1,1,1,1,1,1
P-602579,2025-09,Electricity Generation,Bihar,Ministry of Power,78,3,23,31.77968577720855,90.32987802218571,92.0,-1.67012197781429,0.0,0.4399999999999977,4.549999999999997,277.8600000000006,581.1599999999999,1097.5499999999993,0.14666666666666592,2.6666666666666665,3,4,2,82,0,0,1,0,0,1,1,1,1,1,1
P-602579,2025-10,Electricity Generation,Bihar,Ministry of Power,79,2,23,31.77968577720855,91.38268176729714,92.0,-0.617318232702857,0.0,0.0,2.049999999999997,144.82999999999993,600.1900000000005,1119.6800000000003,0.0,4.0,4,4,2,90,0,0,1,0,0,1,1,1,1,1,1
P-602582,2025-01,Electricity Generation,Himachal Pradesh,Ministry of Power,51,26,16,107.27648007907321,55.22650771388499,63.9,-8.673492286115007,,,,,,,,1.3884615384615384,0,0,0,92,0,0,0,1,1,1,1,1,1,1,1
P-602582,2025-02,Electricity Generation,Himachal Pradesh,Ministry of Power,52,25,16,107.27648007907321,56.62903225806452,64.43,-7.800967741935487,0.5300000000000082,,,20.0,,,,1.4227999999999996,0,0,0,92,0,0,0,1,1,1,1,1,1,1,1
P-602582,2025-03,Electricity Generation,Himachal Pradesh,Ministry of Power,53,24,16,107.27648007907321,58.58835904628331,65.44,-6.851640953716689,1.009999999999991,,,27.940000000000055,,,,1.4400000000000002,0,0,0,92,0,0,0,1,1,1,1,1,1,1,1
P-602582,2025-04,Electricity Generation,Himachal Pradesh,Ministry of Power,54,23,16,119.7581289881826,56.28923121696972,66.2,-9.910768783030285,0.7600000000000051,2.3000000000000043,,15.549999999999955,63.49000000000001,,0.766666666666668,1.4695652173913043,0,0,1,92,0,0,0,0,1,1,1,1,1,1,1
P-602582,2025-05,Electricity Generation,Himachal Pradesh,Ministry of Power,55,22,16,119.7581289881826,57.84492052888145,66.91,-9.065079471118544,0.7099999999999937,2.4799999999999898,,23.519999999999982,67.00999999999999,,0.8266666666666632,1.5040909090909091,0,0,1,92,0,0,0,0,1,1,1,1,1,1,1
P-602582,2025-06,Electricity Generation,Himachal Pradesh,Ministry of Power,56,21,16,119.7581289881826,58.984568779061696,67.61,-8.625431220938303,0.7000000000000028,2.1700000000000017,,17.230000000000018,56.299999999999955,,0.7233333333333339,1.5423809523809524,0,0,1,92,0,0,0,0,1,1,1,1,1,1,1
P-602582,2025-07,Electricity Generation,Himachal Pradesh,Ministry of Power,50,20,16,119.7581289881826,60.101066890671824,67.0,-6.898933109328176,-0.6099999999999994,0.7999999999999972,3.1000000000000014,16.879999999999995,57.629999999999995,121.12,0.2666666666666657,1.65,0,0,1,82,0,0,0,1,1,1,1,1,1,1,1
P-602582,2025-08,Electricity Generation,Himachal Pradesh,Ministry of Power,58,19,16,119.7581289881826,61.334638560193675,68.0,-6.6653614398063254,1.0,1.0900000000000034,3.569999999999993,18.649999999999977,52.75999999999999,119.76999999999998,0.36333333333333445,1.6842105263157894,0,0,1,90,0,0,0,1,1,1,1,1,1,1,1
P-602582,2025-09,Electricity Generation,Himachal Pradesh,Ministry of Power,59,18,16,119.7581289881826,62.80897167084472,68.0,-5.19102832915528,0.0,0.39000000000000057,2.5600000000000023,22.290000000000077,57.82000000000005,114.12,0.1300000000000002,1.7777777777777777,1,0,1,82,0,0,0,1,1,1,1,1,1,1,1
P-602582,2025-10,Electricity Generation,Himachal Pradesh,Ministry of Power,60,17,16,126.9299533409887,63.1638280564434,70.0,-6.8361719435566,2.0,3.0,3.799999999999997,36.52999999999997,77.47000000000003,135.10000000000002,1.0,1.7647058823529411,0,0,2,90,0,0,0,0,0,1,1,1,1,1,1
P-602593,2025-01,Electricity Generation,Himachal Pradesh,Ministry of Power,50,47,35,69.0476979498056,54.22107942274832,51.02,3.2010794227483146,,,,,,,,1.042127659574468,0,0,0,92,0,0,,1,1,1,1,1,0,1,1
P-602593,2025-02,Electricity Generation,Himachal Pradesh,Ministry of Power,51,46,35,69.0476979498056,54.74252706071467,51.02,3.7225270607146683,0.0,,,15.960000000000036,,,,1.064782608695652,1,0,0,92,0,0,,1,1,1,1,1,0,1,1
P-602593,2025-03,Electricity Generation,Himachal Pradesh,Ministry of Power,52,45,35,69.0476979498056,55.316903594264076,51.32,3.996903594264076,0.29999999999999716,,,17.579999999999927,,,,1.0817777777777777,2,0,0,92,0,0,,1,1,1,1,1,0,1,1
P-602593,2025-04,Electricity Generation,Himachal Pradesh,Ministry of Power,53,44,35,86.2191808059385,50.56100794575885,51.32,-0.7589920542411477,0.0,0.29999999999999716,,11.63000000000011,45.17000000000007,,0.09999999999999905,1.1063636363636364,3,0,1,92,0,,,1,1,1,1,0,0,1,1
P-602593,2025-05,Electricity Generation,Himachal Pradesh,Ministry of Power,54,43,35,97.97907829621776,47.85369351072525,51.32,-3.46630648927475,0.0,0.29999999999999716,,10.6099999999999,39.819999999999936,,0.09999999999999905,1.132093023255814,4,0,2,92,0,,,0,1,1,1,0,0,1,1
P-602593,2025-06,Electricity Generation,Himachal Pradesh,Ministry of Power,55,42,35,97.97907829621776,48.337438938996186,51.32,-2.982561061003814,0.0,0.0,,17.340000000000146,39.580000000000155,,0.0,1.159047619047619,5,0,2,92,0,,,0,1,1,1,0,0,1,1
P-602593,2025-07,Electricity Generation,Himachal Pradesh,Ministry of Power,56,49,43,97.97907829621776,48.62338995628436,51.0,-2.3766100437156368,-0.3200000000000003,-0.3200000000000003,-0.020000000000003126,10.25,38.200000000000045,83.37000000000012,-0.10666666666666676,1.0,6,1,2,82,0,,,0,1,1,1,0,0,1,1
P-602593,2025-08,Electricity Generation,Himachal Pradesh,Ministry of Power,57,50,45,97.97907829621776,48.86554164702206,51.0,-2.134458352977937,0.0,-0.3200000000000003,-0.020000000000003126,8.679999999999836,36.26999999999998,76.08999999999992,-0.10666666666666676,0.98,7,2,2,90,0,1,1,1,1,1,1,1,1,1,1
P-602593,2025-09,Electricity Generation,Himachal Pradesh,Ministry of Power,58,49,45,97.97907829621776,49.70079759410578,51.0,-1.2992024058942206,0.0,-0.3200000000000003,-0.3200000000000003,29.940000000000055,48.86999999999989,88.45000000000005,-0.10666666666666676,1.0,8,2,2,82,0,1,1,1,1,1,1,1,1,1,1
P-602593,2025-10,Electricity Generation,Himachal Pradesh,Ministry of Power,59,48,45,97.97907829621776,50.02357352288863,51.0,-0.9764264771113673,0.0,0.0,-0.3200000000000003,11.569999999999936,50.18999999999983,88.38999999999987,0.0,1.0208333333333333,9,2,2,90,0,1,1,1,1,1,1,1,1,1,1
P-602633,2025-07,Electricity Generation,Himachal Pradesh,Ministry of Power,87,20,0,0.0,18.951051625239007,0.5,18.451051625239007,,,,,,,,4.975,0,0,0,98,0,0,0,0,0,1,1,1,1,1,1
P-602633,2025-08,Electricity Generation,Himachal Pradesh,Ministry of Power,88,19,0,0.0,18.951051625239007,0.5,18.451051625239007,0.0,,,0.0,,,,5.2368421052631575,1,0,0,94,0,0,0,0,0,1,1,1,1,1,1
P-602792,2025-08,Railways,Chhattisgarh,Ministry of Railways,169,3,9,0.0,72.41673783091375,82.0,-9.583262169086254,0.0,0.0,2.0,0.0,230.30999999999995,287.54999999999995,0.0,6.0,4,1,0,86,0,1,1,0,0,1,1,1,1,1,1
P-602792,2025-09,Railways,Chhattisgarh,Ministry of Railways,170,2,9,0.0,72.41673783091375,82.0,-9.583262169086254,0.0,0.0,2.0,0.0,230.30999999999995,287.54999999999995,0.0,9.0,5,1,0,78,0,1,1,0,0,1,1,1,1,1,1
P-602792,2025-10,Railways,Chhattisgarh,Ministry of Railways,171,5,13,0.0,32.10930828351836,100.0,-67.89069171648164,18.0,18.0,18.0,-472.0,-472.0,-197.10000000000002,6.0,0.0,0,2,0,78,0,0,1,0,0,1,1,1,1,1,1
P-602797,2025-01,Railways,"Multi-States (Uttar Pradesh, West Bengal)",Ministry of Railways,,26,0,0.0,0.07365046356468244,,,,,,,,,,,0,0,0,80,1,0,0,0,0,1,1,1,1,1,1
P-602797,2025-02,Railways,"Multi-States (Uttar Pradesh, West Bengal)",Ministry of Railways,24,25,0,0.0,0.07365046356468244,,,,,,0.0,,,,,0,0,0,72,1,0,0,0,0,1,1,1,1,1,1
P-602797,2025-03,Railways,"Multi-States (Uttar Pradesh, West Bengal)",Ministry of Railways,25,24,0,0.0,2.6947404904254397,,,,,,12.1,,,,,0,0,0,80,1,0,0,0,0,1,1,1,1,1,1
P-602797,2025-04,Railways,"Multi-States (Uttar Pradesh, West Bengal)",Ministry of Railways,26,23,0,0.0,5.315830517286197,,,,,,12.1,24.2,,,,0,0,0,80,1,0,0,0,0,1,1,1,1,1,1
P-602797,2025-05,Railways,"Multi-States (Uttar Pradesh, West Bengal)",Ministry of Railways,27,22,0,0.0,5.597435230915865,,,,,,1.3000000000000007,25.5,,,,0,0,0,80,1,0,0,0,0,1,1,1,1,1,1
P-602797,2025-06,Railways,"Multi-States (Uttar Pradesh, West Bengal)",Ministry of Railways,28,21,0,0.0,5.820552811714756,,,,,,1.0300000000000011,14.430000000000001,,,,0,0,0,80,1,0,0,0,0,1,1,1,1,1,1
P-602797,2025-07,Railways,"Multi-States (Uttar Pradesh, West Bengal)",Ministry of Railways,91,20,0,0.0,38.655662420934064,6.0,32.655662420934064,,,,151.57999999999998,153.91,178.10999999999999,,4.7,0,0,0,82,0,0,0,0,0,1,1,1,1,1,1
P-602797,2025-08,Railways,"Multi-States (Uttar Pradesh, West Bengal)",Ministry of Railways,96,19,0,0.0,40.29763452040551,7.0,33.29763452040551,1.0,,,7.5800000000000125,160.19,185.69,,4.894736842105263,0,0,0,90,0,0,0,0,0,1,1,1,1,1,1
P-602797,2025-09,Railways,"Multi-States (Uttar Pradesh, West Bengal)",Ministry of Railways,97,18,0,0.0,41.735984750021665,8.0,33.735984750021665,1.0,,,6.639999999999986,165.79999999999998,180.23,,5.111111111111111,0,0,0,82,0,0,0,0,0,1,1,1,1,1,1
P-602797,2025-10,Railways,"Multi-States (Uttar Pradesh, West Bengal)",Ministry of Railways,98,17,0,0.0,41.74681570054588,8.0,33.74681570054588,0.0,2.0,,0.05000000000001137,14.27000000000001,168.18,0.6666666666666666,5.411764705882353,1,0,0,90,0,0,0,0,0,1,1,1,1,1,1
P-602961,2025-08,Electricity Generation,Odisha,Ministry of Power,36,31,10,5.903957783641161,33.17930319700231,32.0,1.1793031970023122,6.0,10.600000000000001,12.3,186.6800000000003,943.5800000000004,1523.5900000000001,3.5333333333333337,2.193548387096774,0,2,0,90,0,0,0,0,0,1,1,1,1,1,1
P-602961,2025-09,Electricity Generation,Odisha,Ministry of Power,37,30,10,5.903957783641161,36.471976401179944,34.0,2.471976401179944,2.0,12.600000000000001,12.600000000000001,413.0,871.5600000000004,1705.9400000000005,4.2,2.2,0,2,0,82,0,0,0,0,0,1,1,1,1,1,1
P-602961,2025-10,Electricity Generation,Odisha,Ministry of Power,38,29,10,5.903957783641161,38.584708602407716,40.0,-1.4152913975922843,6.0,14.0,18.6,265.0,864.6800000000003,1621.5800000000004,4.666666666666667,2.0689655172413794,0,2,0,90,0,0,0,0,0,1,1,1,1,1,1
P-603293,2025-08,Coal,Jharkhand,Ministry of Power,78,20,-356,56.17529880478088,40.035714285714285,59.0,-18.964285714285715,0.0,-0.7899999999999991,-0.7899999999999991,11.680000000000007,7.909999999999968,31.899999999999977,-0.26333333333333303,2.05,1,1,1,90,0,0,0,0,0,1,1,1,1,1,1
P-603293,2025-09,Coal,Jharkhand,Ministry of Power,79,19,-356,56.17529880478088,40.035714285714285,59.0,-18.964285714285715,0.0,-0.7899999999999991,-0.7899999999999991,0.0,-55.06,11.899999999999977,-0.26333333333333303,2.1578947368421053,2,1,1,78,0,0,0,0,0,1,1,1,1,1,1
P-603293,2025-10,Coal,Jharkhand,Ministry of Power,80,18,-356,56.17529880478088,40.035714285714285,59.0,-18.964285714285715,0.0,0.0,-0.7899999999999991,0.0,11.680000000000007,11.659999999999968,0.0,2.2777777777777777,3,1,1,86,0,0,0,0,0,1,1,1,1,1,1
P-603945,2025-07,Telecommunication,Odisha,"Department of Water Resources, River Development & GR",330,-1,66,427.3177786007796,87.94969983779535,62.0,25.94969983779535,,,,,,,,38.0,0,0,0,98,0,1,1,0,0,1,1,1,1,1,1
P-603945,2025-08,Telecommunication,Odisha,"Department of Water Resources, River Development & GR",331,10,78,427.3177786007796,87.94969983779535,62.0,25.94969983779535,0.0,,,0.0,,,,3.8,1,1,0,94,0,0,0,0,0,1,1,1,1,1,1
P-603945,2025-09,Telecommunication,Odisha,"Department of Water Resources, River Development & GR",341,9,78,427.3177786007796,87.94969983779535,62.0,25.94969983779535,0.0,,,0.0,,,,4.222222222222222,2,1,0,86,0,0,0,0,0,1,1,1,1,1,1
P-603945,2025-10,Telecommunication,Odisha,"Department of Water Resources, River Development & GR",342,8,78,427.3177786007796,87.94969983779535,62.0,25.94969983779535,0.0,0.0,,0.0,0.0,,0.0,4.75,3,1,0,94,0,0,0,0,0,1,1,1,1,1,1
P-604791,2025-08,Energy Storage,Assam,Ministry of Petroleum & Natural Gas,61,4,17,81.90198932557011,74.52694051747133,76.0,-1.4730594825286687,1.0,1.9899999999999949,5.400000000000006,261.72999999999956,750.2700000000004,2086.9400000000005,0.6633333333333317,6.0,0,0,1,90,0,0,1,0,0,1,1,1,1,1,1
P-604791,2025-09,Energy Storage,Assam,Ministry of Petroleum & Natural Gas,62,3,17,81.90198932557011,75.60780652618476,78.0,-2.39219347381524,2.0,3.0799999999999983,6.1200000000000045,243.13000000000102,649.4000000000015,1616.4000000000015,1.0266666666666662,7.333333333333333,0,0,1,82,0,1,1,0,0,1,1,1,1,1,1
P-604791,2025-10,Energy Storage,Assam,Ministry of Petroleum & Natural Gas,63,2,17,81.90198932557011,78.5057793189295,78.0,0.5057793189294983,0.0,3.0,4.939999999999998,651.869999999999,1156.7299999999996,2246.6000000000004,1.0,11.0,1,0,1,90,0,1,1,0,0,1,1,1,1,1,1
P-604795,2025-01,Energy Storage,Tamil Nadu,Ministry of Petroleum & Natural Gas,,5,0,15.117162761241293,3.586840512735875,10.2,-6.613159487264124,,,,,,,,17.96,0,0,0,92,0,0,,0,0,1,1,1,0,1,1
P-604795,2025-02,Energy Storage,Tamil Nadu,Ministry of Petroleum & Natural Gas,49,4,0,15.117162761241293,3.6085712713869174,10.2,-6.5914287286130815,0.0,,,7.899999999999864,,,,22.45,1,0,0,84,0,0,,0,0,1,1,1,0,1,1
P-604795,2025-03,Energy Storage,Tamil Nadu,Ministry of Petroleum & Natural Gas,,3,0,15.117162761241293,3.6320900038510207,10.2,-6.567909996148979,0.0,,,8.550000000000182,,,,29.933333333333334,2,0,0,84,0,0,,0,0,1,1,1,0,1,1
P-604795,2025-04,Energy Storage,Tamil Nadu,Ministry of Petroleum & Natural Gas,51,2,0,15.117162761241293,3.63563844418771,10.2,-6.564361555812289,0.0,0.0,,1.2899999999999636,17.74000000000001,,0.0,44.9,3,0,0,84,0,,,0,0,1,1,0,0,1,1
P-604795,2025-05,Energy Storage,Tamil Nadu,Ministry of Petroleum & Natural Gas,52,1,0,15.117162761241293,3.6479342025636794,10.2,-6.55206579743632,0.0,0.0,,4.470000000000027,14.310000000000173,,0.0,89.8,4,0,0,92,0,,,0,0,1,1,0,0,1,1
P-604795,2025-06,Energy Storage,Tamil Nadu,Ministry of Petroleum & Natural Gas,53,0,0,15.117162761241293,3.6479342025636794,10.2,-6.55206579743632,0.0,0.0,,0.0,5.759999999999991,,0.0,89.8,5,0,0,88,0,,,0,0,1,1,0,0,1,1
P-604795,2025-07,Energy Storage,Tamil Nadu,Ministry of Petroleum & Natural Gas,46,39,40,15.117162761241293,3.6922209385487155,10.0,-6.307779061451285,-0.1999999999999993,-0.1999999999999993,-0.1999999999999993,16.09999999999991,20.569999999999936,38.309999999999945,-0.06666666666666643,2.3076923076923075,6,1,0,74,0,,,0,0,1,1,0,0,1,1
P-604795,2025-08,Energy Storage,Tamil Nadu,Ministry of Petroleum & Natural Gas,47,38,40,15.117162761241293,3.6922209385487155,10.0,-6.307779061451285,0.0,-0.1999999999999993,-0.1999999999999993,0.0,16.09999999999991,30.410000000000082,-0.06666666666666643,2.3684210526315788,7,1,0,86,0,0,0,0,0,1,1,1,1,1,1
P-604795,2025-09,Energy Storage,Tamil Nadu,Ministry of Petroleum & Natural Gas,48,37,40,15.117162761241293,3.6922209385487155,10.0,-6.307779061451285,0.0,-0.1999999999999993,-0.1999999999999993,0.0,16.09999999999991,21.8599999999999,-0.06666666666666643,2.4324324324324325,8,1,0,78,0,0,0,0,0,1,1,1,1,1,1
P-604795,2025-10,Energy Storage,Tamil Nadu,Ministry of Petroleum & Natural Gas,49,36,40,15.117162761241293,3.6922209385487155,10.0,-6.307779061451285,0.0,0.0,-0.1999999999999993,0.0,0.0,20.569999999999936,0.0,2.5,9,1,0,86,0,0,0,0,0,1,1,1,1,1,1
P-604833,2025-01,Energy Storage,Maharashtra,Ministry of Petroleum & Natural Gas,91,17,13,38.50008885729518,53.36566838607026,44.6,8.76566838607026,,,,,,,,3.2588235294117647,0,0,0,92,0,0,0,0,0,1,1,1,1,1,1
P-604833,2025-02,Energy Storage,Maharashtra,Ministry of Petroleum & Natural Gas,92,16,13,38.50008885729518,54.28182821361665,48.0,6.281828213616649,3.3999999999999986,,,3.5700000000000216,,,,3.25,0,0,0,92,0,0,0,0,0,1,1,1,1,1,1
P-604833,2025-03,Energy Storage,Maharashtra,Ministry of Petroleum & Natural Gas,93,15,13,38.50008885729518,54.95419200862268,48.0,6.954192008622677,0.0,,,2.619999999999976,,,,3.466666666666667,1,0,0,92,0,0,0,0,0,1,1,1,1,1,1
P-604833,2025-04,Energy Storage,Maharashtra,Ministry of Petroleum & Natural Gas,94,14,13,38.50008885729518,55.65735109194959,49.5,6.157351091949593,1.5,4.899999999999999,,2.740000000000009,8.930000000000007,,1.6333333333333329,3.607142857142857,0,0,0,84,0,0,0,0,0,1,1,1,1,1,1
P-604833,2025-05,Energy Storage,Maharashtra,Ministry of Petroleum & Natural Gas,95,13,13,38.50008885729518,55.65735109194959,50.5,5.157351091949593,1.0,2.5,,0.0,5.359999999999985,,0.8333333333333334,3.8076923076923075,0,0,0,84,0,0,0,0,0,1,1,1,1,1,1
P-604833,2025-06,Energy Storage,Maharashtra,Ministry of Petroleum & Natural Gas,96,12,13,38.50008885729518,56.16034080119075,50.8,5.360340801190752,0.29999999999999716,2.799999999999997,,1.960000000000008,4.700000000000017,,0.9333333333333323,4.1000000000000005,1,0,0,92,0,0,0,0,0,1,1,1,1,1,1
P-604833,2025-07,Energy Storage,Maharashtra,Ministry of Petroleum & Natural Gas,97,11,13,38.50008885729518,58.39299920445505,50.0,8.392999204455052,-0.7999999999999972,0.5,5.399999999999999,8.699999999999989,10.659999999999997,19.590000000000003,0.16666666666666666,4.545454545454546,0,0,0,74,0,0,0,0,0,1,1,1,1,1,1
P-604833,2025-08,Energy Storage,Maharashtra,Ministry of Petroleum & Natural Gas,98,10,13,38.50008885729518,59.219339441065515,50.0,9.219339441065515,0.0,-0.5,2.0,3.219999999999999,13.879999999999995,19.23999999999998,-0.16666666666666666,5.0,1,0,0,90,0,0,0,0,0,1,1,1,1,1,1
P-604833,2025-09,Energy Storage,Maharashtra,Ministry of Petroleum & Natural Gas,99,9,13,38.50008885729518,60.204788667333894,50.0,10.204788667333894,0.0,-0.7999999999999972,2.0,3.8400000000000034,15.759999999999991,20.460000000000008,-0.2666666666666657,5.555555555555555,2,0,0,82,0,0,0,0,0,1,1,1,1,1,1
P-604833,2025-10,Energy Storage,Maharashtra,Ministry of Petroleum & Natural Gas,100,8,13,38.50008885729518,61.177406523468576,51.0,10.177406523468576,1.0,1.0,1.5,3.789999999999992,10.849999999999994,21.50999999999999,0.3333333333333333,6.125,0,0,0,90,0,0,0,0,0,1,1,1,1,1,1
P-604852,2025-01,Energy Storage,Uttar Pradesh,Ministry of Petroleum & Natural Gas,28,22,5,0.0,14.9094803406599,40.3,-25.390519659340097,,,,,,,,2.713636363636364,0,0,0,92,0,0,0,0,0,1,1,1,1,1,1
P-604852,2025-02,Energy Storage,Uttar Pradesh,Ministry of Petroleum & Natural Gas,29,21,5,0.0,17.62048039165689,44.2,-26.579519608343112,3.9000000000000057,,,26.579999999999984,,,,2.657142857142857,0,0,0,92,0,0,0,0,0,1,1,1,1,1,1
P-604852,2025-03,Energy Storage,Uttar Pradesh,Ministry of Petroleum & Natural Gas,30,20,5,0.0,18.06007445560712,69.4,-51.339925544392884,25.200000000000003,,,4.310000000000002,,,,1.5299999999999998,0,0,0,92,0,0,0,0,0,1,1,1,1,1,1
P-604852,2025-04,Energy Storage,Uttar Pradesh,Ministry of Petroleum & Natural Gas,31,19,5,0.0,18.06007445560712,49.49,-31.429925544392884,-19.910000000000004,9.190000000000005,,0.0,30.889999999999986,,3.063333333333335,2.658421052631579,0,0,0,80,0,0,0,0,0,1,1,1,1,1,1
P-604852,2025-05,Energy Storage,Uttar Pradesh,Ministry of Petroleum & Natural Gas,32,18,5,0.0,20.45489316130348,49.8,-29.345106838696516,0.30999999999999517,5.599999999999994,,23.480000000000018,27.79000000000002,,1.8666666666666647,2.788888888888889,1,0,0,92,0,0,0,0,0,1,1,1,1,1,1
P-604852,2025-06,Energy Storage,Uttar Pradesh,Ministry of Petroleum & Natural Gas,33,17,5,0.0,21.09745525014024,50.75,-29.65254474985976,0.9500000000000028,-18.650000000000006,,6.299999999999983,29.78,,-6.216666666666669,2.8970588235294117,0,0,0,92,0,0,0,0,0,1,1,1,1,1,1
P-604852,2025-07,Energy Storage,Uttar Pradesh,Ministry of Petroleum & Natural Gas,34,16,0,0.0,24.093018511907797,50.0,-25.906981488092203,-0.75,0.509999999999998,9.700000000000003,29.370000000000005,59.150000000000006,90.03999999999999,0.16999999999999935,3.125,0,0,0,82,0,0,0,0,0,1,1,1,1,1,1
P-604852,2025-08,Energy Storage,Uttar Pradesh,Ministry of Petroleum & Natural Gas,35,15,0,0.0,22.09801621704319,52.0,-29.90198378295681,2.0,2.200000000000003,7.799999999999997,-19.560000000000002,16.109999999999985,43.900000000000006,0.7333333333333343,3.2,0,0,0,78,0,0,0,0,0,1,1,1,1,1,1
P-604852,2025-09,Energy Storage,Uttar Pradesh,Ministry of Petroleum & Natural Gas,36,14,0,0.0,22.53761028099342,53.0,-30.46238971900658,1.0,2.25,-16.400000000000006,4.310000000000002,14.120000000000005,43.900000000000006,0.75,3.357142857142857,0,0,0,82,0,0,0,0,0,1,1,1,1,1,1
P-604852,2025-10,Energy Storage,Uttar Pradesh,Ministry of Petroleum & Natural Gas,37,13,0,0.0,23.15671375388852,57.0,-33.843286246111475,4.0,7.0,7.509999999999998,6.069999999999993,-9.180000000000007,49.97,2.3333333333333335,3.3076923076923075,0,0,0,90,0,0,0,0,0,1,1,1,1,1,1
P-604853,2025-08,Energy Storage,Haryana,Ministry of Petroleum & Natural Gas,74,7,39,40.231557359089194,56.2690625,63.0,-6.730937500000003,0.0,0.0,0.6000000000000014,0.0,94.75999999999999,121.76999999999998,0.0,5.285714285714286,7,1,1,86,0,,,0,0,1,1,0,0,1,1
P-604853,2025-09,Energy Storage,Haryana,Ministry of Petroleum & Natural Gas,75,13,46,40.231557359089194,56.5875,64.0,-7.412500000000001,1.0,0.8999999999999986,1.5,10.190000000000055,66.56999999999994,120.81999999999994,0.29999999999999954,2.769230769230769,0,2,1,82,0,,,0,0,1,1,0,0,1,1
P-604853,2025-10,Energy Storage,Haryana,Ministry of Petroleum & Natural Gas,76,12,46,40.231557359089194,57.5340625,64.0,-6.465937500000003,0.0,1.0,1.3999999999999986,30.289999999999964,40.48000000000002,143.26,0.3333333333333333,3.0,1,2,1,90,0,0,0,0,0,1,1,1,1,1,1
P-604859,2025-08,Energy Storage,Odisha,Ministry of Petroleum & Natural Gas,61,12,31,-14.646867077145961,70.526690995502,90.0,-19.473309004498006,0.0,0.29999999999999716,1.9000000000000057,59.70000000000073,778.6800000000003,1186.9799999999996,0.09999999999999905,0.8333333333333334,3,2,1,90,0,0,0,0,0,1,1,1,1,1,1
P-604859,2025-09,Energy Storage,Odisha,Ministry of Petroleum & Natural Gas,62,11,31,-14.646867077145961,71.06348128659934,91.0,-19.93651871340066,1.0,1.0,2.4000000000000057,63.25,668.6800000000003,1217.8199999999997,0.3333333333333333,0.8181818181818182,0,2,1,82,0,0,0,0,0,1,1,1,1,1,1
P-604859,2025-10,Energy Storage,Odisha,Ministry of Petroleum & Natural Gas,63,10,31,-14.646867077145961,71.48171093948909,91.0,-19.51828906051091,0.0,1.0,1.7999999999999972,49.280000000000655,172.23000000000138,1249.1000000000004,0.3333333333333333,0.9,1,2,1,90,0,0,0,0,0,1,1,1,1,1,1
P-604863,2025-03,Energy Storage,Assam,Ministry of Petroleum & Natural Gas,86,3,64,33.648949274696186,67.62136656899564,93.89,-26.26863343100436,0.0,,,0.0,,,,2.0366666666666666,2,0,1,88,0,1,1,0,0,1,1,1,1,1,1
P-604863,2025-04,Energy Storage,Assam,Ministry of Petroleum & Natural Gas,87,2,64,33.648949274696186,67.62136656899564,93.89,-26.26863343100436,0.0,0.0,,0.0,0.0,,0.0,3.0549999999999997,3,0,1,80,0,1,1,0,0,1,1,1,1,1,1
P-604863,2025-05,Energy Storage,Assam,Ministry of Petroleum & Natural Gas,88,1,64,33.648949274696186,67.62136656899564,93.95,-26.328633431004363,0.060000000000002274,0.060000000000002274,,0.0,0.0,,0.020000000000000757,6.049999999999997,4,0,1,84,0,1,1,0,0,1,1,1,1,1,1
P-604863,2025-06,Energy Storage,Assam,Ministry of Petroleum & Natural Gas,89,6,70,33.648949274696186,67.62136656899564,93.98,-26.358633431004364,0.030000000000001137,0.09000000000000341,,0.0,0.0,,0.030000000000001137,1.0033333333333327,5,1,1,92,0,0,1,0,0,1,1,1,1,1,1
P-604863,2025-07,Energy Storage,Assam,Ministry of Petroleum & Natural Gas,90,5,70,6.447503294772291,67.18253476951014,94.0,-26.81746523048986,0.01999999999999602,0.10999999999999943,0.10999999999999943,-3.1899999999999977,-3.1899999999999977,-3.1899999999999977,0.03666666666666648,1.2,6,1,1,62,0,0,1,0,0,1,1,1,1,1,1
P-604863,2025-08,Energy Storage,Assam,Ministry of Petroleum & Natural Gas,91,4,70,6.447503294772291,67.31047005901532,94.0,-26.689529940984684,0.0,0.04999999999999716,0.10999999999999943,0.9300000000000068,-2.259999999999991,-2.259999999999991,0.01666666666666572,1.5,7,1,1,90,0,0,1,0,0,1,1,1,1,1,1
P-604863,2025-09,Energy Storage,Assam,Ministry of Petroleum & Natural Gas,92,3,70,6.447503294772291,67.3517395072428,94.0,-26.648260492757203,0.0,0.01999999999999602,0.10999999999999943,0.30000000000001137,-1.9599999999999795,-1.9599999999999795,0.00666666666666534,2.0,8,1,1,82,0,1,1,0,0,1,1,1,1,1,1
P-604863,2025-10,Energy Storage,Assam,Ministry of Petroleum & Natural Gas,93,2,70,6.447503294772291,67.63237175518964,94.0,-26.367628244810362,0.0,0.0,0.10999999999999943,2.0399999999999636,3.269999999999982,0.07999999999998408,0.0,3.0,9,1,1,90,0,1,1,0,0,1,1,1,1,1,1
P-605155,2025-01,Electricity Generation,Jammu and Kashmir,Ministry of Power,,35,23,0.0,18.668086573047113,18.5,0.1680865730471126,,,,,,,,2.3285714285714287,0,0,0,92,0,0,,0,0,1,1,1,0,1,1
P-605155,2025-02,Electricity Generation,Jammu and Kashmir,Ministry of Power,33,34,13,0.0,19.67026945816726,19.0,0.6702694581672617,0.5,,,45.3599999999999,,,,2.3823529411764706,0,0,0,92,0,0,,0,0,1,1,1,0,1,1
P-605155,2025-03,Electricity Generation,Jammu and Kashmir,Ministry of Power,,33,0,0.0,21.71064841409419,19.75,1.9606484140941909,0.75,,,92.35000000000002,,,,2.4318181818181817,0,0,0,84,0,1,,0,0,1,1,1,0,1,1
P-605155,2025-04,Electricity Generation,Jammu and Kashmir,Ministry of Power,35,32,13,0.0,23.938384311507427,20.8,3.1383843115074264,1.0500000000000007,2.3000000000000007,,100.83000000000004,238.53999999999996,,0.7666666666666669,2.475,0,0,0,84,0,,,0,0,1,1,0,0,1,1
P-605155,2025-05,Electricity Generation,Jammu and Kashmir,Ministry of Power,36,31,13,0.0,24.744593603351216,21.45,3.294593603351217,0.6499999999999986,2.4499999999999993,,36.49000000000001,229.67000000000007,,0.8166666666666664,2.5338709677419353,0,0,0,92,0,,,0,0,1,1,0,0,1,1
P-605155,2025-06,Electricity Generation,Jammu and Kashmir,Ministry of Power,37,33,16,0.0,25.62835276130549,22.15,3.4783527613054908,0.6999999999999993,2.3999999999999986,,40.0,177.32000000000005,,0.7999999999999995,2.359090909090909,0,1,0,92,0,,,0,0,1,1,0,0,1,1
P-605155,2025-07,Electricity Generation,Jammu and Kashmir,Ministry of Power,38,16,0,0.0,23.83078663402649,23.0,0.8307866340264916,0.8500000000000014,2.1999999999999993,4.5,-81.36000000000013,-4.870000000000118,233.66999999999985,0.7333333333333331,4.8125,0,2,0,62,0,,,0,0,1,1,0,0,1,1
P-605155,2025-08,Electricity Generation,Jammu and Kashmir,Ministry of Power,39,31,16,0.0,24.736197891350646,23.0,1.7361978913506455,0.0,1.5500000000000007,4.0,40.98000000000002,-0.38000000000010914,229.28999999999996,0.5166666666666669,2.4838709677419355,1,3,0,82,0,,,0,0,1,1,0,0,1,1
P-605155,2025-09,Electricity Generation,Jammu and Kashmir,Ministry of Power,40,30,16,0.0,25.5488144370896,24.0,1.5488144370896002,1.0,1.8500000000000014,4.25,36.77999999999997,-3.6000000000001364,173.7199999999999,0.6166666666666671,2.533333333333333,0,3,0,82,0,0,0,0,0,1,1,1,1,1,1
P-605155,2025-10,Electricity Generation,Jammu and Kashmir,Ministry of Power,41,29,16,0.0,24.182743718681785,24.0,0.18274371868178463,0.0,1.0,3.1999999999999993,-61.82999999999993,15.930000000000064,11.059999999999945,0.3333333333333333,2.6206896551724137,1,3,0,78,0,0,0,0,0,1,1,1,1,1,1
P-605156,2025-01,Electricity Generation,Sikkim,Ministry of Power,,11,0,94.83421969753488,72.82220435312973,83.64,-10.817795646870266,,,,,,,,1.4872727272727273,0,0,0,92,0,0,0,0,0,1,1,1,1,1,1
P-605156,2025-02,Electricity Generation,Sikkim,Ministry of Power,,10,0,94.83421969753488,76.29136102313319,84.55,-8.258638976866806,0.9099999999999966,,,63.42000000000007,,,,1.5450000000000004,0,0,0,92,0,0,0,0,0,1,1,1,1,1,1
P-605156,2025-03,Electricity Generation,Sikkim,Ministry of Power,,9,0,94.83421969753488,78.32242042327869,85.82,-7.497579576721307,1.269999999999996,,,37.12999999999988,,,,1.5755555555555563,0,0,0,92,0,0,0,0,0,1,1,1,1,1,1
P-605156,2025-04,Electricity Generation,Sikkim,Ministry of Power,49,8,19,94.83421969753488,78.74033838226366,87.07,-8.329661617736335,1.25,3.4299999999999926,,7.6400000000001,108.19000000000005,,1.1433333333333309,1.6162500000000009,0,0,0,84,0,0,0,0,0,1,1,1,1,1,1
P-605156,2025-05,Electricity Generation,Sikkim,Ministry of Power,50,7,19,94.83421969753488,81.30254743970549,88.51,-7.207452560294513,1.440000000000012,3.960000000000008,,46.83999999999992,91.6099999999999,,1.3200000000000027,1.6414285714285708,0,0,0,92,0,0,0,0,0,1,1,1,1,1,1
P-605156,2025-06,Electricity Generation,Sikkim,Ministry of Power,51,6,19,94.83421969753488,83.37408580446473,89.45,-6.075914195535276,0.9399999999999977,3.6300000000000097,,37.87000000000012,92.35000000000014,,1.2100000000000033,1.7583333333333329,0,0,0,92,0,0,0,0,0,1,1,1,1,1,1
P-605156,2025-07,Electricity Generation,Sikkim,Ministry of Power,52,5,19,94.83421969753488,85.01403088435598,90.0,-4.985969115644025,0.5499999999999972,2.930000000000007,6.359999999999999,29.980000000000018,114.69000000000005,222.8800000000001,0.9766666666666689,2.0,0,0,0,82,0,0,0,0,0,1,1,1,1,1,1
P-605156,2025-08,Electricity Generation,Sikkim,Ministry of Power,53,4,19,94.83421969753488,86.65397596424724,91.0,-4.346024035752762,1.0,2.489999999999995,6.450000000000003,29.980000000000018,97.83000000000015,189.44000000000005,0.8299999999999983,2.25,0,0,0,90,0,0,0,0,0,1,1,1,1,1,1
P-605156,2025-09,Electricity Generation,Sikkim,Ministry of Power,54,3,19,94.83421969753488,79.07073425559732,93.0,-13.929265744402684,2.0,3.549999999999997,7.180000000000007,-138.6300000000001,-78.67000000000007,13.680000000000064,1.1833333333333325,2.3333333333333335,0,0,0,70,0,0,0,0,0,1,1,1,1,1,1
P-605156,2025-10,Electricity Generation,Sikkim,Ministry of Power,55,2,19,94.83421969753488,79.62157638216519,93.0,-13.378423617834812,0.0,3.0,5.930000000000007,10.069999999999936,-98.58000000000015,16.1099999999999,1.0,3.5,1,0,0,90,0,0,0,0,0,1,1,1,1,1,1
P-605292,2025-08,Education,Punjab,Department of Higher Education,70,4,30,0.0,83.37113490855847,91.0,-7.628865091441526,0.0,0.7999999999999972,1.0,0.0,52.54999999999998,9.419999999999959,0.2666666666666657,2.25,2,3,0,86,0,0,1,0,0,1,1,1,1,1,1
P-605292,2025-09,Education,Punjab,Department of Higher Education,71,3,30,0.0,83.37113490855847,91.0,-7.628865091441526,0.0,-0.20000000000000284,0.7999999999999972,0.0,45.01999999999998,5.939999999999998,-0.06666666666666761,3.0,3,3,0,78,0,0,1,0,0,1,1,1,1,1,1
P-605292,2025-10,Education,Punjab,Department of Higher Education,72,2,30,0.0,83.37113490855847,91.0,-7.628865091441526,0.0,0.0,1.0,0.0,0.0,52.54999999999998,0.0,4.5,4,3,0,86,0,1,1,0,0,1,1,1,1,1,1
P-606013,2025-07,Education,Bihar,Department of Higher Education,35,6,18,0.0,85.22866128483004,91.0,-5.771338715169961,,,,,,,,1.5,0,0,0,98,0,0,0,0,0,1,1,1,1,1,1
P-606013,2025-08,Education,Bihar,Department of Higher Education,37,5,18,0.0,85.22866128483004,91.0,-5.771338715169961,0.0,,,0.0,,,,1.8,1,0,0,94,0,0,0,0,0,1,1,1,1,1,1
P-606013,2025-09,Education,Bihar,Department of Higher Education,38,4,18,0.0,87.07157308547505,98.0,-10.928426914524948,7.0,,,9.199999999999989,,,,0.5,0,0,0,90,0,0,0,0,0,1,1,1,1,1,1
P-606013,2025-10,Education,Bihar,Department of Higher Education,39,3,18,0.0,88.43372528595181,99.0,-10.566274714048191,1.0,8.0,,6.800000000000011,16.0,,2.6666666666666665,0.3333333333333333,0,0,0,98,0,0,0,0,0,1,1,1,1,1,1
P-606112,2025-07,Education,Assam,Department of Higher Education,49,1,21,0.0,187.93181966039944,93.0,94.93181966039944,,,,,,,,7.0,0,0,0,90,0,,,0,0,1,1,0,0,1,1
P-606112,2025-08,Education,Assam,Department of Higher Education,75,0,21,0.0,35.16361980352612,95.0,-59.83638019647388,2.0,,,-234.82,,,,5.0,0,0,0,86,0,,,0,0,1,1,0,0,1,1
P-606112,2025-09,Education,Assam,Department of Higher Education,76,1,23,0.0,80.88608418450328,97.0,-16.113915815496725,2.0,,,70.28,,,,3.0,0,1,0,90,0,,,0,0,1,1,0,0,1,1
P-606112,2025-10,Education,Assam,Department of Higher Education,77,0,23,0.0,80.88608418450328,97.0,-16.113915815496725,0.0,4.0,,0.0,-164.54000000000002,,1.3333333333333333,3.0,1,1,0,94,0,1,1,0,0,1,1,1,1,1,1
P-606431,2025-08,Education,Kerala,Department of Higher Education,97,15,53,20.959809230463513,51.22391982914407,71.0,-19.776080170855927,5.0,4.0,5.0,7.649999999999977,211.74,211.23000000000002,1.3333333333333333,1.9333333333333333,0,1,1,90,0,0,0,0,0,1,1,1,1,1,1
P-606431,2025-09,Education,Kerala,Department of Higher Education,98,14,53,20.959809230463513,51.96237884015114,72.0,-20.03762115984886,1.0,5.0,6.0,8.990000000000009,220.73000000000002,220.22000000000003,1.6666666666666667,2.0,0,1,1,82,0,0,0,0,0,1,1,1,1,1,1
P-606431,2025-10,Education,Kerala,Department of Higher Education,99,13,53,20.959809230463513,52.71315919172005,74.0,-21.286840808279948,2.0,8.0,7.0,9.139999999999986,25.779999999999973,229.87,2.6666666666666665,2.0,0,1,1,90,0,0,0,0,0,1,1,1,1,1,1
P-606479,2025-07,Education,Uttar Pradesh,Department of Higher Education,61,8,42,0.0,75.54065040650407,93.0,-17.45934959349593,,,,,,,,0.875,0,0,0,98,0,0,0,0,0,1,1,1,1,1,1
P-606479,2025-08,Education,Uttar Pradesh,Department of Higher Education,62,7,42,0.0,78.60975609756098,95.0,-16.390243902439025,2.0,,,7.549999999999983,,,,0.7142857142857143,0,0,0,98,0,0,0,0,0,1,1,1,1,1,1
P-606479,2025-09,Education,Uttar Pradesh,Department of Higher Education,63,6,42,0.0,78.91869918699187,95.0,-16.081300813008127,0.0,,,0.7599999999999909,,,,0.8333333333333334,1,0,0,90,0,0,0,0,0,1,1,1,1,1,1
P-606479,2025-10,Education,Uttar Pradesh,Department of Higher Education,64,5,42,0.0,80.4959349593496,96.0,-15.504065040650403,1.0,3.0,,3.880000000000024,12.189999999999998,,1.0,0.8,0,0,0,98,0,0,0,0,0,1,1,1,1,1,1
P-607701,2025-08,Energy Storage,Assam,Ministry of Petroleum & Natural Gas,51,9,31,39.94664079553723,74.66724436741768,85.0,-10.33275563258232,1.0,2.200000000000003,3.9000000000000057,0.0,34.75,57.15999999999997,0.7333333333333343,1.6666666666666667,0,0,2,90,0,0,0,0,0,1,1,1,1,1,1
P-607701,2025-09,Energy Storage,Assam,Ministry of Petroleum & Natural Gas,52,8,31,39.94664079553723,75.54939341421144,86.0,-10.450606585788563,1.0,2.5999999999999943,3.9599999999999937,5.090000000000032,39.77000000000004,56.31999999999999,0.8666666666666648,1.75,0,0,2,82,0,0,0,0,0,1,1,1,1,1,1
P-607701,2025-10,Energy Storage,Assam,Ministry of Petroleum & Natural Gas,53,7,31,39.94664079553723,77.24956672443675,87.0,-9.750433275563253,1.0,3.0,4.5,9.810000000000002,14.900000000000034,45.920000000000016,1.0,1.8571428571428572,0,0,2,90,0,0,0,0,0,1,1,1,1,1,1
P-607709,2025-01,Electricity Generation,"Multi-States (Assam, Manipur, Meghalaya, Mizoram, Nagaland, Tripura)",Ministry of Power,121,2,75,31.08134282075311,75.02029850746268,95.5,-20.479701492537316,,,,,,,,2.25,0,0,0,92,0,1,,0,0,1,1,1,0,1,1
P-607709,2025-02,Electricity Generation,"Multi-States (Assam, Manipur, Meghalaya, Mizoram, Nagaland, Tripura)",Ministry of Power,122,4,78,31.08134282075311,75.61283582089553,95.6,-19.987164179104468,0.09999999999999432,,,39.70000000000073,,,,1.1000000000000014,1,1,0,92,0,,,0,0,1,1,0,0,1,1
P-607709,2025-03,Electricity Generation,"Multi-States (Assam, Manipur, Meghalaya, Mizoram, Nagaland, Tripura)",Ministry of Power,123,3,78,31.08134282075311,78.7520895522388,95.7,-16.947910447761203,0.10000000000000853,,,210.32999999999993,,,,1.4333333333333325,2,1,0,92,0,,,0,0,1,1,0,0,1,1
P-607709,2025-04,Electricity Generation,"Multi-States (Assam, Manipur, Meghalaya, Mizoram, Nagaland, Tripura)",Ministry of Power,124,2,78,31.08134282075311,78.7520895522388,95.8,-17.047910447761197,0.09999999999999432,0.29999999999999716,,0.0,250.03000000000065,,0.09999999999999905,2.1000000000000014,3,1,0,84,0,,,0,0,1,1,0,0,1,1
P-607709,2025-05,Electricity Generation,"Multi-States (Assam, Manipur, Meghalaya, Mizoram, Nagaland, Tripura)",Ministry of Power,125,4,81,31.08134282075311,78.7520895522388,95.9,-17.147910447761205,0.10000000000000853,0.30000000000001137,,0.0,210.32999999999993,,0.1000000000000038,1.0249999999999986,4,2,0,84,0,,,0,0,1,1,0,0,1,1
P-607709,2025-06,Electricity Generation,"Multi-States (Assam, Manipur, Meghalaya, Mizoram, Nagaland, Tripura)",Ministry of Power,126,3,81,31.08134282075311,78.06,96.0,-17.939999999999998,0.09999999999999432,0.29999999999999716,,-46.36999999999989,-46.36999999999989,,0.09999999999999905,1.3333333333333333,5,2,0,80,0,1,1,0,0,1,1,1,1,1,1
P-607709,2025-07,Electricity Generation,"Multi-States (Assam, Manipur, Meghalaya, Mizoram, Nagaland, Tripura)",Ministry of Power,112,2,81,31.08134282075311,78.41,96.0,-17.590000000000003,0.0,0.20000000000000284,0.5,23.449999999999818,-22.920000000000073,227.11000000000058,0.06666666666666761,2.0,6,2,0,74,0,1,1,0,0,1,1,1,1,1,1
P-607709,2025-08,Electricity Generation,"Multi-States (Assam, Manipur, Meghalaya, Mizoram, Nagaland, Tripura)",Ministry of Power,128,4,84,31.08134282075311,78.76477611940298,96.0,-17.23522388059702,0.0,0.09999999999999432,0.4000000000000057,23.769999999999527,0.8499999999994543,211.17999999999938,0.03333333333333144,1.0,7,3,0,90,0,1,1,0,0,1,1,1,1,1,1
P-607709,2025-09,Electricity Generation,"Multi-States (Assam, Manipur, Meghalaya, Mizoram, Nagaland, Tripura)",Ministry of Power,129,3,84,31.08134282075311,79.04,96.0,-16.959999999999994,0.0,0.0,0.29999999999999716,18.44000000000051,65.65999999999985,19.289999999999964,0.0,1.3333333333333333,8,3,0,82,0,1,1,0,0,1,1,1,1,1,1
P-607709,2025-10,Electricity Generation,"Multi-States (Assam, Manipur, Meghalaya, Mizoram, Nagaland, Tripura)",Ministry of Power,130,5,87,31.08134282075311,79.37,96.0,-16.629999999999995,0.0,0.0,0.20000000000000284,22.109999999999673,64.31999999999971,41.399999999999636,0.0,0.8,9,4,0,90,0,0,1,0,0,1,1,1,1,1,1
P-609019,2025-08,Education,West Bengal,Department of Higher Education,86,7,36,-11.6,86.78733031674209,87.0,-0.21266968325791424,0.0,-12.0,,1.0,195.95000000000002,197.85000000000002,-4.0,1.8571428571428572,1,2,1,90,0,0,0,0,0,1,1,1,1,1,1
P-609019,2025-09,Education,West Bengal,Department of Higher Education,87,6,36,-11.6,86.78733031674209,88.0,-1.2126696832579142,1.0,-11.0,,0.0,195.95000000000002,197.85000000000002,-3.6666666666666665,2.0,0,2,1,82,0,0,0,0,0,1,1,1,1,1,1
P-609019,2025-10,Education,West Bengal,Department of Higher Education,88,5,36,-11.6,88.3710407239819,89.0,-0.6289592760180938,1.0,2.0,,7.0,8.0,183.25000000000003,0.6666666666666666,2.2,0,2,1,90,0,0,0,0,0,1,1,1,1,1,1
P-609424,2025-07,Shipping,Gujarat,"Ministry of Ports, Shipping and Waterways",19,17,0,0.0,8.158090695723482,10.0,-1.841909304276518,,,,,,,,5.294117647058823,0,0,0,90,0,1,1,0,0,1,1,1,1,1,1
P-609424,2025-08,Shipping,Gujarat,"Ministry of Ports, Shipping and Waterways",20,16,0,0.0,8.629384207896994,10.0,-1.3706157921030062,0.0,,,20.0,,,,5.625,1,0,0,90,0,1,1,0,0,1,1,1,1,1,1
P-609424,2025-09,Shipping,Gujarat,"Ministry of Ports, Shipping and Waterways",35,15,0,0.0,1.64952729260729,10.0,-8.35047270739271,0.0,,,-296.2,,,,6.0,2,0,0,70,0,1,,0,0,1,1,1,0,1,1
P-609424,2025-10,Shipping,Gujarat,"Ministry of Ports, Shipping and Waterways",36,17,0,0.0,18.8526830739648,32.0,-13.147316926035199,22.0,22.0,,730.04,453.84,,7.333333333333333,4.0,0,1,0,90,0,0,,0,0,1,1,1,0,1,1
P-609736,2025-08,Education,Sikkim,Department of Higher Education,60,1,8,0.0,75.8517480736165,82.0,-6.1482519263834945,0.0,2.0,28.0,0.0,80.97999999999999,80.97999999999999,0.6666666666666666,18.0,1,2,1,86,0,1,1,0,0,1,1,1,1,1,1
P-609736,2025-09,Education,Sikkim,Department of Higher Education,61,0,8,0.0,75.8517480736165,83.0,-7.1482519263834945,1.0,3.0,29.0,0.0,80.97999999999999,80.97999999999999,1.0,17.0,0,2,1,82,0,1,1,0,0,1,1,1,1,1,1
P-609736,2025-10,Education,Sikkim,Department of Higher Education,62,5,14,0.0,75.8517480736165,85.0,-9.148251926383494,2.0,3.0,9.0,0.0,0.0,80.97999999999999,1.0,3.0,0,3,1,90,0,0,0,0,0,1,1,1,1,1,1
P-609996,2025-07,Education,Telangana,Department of Higher Education,32,6,15,0.0,62.74809160305343,71.0,-8.251908396946568,,,,,,,,4.833333333333333,0,0,0,98,0,0,0,0,0,1,1,1,1,1,1
P-609996,2025-08,Education,Telangana,Department of Higher Education,33,5,15,0.0,67.59160305343511,73.0,-5.408396946564892,2.0,,,12.689999999999998,,,,5.4,0,0,0,98,0,0,0,0,0,1,1,1,1,1,1
P-609996,2025-09,Education,Telangana,Department of Higher Education,36,4,15,0.0,68.00381679389314,76.0,-7.996183206106863,3.0,,,1.079999999999984,,,,6.0,0,0,0,90,0,0,0,0,0,1,1,1,1,1,1
P-609996,2025-10,Education,Telangana,Department of Higher Education,37,3,15,0.0,71.1793893129771,79.0,-7.820610687022906,3.0,8.0,,8.320000000000022,22.090000000000003,,2.6666666666666665,7.0,0,0,0,98,0,0,0,0,0,1,1,1,1,1,1
P-610315,2025-08,Education,Odisha,Department of Higher Education,82,4,57,-37.05788566036507,108.1782464846981,97.0,11.178246484698093,0.0,1.0,2.0,1.490000000000009,130.64999999999998,151.90999999999997,0.3333333333333333,0.75,2,4,1,90,0,1,1,1,1,1,1,1,1,1,1
P-610315,2025-09,Education,Odisha,Department of Higher Education,83,3,57,-37.05788566036507,108.1782464846981,97.0,11.178246484698093,0.0,0.0,2.0,0.0,128.53999999999996,135.64999999999998,0.0,1.0,3,4,1,78,0,1,1,1,1,1,1,1,1,1,1
P-610315,2025-10,Education,Odisha,Department of Higher Education,84,2,57,-37.05788566036507,108.32945616211745,97.0,11.329456162117452,0.0,0.0,1.0,1.1700000000000728,2.660000000000082,136.82000000000005,0.0,1.5,4,4,1,90,0,1,1,1,1,1,1,1,1,1,1
P-610984,2025-01,Energy Storage,Jharkhand,Ministry of Petroleum & Natural Gas,62,2,14,0.0,40.19025522041763,56.9,-16.709744779582365,,,,,,,,21.55,0,0,0,92,0,1,,0,0,1,1,1,0,1,1
P-610984,2025-02,Energy Storage,Jharkhand,Ministry of Petroleum & Natural Gas,63,1,14,0.0,40.19025522041763,56.9,-16.709744779582365,0.0,,,0.0,,,,43.1,1,0,0,88,0,1,,0,0,1,1,1,0,1,1
P-610984,2025-03,Energy Storage,Jharkhand,Ministry of Petroleum & Natural Gas,64,3,17,0.0,42.849187935034806,57.8,-14.950812064965191,0.8999999999999986,,,11.460000000000008,,,,14.066666666666668,0,1,0,92,0,0,,0,0,1,1,1,0,1,1
P-610984,2025-04,Energy Storage,Jharkhand,Ministry of Petroleum & Natural Gas,65,2,17,0.0,43.37587006960557,57.9,-14.52412993039443,0.10000000000000142,1.0,,2.269999999999982,13.72999999999999,,0.3333333333333333,21.05,1,1,0,84,0,,,0,0,1,1,0,0,1,1
P-610984,2025-05,Energy Storage,Jharkhand,Ministry of Petroleum & Natural Gas,66,1,17,0.0,45.104408352668216,57.9,-12.795591647331783,0.0,1.0,,7.450000000000017,21.180000000000007,,0.3333333333333333,42.1,2,1,0,84,0,,,0,0,1,1,0,0,1,1
P-610984,2025-06,Energy Storage,Jharkhand,Ministry of Petroleum & Natural Gas,67,0,17,0.0,47.403712296983755,58.0,-10.596287703016245,0.10000000000000142,0.20000000000000284,,9.909999999999997,19.629999999999995,,0.06666666666666761,42.0,3,1,0,92,0,,,0,0,1,1,0,0,1,1
P-610984,2025-07,Energy Storage,Jharkhand,Ministry of Petroleum & Natural Gas,68,1,19,0.0,49.03480278422274,58.0,-8.965197215777259,0.0,0.10000000000000142,1.1000000000000014,7.030000000000001,24.390000000000015,38.120000000000005,0.033333333333333805,42.0,4,2,0,82,0,,,0,0,1,1,0,0,1,1
P-610984,2025-08,Energy Storage,Jharkhand,Ministry of Petroleum & Natural Gas,69,3,22,0.0,49.048723897911835,59.0,-9.951276102088165,1.0,1.1000000000000014,2.1000000000000014,0.060000000000002274,17.0,38.18000000000001,0.36666666666666714,13.666666666666666,0,3,0,90,0,1,1,0,0,1,1,1,1,1,1
P-610984,2025-09,Energy Storage,Jharkhand,Ministry of Petroleum & Natural Gas,70,2,22,0.0,50.56380510440835,59.0,-8.436194895591647,0.0,1.0,1.2000000000000028,6.530000000000001,13.620000000000005,33.25,0.3333333333333333,20.5,1,3,0,82,0,1,1,0,0,1,1,1,1,1,1
P-610984,2025-10,Energy Storage,Jharkhand,Ministry of Petroleum & Natural Gas,71,3,24,0.0,51.83062645011601,60.0,-8.169373549883993,1.0,2.0,2.1000000000000014,5.4599999999999795,12.049999999999983,36.44,0.6666666666666666,13.333333333333334,0,4,0,90,0,1,1,0,0,1,1,1,1,1,1
P-611016,2025-05,Coal,West Bengal,Ministry of Coal,113,2,58,0.0,90.66229815118184,97.0,-6.337701848818156,0.0,0.4000000000000057,,0.6800000000000068,6.480000000000018,,0.13333333333333522,1.5,4,3,1,92,0,,,0,0,1,1,0,0,1,1
P-611016,2025-06,Coal,West Bengal,Ministry of Coal,114,1,58,0.0,91.3123748602335,97.0,-5.687625139766496,0.0,0.4000000000000057,,2.5,5.6200000000000045,,0.13333333333333522,3.0,5,3,1,92,0,,,0,0,1,1,0,0,1,1
P-611016,2025-07,Coal,West Bengal,Ministry of Coal,76,2,60,0.0,91.84543776165587,97.0,-5.154562238344127,0.0,0.0,0.4200000000000017,2.0499999999999545,5.229999999999961,12.739999999999952,0.0,1.5,6,4,1,82,0,,,0,0,1,1,0,0,1,1
P-611016,2025-08,Coal,West Bengal,Ministry of Coal,116,2,61,0.0,91.84543776165587,97.0,-5.154562238344127,0.0,0.0,0.4000000000000057,0.0,4.5499999999999545,11.029999999999973,0.0,1.5,7,5,1,86,0,,,0,0,1,1,0,0,1,1
P-611016,2025-09,Coal,West Bengal,Ministry of Coal,117,2,62,0.0,92.2458850144317,97.0,-4.754114985568293,0.0,0.0,0.4000000000000057,1.5400000000000205,3.589999999999975,9.20999999999998,0.0,1.5,8,6,1,82,0,,,0,0,1,1,0,0,1,1
P-611016,2025-10,Coal,West Bengal,Ministry of Coal,118,2,63,0.0,92.2458850144317,97.0,-4.754114985568293,0.0,0.0,0.0,0.0,1.5400000000000205,6.769999999999982,0.0,1.5,9,7,1,86,0,1,1,0,0,1,1,1,1,1,1
P-611017,2025-01,Coal,Jharkhand,Ministry of Coal,,5,0,0.0,38.178717802973644,43.84,-5.66128219702636,,,,,,,,11.232,0,0,0,92,0,,,0,0,1,1,0,0,1,1
P-611017,2025-02,Coal,Jharkhand,Ministry of Coal,112,13,95,0.0,38.83387680617465,44.0,-5.166123193825349,0.1599999999999966,,,2.1899999999999977,,,,4.3076923076923075,1,1,0,84,0,,,0,0,1,1,0,0,1,1
P-611017,2025-03,Coal,Jharkhand,Ministry of Coal,113,12,95,0.0,39.710413737397914,44.0,-4.289586262602086,0.0,,,2.930000000000007,,,,4.666666666666667,2,1,0,92,0,0,0,0,0,1,1,1,1,1,1
P-611017,2025-04,Coal,Jharkhand,Ministry of Coal,114,11,95,0.0,40.46130373650043,45.0,-4.538696263499567,1.0,1.1599999999999966,,2.509999999999991,7.6299999999999955,,0.38666666666666555,5.0,0,1,0,92,0,0,0,0,0,1,1,1,1,1,1
P-611017,2025-05,Coal,Jharkhand,Ministry of Coal,115,10,95,0.0,40.64379094743771,45.05,-4.406209052562289,0.04999999999999716,1.0499999999999972,,0.6100000000000136,6.050000000000011,,0.34999999999999903,5.495,1,1,0,92,0,0,0,0,0,1,1,1,1,1,1
P-611017,2025-06,Coal,Jharkhand,Ministry of Coal,116,9,95,0.0,40.64379094743771,47.0,-6.356209052562292,1.9500000000000028,3.0,,0.0,3.1200000000000045,,1.0,5.888888888888889,0,1,0,92,0,0,0,0,0,1,1,1,1,1,1
P-611017,2025-07,Coal,Jharkhand,Ministry of Coal,111,8,95,0.0,41.49041194244174,48.0,-6.509588057558261,1.0,3.0,4.159999999999997,2.829999999999984,3.4399999999999977,11.069999999999993,1.0,6.5,0,1,0,82,0,0,1,0,0,1,1,1,1,1,1
P-611017,2025-08,Coal,Jharkhand,Ministry of Coal,118,7,95,0.0,42.03488198163162,48.0,-5.965118018368379,0.0,2.950000000000003,4.0,1.8199999999999932,4.649999999999977,10.699999999999989,0.9833333333333343,7.428571428571429,1,1,0,90,0,0,1,0,0,1,1,1,1,1,1
P-611017,2025-09,Coal,Jharkhand,Ministry of Coal,119,6,95,0.0,42.67209142310108,48.0,-5.3279085768989205,0.0,1.0,4.0,2.1299999999999955,6.779999999999973,9.899999999999977,0.3333333333333333,8.666666666666666,2,1,0,82,0,0,1,0,0,1,1,1,1,1,1
P-611017,2025-10,Coal,Jharkhand,Ministry of Coal,120,5,95,0.0,42.67209142310108,48.0,-5.3279085768989205,0.0,0.0,3.0,0.0,3.9499999999999886,7.389999999999986,0.0,10.4,3,1,0,86,0,1,1,0,0,1,1,1,1,1,1
P-611047,2025-01,CIVIL AVIATION,Jammu and Kashmir,Ministry of Civil Aviation,30,17,0,0.0,12.593891126925712,21.5,-8.906108873074288,,,,,,,,4.617647058823529,0,0,0,92,0,0,0,0,0,1,1,1,1,1,1
P-611047,2025-02,CIVIL AVIATION,Jammu and Kashmir,Ministry of Civil Aviation,31,16,0,0.0,13.637577347713526,24.0,-10.362422652286474,2.5,,,8.989999999999995,,,,4.75,0,0,0,92,0,0,0,0,0,1,1,1,1,1,1
P-611047,2025-03,CIVIL AVIATION,Jammu and Kashmir,Ministry of Civil Aviation,32,15,0,0.0,15.37202363676469,27.0,-11.62797636323531,3.0,,,14.939999999999998,,,,4.866666666666666,0,0,0,92,0,0,0,0,0,1,1,1,1,1,1
P-611047,2025-04,CIVIL AVIATION,Jammu and Kashmir,Ministry of Civil Aviation,33,14,0,0.0,15.535716358823734,29.5,-13.964283641176266,2.5,8.0,,1.4099999999999966,25.33999999999999,,2.6666666666666665,5.035714285714286,0,0,0,92,0,0,0,0,0,1,1,1,1,1,1
P-611047,2025-05,CIVIL AVIATION,Jammu and Kashmir,Ministry of Civil Aviation,34,13,0,0.0,16.793015777192146,30.0,-13.206984222807854,0.5,6.0,,10.830000000000013,27.180000000000007,,2.0,5.384615384615385,0,0,0,92,0,0,0,0,0,1,1,1,1,1,1
P-611047,2025-06,CIVIL AVIATION,Jammu and Kashmir,Ministry of Civil Aviation,35,12,0,0.0,17.913324123199093,30.25,-12.336675876800907,0.25,3.25,,9.650000000000006,21.890000000000015,,1.0833333333333333,5.8125,1,0,0,92,0,0,0,0,0,1,1,1,1,1,1
P-611047,2025-07,CIVIL AVIATION,Jammu and Kashmir,Ministry of Civil Aviation,24,11,0,0.0,17.913324123199093,30.0,-12.086675876800907,-0.25,0.5,8.5,0.0,20.480000000000018,45.82000000000001,0.16666666666666666,6.363636363636363,2,0,0,82,0,0,0,0,0,1,1,1,1,1,1
P-611047,2025-08,CIVIL AVIATION,Jammu and Kashmir,Ministry of Civil Aviation,37,10,0,0.0,20.628765803313325,35.0,-14.371234196686675,5.0,5.0,11.0,23.389999999999986,33.03999999999999,60.22,1.6666666666666667,6.5,0,0,0,90,0,0,0,0,0,1,1,1,1,1,1
P-611047,2025-09,CIVIL AVIATION,Jammu and Kashmir,Ministry of Civil Aviation,38,9,0,0.0,22.358568327199695,36.0,-13.641431672800305,1.0,5.75,9.0,14.900000000000006,38.28999999999999,60.18000000000001,1.9166666666666667,7.111111111111111,0,0,0,82,0,0,1,0,0,1,1,1,1,1,1
P-611047,2025-10,CIVIL AVIATION,Jammu and Kashmir,Ministry of Civil Aviation,39,8,0,0.0,24.625886668911154,39.0,-14.374113331088846,3.0,9.0,9.5,19.53,57.81999999999999,78.30000000000001,3.0,7.625,0,0,0,90,0,0,1,0,0,1,1,1,1,1,1
P-611142,2025-09,Inland Waterways,Offshore,"Ministry of Ports, Shipping and Waterways",85,-17,9,11.299435028248588,93.05583756345177,100.0,-6.9441624365482255,,,,,,,,0.0,0,0,0,98,0,0,0,0,0,1,1,1,1,1,1
P-611452,2025-08,Railways,"Multi-States (Gujarat, Maharashtra)",Ministry of Railways,71,-2,-6,0.0,66.88102893890675,92.0,-25.118971061093248,0.0,,,0.0,208.0,208.0,,8.0,1,1,0,94,0,1,1,0,0,1,1,1,1,1,1
P-611452,2025-09,Railways,"Multi-States (Gujarat, Maharashtra)",Ministry of Railways,72,-3,-6,0.0,66.88102893890675,92.0,-25.118971061093248,0.0,,,0.0,208.0,208.0,,8.0,2,1,0,86,0,1,1,0,0,1,1,1,1,1,1
P-611452,2025-10,Railways,"Multi-States (Gujarat, Maharashtra)",Ministry of Railways,73,-4,-6,0.0,66.88102893890675,92.0,-25.118971061093248,0.0,0.0,,0.0,0.0,208.0,0.0,8.0,3,1,0,94,0,1,1,0,0,1,1,1,1,1,1
P-611495,2025-01,,West Bengal,Ministry of Civil Aviation,5,26,0,0.0,4.539703034215623,3.45,1.0897030342156224,,,,,,,,3.713461538461538,0,0,0,92,0,0,,0,0,1,1,1,0,1,1
P-611495,2025-02,,West Bengal,Ministry of Civil Aviation,6,25,0,0.0,5.640413169786959,5.5,0.14041316978695928,2.05,,,17.05000000000001,,,,3.78,0,0,0,92,0,0,,0,0,1,1,1,0,1,1
P-611495,2025-03,,West Bengal,Ministry of Civil Aviation,7,24,0,0.0,9.884441575209815,8.0,1.8844415752098147,2.5,,,65.74000000000001,,,,3.8333333333333335,0,0,0,92,0,0,,0,0,1,1,1,0,1,1
P-611495,2025-04,,West Bengal,Ministry of Civil Aviation,8,23,0,0.0,11.705616526791479,8.0,3.705616526791479,0.0,4.55,,28.20999999999998,111.0,,1.5166666666666666,4.0,1,0,0,92,0,,,0,0,1,1,0,0,1,1
P-611495,2025-05,,West Bengal,Ministry of Civil Aviation,9,22,0,0.0,13.884441575209813,8.38,5.504441575209812,0.3800000000000008,2.880000000000001,,33.75,127.69999999999999,,0.9600000000000003,4.164545454545455,2,0,0,92,0,,,0,0,1,1,0,0,1,1
P-611495,2025-06,,West Bengal,Ministry of Civil Aviation,10,21,0,0.0,15.477727566171724,9.62,5.857727566171725,1.2399999999999984,1.6199999999999992,,24.680000000000007,86.63999999999999,,0.5399999999999997,4.303809523809524,0,0,0,92,0,,,0,0,1,1,0,0,1,1
P-611495,2025-07,,West Bengal,Ministry of Civil Aviation,21,18,0,0.0,16.9406068431246,10.0,6.940606843124598,0.3800000000000008,2.0,6.55,22.660000000000025,81.09000000000003,192.09000000000003,0.6666666666666666,5.0,1,1,0,82,0,,,0,0,1,1,0,0,1,1
P-611495,2025-08,,West Bengal,Ministry of Civil Aviation,12,17,0,0.0,17.69786959328599,11.0,6.69786959328599,1.0,2.619999999999999,5.5,11.729999999999961,59.06999999999999,186.76999999999998,0.8733333333333331,5.235294117647059,0,1,0,90,0,0,0,0,0,1,1,1,1,1,1
P-611495,2025-09,,West Bengal,Ministry of Civil Aviation,13,16,0,0.0,18.896707553260164,13.0,5.896707553260164,2.0,3.380000000000001,5.0,18.569999999999993,52.95999999999998,139.59999999999997,1.126666666666667,5.4375,0,1,0,82,0,0,0,0,0,1,1,1,1,1,1
P-611495,2025-10,,West Bengal,Ministry of Civil Aviation,14,15,0,0.0,20.050355067785667,13.0,7.050355067785667,0.0,3.0,5.0,17.870000000000005,48.16999999999996,129.26,1.0,5.8,1,1,0,90,0,0,0,0,0,1,1,1,1,1,1
P-611509,2025-07,Electricity Generation,Jharkhand,Ministry of Power,8,44,0,0.0,7.7775456191670145,1.0,6.7775456191670145,,,,,,,,2.25,0,0,0,98,0,0,0,0,0,1,1,1,1,1,1
P-611509,2025-08,Electricity Generation,Jharkhand,Ministry of Power,9,43,0,0.0,7.881111575428332,3.0,4.881111575428332,2.0,,,14.86999999999989,,,,2.255813953488372,0,0,0,98,0,0,0,0,0,1,1,1,1,1,1
P-611509,2025-09,Electricity Generation,Jharkhand,Ministry of Power,29,42,0,0.0,8.746273854297256,3.0,5.746273854297256,0.0,,,124.22000000000003,,,,2.3095238095238093,1,0,0,90,0,0,0,0,0,1,1,1,1,1,1
P-611509,2025-10,Electricity Generation,Jharkhand,Ministry of Power,30,41,0,0.0,9.622092213400196,3.0,6.622092213400196,0.0,2.0,,125.75,264.8399999999999,,0.6666666666666666,2.3658536585365852,2,0,0,98,0,0,0,0,0,1,1,1,1,1,1
P-611570,2025-07,,"Multi-States (Karnataka, Maharashtra, Telangana, Uttar Pradesh)",Ministry of Civil Aviation,33,2,0,0.0,61.18326406649616,74.0,-12.816735933503843,,,,,,,,13.0,0,0,0,90,0,,,0,0,1,1,0,0,1,1
P-611570,2025-08,,"Multi-States (Karnataka, Maharashtra, Telangana, Uttar Pradesh)",Ministry of Civil Aviation,34,12,11,0.0,66.38826726342711,75.0,-8.61173273657289,1.0,,,26.05000000000001,,,,2.0833333333333335,0,1,0,82,0,,,0,0,1,1,0,0,1,1
P-611570,2025-09,,"Multi-States (Karnataka, Maharashtra, Telangana, Uttar Pradesh)",Ministry of Civil Aviation,35,11,11,0.0,66.38826726342711,75.0,-8.61173273657289,0.0,,,0.0,,,,2.272727272727273,1,1,0,78,0,0,0,0,0,1,1,1,1,1,1
P-611570,2025-10,,"Multi-States (Karnataka, Maharashtra, Telangana, Uttar Pradesh)",Ministry of Civil Aviation,36,10,11,0.0,66.38826726342711,75.0,-8.61173273657289,0.0,1.0,,0.0,26.05000000000001,,0.3333333333333333,2.5,2,1,0,86,0,0,0,0,0,1,1,1,1,1,1
P-611586,2025-01,Electricity Generation,Himachal Pradesh,Ministry of Power,,47,0,37.89581986682017,24.409896541203228,27.61,-3.2001034587967716,,,,,,,,1.5402127659574467,0,0,0,92,0,0,0,1,1,1,1,1,1,1,1
P-611586,2025-02,Electricity Generation,Himachal Pradesh,Ministry of Power,25,46,8,37.89581986682017,24.714725542950656,27.92,-3.205274457049345,0.3100000000000023,,,10.990000000000009,,,,1.5669565217391304,1,0,0,84,0,0,1,1,1,1,1,1,1,1,1
P-611586,2025-03,Electricity Generation,Himachal Pradesh,Ministry of Power,26,45,8,37.89581986682017,25.76068565722686,28.25,-2.4893143427731417,0.3299999999999983,,,37.710000000000036,,,,1.5944444444444446,2,0,0,92,0,0,1,1,1,1,1,1,1,1,1
P-611586,2025-04,Electricity Generation,Himachal Pradesh,Ministry of Power,27,44,8,73.67346080145035,20.593255239819324,28.58,-7.986744760180674,0.3299999999999983,0.9699999999999989,,6.330000000000041,55.030000000000086,,0.323333333333333,1.6231818181818183,3,0,1,92,0,0,1,0,0,1,1,1,1,1,1
P-611586,2025-05,Electricity Generation,Himachal Pradesh,Ministry of Power,28,43,8,73.67346080145035,20.753582589506927,29.08,-8.326417410493072,0.5,1.1599999999999966,,7.279999999999973,51.32000000000005,,0.38666666666666555,1.6493023255813954,0,0,1,92,0,1,1,0,0,1,1,1,1,1,1
P-611586,2025-06,Electricity Generation,Himachal Pradesh,Ministry of Power,29,42,8,73.67346080145035,20.88550028519769,29.41,-8.52449971480231,0.33000000000000185,1.1600000000000001,,5.990000000000009,19.600000000000023,,0.3866666666666667,1.6807142857142858,1,0,1,92,0,1,1,0,1,1,1,1,1,1,1
P-611586,2025-07,Electricity Generation,Himachal Pradesh,Ministry of Power,30,41,8,73.67346080145035,21.070713610867024,29.0,-7.929286389132976,-0.41000000000000014,0.4200000000000017,1.3900000000000006,8.409999999999968,21.67999999999995,76.71000000000004,0.14000000000000057,1.7317073170731707,2,0,1,82,0,1,1,0,1,1,1,1,1,1,1
P-611586,2025-08,Electricity Generation,Himachal Pradesh,Ministry of Power,31,52,20,73.67346080145035,21.200649237674284,29.0,-7.799350762325716,0.0,-0.0799999999999983,1.0799999999999983,5.899999999999977,20.299999999999955,71.62,-0.0266666666666661,1.3653846153846154,3,1,1,90,0,0,0,0,1,1,1,1,1,1,1
P-611586,2025-09,Electricity Generation,Himachal Pradesh,Ministry of Power,32,51,20,73.67346080145035,21.3625181964935,30.0,-8.6374818035065,1.0,0.5899999999999999,1.75,7.350000000000023,21.659999999999968,41.25999999999999,0.19666666666666663,1.3725490196078431,0,1,1,82,0,0,0,1,1,1,1,1,1,1,1
P-611586,2025-10,Electricity Generation,Himachal Pradesh,Ministry of Power,33,50,20,73.67346080145035,22.27449011277972,30.0,-7.72550988722028,0.0,1.0,1.4200000000000017,41.40999999999997,54.65999999999997,76.33999999999992,0.3333333333333333,1.4,1,1,1,90,0,0,0,1,1,1,1,1,1,1,1
P-611602,2025-07,,Tamil Nadu,Ministry of Civil Aviation,25,8,8,0.0,31.19055509527755,21.0,10.19055509527755,,,,,,,,9.875,0,0,0,98,0,,,0,0,1,1,0,0,1,1
P-611602,2025-08,,Tamil Nadu,Ministry of Civil Aviation,87,7,8,0.0,12.36205468102734,22.0,-9.63794531897266,1.0,,,-227.26000000000002,,,,11.142857142857142,0,0,0,86,0,,,0,0,1,1,0,0,1,1
P-611602,2025-09,,Tamil Nadu,Ministry of Civil Aviation,88,9,11,0.0,13.598177299088649,24.0,-10.401822700911351,2.0,,,14.919999999999987,,,,8.444444444444445,0,1,0,90,0,,,0,0,1,1,0,0,1,1
P-611602,2025-10,,Tamil Nadu,Ministry of Civil Aviation,89,8,11,0.0,15.16321458160729,25.0,-9.83678541839271,1.0,4.0,,18.890000000000015,-193.45000000000002,,1.3333333333333333,9.375,0,1,0,98,0,0,1,0,0,1,1,1,1,1,1
P-611669,2025-07,Railways,"Multi-States (Bihar, Uttar Pradesh)",Ministry of Railways,25,20,0,0.0,6.447288879543722,0.0,6.447288879543722,,,,,,,,5.0,0,0,0,98,0,0,,0,0,1,1,1,0,1,1
P-611669,2025-08,Railways,"Multi-States (Bihar, Uttar Pradesh)",Ministry of Railways,26,19,0,0.0,6.447288879543722,0.0,6.447288879543722,0.0,,,0.0,,,,5.2631578947368425,1,0,0,94,0,0,,0,0,1,1,1,0,1,1
P-611669,2025-09,Railways,"Multi-States (Bihar, Uttar Pradesh)",Ministry of Railways,27,18,0,0.0,6.447288879543722,0.0,6.447288879543722,0.0,,,0.0,,,,5.555555555555555,2,0,0,86,0,,,0,0,1,1,0,0,1,1
P-611669,2025-10,Railways,"Multi-States (Bihar, Uttar Pradesh)",Ministry of Railways,28,17,0,0.0,6.447288879543722,0.0,6.447288879543722,0.0,0.0,,0.0,0.0,,0.0,5.882352941176471,3,0,0,94,0,,,0,0,1,1,0,0,1,1
P-611698,2025-07,Electricity Generation,Arunachal Pradesh,Ministry of Power,2,48,0,0.0,2.5432601800036103,3.0,-0.4567398199963897,,,,,,,,2.0208333333333335,0,0,0,98,0,0,0,0,0,1,1,1,1,1,1
P-611698,2025-08,Electricity Generation,Arunachal Pradesh,Ministry of Power,8,47,0,0.0,2.5432601800036103,3.0,-0.4567398199963897,0.0,,,0.0,,,,2.0638297872340425,1,0,0,94,0,0,0,0,0,1,1,1,1,1,1
P-611698,2025-09,Electricity Generation,Arunachal Pradesh,Ministry of Power,9,46,0,0.0,2.562859426979911,3.0,-0.437140573020089,0.0,,,0.37999999999999545,,,,2.108695652173913,2,0,0,90,0,0,0,0,0,1,1,1,1,1,1
P-611698,2025-10,Electricity Generation,Arunachal Pradesh,Ministry of Power,10,45,0,0.0,3.31949351419656,3.0,0.31949351419656,0.0,0.0,,14.670000000000002,15.049999999999997,,0.0,2.1555555555555554,3,0,0,98,0,0,0,0,0,1,1,1,1,1,1
P-611699,2025-07,Electricity Generation,Arunachal Pradesh,Ministry of Power,2,48,0,0.0,5.8734793465404245,2.0,3.8734793465404245,,,,,,,,2.0416666666666665,0,0,0,98,0,0,0,0,0,1,1,1,1,1,1
P-611699,2025-08,Electricity Generation,Arunachal Pradesh,Ministry of Power,8,47,0,0.0,5.8734793465404245,2.0,3.8734793465404245,0.0,,,0.0,,,,2.0851063829787235,1,0,0,94,0,0,0,0,0,1,1,1,1,1,1
P-611699,2025-09,Electricity Generation,Arunachal Pradesh,Ministry of Power,9,46,0,0.0,6.632877542041176,2.0,4.632877542041176,0.0,,,13.289999999999992,,,,2.130434782608696,2,0,0,90,0,0,0,0,0,1,1,1,1,1,1
P-611699,2025-10,Electricity Generation,Arunachal Pradesh,Ministry of Power,10,45,0,0.0,6.632877542041176,2.0,4.632877542041176,0.0,0.0,,0.0,13.289999999999992,,0.0,2.1777777777777776,3,0,0,94,0,0,0,0,0,1,1,1,1,1,1
P-611735,2025-01,Electricity Generation,"Multi-States (Delhi, Rajasthan)",Ministry of Power,25,7,5,0.0,2.6163141993957706,26.0,-23.38368580060423,,,,,,,,10.571428571428571,0,0,0,92,0,1,1,0,0,1,1,1,1,1,1
P-611735,2025-02,Electricity Generation,"Multi-States (Delhi, Rajasthan)",Ministry of Power,26,13,12,0.0,2.6163141993957706,26.0,-23.38368580060423,0.0,,,0.0,,,,5.6923076923076925,1,1,0,88,0,1,1,0,0,1,1,1,1,1,1
P-611735,2025-03,Electricity Generation,"Multi-States (Delhi, Rajasthan)",Ministry of Power,27,13,13,0.0,2.6163141993957706,26.0,-23.38368580060423,0.0,,,0.0,,,,5.6923076923076925,2,2,0,88,0,0,0,0,0,1,1,1,1,1,1
P-611735,2025-04,Electricity Generation,"Multi-States (Delhi, Rajasthan)",Ministry of Power,28,12,13,0.0,2.6163141993957706,26.0,-23.38368580060423,0.0,0.0,,0.0,0.0,,0.0,6.166666666666667,3,2,0,80,0,0,1,0,0,1,1,1,1,1,1
P-611735,2025-05,Electricity Generation,"Multi-States (Delhi, Rajasthan)",Ministry of Power,29,11,13,0.0,2.6163141993957706,26.0,-23.38368580060423,0.0,0.0,,0.0,0.0,,0.0,6.7272727272727275,4,2,0,80,0,0,1,0,0,1,1,1,1,1,1
P-611735,2025-06,Electricity Generation,"Multi-States (Delhi, Rajasthan)",Ministry of Power,30,10,13,0.0,5.507552870090635,27.0,-21.492447129909365,1.0,1.0,,9.57,9.57,,0.3333333333333333,7.3,0,2,0,92,0,0,1,0,0,1,1,1,1,1,1
P-611735,2025-07,Electricity Generation,"Multi-States (Delhi, Rajasthan)",Ministry of Power,31,9,13,0.0,22.936555891238672,28.0,-5.0634441087613276,1.0,2.0,2.0,57.69,67.26,67.26,0.6666666666666666,8.0,0,2,0,82,0,1,1,0,0,1,1,1,1,1,1
P-611735,2025-08,Electricity Generation,"Multi-States (Delhi, Rajasthan)",Ministry of Power,32,8,13,0.0,24.99093655589124,29.0,-4.009063444108762,1.0,3.0,3.0,6.799999999999997,74.06,74.06,1.0,8.875,0,2,0,90,0,1,1,0,0,1,1,1,1,1,1
P-611735,2025-09,Electricity Generation,"Multi-States (Delhi, Rajasthan)",Ministry of Power,33,7,13,0.0,39.0,30.0,9.0,1.0,3.0,4.0,46.370000000000005,110.86,120.43,1.0,10.0,0,2,0,82,0,1,1,0,0,1,1,1,1,1,1
P-611735,2025-10,Electricity Generation,"Multi-States (Delhi, Rajasthan)",Ministry of Power,34,9,16,0.0,41.0,31.0,10.0,1.0,3.0,5.0,6.6200000000000045,59.790000000000006,127.05000000000001,1.0,7.666666666666667,0,3,0,90,0,0,1,0,0,1,1,1,1,1,1
P-611751,2025-07,Railways,Maharashtra,Ministry of Railways,26,20,0,0.0,0.0,0.01,-0.01,,,,,,,,4.999499999999999,0,0,0,98,0,0,0,0,0,1,1,1,1,1,1
P-611751,2025-08,Railways,Maharashtra,Ministry of Railways,27,19,0,0.0,0.0,0.01,-0.01,0.0,,,0.0,,,,5.262631578947368,1,0,0,94,0,0,0,0,0,1,1,1,1,1,1
P-611751,2025-09,Railways,Maharashtra,Ministry of Railways,28,18,0,0.0,0.0,0.01,-0.01,0.0,,,0.0,,,,5.555,2,0,0,86,0,0,0,0,0,1,1,1,1,1,1
P-611751,2025-10,Railways,Maharashtra,Ministry of Railways,29,17,0,0.0,53.257203530979346,1.0,52.257203530979346,0.99,0.99,,511.61,511.61,,0.33,5.823529411764706,0,0,0,98,0,0,0,0,0,1,1,1,1,1,1
P-611752,2025-01,Railways,Andhra Pradesh,Ministry of Railways,22,26,0,0.0,0.0,,,,,,,,,,,0,0,0,80,1,0,0,0,0,1,1,1,1,1,1
P-611752,2025-02,Railways,Andhra Pradesh,Ministry of Railways,23,25,0,0.0,0.0,,,,,,0.0,,,,,0,0,0,80,1,0,0,0,0,1,1,1,1,1,1
P-611752,2025-03,Railways,Andhra Pradesh,Ministry of Railways,24,24,0,0.0,0.0,,,,,,0.0,,,,,0,0,0,80,1,0,0,0,0,1,1,1,1,1,1
P-611752,2025-04,Railways,Andhra Pradesh,Ministry of Railways,25,23,0,0.0,0.0,,,,,,0.0,0.0,,,,0,0,0,80,1,0,0,0,0,1,1,1,1,1,1
P-611752,2025-05,Railways,Andhra Pradesh,Ministry of Railways,26,22,0,0.0,0.0,,,,,,0.0,0.0,,,,0,0,0,80,1,0,0,0,0,1,1,1,1,1,1
P-611752,2025-06,Railways,Andhra Pradesh,Ministry of Railways,27,21,0,0.0,0.0,,,,,,0.0,0.0,,,,0,0,0,80,1,0,0,0,0,1,1,1,1,1,1
P-611752,2025-07,Railways,Andhra Pradesh,Ministry of Railways,25,20,0,0.0,5.116107210868885,25.0,-19.883892789131114,,,,18.0,18.0,18.0,,3.75,0,0,0,82,0,0,0,0,0,1,1,1,1,1,1
P-611752,2025-08,Railways,Andhra Pradesh,Ministry of Railways,29,19,0,0.0,5.116107210868885,25.0,-19.883892789131114,0.0,,,0.0,18.0,18.0,,3.9473684210526314,1,0,0,86,0,0,0,0,0,1,1,1,1,1,1
P-611752,2025-09,Railways,Andhra Pradesh,Ministry of Railways,30,18,0,0.0,5.116107210868885,25.0,-19.883892789131114,0.0,,,0.0,18.0,18.0,,4.166666666666667,2,0,0,78,0,0,0,0,0,1,1,1,1,1,1
P-611752,2025-10,Railways,Andhra Pradesh,Ministry of Railways,31,17,0,0.0,5.116107210868885,25.0,-19.883892789131114,0.0,0.0,,0.0,0.0,18.0,0.0,4.411764705882353,3,0,0,86,0,0,0,0,0,1,1,1,1,1,1
P-611754,2025-07,Railways,Andhra Pradesh,Ministry of Railways,24,12,0,0.0,0.0,0.0,0.0,,,,,,,,8.333333333333334,0,0,0,98,0,0,0,0,0,1,1,1,1,1,1
P-611754,2025-08,Railways,Andhra Pradesh,Ministry of Railways,25,11,0,0.0,0.0,0.0,0.0,0.0,,,0.0,,,,9.090909090909092,1,0,0,94,0,0,0,0,0,1,1,1,1,1,1
P-611754,2025-09,Railways,Andhra Pradesh,Ministry of Railways,26,10,0,0.0,0.0,0.0,0.0,0.0,,,0.0,,,,10.0,2,0,0,86,0,0,0,0,0,1,1,1,1,1,1
P-611754,2025-10,Railways,Andhra Pradesh,Ministry of Railways,27,9,0,0.0,0.0,0.0,0.0,0.0,0.0,,0.0,0.0,,0.0,11.11111111111111,3,0,0,94,0,0,0,0,0,1,1,1,1,1,1
P-611849,2025-08,RAILWAYS,Rajasthan,Ministry of Railways,31,34,0,0.0,10.178342897246418,51.0,-40.82165710275358,6.0,11.0,23.0,-312.38,-301.69,-224.39,3.6666666666666665,1.4411764705882353,0,1,0,78,0,0,0,0,0,1,1,1,1,1,1
P-611849,2025-09,RAILWAYS,Rajasthan,Ministry of Railways,32,33,0,0.0,14.155967468934485,51.0,-36.844032531065515,0.0,9.0,14.0,38.53999999999999,-273.44000000000005,-221.92,3.0,1.4848484848484849,1,1,0,82,0,0,0,0,0,1,1,1,1,1,1
P-611861,2025-08,Railways,"Multi-States (Haryana, Rajasthan)",Ministry of Railways,30,22,0,0.0,69.91761363636364,63.0,6.91761363636364,4.0,12.0,33.0,7.100000000000023,76.45000000000002,129.16000000000003,4.0,1.6818181818181819,0,2,0,90,0,0,0,0,0,1,1,1,1,1,1
P-611861,2025-09,Railways,"Multi-States (Haryana, Rajasthan)",Ministry of Railways,31,21,0,0.0,73.33806818181817,65.0,8.338068181818173,2.0,12.0,34.0,12.039999999999964,78.76999999999998,115.76999999999998,4.0,1.6666666666666667,0,2,0,82,0,0,0,0,0,1,1,1,1,1,1
P-611861,2025-10,Railways,"Multi-States (Haryana, Rajasthan)",Ministry of Railways,32,20,0,0.0,77.2528409090909,65.0,12.252840909090907,0.0,6.0,34.0,13.78000000000003,32.920000000000016,113.28,2.0,1.75,1,2,0,90,0,0,0,0,0,1,1,1,1,1,1
P-611864,2025-01,Coal,Jharkhand,Ministry of Coal,24,62,0,0.0,9.712476787516982,24.69,-14.97752321248302,,,,,,,,1.2146774193548386,0,0,0,92,0,0,0,0,0,1,1,1,1,1,1
P-611864,2025-02,Coal,Jharkhand,Ministry of Coal,25,61,0,0.0,9.91188603761357,24.69,-14.778113962386431,0.0,,,8.0,,,,1.2345901639344263,1,0,0,92,0,0,0,0,0,1,1,1,1,1,1
P-611864,2025-03,Coal,Jharkhand,Ministry of Coal,26,60,0,0.0,9.91188603761357,25.0,-15.08811396238643,0.3099999999999987,,,0.0,,,,1.25,2,0,0,92,0,0,0,0,0,1,1,1,1,1,1
P-611864,2025-04,Coal,Jharkhand,Ministry of Coal,27,59,0,0.0,9.91188603761357,25.0,-15.08811396238643,0.0,0.3099999999999987,,0.0,8.0,,0.1033333333333329,1.271186440677966,3,0,0,88,0,0,0,0,0,1,1,1,1,1,1
P-611864,2025-05,Coal,Jharkhand,Ministry of Coal,28,58,0,0.0,9.91188603761357,25.0,-15.08811396238643,0.0,0.3099999999999987,,0.0,0.0,,0.1033333333333329,1.293103448275862,4,0,0,88,0,0,0,0,0,1,1,1,1,1,1
P-611864,2025-06,Coal,Jharkhand,Ministry of Coal,29,57,0,0.0,9.932824008873713,25.1,-15.167175991126289,0.10000000000000142,0.10000000000000142,,0.8400000000000318,0.8400000000000318,,0.033333333333333805,1.3140350877192983,5,0,0,92,0,0,0,0,0,1,1,1,1,1,1
P-611864,2025-07,Coal,Jharkhand,Ministry of Coal,30,56,0,0.0,9.933073270436333,28.0,-18.06692672956367,2.8999999999999986,3.0,3.3099999999999987,0.009999999999990905,0.8500000000000227,8.850000000000023,1.0,1.2857142857142858,0,0,0,74,0,0,0,0,0,1,1,1,1,1,1
P-611864,2025-08,Coal,Jharkhand,Ministry of Coal,31,55,0,0.0,9.933073270436333,28.0,-18.06692672956367,0.0,3.0,3.3099999999999987,0.0,0.8500000000000227,0.8500000000000227,1.0,1.309090909090909,1,0,0,86,0,0,0,0,0,1,1,1,1,1,1
P-611864,2025-09,Coal,Jharkhand,Ministry of Coal,32,54,0,0.0,10.082380946446154,28.0,-17.917619053553846,0.0,2.8999999999999986,3.0,5.990000000000009,6.0,6.840000000000032,0.9666666666666662,1.3333333333333333,2,0,0,82,0,0,0,0,0,1,1,1,1,1,1
P-611864,2025-10,Coal,Jharkhand,Ministry of Coal,33,53,0,0.0,10.082380946446154,28.0,-17.917619053553846,0.0,0.0,3.0,0.0,5.990000000000009,6.840000000000032,0.0,1.3584905660377358,3,0,0,86,0,0,0,0,0,1,1,1,1,1,1
P-611884,2025-08,RAILWAYS,Haryana,Ministry of Railways,30,30,0,0.0,40.63481953290871,59.0,-18.365180467091292,2.0,15.0,19.0,4.059999999999974,79.98999999999998,126.93999999999998,5.0,1.3666666666666667,0,2,0,90,0,0,0,0,0,1,1,1,1,1,1
P-611884,2025-09,RAILWAYS,Haryana,Ministry of Railways,31,29,0,0.0,44.339702760084926,65.0,-20.660297239915074,6.0,10.0,25.0,17.450000000000017,87.66,130.88,3.3333333333333335,1.206896551724138,0,2,0,82,0,0,0,0,0,1,1,1,1,1,1
P-611884,2025-10,RAILWAYS,Haryana,Ministry of Railways,32,28,0,0.0,45.67091295116773,65.0,-19.32908704883227,0.0,8.0,24.0,6.27000000000001,27.78,118.00000000000001,2.6666666666666665,1.25,1,2,0,90,0,0,0,0,0,1,1,1,1,1,1
P-611917,2025-08,Energy Storage,Haryana,Ministry of Petroleum & Natural Gas,41,10,15,73.50514050719671,42.37074550453496,70.0,-27.62925449546504,0.0,4.400000000000006,12.299999999999997,28.689999999999827,158.66999999999996,317.2599999999999,1.4666666666666686,3.0,1,0,2,90,0,0,0,0,0,1,1,1,1,1,1
P-611917,2025-09,Energy Storage,Haryana,Ministry of Petroleum & Natural Gas,42,9,15,73.50514050719671,44.21040988528269,72.0,-27.789590114717313,2.0,3.700000000000003,11.899999999999999,46.570000000000164,188.30000000000007,243.68000000000006,1.2333333333333343,3.111111111111111,0,0,2,82,0,0,0,0,0,1,1,1,1,1,1
P-611917,2025-10,Energy Storage,Haryana,Ministry of Petroleum & Natural Gas,43,8,15,73.50514050719671,54.56025029232374,74.0,-19.439749707676263,2.0,4.0,10.100000000000001,262.0,337.26,476.72,1.3333333333333333,3.25,0,0,2,90,0,0,1,0,0,1,1,1,1,1,1
P-611918,2025-07,Railways,Gujarat,Ministry of Railways,36,20,0,0.0,4.273504273504273,0.0,4.273504273504273,,,,,,,,5.0,0,0,0,98,0,0,0,0,0,1,1,1,1,1,1
P-611918,2025-08,Railways,Gujarat,Ministry of Railways,37,19,0,0.0,4.273504273504273,8.0,-3.7264957264957266,8.0,,,0.0,,,,4.842105263157895,0,0,0,98,0,0,0,0,0,1,1,1,1,1,1
P-611918,2025-09,Railways,Gujarat,Ministry of Railways,26,18,0,0.0,4.273504273504273,8.0,-3.7264957264957266,0.0,,,0.0,,,,5.111111111111111,1,0,0,86,0,0,0,0,0,1,1,1,1,1,1
P-611918,2025-10,Railways,Gujarat,Ministry of Railways,27,17,0,0.0,4.333333333333333,8.0,-3.666666666666667,0.0,8.0,,0.28000000000000114,0.28000000000000114,,2.6666666666666665,5.411764705882353,2,0,0,98,0,0,0,0,0,1,1,1,1,1,1
P-611927,2025-07,Railways,Andhra Pradesh,Ministry of Railways,93,-19,0,0.0,49.34013411328293,65.0,-15.659865886717071,,,,,,,,35.0,0,0,0,98,0,0,0,0,0,1,1,1,1,1,1
P-611927,2025-08,Railways,Andhra Pradesh,Ministry of Railways,139,-20,0,0.0,49.34013411328293,65.0,-15.659865886717071,0.0,,,0.0,,,,35.0,1,0,0,94,0,0,0,0,0,1,1,1,1,1,1
P-611927,2025-09,Railways,Andhra Pradesh,Ministry of Railways,140,-21,0,0.0,49.34013411328293,65.0,-15.659865886717071,0.0,,,0.0,,,,35.0,2,0,0,86,0,0,0,0,0,1,1,1,1,1,1
P-611927,2025-10,Railways,Andhra Pradesh,Ministry of Railways,141,-22,0,0.0,49.34013411328293,65.0,-15.659865886717071,0.0,0.0,,0.0,0.0,,0.0,35.0,3,0,0,94,0,0,0,0,0,1,1,1,1,1,1
P-611929,2025-07,Railways,Rajasthan,Ministry of Railways,25,-7,0,0.0,0.0,0.0,0.0,,,,,,,,100.0,0,0,0,98,0,0,0,0,0,1,1,1,1,1,1
P-611929,2025-08,Railways,Rajasthan,Ministry of Railways,26,-8,0,0.0,0.0,0.0,0.0,0.0,,,0.0,,,,100.0,1,0,0,94,0,0,0,0,0,1,1,1,1,1,1
P-611929,2025-09,Railways,Rajasthan,Ministry of Railways,36,-9,0,0.0,0.0,0.0,0.0,0.0,,,0.0,,,,100.0,2,0,0,86,0,0,0,0,0,1,1,1,1,1,1
P-611929,2025-10,Railways,Rajasthan,Ministry of Railways,37,-10,0,0.0,0.0,0.0,0.0,0.0,0.0,,0.0,0.0,,0.0,100.0,3,0,0,94,0,0,0,0,0,1,1,1,1,1,1
P-611930,2025-01,Electricity Generation,Chhattisgarh,Ministry of Power,17,41,0,0.0,7.594204764971025,5.5,2.0942047649710247,,,,,,,,2.3048780487804876,0,0,0,92,0,0,0,0,0,1,1,1,1,1,1
P-611930,2025-02,Electricity Generation,Chhattisgarh,Ministry of Power,18,40,0,0.0,7.594204764971025,5.5,2.0942047649710247,0.0,,,0.0,,,,2.3625,1,0,0,88,0,0,0,0,0,1,1,1,1,1,1
P-611930,2025-03,Electricity Generation,Chhattisgarh,Ministry of Power,19,39,0,0.0,10.523824855119125,6.5,4.023824855119125,1.0,,,454.9699999999998,,,,2.3974358974358974,0,0,0,92,0,0,0,0,0,1,1,1,1,1,1
P-611930,2025-04,Electricity Generation,Chhattisgarh,Ministry of Power,20,38,0,0.0,10.537347070186735,6.5,4.037347070186735,0.0,1.0,,2.1000000000001364,457.06999999999994,,0.3333333333333333,2.460526315789474,1,0,0,92,0,0,0,0,0,1,1,1,1,1,1
P-611930,2025-05,Electricity Generation,Chhattisgarh,Ministry of Power,21,37,0,0.0,10.537347070186735,6.5,4.037347070186735,0.0,1.0,,0.0,457.06999999999994,,0.3333333333333333,2.527027027027027,2,0,0,88,0,0,0,0,1,1,1,1,1,1,1
P-611930,2025-06,Electricity Generation,Chhattisgarh,Ministry of Power,22,36,0,0.0,13.683129426915645,6.5,7.183129426915645,0.0,0.0,,488.53999999999974,490.6399999999999,,0.0,2.5972222222222223,3,0,0,92,0,0,,0,1,1,1,1,0,1,1
P-611930,2025-07,Electricity Generation,Chhattisgarh,Ministry of Power,23,35,0,0.0,14.732775273663876,14.0,0.7327752736638757,7.5,7.5,8.5,163.01000000000022,651.55,1108.62,2.5,2.4571428571428573,0,0,0,74,0,0,,0,1,1,1,1,0,1,1
P-611930,2025-08,Electricity Generation,Chhattisgarh,Ministry of Power,24,34,0,0.0,15.96909207984546,16.0,-0.030907920154540136,2.0,9.5,10.5,192.0,843.55,1300.62,3.1666666666666665,2.4705882352941178,0,0,0,90,0,0,,1,1,1,1,1,0,1,1
P-611930,2025-09,Electricity Generation,Chhattisgarh,Ministry of Power,25,33,0,0.0,18.10688989053445,15.0,3.1068898905344504,-1.0,8.5,8.5,332.0,687.0100000000002,1177.65,2.8333333333333335,2.5757575757575757,0,0,0,82,0,,,1,1,1,1,0,0,1,1
P-611930,2025-10,Electricity Generation,Chhattisgarh,Ministry of Power,26,32,0,0.0,18.506117192530585,18.0,0.506117192530585,3.0,4.0,11.5,62.0,586.0,1237.55,1.3333333333333333,2.5625,0,0,0,90,0,,,1,1,1,1,0,0,1,1
P-611943,2025-08,Railways,Gujarat,Ministry of Railways,30,29,0,0.0,1.4624872032369718,4.0,-2.5375127967630284,0.0,2.0,2.0,0.0,0.11000000000000032,-27.590000000000003,0.6666666666666666,3.310344827586207,1,2,0,86,0,0,0,0,0,1,1,1,1,1,1
P-611943,2025-09,Railways,Gujarat,Ministry of Railways,31,28,0,0.0,1.4624872032369718,4.0,-2.5375127967630284,0.0,2.0,2.0,0.0,0.11000000000000032,-27.630000000000003,0.6666666666666666,3.4285714285714284,2,2,0,78,0,0,0,0,0,1,1,1,1,1,1
P-611943,2025-10,Railways,Gujarat,Ministry of Railways,32,27,0,0.0,1.6087359235606689,4.0,-2.391264076439331,0.0,0.0,2.0,0.5999999999999996,0.5999999999999996,-27.03,0.0,3.5555555555555554,3,2,0,90,0,0,1,0,0,1,1,1,1,1,1
P-611944,2025-07,Railways,Gujarat,Ministry of Railways,29,8,0,0.0,13.119916032537391,68.0,-54.88008396746261,,,,,,,,4.0,0,0,0,90,0,0,0,0,0,1,1,1,1,1,1
P-611945,2025-01,Railways,Gujarat,Ministry of Railways,,11,0,51.6641975308642,20.076842927845792,7.0,13.076842927845792,,,,,,,,8.454545454545455,0,0,0,92,0,0,,0,0,1,1,1,0,1,1
P-611945,2025-02,Railways,Gujarat,Ministry of Railways,33,10,-53,51.6641975308642,20.076842927845792,7.0,13.076842927845792,0.0,,,0.0,,,,9.3,1,0,0,80,0,0,,0,0,1,1,1,0,1,1
P-611945,2025-03,Railways,Gujarat,Ministry of Railways,,9,0,51.6641975308642,26.204740817921333,8.0,18.204740817921333,1.0,,,18.820000000000007,,,,10.222222222222221,0,0,0,84,0,0,,0,0,1,1,1,0,1,1
P-611945,2025-04,Railways,Gujarat,Ministry of Railways,35,8,-53,51.6641975308642,26.207996874185984,8.0,18.207996874185984,0.0,1.0,,0.009999999999990905,18.83,,0.3333333333333333,11.5,1,0,0,80,0,,,0,0,1,1,0,0,1,1
P-611945,2025-05,Railways,Gujarat,Ministry of Railways,36,7,-53,51.6641975308642,26.413128418859078,8.0,18.413128418859078,0.0,1.0,,0.6300000000000097,19.460000000000008,,0.3333333333333333,13.142857142857142,2,0,0,84,0,,,0,0,1,1,0,0,1,1
P-611945,2025-06,Railways,Gujarat,Ministry of Railways,37,6,-53,51.6641975308642,26.621516019796825,8.0,18.621516019796825,0.0,0.0,,0.6400000000000006,1.2800000000000011,,0.0,15.333333333333334,3,0,0,92,0,,,0,0,1,1,0,0,1,1
P-611945,2025-07,Railways,Gujarat,Ministry of Railways,38,58,0,0.0,26.7005307544528,8.0,18.7005307544528,0.0,0.0,1.0,0.23999999999999488,1.5100000000000051,20.340000000000003,0.0,1.5862068965517242,4,1,0,74,0,,,0,0,1,1,0,0,1,1
P-611945,2025-08,Railways,Gujarat,Ministry of Railways,39,57,0,0.0,26.7005307544528,17.0,9.7005307544528,9.0,9.0,10.0,0.0,0.8799999999999955,20.340000000000003,3.0,1.456140350877193,0,1,0,90,0,0,0,0,0,1,1,1,1,1,1
P-611945,2025-09,Railways,Gujarat,Ministry of Railways,40,56,0,0.0,26.7005307544528,17.0,9.7005307544528,0.0,9.0,9.0,0.0,0.23999999999999488,1.519999999999996,3.0,1.4821428571428572,1,1,0,78,0,0,0,0,0,1,1,1,1,1,1
P-611945,2025-10,Railways,Gujarat,Ministry of Railways,41,55,0,0.0,4.421868385920354,17.0,-12.578131614079645,0.0,9.0,9.0,-68.42,-68.42,-66.91,3.0,1.509090909090909,2,1,0,78,0,0,0,0,0,1,1,1,1,1,1
P-611947,2025-08,Electricity Generation,Rajasthan,Ministry of Power,21,4,6,0.0,42.00093392481905,51.0,-8.999066075180949,5.0,9.0,45.0,72.82,128.46999999999997,179.89,3.0,12.25,0,2,0,90,0,1,1,0,0,1,1,1,1,1,1
P-611947,2025-09,Electricity Generation,Rajasthan,Ministry of Power,22,3,6,0.0,47.99906607518095,54.0,-6.000933924819051,3.0,9.0,34.0,25.690000000000026,119.98000000000002,205.58,3.0,15.333333333333334,0,2,0,82,0,1,1,0,0,1,1,1,1,1,1
P-611947,2025-10,Electricity Generation,Rajasthan,Ministry of Power,23,5,9,0.0,67.99906607518095,73.0,-5.000933924819051,19.0,27.0,38.0,85.66,184.17000000000002,291.24,9.0,5.4,0,3,0,90,0,0,1,0,0,1,1,1,1,1,1
P-611948,2025-08,Electricity Generation,Rajasthan,Ministry of Power,22,4,8,0.0,82.1900338716315,80.0,2.190033871631499,8.0,19.1,31.0,36.930000000000064,265.6600000000001,911.83,6.366666666666667,5.0,0,3,0,90,0,1,1,0,0,1,1,1,1,1,1
P-611948,2025-09,Electricity Generation,Rajasthan,Ministry of Power,23,3,8,0.0,84.99970605393231,84.0,0.9997060539323144,4.0,14.599999999999994,31.0,62.12999999999988,177.31999999999994,855.9599999999999,4.8666666666666645,5.333333333333333,0,3,0,82,0,1,1,0,0,1,1,1,1,1,1
P-611948,2025-10,Electricity Generation,Rajasthan,Ministry of Power,24,3,9,0.0,87.99976484314585,88.0,-0.00023515685414565723,4.0,16.0,31.0,66.34000000000015,165.4000000000001,718.3,5.333333333333333,4.0,0,4,0,90,0,1,1,0,0,1,1,1,1,1,1
P-611949,2025-08,Electricity Generation,Rajasthan,Ministry of Power,22,2,6,0.0,69.47973853297847,83.0,-13.520261467021527,4.0,9.400000000000006,27.0,46.69999999999982,178.8699999999999,460.3899999999999,3.133333333333335,8.5,0,0,0,90,0,,,0,0,1,1,0,0,1,1
P-611949,2025-09,Electricity Generation,Rajasthan,Ministry of Power,23,6,11,0.0,74.99972160666363,85.0,-10.000278393336373,2.0,7.700000000000003,25.0,99.1400000000001,197.56999999999994,473.53,2.5666666666666678,2.5,0,1,0,82,0,,,0,0,1,1,0,0,1,1
P-611949,2025-10,Electricity Generation,Rajasthan,Ministry of Power,24,5,11,0.0,79.99966592799635,89.0,-9.000334072003653,4.0,10.0,22.0,89.79999999999995,235.63999999999987,507.3299999999999,3.3333333333333335,2.2,0,1,0,90,0,1,1,0,0,1,1,1,1,1,1
P-611950,2025-07,Electricity Generation,Rajasthan,Ministry of Power,22,5,8,0.0,79.45985921279684,77.0,2.459859212796843,,,,,,,,4.6,0,0,0,98,0,0,1,0,0,1,1,1,1,1,1
P-611951,2025-01,Electricity Generation,Rajasthan,Ministry of Power,17,2,1,0.0,38.330865057931874,72.0,-33.669134942068126,,,,,,,,14.0,0,0,0,92,0,1,1,0,0,1,1,1,1,1,1
P-611951,2025-02,Electricity Generation,Rajasthan,Ministry of Power,18,2,2,0.0,45.73569126230508,87.0,-41.26430873769492,15.0,,,51.0,,,,6.5,0,1,0,92,0,1,1,0,0,1,1,1,1,1,1
P-611951,2025-03,Electricity Generation,Rajasthan,Ministry of Power,19,1,2,0.0,47.91358132241484,89.0,-41.08641867758516,2.0,,,15.0,,,,11.0,0,1,0,92,0,1,1,0,0,1,1,1,1,1,1
P-611951,2025-04,Electricity Generation,Rajasthan,Ministry of Power,20,5,7,0.0,59.67418764700758,91.0,-31.325812352992422,2.0,19.0,,81.0,147.0,,6.333333333333333,1.8,0,2,0,92,0,0,1,0,0,1,1,1,1,1,1
P-611951,2025-05,Electricity Generation,Rajasthan,Ministry of Power,21,4,7,0.0,73.61268403171007,92.0,-18.387315968289926,1.0,5.0,,96.0,192.0,,1.6666666666666667,2.0,0,2,0,92,0,0,1,0,0,1,1,1,1,1,1
P-611951,2025-06,Electricity Generation,Rajasthan,Ministry of Power,22,3,7,0.0,82.00046461654615,93.0,-10.999535383453846,1.0,4.0,,57.76999999999998,234.76999999999998,,1.3333333333333333,2.3333333333333335,0,2,0,92,0,0,1,0,0,1,1,1,1,1,1
P-611951,2025-07,Electricity Generation,Rajasthan,Ministry of Power,23,2,7,0.0,84.99869326596392,93.0,-8.001306734036078,0.0,2.0,21.0,20.649999999999977,174.41999999999996,321.41999999999996,0.6666666666666666,3.5,1,2,0,82,0,1,1,0,0,1,1,1,1,1,1
P-611951,2025-08,Electricity Generation,Rajasthan,Ministry of Power,44,1,7,0.0,85.2890786073119,96.0,-10.710921392688107,3.0,4.0,9.0,2.0,80.41999999999996,272.41999999999996,1.3333333333333333,4.0,0,2,0,90,0,1,1,0,0,1,1,1,1,1,1
P-611951,2025-09,Electricity Generation,Rajasthan,Ministry of Power,45,0,7,0.0,91.96794145831517,97.0,-5.032058541684833,1.0,4.0,8.0,46.0,68.64999999999998,303.41999999999996,1.3333333333333333,3.0,0,2,0,82,0,1,1,0,0,1,1,1,1,1,1
P-611957,2025-07,Education,Madhya Pradesh,Department of Higher Education,20,17,0,0.0,27.927782703312648,30.0,-2.072217296687352,,,,,,,,4.117647058823529,0,0,0,98,0,,,0,0,1,1,0,0,1,1
P-611957,2025-08,Education,Madhya Pradesh,Department of Higher Education,21,16,0,0.0,29.00580317562666,35.0,-5.99419682437334,5.0,,,5.349999999999994,,,,4.0625,0,0,0,98,0,,,0,0,1,1,0,0,1,1
P-611957,2025-09,Education,Madhya Pradesh,Department of Higher Education,21,17,0,0.0,7.781897316031272,36.0,-28.218102683968727,1.0,,,-105.32999999999998,,,,3.764705882352941,0,1,0,78,0,,,0,0,1,1,0,0,1,1
P-611957,2025-10,Education,Madhya Pradesh,Department of Higher Education,22,16,0,0.0,7.781897316031272,37.0,-29.218102683968727,1.0,7.0,,0.0,-99.97999999999999,,2.3333333333333335,3.9375,0,1,0,98,0,0,0,0,0,1,1,1,1,1,1
P-611963,2025-07,Education,Uttarakhand,Department of Higher Education,15,26,0,0.0,19.97388031036337,24.0,-4.02611968963663,,,,,,,,2.923076923076923,0,0,0,98,0,0,0,0,0,1,1,1,1,1,1
P-611963,2025-08,Education,Uttarakhand,Department of Higher Education,62,25,0,0.0,30.04071598678651,24.0,6.040715986786509,0.0,,,65.52000000000001,,,,3.04,1,0,0,98,0,0,0,0,0,1,1,1,1,1,1
P-611963,2025-09,Education,Uttarakhand,Department of Higher Education,63,24,0,0.0,30.04071598678651,30.0,0.040715986786509006,6.0,,,0.0,,,,2.9166666666666665,0,0,0,90,0,0,0,0,0,1,1,1,1,1,1
P-611963,2025-10,Education,Uttarakhand,Department of Higher Education,64,23,0,0.0,30.04071598678651,33.0,-2.959284013213491,3.0,9.0,,0.0,65.52000000000001,,3.0,2.9130434782608696,0,0,0,98,0,0,0,0,0,1,1,1,1,1,1
P-611966,2025-08,Electricity Generation,Maharashtra,Ministry of Power,21,4,5,0.0,10.97990285637895,10.0,0.9799028563789491,1.0,4.0,7.0,2.1999999999999993,22.0,24.64,1.3333333333333333,22.5,0,3,0,90,0,1,1,0,0,1,1,1,1,1,1
P-611966,2025-09,Electricity Generation,Maharashtra,Ministry of Power,22,3,5,0.0,11.496813867474712,12.0,-0.503186132525288,2.0,5.0,9.0,1.1600000000000001,10.120000000000001,25.8,1.6666666666666667,29.333333333333332,0,3,0,82,0,1,1,0,0,1,1,1,1,1,1
P-611966,2025-10,Electricity Generation,Maharashtra,Ministry of Power,23,5,8,0.0,14.999331580589098,18.0,-3.0006684194109017,6.0,9.0,13.0,7.859999999999996,11.219999999999995,33.66,3.0,16.4,0,4,0,90,0,0,1,0,0,1,1,1,1,1,1
P-611967,2025-08,Electricity Generation,Andhra Pradesh,Ministry of Power,23,8,7,0.0,68.94985945270643,82.0,-13.050140547293566,4.0,25.299999999999997,32.0,40.710000000000036,292.27,590.1600000000001,8.433333333333332,2.25,0,1,0,90,0,,,0,0,1,1,0,0,1,1
P-611967,2025-09,Electricity Generation,Andhra Pradesh,Ministry of Power,24,6,6,0.0,73.99995194964322,84.0,-10.000048050356781,2.0,16.5,32.0,63.059999999999945,162.33999999999992,583.22,5.5,2.6666666666666665,0,2,0,82,0,,,0,0,1,1,0,0,1,1
P-611967,2025-10,Electricity Generation,Andhra Pradesh,Ministry of Power,25,5,6,0.0,79.99983983214409,87.0,-7.00016016785591,3.0,9.0,34.0,74.92000000000007,178.69000000000005,580.1400000000001,3.0,2.6,0,2,0,90,0,0,1,0,0,1,1,1,1,1,1
P-611970,2025-01,Railways,Gujarat,Ministry of Railways,,18,0,66.92487795157913,11.283704134771774,12.0,-0.7162958652282256,,,,,,,,4.888888888888889,0,0,0,92,0,0,,0,0,1,1,1,0,1,1
P-611970,2025-02,Railways,Gujarat,Ministry of Railways,24,17,-44,66.92487795157913,11.283704134771774,12.0,-0.7162958652282256,0.0,,,0.0,,,,5.176470588235294,1,0,0,80,0,0,,0,0,1,1,1,0,1,1
P-611970,2025-03,Railways,Gujarat,Ministry of Railways,25,16,-44,66.92487795157913,12.149156184251758,12.0,0.14915618425175836,0.0,,,5.799999999999997,,,,5.5,2,0,0,92,0,0,,0,0,1,1,1,0,1,1
P-611970,2025-04,Railways,Gujarat,Ministry of Railways,26,15,-44,0.0253731343283521,13.326469403285735,12.0,1.326469403285735,0.0,0.0,,7.890000000000001,13.689999999999998,,0.0,5.866666666666666,3,0,0,84,0,,,0,0,1,1,0,0,1,1
P-611970,2025-05,Railways,Gujarat,Ministry of Railways,27,14,-44,0.0253731343283521,15.188683468373696,12.0,3.1886834683736964,0.0,0.0,,12.480000000000004,26.17,,0.0,6.285714285714286,4,0,0,84,0,,,0,0,1,1,0,0,1,1
P-611970,2025-06,Railways,Gujarat,Ministry of Railways,28,13,-44,0.0253731343283521,15.188683468373696,12.0,3.1886834683736964,0.0,0.0,,0.0,20.370000000000005,,0.0,6.769230769230769,5,0,0,88,0,,,0,0,1,1,0,0,1,1
P-611970,2025-07,Railways,Gujarat,Ministry of Railways,29,56,0,0.0,15.220018801199696,12.0,3.2200188011996964,0.0,0.0,0.0,0.20999999999999375,12.689999999999998,26.379999999999995,0.0,1.5714285714285714,6,1,0,74,0,,,0,0,1,1,0,0,1,1
P-611970,2025-08,Railways,Gujarat,Ministry of Railways,30,55,0,0.0,15.220018801199696,12.0,3.2200188011996964,0.0,0.0,0.0,0.0,0.20999999999999375,26.379999999999995,0.0,1.6,7,1,0,86,0,0,0,0,0,1,1,1,1,1,1
P-611970,2025-09,Railways,Gujarat,Ministry of Railways,31,54,0,0.0,15.220018801199696,12.0,3.2200188011996964,0.0,0.0,0.0,0.0,0.20999999999999375,20.58,0.0,1.6296296296296295,8,1,0,78,0,0,0,0,0,1,1,1,1,1,1
P-611970,2025-10,Railways,Gujarat,Ministry of Railways,32,53,0,0.0,6.684871002879866,12.0,-5.315128997120134,0.0,0.0,0.0,-57.2,-57.2,-44.510000000000005,0.0,1.6603773584905661,9,1,0,78,0,0,0,0,0,1,1,1,1,1,1
P-611971,2025-01,Railways,Gujarat,Ministry of Railways,,11,0,61.46640826873385,22.601663189780812,25.0,-2.398336810219188,,,,,,,,6.818181818181818,0,0,0,92,0,0,,0,0,1,1,1,0,1,1
P-611971,2025-02,Railways,Gujarat,Ministry of Railways,33,10,-51,61.46640826873385,22.601663189780812,25.0,-2.398336810219188,0.0,,,0.0,,,,7.5,1,0,0,80,0,0,,0,0,1,1,1,0,1,1
P-611971,2025-03,Railways,Gujarat,Ministry of Railways,,9,0,61.46640826873385,23.90763867059126,25.0,-1.0923613294087389,0.0,,,4.569999999999993,,,,8.333333333333334,2,0,0,84,0,0,,0,0,1,1,1,0,1,1
P-611971,2025-04,Railways,Gujarat,Ministry of Railways,35,8,-51,61.46640826873385,24.642071271397135,25.0,-0.3579287286028645,0.0,0.0,,2.5700000000000074,7.140000000000001,,0.0,9.375,3,0,0,84,0,,,0,0,1,1,0,0,1,1
P-611971,2025-05,Railways,Gujarat,Ministry of Railways,36,7,-51,61.46640826873385,24.70779870259766,25.0,-0.2922012974023396,0.0,0.0,,0.22999999999998977,7.36999999999999,,0.0,10.714285714285714,4,0,0,84,0,,,0,0,1,1,0,0,1,1
P-611971,2025-06,Railways,Gujarat,Ministry of Railways,37,6,-51,61.46640826873385,24.70779870259766,25.0,-0.2922012974023396,0.0,0.0,,0.0,2.799999999999997,,0.0,12.5,5,0,0,88,0,,,0,0,1,1,0,0,1,1
P-611971,2025-07,Railways,Gujarat,Ministry of Railways,38,56,0,-0.01999999999999805,24.862115280198896,32.0,-7.137884719801104,7.0,7.0,7.0,0.5400000000000063,0.769999999999996,7.909999999999997,2.3333333333333335,1.2142857142857142,0,1,0,74,0,,,0,0,1,1,0,0,1,1
P-611971,2025-08,Railways,Gujarat,Ministry of Railways,39,55,0,-0.01999999999999805,24.862115280198896,31.0,-6.137884719801104,-1.0,6.0,6.0,0.0,0.5400000000000063,7.909999999999997,2.0,1.2545454545454546,0,1,0,90,0,0,0,0,0,1,1,1,1,1,1
P-611971,2025-09,Railways,Gujarat,Ministry of Railways,40,54,0,-0.01999999999999805,24.862115280198896,31.0,-6.137884719801104,0.0,6.0,6.0,0.0,0.5400000000000063,3.3400000000000034,2.0,1.2777777777777777,1,1,0,78,0,0,0,0,0,1,1,1,1,1,1
P-611971,2025-10,Railways,Gujarat,Ministry of Railways,41,53,0,-0.01999999999999805,19.355299631354843,31.0,-11.644700368645157,0.0,-1.0,6.0,-19.269999999999996,-19.269999999999996,-18.5,-0.3333333333333333,1.3018867924528301,2,1,0,78,0,0,0,0,0,1,1,1,1,1,1
P-611974,2025-07,Railways,Gujarat,Ministry of Railways,23,17,0,0.0,0.0,0.0,0.0,,,,,,,,5.882352941176471,0,0,0,90,0,,,0,0,1,1,0,0,1,1
P-611974,2025-08,Railways,Gujarat,Ministry of Railways,24,16,0,0.0,0.0,0.0,0.0,0.0,,,0.0,,,,6.25,1,0,0,86,0,,,0,0,1,1,0,0,1,1
P-611974,2025-09,Railways,Gujarat,Ministry of Railways,25,15,0,0.0,0.0,0.0,0.0,0.0,,,0.0,,,,6.666666666666667,2,0,0,78,0,,,0,0,1,1,0,0,1,1
P-611974,2025-10,Railways,Gujarat,Ministry of Railways,26,20,6,0.0,15.392307692307693,20.0,-4.607692307692307,20.0,20.0,,220.11,220.11,,6.666666666666667,4.0,0,1,0,82,0,,,0,0,1,1,0,0,1,1
P-611977,2025-07,Railways,Gujarat,Ministry of Railways,29,-5,0,0.0,22.318275154004105,0.0,22.318275154004105,,,,,,,,100.0,0,0,0,98,0,0,0,0,0,1,1,1,1,1,1
P-611977,2025-08,Railways,Gujarat,Ministry of Railways,30,-6,0,0.0,22.318275154004105,0.0,22.318275154004105,0.0,,,0.0,,,,100.0,1,0,0,94,0,0,0,0,0,1,1,1,1,1,1
P-611977,2025-09,Railways,Gujarat,Ministry of Railways,40,-7,0,0.0,22.318275154004105,0.0,22.318275154004105,0.0,,,0.0,,,,100.0,2,0,0,86,0,0,0,0,0,1,1,1,1,1,1
P-611977,2025-10,Railways,Gujarat,Ministry of Railways,41,-8,0,0.0,22.318275154004105,0.0,22.318275154004105,0.0,0.0,,0.0,0.0,,0.0,100.0,3,0,0,94,0,0,0,0,0,1,1,1,1,1,1
P-611978,2025-07,Railways,Gujarat,Ministry of Railways,28,-4,0,0.0,29.943037974683545,0.0,29.943037974683545,,,,,,,,100.0,0,0,0,98,0,0,0,0,0,1,1,1,1,1,1
P-611978,2025-08,Railways,Gujarat,Ministry of Railways,29,-5,0,0.0,29.943037974683545,0.0,29.943037974683545,0.0,,,0.0,,,,100.0,1,0,0,94,0,0,0,0,0,1,1,1,1,1,1
P-611978,2025-09,Railways,Gujarat,Ministry of Railways,34,-6,0,0.0,29.943037974683545,0.0,29.943037974683545,0.0,,,0.0,,,,100.0,2,0,0,86,0,0,0,0,0,1,1,1,1,1,1
P-611978,2025-10,Railways,Gujarat,Ministry of Railways,35,-7,0,0.0,29.943037974683545,0.0,29.943037974683545,0.0,0.0,,0.0,0.0,,0.0,100.0,3,0,0,94,0,0,0,0,0,1,1,1,1,1,1
P-611979,2025-07,Railways,Gujarat,Ministry of Railways,27,-1,0,0.0,0.0,0.0,0.0,,,,,,,,100.0,0,0,0,90,0,0,,0,0,1,1,1,0,1,1
P-611979,2025-08,Railways,Gujarat,Ministry of Railways,28,-2,0,0.0,0.0,0.0,0.0,0.0,,,0.0,,,,100.0,1,0,0,86,0,,,0,0,1,1,0,0,1,1
P-611979,2025-09,Railways,Gujarat,Ministry of Railways,32,-3,0,0.0,0.0,0.0,0.0,0.0,,,0.0,,,,100.0,2,0,0,78,0,,,0,0,1,1,0,0,1,1
P-611979,2025-10,Railways,Gujarat,Ministry of Railways,33,-4,0,0.0,0.0,0.0,0.0,0.0,0.0,,0.0,0.0,,0.0,100.0,3,0,0,86,0,,,0,0,1,1,0,0,1,1
P-612072,2025-01,Railways,Gujarat,Ministry of Railways,23,25,-1,0.0,7.652313163559225,2.5,5.152313163559225,,,,,,,,3.9,0,0,0,92,0,0,1,0,0,1,1,1,1,1,1
P-612072,2025-02,Railways,Gujarat,Ministry of Railways,24,24,-1,0.0,9.23809622843595,2.5,6.73809622843595,0.0,,,15.25,,,,4.0625,1,0,0,92,0,0,1,0,0,1,1,1,1,1,1
P-612072,2025-03,Railways,Gujarat,Ministry of Railways,25,23,-1,0.0,11.184709931681347,2.5,8.684709931681347,0.0,,,18.72,,,,4.239130434782608,2,0,0,92,0,1,1,0,0,1,1,1,1,1,1
P-612072,2025-04,Railways,Gujarat,Ministry of Railways,26,22,-1,0.0,11.311572576871484,16.0,-4.688427423128516,13.5,13.5,,1.2199999999999989,35.19,,4.5,3.8181818181818183,0,0,0,84,0,1,1,0,0,1,1,1,1,1,1
P-612072,2025-05,Railways,Gujarat,Ministry of Railways,27,21,-1,0.0,10.72509280730396,16.0,-5.274907192696039,0.0,13.5,,-5.640000000000001,14.299999999999997,,4.5,4.0,1,0,0,72,0,1,1,0,0,1,1,1,1,1,1
P-612072,2025-06,Railways,Gujarat,Ministry of Railways,28,21,0,0.0,10.726132665051422,16.0,-5.273867334948578,0.0,13.5,,0.010000000000005116,-4.409999999999997,,4.5,4.0,2,1,0,92,0,0,1,0,0,1,1,1,1,1,1
P-612072,2025-07,Railways,Gujarat,Ministry of Railways,29,20,0,0.0,13.791633304563936,16.0,-2.208366695436064,0.0,0.0,13.5,29.47999999999999,23.849999999999994,59.03999999999999,0.0,4.2,3,1,0,74,0,1,1,0,0,1,1,1,1,1,1
P-612072,2025-08,Railways,Gujarat,Ministry of Railways,30,19,0,0.0,34.05846080256221,17.0,17.05846080256221,1.0,1.0,14.5,194.89999999999998,224.39,238.68999999999997,0.3333333333333333,4.368421052631579,0,1,0,90,0,1,1,0,0,1,1,1,1,1,1
P-612072,2025-09,Railways,Gujarat,Ministry of Railways,31,18,0,0.0,34.64910000311958,17.0,17.649100003119578,0.0,1.0,14.5,5.680000000000007,230.05999999999997,225.64999999999998,0.3333333333333333,4.611111111111111,1,1,0,82,0,1,1,0,0,1,1,1,1,1,1
P-612072,2025-10,Railways,Gujarat,Ministry of Railways,32,33,16,0.0,34.93194131042873,17.0,17.931941310428734,0.0,1.0,1.0,2.7200000000000273,203.3,227.15,0.3333333333333333,2.515151515151515,2,2,0,90,0,0,0,0,0,1,1,1,1,1,1
P-612096,2025-08,Railways,West Bengal,Ministry of Railways,176,-5,-24,0.0,33.52440033085195,9.0,24.524400330851947,0.0,1.0,4.0,0.0,-13.480000000000018,9.079999999999984,0.3333333333333333,91.0,1,1,2,86,0,1,1,0,0,1,1,1,1,1,1
P-612096,2025-09,Railways,West Bengal,Ministry of Railways,177,-6,-24,0.0,33.52440033085195,9.0,24.524400330851947,0.0,1.0,3.0,0.0,-19.810000000000002,3.2800000000000296,0.3333333333333333,91.0,2,1,2,78,0,1,1,0,0,1,1,1,1,1,1
P-612096,2025-10,Railways,West Bengal,Ministry of Railways,178,-7,-24,0.0,33.52440033085195,9.0,24.524400330851947,0.0,0.0,2.0,0.0,0.0,-7.680000000000007,0.0,91.0,3,1,2,86,0,1,1,0,0,1,1,1,1,1,1
P-612128,2025-07,Education,Himachal Pradesh,Department of Higher Education,16,8,0,0.0,43.25573022920917,58.0,-14.74426977079083,,,,,,,,5.25,0,0,0,98,0,0,0,0,0,1,1,1,1,1,1
P-612128,2025-08,Education,Himachal Pradesh,Department of Higher Education,17,7,0,0.0,43.25573022920917,65.0,-21.74426977079083,7.0,,,0.0,,,,5.0,0,0,0,98,0,0,0,0,0,1,1,1,1,1,1
P-612128,2025-09,Education,Himachal Pradesh,Department of Higher Education,30,6,0,0.0,50.55202208088323,70.0,-19.447977919116767,5.0,,,12.159999999999997,,,,5.0,0,0,0,90,0,0,1,0,0,1,1,1,1,1,1
P-612128,2025-10,Education,Himachal Pradesh,Department of Higher Education,31,5,0,0.0,51.5540621624865,73.0,-21.445937837513497,3.0,15.0,,1.6700000000000017,13.829999999999998,,5.0,5.4,0,0,0,98,0,0,1,0,0,1,1,1,1,1,1
P-612132,2025-01,Electricity Generation,"Multi-States (Delhi, Rajasthan)",Ministry of Power,11,7,0,0.0,24.1,32.0,-7.899999999999999,,,,,,,,9.714285714285714,0,0,0,92,0,0,,0,0,1,1,1,0,1,1
P-612132,2025-02,Electricity Generation,"Multi-States (Delhi, Rajasthan)",Ministry of Power,12,6,0,0.0,26.75,43.0,-16.25,11.0,,,53.0,,,,9.5,0,0,0,92,0,0,,0,0,1,1,1,0,1,1
P-612132,2025-03,Electricity Generation,"Multi-States (Delhi, Rajasthan)",Ministry of Power,13,5,0,0.0,34.15,47.0,-12.850000000000001,4.0,,,148.0,,,,10.6,0,0,0,92,0,1,,0,0,1,1,1,0,1,1
P-612132,2025-04,Electricity Generation,"Multi-States (Delhi, Rajasthan)",Ministry of Power,14,4,0,0.0,41.15,50.9,-9.75,3.8999999999999986,18.9,,140.0,341.0,,6.3,12.275,0,0,0,92,0,,,0,0,1,1,0,0,1,1
P-612132,2025-05,Electricity Generation,"Multi-States (Delhi, Rajasthan)",Ministry of Power,15,3,0,0.0,41.15,51.0,-9.850000000000001,0.10000000000000142,8.0,,0.0,288.0,,2.6666666666666665,16.333333333333332,1,0,0,92,0,,,0,0,1,1,0,0,1,1
P-612132,2025-06,Electricity Generation,"Multi-States (Delhi, Rajasthan)",Ministry of Power,16,3,1,0.0,60.0,58.0,2.0,7.0,11.0,,377.0,517.0,,3.6666666666666665,14.0,0,1,0,92,0,,,0,0,1,1,0,0,1,1
P-612132,2025-07,Electricity Generation,"Multi-States (Delhi, Rajasthan)",Ministry of Power,17,10,9,0.0,65.74,59.0,6.739999999999995,1.0,8.100000000000001,27.0,114.79999999999995,491.79999999999995,832.8,2.7000000000000006,4.1,0,2,0,82,0,,,0,0,1,1,0,0,1,1
P-612132,2025-08,Electricity Generation,"Multi-States (Delhi, Rajasthan)",Ministry of Power,18,9,9,0.0,69.01,62.0,7.010000000000005,3.0,11.0,19.0,65.40000000000009,557.2,845.2,3.6666666666666665,4.222222222222222,0,2,0,90,0,1,1,0,0,1,1,1,1,1,1
P-612132,2025-09,Electricity Generation,"Multi-States (Delhi, Rajasthan)",Ministry of Power,19,8,9,0.0,71.0,65.0,6.0,3.0,7.0,18.0,39.799999999999955,220.0,737.0,2.3333333333333335,4.375,0,2,0,82,0,1,1,0,0,1,1,1,1,1,1
P-612132,2025-10,Electricity Generation,"Multi-States (Delhi, Rajasthan)",Ministry of Power,20,8,10,0.0,73.0,68.0,5.0,3.0,9.0,17.1,40.0,145.20000000000005,637.0,3.0,4.0,0,3,0,90,0,0,1,0,1,1,1,1,1,1,1
P-612133,2025-01,Electricity Generation,"Multi-States (Rajasthan, Uttar Pradesh)",Ministry of Power,13,11,0,0.0,20.719844357976655,30.0,-9.280155642023345,,,,,,,,6.363636363636363,0,0,0,92,0,0,,0,0,1,1,1,0,1,1
P-612133,2025-02,Electricity Generation,"Multi-States (Rajasthan, Uttar Pradesh)",Ministry of Power,14,10,0,0.0,26.361867704280154,33.0,-6.638132295719846,3.0,,,116.0,,,,6.7,0,0,0,92,0,0,,0,0,1,1,1,0,1,1
P-612133,2025-03,Electricity Generation,"Multi-States (Rajasthan, Uttar Pradesh)",Ministry of Power,15,9,0,0.0,32.1011673151751,43.0,-10.898832684824903,10.0,,,118.0,,,,6.333333333333333,0,0,0,92,0,0,,0,0,1,1,1,0,1,1
P-612133,2025-04,Electricity Generation,"Multi-States (Rajasthan, Uttar Pradesh)",Ministry of Power,16,8,0,0.0,41.19649805447471,47.0,-5.803501945525291,4.0,17.0,,187.0,421.0,,5.666666666666667,6.625,0,0,0,92,0,,,0,0,1,1,0,0,1,1
P-612133,2025-05,Electricity Generation,"Multi-States (Rajasthan, Uttar Pradesh)",Ministry of Power,17,7,0,0.0,64.11624513618678,50.7,13.416245136186774,3.700000000000003,17.700000000000003,,471.23,776.23,,5.900000000000001,7.042857142857143,0,0,0,92,0,,,0,0,1,1,0,0,1,1
P-612133,2025-06,Electricity Generation,"Multi-States (Rajasthan, Uttar Pradesh)",Ministry of Power,18,6,0,0.0,64.11624513618678,53.3,10.81624513618678,2.5999999999999943,10.299999999999997,,0.0,658.23,,3.4333333333333322,7.783333333333334,0,0,0,92,0,,,0,0,1,1,0,0,1,1
P-612133,2025-07,Electricity Generation,"Multi-States (Rajasthan, Uttar Pradesh)",Ministry of Power,19,11,6,0.0,65.0,55.0,10.0,1.7000000000000028,8.0,25.0,18.170000000000073,489.4000000000001,910.4000000000001,2.6666666666666665,4.090909090909091,0,1,0,82,0,,,0,0,1,1,0,0,1,1
P-612133,2025-08,Electricity Generation,"Multi-States (Rajasthan, Uttar Pradesh)",Ministry of Power,20,10,6,0.0,66.0,58.0,8.0,3.0,7.299999999999997,25.0,20.559999999999945,38.73000000000002,814.96,2.4333333333333322,4.2,0,1,0,90,0,0,0,0,0,1,1,1,1,1,1
P-612133,2025-09,Electricity Generation,"Multi-States (Rajasthan, Uttar Pradesh)",Ministry of Power,21,9,6,0.0,77.0,60.0,17.0,2.0,6.700000000000003,17.0,226.15999999999985,264.8899999999999,923.1199999999999,2.2333333333333343,4.444444444444445,0,1,0,82,0,0,1,0,0,1,1,1,1,1,1
P-612133,2025-10,Electricity Generation,"Multi-States (Rajasthan, Uttar Pradesh)",Ministry of Power,22,8,6,0.0,78.0,62.0,16.0,2.0,7.0,15.0,20.560000000000173,267.28,756.6800000000001,2.3333333333333335,4.75,0,1,0,90,0,0,1,0,1,1,1,1,1,1,1
P-612134,2025-08,Electricity Generation,Rajasthan,Ministry of Power,20,7,3,0.0,56.80176364254888,51.0,5.801763642548877,2.0,5.700000000000003,16.0,111.0,590.1299999999999,1282.1299999999999,1.900000000000001,7.0,0,1,0,90,0,,,0,0,1,1,0,0,1,1
P-612134,2025-09,Electricity Generation,Rajasthan,Ministry of Power,21,9,6,0.0,65.99985325213284,54.0,11.999853252132837,3.0,6.899999999999999,15.0,275.7900000000002,539.72,1450.92,2.2999999999999994,5.111111111111111,0,2,0,82,0,,,0,0,1,1,0,0,1,1
P-612134,2025-10,Electricity Generation,Rajasthan,Ministry of Power,22,8,6,0.0,66.99973985605368,57.0,9.99973985605368,3.0,8.0,14.799999999999997,29.980000000000018,416.7700000000002,1278.9,2.6666666666666665,5.375,0,2,0,90,0,0,1,0,1,1,1,1,1,1,1
P-612138,2025-08,Electricity Generation,"Multi-States (Karnataka, Telangana)",Ministry of Power,18,6,0,0.0,53.30971028394223,61.0,-7.6902897160577695,6.0,17.200000000000003,31.0,76.24000000000001,298.2900000000001,790.8900000000001,5.733333333333334,6.5,0,0,0,90,0,,,0,0,1,1,0,0,1,1
P-612138,2025-09,Electricity Generation,"Multi-States (Karnataka, Telangana)",Ministry of Power,19,9,4,0.0,60.99961818198751,64.0,-3.0003818180124924,3.0,11.799999999999997,28.0,165.14999999999986,386.56999999999994,874.04,3.9333333333333322,4.0,0,1,0,74,0,,,0,0,1,1,0,0,1,1
P-612138,2025-10,Electricity Generation,"Multi-States (Karnataka, Telangana)",Ministry of Power,20,8,4,0.0,66.99974855886983,67.0,-0.0002514411301746122,3.0,12.0,31.0,128.86000000000013,370.25,881.9000000000001,4.0,4.125,0,1,0,90,0,0,0,0,0,1,1,1,1,1,1
P-612139,2025-08,Electricity Generation,Gujarat,Ministry of Power,20,10,6,0.0,41.998816574355914,22.0,19.998816574355914,1.0,8.1,15.0,75.0,210.70000000000005,1078.7,2.6999999999999997,7.8,0,1,0,90,0,,,0,0,1,1,0,0,1,1
P-612139,2025-09,Electricity Generation,Gujarat,Ministry of Power,21,15,12,0.0,45.00002665373072,25.0,20.00002665373072,3.0,5.0,16.0,112.59999999999991,225.08999999999992,1071.3,1.6666666666666667,5.0,0,2,0,82,0,,,0,0,1,1,0,0,1,1
P-612139,2025-10,Electricity Generation,Gujarat,Ministry of Power,22,14,12,0.0,45.00002665373072,28.0,17.00002665373072,3.0,7.0,16.0,0.0,187.5999999999999,891.3,2.3333333333333335,5.142857142857143,0,2,0,90,0,0,0,0,1,1,1,1,1,1,1
P-612140,2025-08,Electricity Generation,Karnataka,Ministry of Power,20,7,3,0.0,46.10696375359505,46.0,0.10696375359505339,9.0,17.5,29.0,177.9000000000001,440.23,1013.21,5.833333333333333,7.714285714285714,0,1,0,82,0,,,0,0,1,1,0,0,1,1
P-612140,2025-09,Electricity Generation,Karnataka,Ministry of Power,21,6,3,0.0,50.6297176912774,50.0,0.6297176912773992,4.0,13.299999999999997,30.0,130.68000000000006,451.60000000000014,1049.89,4.433333333333333,8.333333333333334,0,1,0,82,0,1,1,0,0,1,1,1,1,1,1
P-612140,2025-10,Electricity Generation,Karnataka,Ministry of Power,22,8,6,0.0,53.08698375781739,54.0,-0.9130162421826071,4.0,17.0,29.1,71.0,379.58000000000015,931.8900000000001,5.666666666666667,5.75,0,2,0,90,0,0,1,0,1,1,1,1,1,1,1
P-612142,2025-08,Electricity Generation,Uttar Pradesh,Ministry of Power,17,54,0,0.0,10.113405059610352,9.0,1.1134050596103524,1.0,8.0,8.5,113.0,436.20000000000005,625.0,2.6666666666666665,1.6851851851851851,0,0,0,90,0,0,0,0,0,1,1,1,1,1,1
P-612142,2025-09,Electricity Generation,Uttar Pradesh,Ministry of Power,18,53,0,0.0,11.142774062227392,10.0,1.1427740622273923,1.0,9.5,9.5,177.0,346.21000000000004,615.4000000000001,3.1666666666666665,1.6981132075471699,0,0,0,82,0,0,0,0,0,1,1,1,1,1,1
P-612142,2025-10,Electricity Generation,Uttar Pradesh,Ministry of Power,19,52,0,0.0,11.509159639430067,11.0,0.5091596394300666,1.0,3.0,10.5,63.0,353.0,676.2,1.0,1.7115384615384615,0,0,0,90,0,0,0,0,0,1,1,1,1,1,1
P-612151,2025-01,Electricity Generation,Gujarat,Ministry of Power,18,6,0,0.0,0.0,4.0,-4.0,,,,,,,,16.0,0,0,0,92,0,1,,0,0,1,1,1,0,1,1
P-612151,2025-02,Electricity Generation,Gujarat,Ministry of Power,19,5,0,0.0,0.0,6.0,-6.0,2.0,,,0.0,,,,18.8,0,0,0,92,0,1,,0,0,1,1,1,0,1,1
P-612151,2025-03,Electricity Generation,Gujarat,Ministry of Power,20,4,0,0.0,0.0,12.0,-12.0,6.0,,,0.0,,,,22.0,0,0,0,92,0,1,,0,0,1,1,1,0,1,1
P-612151,2025-04,Electricity Generation,Gujarat,Ministry of Power,21,4,1,0.0,0.0,15.0,-15.0,3.0,11.0,,0.0,0.0,,3.6666666666666665,21.25,0,1,0,92,0,,,0,0,1,1,0,0,1,1
P-612151,2025-05,Electricity Generation,Gujarat,Ministry of Power,22,3,1,0.0,10.04191616766467,18.0,-7.95808383233533,3.0,12.0,,33.54,33.54,,4.0,27.333333333333332,0,1,0,92,0,,,0,0,1,1,0,0,1,1
P-612151,2025-06,Electricity Generation,Gujarat,Ministry of Power,23,3,2,0.0,19.0,21.0,-2.0,3.0,9.0,,29.92,63.46,,3.0,26.333333333333332,0,2,0,92,0,,,0,0,1,1,0,0,1,1
P-612151,2025-07,Electricity Generation,Gujarat,Ministry of Power,24,3,3,0.0,21.089820359281436,22.0,-0.9101796407185638,1.0,7.0,18.0,6.979999999999997,70.44,70.44,2.3333333333333335,26.0,0,3,0,82,0,,,0,0,1,1,0,0,1,1
P-612151,2025-08,Electricity Generation,Gujarat,Ministry of Power,25,4,5,0.0,22.0,30.0,-8.0,8.0,12.0,24.0,3.0400000000000063,39.940000000000005,73.48,4.0,17.5,0,4,0,90,0,1,1,0,0,1,1,1,1,1,1
P-612151,2025-09,Electricity Generation,Gujarat,Ministry of Power,26,3,5,0.0,28.0,33.0,-5.0,3.0,12.0,21.0,20.039999999999992,30.059999999999995,93.52,4.0,22.333333333333332,0,4,0,82,0,1,1,0,0,1,1,1,1,1,1
P-612167,2025-10,Healthcare,Andhra Pradesh,Ministry of Labour and Employment,56,3,3,0.0,27.324537434616285,40.0,-12.675462565383715,,,,,,,,20.0,0,0,0,98,0,1,1,0,0,1,1,1,1,1,1
P-612183,2025-07,,Bihar,Ministry of Civil Aviation,4,26,0,0.0,0.0,1.0,-1.0,,,,,,,,3.8076923076923075,0,0,0,98,0,0,0,0,0,1,1,1,1,1,1
P-612183,2025-08,,Bihar,Ministry of Civil Aviation,12,25,0,0.0,0.0,1.0,-1.0,0.0,,,0.0,,,,3.96,1,0,0,94,0,0,0,0,0,1,1,1,1,1,1
P-612183,2025-09,,Bihar,Ministry of Civil Aviation,13,24,0,0.0,0.0,1.0,-1.0,0.0,,,0.0,,,,4.125,2,0,0,86,0,0,0,0,0,1,1,1,1,1,1
P-612183,2025-10,,Bihar,Ministry of Civil Aviation,14,23,0,0.0,0.0,1.0,-1.0,0.0,0.0,,0.0,0.0,,0.0,4.304347826086956,3,0,0,94,0,0,0,0,0,1,1,1,1,1,1
P-612186,2025-10,Healthcare,Gujarat,Ministry of Labour and Employment,40,4,-1,0.0,10.456532645309252,7.0,3.4565326453092524,,,,,,,,23.25,0,0,0,98,0,1,1,0,0,1,1,1,1,1,1
P-612188,2025-10,Healthcare,Maharashtra,Ministry of Labour and Employment,89,4,5,0.0,58.72102504368084,68.0,-9.27897495631916,,,,,,152.98000000000002,,8.0,0,1,0,82,0,,,0,0,1,1,0,0,1,1
P-612194,2025-01,CIVIL AVIATION,Bihar,Ministry of Civil Aviation,6,18,0,0.0,2.9671149331987805,7.0,-4.032885066801219,,,,,,,,5.166666666666667,0,0,0,92,0,0,,0,0,1,1,1,0,1,1
P-612194,2025-02,CIVIL AVIATION,Bihar,Ministry of Civil Aviation,7,17,0,0.0,4.962376324506944,10.0,-5.037623675493056,3.0,,,18.19,,,,5.294117647058823,0,0,0,92,0,0,,0,0,1,1,1,0,1,1
P-612194,2025-03,CIVIL AVIATION,Bihar,Ministry of Civil Aviation,8,16,0,0.0,7.474277691244543,12.5,-5.025722308755457,2.5,,,22.9,,,,5.46875,0,0,0,92,0,0,,0,0,1,1,1,0,1,1
P-612194,2025-04,CIVIL AVIATION,Bihar,Ministry of Civil Aviation,9,15,0,0.0,12.377421407103526,15.0,-2.622578592896474,2.5,8.0,,44.7,85.79,,2.6666666666666665,5.666666666666667,0,0,0,92,0,,,0,0,1,1,0,0,1,1
P-612194,2025-05,CIVIL AVIATION,Bihar,Ministry of Civil Aviation,10,14,0,0.0,13.438123861966083,18.0,-4.561876138033917,3.0,8.0,,9.670000000000002,77.27000000000001,,2.6666666666666665,5.857142857142857,0,0,0,92,0,,,0,0,1,1,0,0,1,1
P-612194,2025-06,CIVIL AVIATION,Bihar,Ministry of Civil Aviation,11,13,0,0.0,12.458592018954436,20.75,-8.291407981045564,2.75,8.25,,-8.930000000000007,45.44,,2.75,6.096153846153846,0,0,0,80,0,,,0,0,1,1,0,0,1,1
P-612194,2025-07,CIVIL AVIATION,Bihar,Ministry of Civil Aviation,12,6,0,0.0,14.589869030120878,23.0,-8.410130969879122,2.25,8.0,16.0,19.429999999999993,20.169999999999987,105.96,2.6666666666666665,12.833333333333334,0,1,0,74,0,,,0,0,1,1,0,0,1,1
P-612194,2025-08,CIVIL AVIATION,Bihar,Ministry of Civil Aviation,13,5,0,0.0,17.57234056556172,26.0,-8.42765943443828,3.0,8.0,16.0,27.189999999999998,37.68999999999998,114.95999999999998,2.6666666666666665,14.8,0,1,0,90,0,1,1,0,0,1,1,1,1,1,1
P-612194,2025-09,CIVIL AVIATION,Bihar,Ministry of Civil Aviation,14,4,0,0.0,20.980409363139767,32.0,-11.019590636860233,6.0,11.25,19.5,31.07000000000002,77.69000000000001,123.13000000000001,3.75,17.0,0,1,0,82,0,1,1,0,0,1,1,1,1,1,1
P-612194,2025-10,CIVIL AVIATION,Bihar,Ministry of Civil Aviation,15,3,0,0.0,23.388105214663362,38.0,-14.611894785336638,6.0,15.0,23.0,21.94999999999999,80.21000000000001,100.38,5.0,20.666666666666668,0,1,0,90,0,1,,0,0,1,1,1,0,1,1
P-612201,2025-10,Healthcare,Assam,Ministry of Labour and Employment,94,0,6,8.0430077497731,65.80290791599354,93.0,-27.197092084006457,,,,,,,,7.0,0,0,0,98,0,1,1,0,0,1,1,1,1,1,1
P-612211,2025-10,Healthcare,Gujarat,Ministry of Labour and Employment,38,8,8,0.0,15.296060620780104,16.0,-0.7039393792198965,,,,,,,,10.5,0,0,0,98,0,0,1,0,0,1,1,1,1,1,1
P-612213,2025-10,Healthcare,Maharashtra,Ministry of Labour and Employment,144,-2,0,0.9080182629661836,44.026436197254704,60.0,-15.973563802745296,,,,,,,,40.0,0,0,0,98,0,1,1,0,0,1,1,1,1,1,1
P-612259,2025-10,Healthcare,Uttarakhand,Ministry of Labour and Employment,56,-4,8,190.654296875,100.0,68.0,32.0,,,,,,,,32.0,0,0,0,98,0,1,1,0,0,1,1,1,1,1,1
P-612513,2025-10,Healthcare,Odisha,Ministry of Labour and Employment,178,20,0,0.0,9.96354799513973,1.0,8.96354799513973,,,,,,,,4.95,0,0,0,98,0,0,0,0,0,1,1,1,1,1,1
P-612745,2025-10,Healthcare,Karnataka,Ministry of Labour and Employment,128,15,0,0.0,10.0,0.0,10.0,,,,,,,,6.666666666666667,0,0,0,98,0,,,0,0,1,1,0,0,1,1
P-612748,2025-10,Healthcare,Karnataka,Ministry of Labour and Employment,75,16,0,0.0,0.0,0.0,0.0,,,,,,,,6.25,0,0,0,98,0,0,0,0,0,1,1,1,1,1,1
P-612781,2025-01,STEEL,West Bengal,Ministry of Steel,14,23,0,0.0,6.816248172953163,4.3,2.516248172953163,,,,,,,,4.160869565217391,0,0,0,92,0,0,0,0,0,1,1,1,1,1,1
P-612781,2025-02,STEEL,West Bengal,Ministry of Steel,15,22,0,0.0,7.864482209472283,4.5,3.364482209472283,0.20000000000000018,,,9.609999999999992,,,,4.340909090909091,1,0,0,92,0,0,0,0,0,1,1,1,1,1,1
P-612781,2025-03,STEEL,West Bengal,Ministry of Steel,16,21,0,0.0,8.919260891380702,4.82,4.099260891380702,0.3200000000000003,,,9.670000000000002,,,,4.532380952380953,2,0,0,92,0,0,0,0,0,1,1,1,1,1,1
P-612781,2025-04,STEEL,West Bengal,Ministry of Steel,17,20,0,0.0,9.417744715198848,4.85,4.567744715198849,0.02999999999999936,0.5499999999999998,,4.570000000000007,23.85,,0.18333333333333326,4.7575,3,0,0,92,0,0,0,0,0,1,1,1,1,1,1
P-612781,2025-05,STEEL,West Bengal,Ministry of Steel,18,19,0,0.0,10.764850891162547,9.91,0.8548508911625472,5.0600000000000005,5.41,,12.349999999999994,26.590000000000003,,1.8033333333333335,4.741578947368422,0,0,0,92,0,0,0,0,0,1,1,1,1,1,1
P-612781,2025-06,STEEL,West Bengal,Ministry of Steel,19,18,0,0.0,12.007242740897489,10.98,1.0272427408974885,1.0700000000000003,6.16,,11.39,28.310000000000002,,2.0533333333333332,4.945555555555555,0,0,0,92,0,0,0,0,0,1,1,1,1,1,1
P-612781,2025-07,STEEL,West Bengal,Ministry of Steel,19,17,0,0.0,12.939854708872359,12.0,0.9398547088723586,1.0199999999999996,7.15,7.7,8.549999999999997,32.28999999999999,56.13999999999999,2.3833333333333333,5.176470588235294,0,0,0,74,0,0,0,0,0,1,1,1,1,1,1
P-612781,2025-08,STEEL,West Bengal,Ministry of Steel,21,16,0,0.0,13.771024673313118,14.0,-0.22897532668688214,2.0,4.09,9.5,7.6200000000000045,27.560000000000002,54.150000000000006,1.3633333333333333,5.375,0,0,0,90,0,0,0,0,0,1,1,1,1,1,1
P-612781,2025-09,STEEL,West Bengal,Ministry of Steel,24,15,0,0.0,14.944697746460438,18.0,-3.055302253539562,4.0,7.02,13.18,10.759999999999991,26.929999999999993,55.239999999999995,2.34,5.466666666666667,0,0,0,82,0,0,,0,0,1,1,1,0,1,1
P-612781,2025-10,STEEL,West Bengal,Ministry of Steel,25,14,0,0.0,15.995113331442656,20.0,-4.004886668557344,2.0,8.0,15.15,9.629999999999995,28.00999999999999,60.29999999999998,2.6666666666666665,5.714285714285714,0,0,0,90,0,0,,0,0,1,1,1,0,1,1
P-612786,2025-01,CIVIL AVIATION,Andhra Pradesh,Ministry of Civil Aviation,22,12,0,0.0,11.951412131924334,19.0,-7.048587868075666,,,,,,,,6.75,0,0,0,92,0,0,1,0,0,1,1,1,1,1,1
P-612786,2025-02,CIVIL AVIATION,Andhra Pradesh,Ministry of Civil Aviation,23,11,0,0.0,13.211236884660224,23.0,-9.788763115339776,4.0,,,3.3500000000000014,,,,7.0,0,0,0,92,0,0,1,0,0,1,1,1,1,1,1
P-612786,2025-03,CIVIL AVIATION,Andhra Pradesh,Ministry of Civil Aviation,24,10,0,0.0,14.850889398668722,25.0,-10.149110601331278,2.0,,,4.359999999999999,,,,7.5,0,0,0,92,0,1,1,0,0,1,1,1,1,1,1
P-612786,2025-04,CIVIL AVIATION,Andhra Pradesh,Ministry of Civil Aviation,25,9,0,0.0,14.850889398668722,27.0,-12.149110601331278,2.0,8.0,,0.0,7.710000000000001,,2.6666666666666665,8.11111111111111,0,0,0,92,0,1,1,0,0,1,1,1,1,1,1
P-612786,2025-05,CIVIL AVIATION,Andhra Pradesh,Ministry of Civil Aviation,26,8,0,0.0,14.850889398668722,27.0,-12.149110601331278,0.0,4.0,,0.0,4.359999999999999,,1.3333333333333333,9.125,1,0,0,80,0,1,1,0,0,1,1,1,1,1,1
P-612786,2025-06,CIVIL AVIATION,Andhra Pradesh,Ministry of Civil Aviation,27,9,2,0.0,14.869692753187167,29.0,-14.130307246812833,2.0,4.0,,0.04999999999999716,0.04999999999999716,,1.3333333333333333,7.888888888888889,0,1,0,92,0,0,0,0,0,1,1,1,1,1,1
P-612786,2025-07,CIVIL AVIATION,Andhra Pradesh,Ministry of Civil Aviation,18,8,2,0.0,17.1260952954007,31.0,-13.873904704599301,2.0,4.0,12.0,6.0,6.049999999999997,13.759999999999998,1.3333333333333333,8.625,0,1,0,74,0,0,1,0,0,1,1,1,1,1,1
P-612786,2025-08,CIVIL AVIATION,Andhra Pradesh,Ministry of Civil Aviation,29,7,2,0.0,18.825918543868223,34.0,-15.174081456131777,3.0,7.0,11.0,4.520000000000003,10.57,14.93,2.3333333333333335,9.428571428571429,0,1,0,90,0,0,1,0,0,1,1,1,1,1,1
P-612786,2025-09,CIVIL AVIATION,Andhra Pradesh,Ministry of Civil Aviation,30,6,2,0.0,22.349667180625023,35.0,-12.650332819374977,1.0,6.0,10.0,9.369999999999997,19.89,19.939999999999998,2.0,10.833333333333334,0,1,0,82,0,0,1,0,0,1,1,1,1,1,1
P-612786,2025-10,CIVIL AVIATION,Andhra Pradesh,Ministry of Civil Aviation,31,5,2,0.0,25.27922981459892,39.0,-13.72077018540108,4.0,8.0,12.0,7.789999999999999,21.68,27.729999999999997,2.6666666666666665,12.2,0,1,0,90,0,1,1,0,0,1,1,1,1,1,1
P-612787,2025-01,,Karnataka,Ministry of Civil Aviation,19,12,-1,0.0,9.751302774050613,21.0,-11.248697225949387,,,,,,,,6.583333333333333,0,0,0,92,0,1,,0,0,1,1,1,0,1,1
P-612787,2025-02,,Karnataka,Ministry of Civil Aviation,20,11,-1,0.0,12.569039223640278,23.5,-10.930960776359722,2.5,,,9.030000000000001,,,,6.954545454545454,0,0,0,92,0,1,,0,0,1,1,1,0,1,1
P-612787,2025-03,,Karnataka,Ministry of Civil Aviation,21,11,0,0.0,15.499110681187005,25.0,-9.500889318812995,1.5,,,9.39,,,,6.818181818181818,0,1,0,92,0,0,,0,0,1,1,1,0,1,1
P-612787,2025-04,,Karnataka,Ministry of Civil Aviation,22,10,0,0.0,15.499110681187005,27.0,-11.500889318812995,2.0,6.0,,0.0,18.42,,2.0,7.3,0,1,0,92,0,,,0,0,1,1,0,0,1,1
P-612787,2025-05,,Karnataka,Ministry of Civil Aviation,23,9,0,0.0,15.761225699753485,27.5,-11.738774300246515,0.5,4.0,,0.8399999999999963,10.229999999999997,,1.3333333333333333,8.055555555555555,0,1,0,92,0,,,0,0,1,1,0,0,1,1
P-612787,2025-06,,Karnataka,Ministry of Civil Aviation,24,8,0,0.0,16.809685774019407,32.5,-15.690314225980593,5.0,7.5,,3.3599999999999994,4.199999999999996,,2.5,8.4375,0,1,0,92,0,,,0,0,1,1,0,0,1,1
P-612787,2025-07,,Karnataka,Ministry of Civil Aviation,18,8,2,0.0,17.64283708303429,36.0,-18.35716291696571,3.5,9.0,15.0,2.6700000000000017,6.869999999999997,25.29,3.0,8.0,0,2,0,82,0,,,0,0,1,1,0,0,1,1
P-612787,2025-08,,Karnataka,Ministry of Civil Aviation,26,7,2,0.0,19.281055949074794,38.0,-18.718944050925206,2.0,10.5,14.5,5.25,11.280000000000001,21.509999999999998,3.5,8.857142857142858,0,2,0,90,0,0,1,0,0,1,1,1,1,1,1
P-612787,2025-09,,Karnataka,Ministry of Civil Aviation,27,6,2,0.0,22.27041532748775,41.0,-18.72958467251225,3.0,8.5,16.0,9.580000000000005,17.500000000000007,21.700000000000003,2.8333333333333335,9.833333333333334,0,2,0,82,0,0,1,0,0,1,1,1,1,1,1
P-612787,2025-10,,Karnataka,Ministry of Civil Aviation,28,5,2,0.0,25.344025961868503,45.0,-19.655974038131497,4.0,9.0,18.0,9.849999999999994,24.68,31.549999999999997,3.0,11.0,0,2,0,90,0,1,1,0,0,1,1,1,1,1,1
P-612788,2025-01,CIVIL AVIATION,Karnataka,Ministry of Civil Aviation,19,13,0,0.0,19.649558071018763,28.0,-8.350441928981237,,,,,,,,5.538461538461538,0,0,0,92,0,0,,0,0,1,1,1,0,1,1
P-612788,2025-02,CIVIL AVIATION,Karnataka,Ministry of Civil Aviation,20,12,0,0.0,22.623662583346256,31.0,-8.376337416653744,3.0,,,9.590000000000003,,,,5.75,0,0,0,92,0,0,,0,0,1,1,1,0,1,1
P-612788,2025-03,CIVIL AVIATION,Karnataka,Ministry of Civil Aviation,21,11,0,0.0,23.991316483175687,35.0,-11.008683516824313,4.0,,,4.409999999999997,,,,5.909090909090909,0,0,0,92,0,0,,0,0,1,1,1,0,1,1
P-612788,2025-04,CIVIL AVIATION,Karnataka,Ministry of Civil Aviation,22,10,0,0.0,27.52364707706621,38.0,-10.476352922933788,3.0,10.0,,11.39,25.39,,3.3333333333333335,6.2,0,0,0,92,0,,,0,0,1,1,0,0,1,1
P-612788,2025-05,CIVIL AVIATION,Karnataka,Ministry of Civil Aviation,23,9,0,0.0,29.74414637928361,40.0,-10.25585362071639,2.0,9.0,,7.159999999999997,22.959999999999994,,3.0,6.666666666666667,0,0,0,92,0,,,0,0,1,1,0,0,1,1
P-612788,2025-06,CIVIL AVIATION,Karnataka,Ministry of Civil Aviation,24,8,0,0.0,32.37091021863855,43.0,-10.62908978136145,3.0,8.0,,8.469999999999999,27.019999999999996,,2.6666666666666665,7.125,0,0,0,92,0,,,0,0,1,1,0,0,1,1
P-612788,2025-07,CIVIL AVIATION,Karnataka,Ministry of Civil Aviation,17,6,0,0.0,35.918747092572495,48.0,-12.081252907427505,5.0,10.0,20.0,11.439999999999998,27.069999999999993,52.459999999999994,3.3333333333333335,8.666666666666666,0,1,0,82,0,,,0,0,1,1,0,0,1,1
P-612788,2025-08,CIVIL AVIATION,Karnataka,Ministry of Civil Aviation,26,5,0,0.0,37.748488137695766,52.0,-14.251511862304234,4.0,12.0,21.0,5.900000000000006,25.810000000000002,48.769999999999996,4.0,9.6,0,1,0,90,0,1,1,0,0,1,1,1,1,1,1
P-612788,2025-09,CIVIL AVIATION,Karnataka,Ministry of Civil Aviation,27,4,0,0.0,40.939680570631104,55.0,-14.060319429368896,3.0,12.0,20.0,10.289999999999992,27.629999999999995,54.64999999999999,4.0,11.25,0,1,0,82,0,1,1,0,0,1,1,1,1,1,1
P-612788,2025-10,CIVIL AVIATION,Karnataka,Ministry of Civil Aviation,28,3,0,0.0,43.54163436191658,59.0,-15.458365638083421,4.0,11.0,21.0,8.390000000000015,24.580000000000013,51.650000000000006,3.6666666666666665,13.666666666666666,0,1,0,90,0,1,1,0,0,1,1,1,1,1,1
P-612789,2025-08,CIVIL AVIATION,Kerala,Ministry of Civil Aviation,26,7,6,0.0,17.32463833914605,21.0,-3.6753616608539517,2.0,3.0,15.0,9.280000000000001,9.540000000000006,65.4,1.0,11.285714285714286,0,1,1,90,0,0,1,0,0,1,1,1,1,1,1
P-612789,2025-09,CIVIL AVIATION,Kerala,Ministry of Civil Aviation,27,6,6,0.0,17.574344263986628,22.0,-4.425655736013372,1.0,3.6999999999999993,7.0,1.2099999999999937,10.489999999999995,31.689999999999998,1.2333333333333332,13.0,0,1,1,82,0,1,1,0,0,1,1,1,1,1,1
P-612789,2025-10,CIVIL AVIATION,Kerala,Ministry of Civil Aviation,28,5,6,0.0,18.917803413335534,23.0,-4.082196586664466,1.0,4.0,6.5,6.510000000000005,17.0,37.58,1.3333333333333333,15.4,0,1,1,90,0,1,1,0,0,1,1,1,1,1,1
P-612790,2025-01,Energy Storage,Karnataka,Ministry of Petroleum & Natural Gas,15,13,0,0.0,18.425974025974025,37.58,-19.154025974025974,,,,,,,,4.8015384615384615,0,0,0,92,0,0,,0,0,1,1,1,0,1,1
P-612790,2025-02,Energy Storage,Karnataka,Ministry of Petroleum & Natural Gas,16,12,0,0.0,19.820779220779222,40.46,-20.63922077922078,2.8800000000000026,,,5.3700000000000045,,,,4.961666666666667,0,0,0,92,0,0,,0,0,1,1,1,0,1,1
P-612790,2025-03,Energy Storage,Karnataka,Ministry of Petroleum & Natural Gas,17,11,0,0.0,31.01298701298701,45.37,-14.357012987012986,4.909999999999997,,,43.09,,,,4.966363636363637,0,0,0,92,0,0,,0,0,1,1,1,0,1,1
P-612790,2025-04,Energy Storage,Karnataka,Ministry of Petroleum & Natural Gas,18,10,0,0.0,31.654545454545456,52.41,-20.75545454545454,7.039999999999999,14.829999999999998,,2.469999999999999,50.93000000000001,,4.9433333333333325,4.759,0,0,0,92,0,,,0,0,1,1,0,0,1,1
P-612790,2025-05,Energy Storage,Karnataka,Ministry of Petroleum & Natural Gas,19,9,0,0.0,31.722077922077922,56.88,-25.15792207792208,4.470000000000006,16.42,,0.2599999999999909,45.81999999999999,,5.473333333333334,4.79111111111111,0,0,0,92,0,,,0,0,1,1,0,0,1,1
P-612790,2025-06,Energy Storage,Karnataka,Ministry of Petroleum & Natural Gas,20,8,0,0.0,33.69350649350649,59.7,-26.006493506493513,2.8200000000000003,14.330000000000005,,7.590000000000003,10.319999999999993,,4.776666666666668,5.0375,0,0,0,92,0,,,0,0,1,1,0,0,1,1
P-612790,2025-07,Energy Storage,Karnataka,Ministry of Petroleum & Natural Gas,21,4,0,0.0,34.47532467532467,63.0,-28.52467532467533,3.299999999999997,10.590000000000003,25.42,3.009999999999991,10.859999999999985,61.78999999999999,3.530000000000001,9.25,0,1,0,82,0,,,0,0,1,1,0,0,1,1
P-612790,2025-08,Energy Storage,Karnataka,Ministry of Petroleum & Natural Gas,22,9,6,0.0,35.58441558441559,64.0,-28.415584415584412,1.0,7.119999999999997,23.54,4.27000000000001,14.870000000000005,60.69,2.3733333333333326,4.0,0,2,0,90,0,0,0,0,0,1,1,1,1,1,1
P-612790,2025-09,Energy Storage,Karnataka,Ministry of Petroleum & Natural Gas,23,8,6,0.0,39.2987012987013,67.0,-27.701298701298697,3.0,7.299999999999997,21.630000000000003,14.300000000000011,21.580000000000013,31.900000000000006,2.4333333333333322,4.125,0,2,0,82,0,0,0,0,0,1,1,1,1,1,1
P-612790,2025-10,Energy Storage,Karnataka,Ministry of Petroleum & Natural Gas,24,7,6,0.0,40.296103896103894,69.0,-28.703896103896106,2.0,6.0,16.590000000000003,3.839999999999975,22.409999999999997,33.26999999999998,2.0,4.428571428571429,0,2,0,90,0,0,1,0,0,1,1,1,1,1,1
P-612791,2025-01,,West Bengal,Ministry of Civil Aviation,21,9,0,0.0,22.247943953700887,35.0,-12.752056046299113,,,,,,,,7.222222222222222,0,0,0,92,0,0,,0,0,1,1,1,0,1,1
P-612791,2025-02,,West Bengal,Ministry of Civil Aviation,22,8,0,0.0,22.73530307645446,36.0,-13.26469692354554,1.0,,,1.5999999999999943,,,,8.0,0,0,0,92,0,0,,0,0,1,1,1,0,1,1
P-612791,2025-03,,West Bengal,Ministry of Civil Aviation,23,7,0,0.0,24.18215047212915,36.0,-11.817849527870852,0.0,,,4.75,,,,9.142857142857142,1,0,0,92,0,0,,0,0,1,1,1,0,1,1
P-612791,2025-04,,West Bengal,Ministry of Civil Aviation,24,6,0,0.0,24.18215047212915,36.0,-11.817849527870852,0.0,1.0,,0.0,6.349999999999994,,0.3333333333333333,10.666666666666666,2,0,0,88,0,,,0,0,1,1,0,0,1,1
P-612791,2025-05,,West Bengal,Ministry of Civil Aviation,25,5,0,0.0,24.18215047212915,36.0,-11.817849527870852,0.0,0.0,,0.0,4.75,,0.0,12.8,3,0,0,88,0,,,0,0,1,1,0,0,1,1
P-612791,2025-06,,West Bengal,Ministry of Civil Aviation,26,4,0,0.0,27.931769722814497,42.5,-14.568230277185503,6.5,6.5,,12.310000000000002,12.310000000000002,,2.1666666666666665,14.375,0,0,0,92,0,,,0,0,1,1,0,0,1,1
P-612791,2025-07,,West Bengal,Ministry of Civil Aviation,19,13,18,0.0,29.896436186414864,44.0,-14.103563813585136,1.5,8.0,9.0,6.450000000000003,18.760000000000005,25.11,2.6666666666666665,4.3076923076923075,0,1,0,82,0,,,0,0,1,1,0,0,1,1
P-612791,2025-08,,West Bengal,Ministry of Civil Aviation,28,12,18,0.0,30.843740481267133,45.0,-14.156259518732867,1.0,9.0,9.0,3.1099999999999994,21.870000000000005,26.620000000000005,3.0,4.583333333333333,0,1,0,90,0,0,0,0,0,1,1,1,1,1,1
P-612791,2025-09,,West Bengal,Ministry of Civil Aviation,29,11,18,0.0,32.10782820590923,47.0,-14.892171794090771,2.0,4.5,11.0,4.1499999999999915,13.709999999999994,26.019999999999996,1.5,4.818181818181818,0,1,0,82,0,0,0,0,0,1,1,1,1,1,1
P-612791,2025-10,,West Bengal,Ministry of Civil Aviation,30,10,18,0.0,32.77490100517819,49.0,-16.225098994821813,2.0,5.0,13.0,2.1899999999999977,9.449999999999989,28.209999999999994,1.6666666666666667,5.1,0,1,0,90,0,0,0,0,0,1,1,1,1,1,1
P-612793,2025-01,CIVIL AVIATION,Sikkim,Ministry of Civil Aviation,14,17,0,0.0,5.515683969560106,8.0,-2.484316030439894,,,,,,,,5.411764705882353,0,0,0,92,0,0,,0,0,1,1,1,0,1,1
P-612793,2025-02,CIVIL AVIATION,Sikkim,Ministry of Civil Aviation,15,16,0,0.0,5.515683969560106,9.25,-3.734316030439894,1.25,,,0.0,,,,5.671875,0,0,0,92,0,0,,0,0,1,1,1,0,1,1
P-612793,2025-03,CIVIL AVIATION,Sikkim,Ministry of Civil Aviation,16,15,0,0.0,7.671843098434697,9.75,-2.078156901565303,0.5,,,6.970000000000002,,,,6.016666666666667,0,0,0,92,0,0,,0,0,1,1,1,0,1,1
P-612793,2025-04,CIVIL AVIATION,Sikkim,Ministry of Civil Aviation,17,14,0,0.0,7.727525830600755,9.9,-2.172474169399245,0.15000000000000036,1.9000000000000004,,0.17999999999999972,7.150000000000002,,0.6333333333333334,6.435714285714285,1,0,0,92,0,,,0,0,1,1,0,0,1,1
P-612793,2025-05,CIVIL AVIATION,Sikkim,Ministry of Civil Aviation,18,13,0,0.0,7.730619315721092,12.0,-4.269380684278908,2.0999999999999996,2.75,,0.00999999999999801,7.16,,0.9166666666666666,6.769230769230769,0,0,0,92,0,,,0,0,1,1,0,0,1,1
P-612793,2025-06,CIVIL AVIATION,Sikkim,Ministry of Civil Aviation,19,12,0,0.0,9.181463837158944,12.5,-3.318536162841056,0.5,2.75,,4.690000000000001,4.879999999999999,,0.9166666666666666,7.291666666666667,0,0,0,92,0,,,0,0,1,1,0,0,1,1
P-612793,2025-07,CIVIL AVIATION,Sikkim,Ministry of Civil Aviation,19,7,0,0.0,9.18455732227928,12.0,-2.8154426777207195,-0.5,2.0999999999999996,4.0,0.010000000000001563,4.710000000000001,11.860000000000003,0.6999999999999998,12.571428571428571,0,1,0,74,0,,,0,0,1,1,0,0,1,1
P-612793,2025-08,CIVIL AVIATION,Sikkim,Ministry of Civil Aviation,21,6,0,0.0,9.187650807399617,12.0,-2.812349192600383,0.0,0.0,2.75,0.00999999999999801,4.710000000000001,11.870000000000001,0.0,14.666666666666666,1,1,0,86,0,0,1,0,0,1,1,1,1,1,1
P-612793,2025-09,CIVIL AVIATION,Sikkim,Ministry of Civil Aviation,22,5,0,0.0,10.610653962754437,13.0,-2.389346037245563,1.0,0.5,3.25,4.599999999999998,4.619999999999997,9.499999999999996,0.16666666666666666,17.4,0,1,0,82,0,0,1,0,0,1,1,1,1,1,1
P-612793,2025-10,CIVIL AVIATION,Sikkim,Ministry of Civil Aviation,23,4,0,0.0,11.968693930582194,14.0,-2.0313060694178056,1.0,2.0,4.1,4.390000000000001,8.999999999999996,13.709999999999997,0.6666666666666666,21.5,0,1,0,90,0,1,,0,0,1,1,1,0,1,1
P-612815,2025-01,Railways,Chhattisgarh,Ministry of Railways,28,23,0,0.0,0.0703853598451522,,,,,,,,,,,0,0,0,80,1,0,,0,0,1,1,1,0,1,1
P-612815,2025-02,Railways,Chhattisgarh,Ministry of Railways,29,22,0,0.0,0.0703853598451522,,,,,,0.0,,,,,0,0,0,80,1,0,,0,0,1,1,1,0,1,1
P-612815,2025-03,Railways,Chhattisgarh,Ministry of Railways,30,21,0,0.0,0.0703853598451522,,,,,,0.0,,,,,0,0,0,80,1,0,,0,0,1,1,1,0,1,1
P-612815,2025-04,Railways,Chhattisgarh,Ministry of Railways,31,20,0,0.0,0.07625080649891489,2.0,-1.923749193501085,,,,0.010000000000000009,0.010000000000000009,,,4.9,0,0,0,92,0,,,0,0,1,1,0,0,1,1
P-612815,2025-05,Railways,Chhattisgarh,Ministry of Railways,32,19,0,0.0,0.07625080649891489,2.0,-1.923749193501085,0.0,,,0.0,0.010000000000000009,,,5.157894736842105,1,0,0,88,0,,,0,0,1,1,0,0,1,1
P-612815,2025-06,Railways,Chhattisgarh,Ministry of Railways,33,18,0,0.0,0.07625080649891489,2.0,-1.923749193501085,0.0,,,0.0,0.010000000000000009,,,5.444444444444445,2,0,0,88,0,,,0,0,1,1,0,0,1,1
P-612815,2025-07,Railways,Chhattisgarh,Ministry of Railways,14,20,0,0.0,0.0,0.0,0.0,-2.0,-2.0,,-0.13,-0.13,-0.12,-0.6666666666666666,5.0,0,1,0,50,0,,,0,0,1,1,0,0,1,1
P-612815,2025-08,Railways,Chhattisgarh,Ministry of Railways,15,19,0,0.0,0.0,0.0,0.0,0.0,-2.0,,0.0,-0.13,-0.12,-0.6666666666666666,5.2631578947368425,1,1,0,86,0,0,0,0,0,1,1,1,1,1,1
P-612815,2025-09,Railways,Chhattisgarh,Ministry of Railways,33,18,0,0.0,0.0,2.0,-2.0,2.0,0.0,,0.0,-0.13,-0.12,0.0,5.444444444444445,0,1,0,82,0,0,0,0,0,1,1,1,1,1,1
P-612815,2025-10,Railways,Chhattisgarh,Ministry of Railways,34,17,0,0.0,0.7859698516041996,5.0,-4.214030148395801,3.0,5.0,3.0,1.34,1.34,1.21,1.6666666666666667,5.588235294117647,0,1,0,90,0,0,0,0,0,1,1,1,1,1,1
P-612816,2025-01,Coal,West Bengal,Ministry of Coal,,62,0,0.0,6.4094284791733935,7.0,-0.5905715208266065,,,,,,,,1.5,0,0,0,92,0,0,0,0,0,1,1,1,1,1,1
P-612816,2025-02,Coal,West Bengal,Ministry of Coal,14,61,0,0.0,6.528898934452696,7.0,-0.4711010655473036,0.0,,,1.1099999999999994,,,,1.5245901639344261,1,0,0,92,0,0,0,0,0,1,1,1,1,1,1
P-612816,2025-03,Coal,West Bengal,Ministry of Coal,,60,0,0.0,6.575180281993327,7.0,-0.42481971800667306,0.0,,,0.4300000000000068,,,,1.55,2,0,0,84,0,0,0,0,0,1,1,1,1,1,1
P-612816,2025-04,Coal,West Bengal,Ministry of Coal,16,59,0,0.0,6.860402540092562,7.0,-0.13959745990743766,0.0,0.0,,2.6499999999999986,4.190000000000005,,0.0,1.576271186440678,3,0,0,84,0,0,0,0,0,1,1,1,1,1,1
P-612816,2025-05,Coal,West Bengal,Ministry of Coal,17,58,0,0.0,6.954041545581745,6.8,0.15404154558174543,-0.20000000000000018,-0.20000000000000018,,0.8699999999999974,3.950000000000003,,-0.06666666666666672,1.606896551724138,4,0,0,92,0,0,0,0,0,1,1,1,1,1,1
P-612816,2025-06,Coal,West Bengal,Ministry of Coal,18,57,0,0.0,6.999246582714455,6.8,0.19924658271445495,0.0,-0.20000000000000018,,0.4200000000000017,3.9399999999999977,,-0.06666666666666672,1.6350877192982456,5,0,0,92,0,0,0,0,0,1,1,1,1,1,1
P-612816,2025-07,Coal,West Bengal,Ministry of Coal,19,56,0,0.0,7.06167258637391,7.0,0.06167258637391004,0.20000000000000018,0.0,0.0,0.5799999999999983,1.8699999999999974,6.060000000000002,0.0,1.6607142857142858,6,0,0,74,0,0,0,0,0,1,1,1,1,1,1
P-612816,2025-08,Coal,West Bengal,Ministry of Coal,20,55,0,0.0,7.275858357550316,7.0,0.27585835755031596,0.0,0.20000000000000018,0.0,1.9899999999999949,2.989999999999995,6.939999999999998,0.06666666666666672,1.690909090909091,7,0,0,90,0,0,0,0,0,1,1,1,1,1,1
P-612816,2025-09,Coal,West Bengal,Ministry of Coal,21,54,0,0.0,7.333979119578086,7.0,0.33397911957808635,0.0,0.20000000000000018,0.0,0.5400000000000063,3.1099999999999994,7.049999999999997,0.06666666666666672,1.7222222222222223,8,0,0,82,0,0,0,0,0,1,1,1,1,1,1
P-612816,2025-10,Coal,West Bengal,Ministry of Coal,22,53,0,0.0,7.415778710580132,7.0,0.41577871058013205,0.0,0.0,0.0,0.7600000000000051,3.2900000000000063,5.160000000000004,0.0,1.7547169811320755,9,0,0,90,0,0,0,0,0,1,1,1,1,1,1
P-612819,2025-01,Electricity Generation,Rajasthan,Ministry of Coal,22,2,6,0.0,24.88472145615003,58.0,-33.11527854384997,,,,,,,,21.0,0,0,0,92,0,1,,0,0,1,1,1,0,1,1
P-612819,2025-02,Electricity Generation,Rajasthan,Ministry of Coal,23,1,6,0.0,26.601213458356316,59.0,-32.39878654164369,1.0,,,31.119999999999948,,,,41.0,0,0,0,92,0,1,,0,0,1,1,1,0,1,1
P-612819,2025-03,Electricity Generation,Rajasthan,Ministry of Coal,24,6,12,0.0,31.981246552675128,63.0,-31.018753447324872,4.0,,,97.54000000000008,,,,6.166666666666667,0,1,0,92,0,1,,0,0,1,1,1,0,1,1
P-612819,2025-04,Electricity Generation,Rajasthan,Ministry of Coal,25,5,12,0.0,31.981246552675128,65.0,-33.01875344732487,2.0,7.0,,0.0,128.66000000000003,,2.3333333333333335,7.0,0,1,0,92,0,,,0,0,1,1,0,0,1,1
P-612819,2025-05,Electricity Generation,Rajasthan,Ministry of Coal,26,4,12,0.0,36.124655267512416,66.0,-29.875344732487584,1.0,7.0,,75.12,172.66000000000008,,2.3333333333333335,8.5,0,1,0,92,0,,,0,0,1,1,0,0,1,1
P-612819,2025-06,Electricity Generation,Rajasthan,Ministry of Coal,27,5,14,0.0,41.16161059018202,66.0,-24.838389409817978,0.0,3.0,,91.31999999999994,166.43999999999994,,1.0,6.8,1,2,0,92,0,,,0,0,1,1,0,0,1,1
P-612819,2025-07,Electricity Generation,Rajasthan,Ministry of Coal,28,2,12,0.0,42.44732487589631,68.0,-25.552675124103693,2.0,3.0,10.0,23.31000000000006,189.75,318.41,1.0,16.0,0,3,0,82,0,,,0,0,1,1,0,0,1,1
P-612819,2025-08,Electricity Generation,Rajasthan,Ministry of Coal,29,1,12,0.0,48.21511307225593,70.0,-21.78488692774407,2.0,4.0,11.0,104.56999999999994,219.19999999999993,391.86,1.3333333333333333,30.0,0,3,0,90,0,,,0,0,1,1,0,0,1,1
P-612819,2025-09,Electricity Generation,Rajasthan,Ministry of Coal,38,3,15,0.0,57.2603419746277,79.0,-21.7396580253723,9.0,13.0,16.0,163.99000000000012,291.8700000000001,458.31000000000006,4.333333333333333,7.0,0,4,0,82,0,,,0,0,1,1,0,0,1,1
P-612819,2025-10,Electricity Generation,Rajasthan,Ministry of Coal,39,2,15,0.0,64.39051296194154,85.0,-20.60948703805846,6.0,17.0,20.0,129.26999999999998,397.83000000000004,587.58,5.666666666666667,7.5,0,4,0,90,0,0,0,0,0,1,1,1,1,1,1
P-612827,2025-07,Railways,Andhra Pradesh,Ministry of Railways,14,21,0,0.0,2.2651783283419546,11.0,-8.734821671658045,,,,,,,,4.238095238095238,0,0,0,98,0,0,0,0,0,1,1,1,1,1,1
P-612827,2025-08,Railways,Andhra Pradesh,Ministry of Railways,15,20,0,0.0,2.286958889191397,11.0,-8.713041110808604,0.0,,,0.040000000000000036,,,,4.45,1,0,0,98,0,0,0,0,0,1,1,1,1,1,1
P-612827,2025-09,Railways,Andhra Pradesh,Ministry of Railways,29,19,0,0.0,2.7824666485161997,11.0,-8.2175333514838,0.0,,,0.9100000000000001,,,,4.684210526315789,2,0,0,90,0,0,0,0,0,1,1,1,1,1,1
P-612827,2025-10,Railways,Andhra Pradesh,Ministry of Railways,30,18,0,0.0,2.7824666485161997,11.0,-8.2175333514838,0.0,0.0,,0.0,0.9500000000000002,,0.0,4.944444444444445,3,0,0,94,0,0,0,0,0,1,1,1,1,1,1
P-612834,2025-07,Railways,Odisha,Ministry of Railways,27,5,0,0.0,31.567460317460316,45.0,-13.432539682539684,,,,,,,,11.0,0,0,0,98,0,0,0,0,0,1,1,1,1,1,1
P-612834,2025-08,Railways,Odisha,Ministry of Railways,28,4,0,0.0,31.567460317460316,45.0,-13.432539682539684,0.0,,,0.0,,,,13.75,1,0,0,94,0,0,0,0,0,1,1,1,1,1,1
P-612834,2025-09,Railways,Odisha,Ministry of Railways,29,3,0,0.0,31.567460317460316,45.0,-13.432539682539684,0.0,,,0.0,,,,18.333333333333332,2,0,0,86,0,0,0,0,0,1,1,1,1,1,1
P-612834,2025-10,Railways,Odisha,Ministry of Railways,30,2,0,0.0,35.29761904761905,48.0,-12.702380952380949,3.0,3.0,,9.400000000000006,9.400000000000006,,1.0,26.0,0,0,0,98,0,0,0,0,0,1,1,1,1,1,1
P-612851,2025-10,Education,Delhi,Department of Higher Education,193,-1,0,0.8785870640798845,86.59711075441412,97.0,-10.402889245585882,4.0,9.0,,8.120000000000005,18.379999999999995,,3.0,3.0,0,0,1,90,0,,,0,0,1,1,0,0,1,1
P-612853,2025-08,Energy Storage,"Multi-States (Jammu and Kashmir, Punjab)",Ministry of Petroleum & Natural Gas,25,11,0,0.0,36.42460241425561,36.0,0.4246024142556095,0.0,1.1000000000000014,8.7,0.0,56.79999999999998,89.89999999999999,0.36666666666666714,5.818181818181818,1,0,0,86,0,0,0,0,0,1,1,1,1,1,1
P-612853,2025-09,Energy Storage,"Multi-States (Jammu and Kashmir, Punjab)",Ministry of Petroleum & Natural Gas,26,10,0,0.0,39.4711630580571,37.0,2.471163058057101,1.0,1.5,5.0,15.900000000000006,52.80000000000001,85.3,0.5,6.3,0,0,0,82,0,0,0,0,0,1,1,1,1,1,1
P-612853,2025-10,Energy Storage,"Multi-States (Jammu and Kashmir, Punjab)",Ministry of Petroleum & Natural Gas,27,9,0,0.0,44.108066679440505,40.0,4.108066679440505,3.0,4.0,6.439999999999998,24.19999999999999,40.099999999999994,108.69999999999999,1.3333333333333333,6.666666666666667,0,0,0,90,0,0,0,0,0,1,1,1,1,1,1
P-612855,2025-01,Electricity Generation,Gujarat,Ministry of Power,8,16,0,0.0,0.0,4.0,-4.0,,,,,,,,6.0,0,0,0,92,0,0,0,0,0,1,1,1,1,1,1
P-612855,2025-02,Electricity Generation,Gujarat,Ministry of Power,9,15,0,0.0,0.0,6.0,-6.0,2.0,,,0.0,,,,6.266666666666667,0,0,0,92,0,0,0,0,0,1,1,1,1,1,1
P-612855,2025-03,Electricity Generation,Gujarat,Ministry of Power,10,14,0,0.0,0.0,9.0,-9.0,3.0,,,0.0,,,,6.5,0,0,0,92,0,0,,0,0,1,1,1,0,1,1
P-612855,2025-04,Electricity Generation,Gujarat,Ministry of Power,11,13,0,0.0,0.0,12.0,-12.0,3.0,8.0,,0.0,0.0,,2.6666666666666665,6.769230769230769,0,0,0,92,0,0,,0,0,1,1,1,0,1,1
P-612855,2025-05,Electricity Generation,Gujarat,Ministry of Power,12,12,0,0.0,7.030927835051546,15.0,-7.969072164948454,3.0,9.0,,47.74,47.74,,3.0,7.083333333333333,0,0,0,92,0,0,,0,0,1,1,1,0,1,1
P-612855,2025-06,Electricity Generation,Gujarat,Ministry of Power,13,8,-3,0.0,10.000000000000002,16.8,-6.799999999999999,1.8000000000000007,7.800000000000001,,20.160000000000004,67.9,,2.6,10.4,0,1,0,92,0,,,0,0,1,1,0,0,1,1
P-612855,2025-07,Electricity Generation,Gujarat,Ministry of Power,14,7,-3,0.0,12.0,18.0,-6.0,1.1999999999999993,6.0,14.0,13.579999999999998,81.48,81.48,2.0,11.714285714285714,0,1,0,82,0,,,0,0,1,1,0,0,1,1
P-612855,2025-08,Electricity Generation,Gujarat,Ministry of Power,15,6,-3,0.0,14.31958762886598,19.0,-4.68041237113402,1.0,4.0,13.0,15.75,49.49,97.23,1.3333333333333333,13.5,0,1,0,90,0,,,0,0,1,1,0,0,1,1
P-612855,2025-09,Electricity Generation,Gujarat,Ministry of Power,16,9,1,0.0,15.0,24.0,-9.0,5.0,7.199999999999999,15.0,4.61999999999999,33.94999999999999,101.85,2.4,8.444444444444445,0,2,0,82,0,,,0,0,1,1,0,0,1,1
P-612855,2025-10,Electricity Generation,Gujarat,Ministry of Power,17,8,1,0.0,20.000000000000004,27.0,-6.9999999999999964,3.0,9.0,15.0,33.95000000000002,54.32000000000001,135.8,3.0,9.125,0,2,0,90,0,0,0,0,1,1,1,1,1,1,1
P-612856,2025-08,Electricity Generation,Andhra Pradesh,Ministry of Power,27,3,2,0.0,36.99651610537253,42.0,-5.003483894627472,3.0,21.0,30.0,9.810000000000002,0.5300000000000011,-5.469999999999999,7.0,19.333333333333332,0,1,0,90,0,,,0,0,1,1,0,0,1,1
P-612876,2025-07,Education,Mizoram,Department of Higher Education,134,53,0,0.0,35.33095755224258,4.0,31.33095755224258,,,,,,,,1.8113207547169812,0,0,0,90,0,0,0,0,0,1,1,1,1,1,1
P-612876,2025-08,Education,Mizoram,Department of Higher Education,65,52,0,0.0,35.33095755224258,4.0,31.33095755224258,0.0,,,0.0,,,,1.8461538461538463,1,0,0,86,0,0,0,0,0,1,1,1,1,1,1
P-612876,2025-09,Education,Mizoram,Department of Higher Education,192,51,0,0.0,35.33095755224258,4.0,31.33095755224258,0.0,,,0.0,,,,1.8823529411764706,2,0,0,78,0,0,0,0,0,1,1,1,1,1,1
P-612876,2025-10,Education,Mizoram,Department of Higher Education,193,50,0,0.0,35.33095755224258,4.0,31.33095755224258,0.0,0.0,,0.0,0.0,,0.0,1.92,3,0,0,86,0,0,0,0,0,1,1,1,1,1,1
P-612877,2025-07,Education,Puducherry,Department of Higher Education,144,1,8,-11.967525956593459,93.55182422750487,94.0,-0.44817577249513363,,,,,,,,6.0,0,0,0,98,0,0,1,0,0,1,1,1,1,1,1
P-612877,2025-08,Education,Puducherry,Department of Higher Education,65,0,8,-11.967525956593459,93.60877392805966,94.0,-0.39122607194033776,0.0,,,0.3100000000000023,,,,6.0,1,0,0,98,0,0,1,0,0,1,1,1,1,1,1
P-612877,2025-09,Education,Puducherry,Department of Higher Education,192,-1,8,-11.967525956593459,93.60877392805966,94.0,-0.39122607194033776,0.0,,,0.0,,,,6.0,2,0,0,86,0,0,1,0,0,1,1,1,1,1,1
P-612877,2025-10,Education,Puducherry,Department of Higher Education,193,-2,8,-11.967525956593459,97.34724620641511,96.0,1.3472462064151074,2.0,2.0,,20.349999999999966,20.659999999999968,,0.6666666666666666,4.0,0,0,0,98,0,1,1,0,0,1,1,1,1,1,1
P-612883,2025-07,Education,Sikkim,Department of Higher Education,16,17,-14,-10.936770881941204,19.903071582945838,7.0,12.903071582945838,,,,,,,,5.470588235294118,0,0,0,90,0,0,0,0,0,1,1,1,1,1,1
P-612883,2025-08,Education,Sikkim,Department of Higher Education,18,16,-14,-10.936770881941204,19.903071582945838,9.0,10.903071582945838,2.0,,,0.0,,,,5.6875,0,0,0,90,0,0,0,0,0,1,1,1,1,1,1
P-612883,2025-09,Education,Sikkim,Department of Higher Education,19,15,-14,-10.936770881941204,19.903071582945838,12.0,7.903071582945838,3.0,,,0.0,,,,5.866666666666666,0,0,0,82,0,0,0,0,0,1,1,1,1,1,1
P-612883,2025-10,Education,Sikkim,Department of Higher Education,20,14,-14,-10.936770881941204,19.903071582945838,14.0,5.903071582945838,2.0,7.0,,0.0,0.0,,2.3333333333333335,6.142857142857143,0,0,0,90,0,0,0,0,0,1,1,1,1,1,1
P-612885,2025-01,Education,Meghalaya,Department of Higher Education,136,-6,118,-11.277667657746944,67.38422154991855,75.8,-8.415778450081447,,,,,,,,24.200000000000003,0,0,0,92,0,1,1,0,1,1,1,1,1,1,1
P-612885,2025-02,Education,Meghalaya,Department of Higher Education,137,5,130,-11.277667657746944,68.08238305794741,81.0,-12.91761694205259,5.200000000000003,,,3.0,,,,3.8,0,1,0,92,0,0,0,1,1,1,1,1,1,1,1
P-612885,2025-03,Education,Meghalaya,Department of Higher Education,138,4,130,-11.277667657746944,68.54782406329998,82.5,-13.952175936700016,1.5,,,2.0,,,,4.375,0,1,0,92,0,0,0,1,1,1,1,1,1,1,1
P-612885,2025-04,Education,Meghalaya,Department of Higher Education,139,3,130,-11.277667657746944,68.78054456597627,83.0,-14.219455434023729,0.5,7.200000000000003,,1.0,6.0,,2.400000000000001,5.666666666666667,0,1,0,84,0,0,0,1,1,1,1,1,1,1,1
P-612885,2025-05,Education,Meghalaya,Department of Higher Education,140,2,130,2.106045589692763,54.70961740677829,84.0,-29.290382593221707,1.0,3.0,,-25.0,-22.0,,1.0,8.0,0,1,1,72,0,0,0,0,0,1,1,1,1,1,1
P-612885,2025-06,Education,Meghalaya,Department of Higher Education,141,1,130,2.106045589692763,54.70961740677829,84.0,-29.290382593221707,0.0,1.5,,0.0,-24.0,,0.5,16.0,1,1,1,88,0,0,1,0,0,1,1,1,1,1,1
P-612885,2025-07,Education,Meghalaya,Department of Higher Education,130,0,40,0.0,83.63059128043355,86.0,-2.369408719566451,2.0,3.0,10.200000000000003,143.01999999999998,118.01999999999998,124.01999999999998,1.0,14.0,0,1,1,74,0,0,1,0,0,1,1,1,1,1,1
P-612885,2025-08,Education,Meghalaya,Department of Higher Education,65,-1,40,0.0,83.63059128043355,86.0,-2.369408719566451,0.0,2.0,5.0,0.0,143.01999999999998,121.01999999999998,0.6666666666666666,14.0,1,1,1,86,0,0,1,0,0,1,1,1,1,1,1
P-612885,2025-09,Education,Meghalaya,Department of Higher Education,192,-2,40,0.0,83.63059128043355,86.0,-2.369408719566451,0.0,2.0,3.5,0.0,143.01999999999998,119.01999999999998,0.6666666666666666,14.0,2,1,1,78,0,1,1,0,0,1,1,1,1,1,1
P-612885,2025-10,Education,Meghalaya,Department of Higher Education,193,-3,40,0.0,84.84388902369976,89.0,-4.156110976300241,3.0,3.0,6.0,6.0,6.0,124.01999999999998,1.0,11.0,0,1,1,90,0,1,1,0,0,1,1,1,1,1,1
P-612894,2025-01,Education,Himachal Pradesh,Department of Higher Education,46,6,8,-41.36073540605422,37.726743218505575,63.0,-25.273256781494425,,,,,,,,6.166666666666667,0,0,0,92,0,0,,0,0,1,1,1,0,1,1
P-612894,2025-02,Education,Himachal Pradesh,Department of Higher Education,47,5,8,-41.36073540605422,37.746713263438174,66.0,-28.253286736561826,3.0,,,0.060000000000002274,,,,6.8,0,0,0,92,0,0,,0,0,1,1,1,0,1,1
P-612894,2025-03,Education,Himachal Pradesh,Department of Higher Education,48,4,8,-41.36073540605422,48.03461474454984,68.0,-19.96538525545016,2.0,,,30.909999999999997,,,,8.0,0,0,0,92,0,0,,0,0,1,1,1,0,1,1
P-612894,2025-04,Education,Himachal Pradesh,Department of Higher Education,49,3,8,-41.36073540605422,48.03461474454984,70.0,-21.96538525545016,2.0,7.0,,0.0,30.97,,2.3333333333333335,10.0,0,0,0,84,0,,,0,0,1,1,0,0,1,1
P-612894,2025-05,Education,Himachal Pradesh,Department of Higher Education,50,2,8,-41.36073540605422,52.29489099683808,72.0,-19.705109003161922,2.0,6.0,,12.800000000000011,43.71000000000001,,2.0,14.0,0,0,0,84,0,,,0,0,1,1,0,0,1,1
P-612894,2025-06,Education,Himachal Pradesh,Department of Higher Education,51,1,8,-41.36073540605422,56.458645365285406,74.0,-17.541354634714594,2.0,6.0,,12.509999999999991,25.310000000000002,,2.0,26.0,0,0,0,92,0,,,0,0,1,1,0,0,1,1
P-612894,2025-07,Education,Himachal Pradesh,Department of Higher Education,35,4,12,19.23565362330344,61.02845731402896,78.0,-16.971542685971038,4.0,8.0,15.0,13.730000000000018,39.04000000000002,70.01000000000002,2.6666666666666665,5.5,0,1,0,74,0,,,0,0,1,1,0,0,1,1
P-612894,2025-08,Education,Himachal Pradesh,Department of Higher Education,53,3,12,19.23565362330344,61.02845731402896,78.0,-16.971542685971038,0.0,6.0,12.0,0.0,26.24000000000001,69.95000000000002,2.0,7.333333333333333,1,1,0,86,0,0,1,0,0,1,1,1,1,1,1
P-612894,2025-09,Education,Himachal Pradesh,Department of Higher Education,54,2,12,19.23565362330344,61.05508404060576,79.0,-17.944915959394237,1.0,5.0,11.0,0.07999999999998408,13.810000000000002,39.120000000000005,1.6666666666666667,10.5,0,1,0,82,0,1,1,0,0,1,1,1,1,1,1
P-612894,2025-10,Education,Himachal Pradesh,Department of Higher Education,55,1,12,19.23565362330344,61.06506906307206,80.0,-18.93493093692794,1.0,2.0,10.0,0.030000000000001137,0.10999999999998522,39.150000000000006,0.6666666666666666,20.0,0,1,0,90,0,1,1,0,0,1,1,1,1,1,1
P-612898,2025-07,Education,Arunachal Pradesh,Department of Higher Education,148,13,0,0.0,92.8030239111726,75.0,17.803023911172602,,,,,,,,1.9230769230769231,0,0,0,98,0,0,,0,0,1,1,1,0,1,1
P-612898,2025-08,Education,Arunachal Pradesh,Department of Higher Education,149,12,0,0.0,92.8030239111726,75.0,17.803023911172602,0.0,,,0.0,,,,2.0833333333333335,1,0,0,94,0,0,,0,0,1,1,1,0,1,1
P-612898,2025-09,Education,Arunachal Pradesh,Department of Higher Education,192,11,0,0.0,92.84689762238234,75.0,17.846897622382343,0.0,,,0.2599999999999909,,,,2.272727272727273,2,0,0,90,0,,,0,0,1,1,0,0,1,1
P-612898,2025-10,Education,Arunachal Pradesh,Department of Higher Education,193,10,0,0.0,92.85533487453806,80.0,12.855334874538059,5.0,5.0,,0.049999999999954525,0.30999999999994543,,1.6666666666666667,2.0,0,0,0,98,0,,,0,0,1,1,0,0,1,1
P-612916,2025-07,Education,Gujarat,Department of Higher Education,53,8,12,0.0,61.43937386625359,76.0,-14.56062613374641,,,,,,,,3.0,0,0,0,90,0,0,0,0,0,1,1,1,1,1,1
P-612916,2025-08,Education,Gujarat,Department of Higher Education,54,7,12,0.0,61.43937386625359,76.0,-14.56062613374641,0.0,,,0.0,,,,3.4285714285714284,1,0,0,86,0,0,0,0,0,1,1,1,1,1,1
P-612916,2025-09,Education,Gujarat,Department of Higher Education,57,6,12,0.0,63.60393779426452,80.0,-16.396062205735483,4.0,,,10.620000000000005,,,,3.3333333333333335,0,0,0,82,0,0,0,0,0,1,1,1,1,1,1
P-612916,2025-10,Education,Gujarat,Department of Higher Education,58,5,12,0.0,63.96673664472208,80.0,-16.033263355277917,0.0,4.0,,1.7799999999999727,12.399999999999977,,1.3333333333333333,4.0,1,0,0,90,0,0,0,0,0,1,1,1,1,1,1
P-613002,2025-07,Railways,Tamil Nadu,Ministry of Railways,33,8,0,0.0,40.38004750593824,0.0,40.38004750593824,,,,,,,,12.5,0,0,0,90,0,0,0,0,0,1,1,1,1,1,1
P-613002,2025-08,Railways,Tamil Nadu,Ministry of Railways,34,7,0,0.0,40.38004750593824,0.0,40.38004750593824,0.0,,,0.0,,,,14.285714285714286,1,0,0,86,0,0,0,0,0,1,1,1,1,1,1
P-613002,2025-09,Railways,Tamil Nadu,Ministry of Railways,40,6,0,0.0,40.38004750593824,0.0,40.38004750593824,0.0,,,0.0,,,,16.666666666666668,2,0,0,78,0,0,0,0,0,1,1,1,1,1,1
P-613002,2025-10,Railways,Tamil Nadu,Ministry of Railways,41,5,0,0.0,40.38004750593824,0.0,40.38004750593824,0.0,0.0,,0.0,0.0,,0.0,20.0,3,0,0,86,0,0,0,0,0,1,1,1,1,1,1
P-613008,2025-07,Education,Andhra Pradesh,Department of Higher Education,19,23,0,0.0,27.321311475409836,24.0,3.3213114754098356,,,,,,,,3.3043478260869565,0,0,0,98,0,0,0,0,0,1,1,1,1,1,1
P-613008,2025-08,Education,Andhra Pradesh,Department of Higher Education,20,22,0,0.0,27.321311475409836,24.0,3.3213114754098356,0.0,,,0.0,,,,3.4545454545454546,1,0,0,94,0,0,0,0,0,1,1,1,1,1,1
P-613008,2025-09,Education,Andhra Pradesh,Department of Higher Education,72,21,0,0.0,27.85573770491803,25.0,2.855737704918031,1.0,,,1.6299999999999955,,,,3.5714285714285716,0,0,0,90,0,0,0,0,0,1,1,1,1,1,1
P-613008,2025-10,Education,Andhra Pradesh,Department of Higher Education,73,20,0,0.0,6.5442622950819676,32.0,-25.455737704918032,7.0,8.0,,-65.0,-63.37,,2.6666666666666665,3.4,0,0,0,86,0,0,0,0,0,1,1,1,1,1,1
P-613013,2025-07,Education,Nagaland,Department of Higher Education,154,5,0,0.0,93.53843921198708,93.0,0.5384392119870824,,,,,,,,1.4,0,0,0,98,0,0,0,0,0,1,1,1,1,1,1
P-613013,2025-08,Education,Nagaland,Department of Higher Education,155,4,0,0.0,94.36563509051992,95.0,-0.6343649094800838,2.0,,,2.2800000000000296,,,,1.25,0,0,0,98,0,0,0,0,0,1,1,1,1,1,1
P-613013,2025-09,Education,Nagaland,Department of Higher Education,192,3,0,0.0,94.77923302978631,97.0,-2.2207669702136883,2.0,,,1.1399999999999864,,,,1.0,0,0,0,90,0,0,0,0,0,1,1,1,1,1,1
P-613013,2025-10,Education,Nagaland,Department of Higher Education,193,2,0,0.0,94.77923302978631,97.0,-2.2207669702136883,0.0,4.0,,0.0,3.420000000000016,,1.3333333333333333,1.5,1,0,0,94,0,0,0,0,0,1,1,1,1,1,1
P-613015,2025-07,Railways,Maharashtra,Ministry of Railways,24,20,0,0.0,28.968560397131828,12.0,16.968560397131828,,,,,,,,4.4,0,0,0,90,0,0,0,0,0,1,1,1,1,1,1
P-613015,2025-08,Railways,Maharashtra,Ministry of Railways,28,19,0,0.0,31.388858246001107,13.0,18.388858246001107,1.0,,,43.879999999999995,,,,4.578947368421052,0,0,0,90,0,0,0,0,0,1,1,1,1,1,1
P-613015,2025-09,Railways,Maharashtra,Ministry of Railways,29,18,0,0.0,32.245449531163814,14.0,18.245449531163814,1.0,,,15.529999999999973,,,,4.777777777777778,0,0,0,82,0,0,0,0,0,1,1,1,1,1,1
P-613015,2025-10,Railways,Maharashtra,Ministry of Railways,30,17,0,0.0,33.135686707115276,16.0,17.135686707115276,2.0,4.0,,16.139999999999986,75.54999999999995,,1.3333333333333333,4.9411764705882355,0,0,0,90,0,0,0,0,0,1,1,1,1,1,1
P-613785,2025-07,Railways,Delhi,Ministry of Railways,13,41,0,0.0,0.6696880269814502,0.0,0.6696880269814502,,,,,,,,2.4390243902439024,0,0,0,90,0,0,0,0,0,1,1,1,1,1,1
P-613785,2025-08,Railways,Delhi,Ministry of Railways,31,40,0,0.0,0.7396711635750423,0.0,0.7396711635750423,0.0,,,3.320000000000004,,,,2.5,1,0,0,90,0,0,0,0,0,1,1,1,1,1,1
P-613785,2025-09,Railways,Delhi,Ministry of Railways,32,39,0,0.0,2.523397976391231,1.0,1.523397976391231,1.0,,,84.61999999999999,,,,2.5384615384615383,0,0,0,82,0,0,0,0,0,1,1,1,1,1,1
P-613785,2025-10,Railways,Delhi,Ministry of Railways,33,38,0,0.0,2.5284569983136596,1.0,1.5284569983136596,0.0,1.0,,0.2400000000000091,88.18,,0.3333333333333333,2.6052631578947367,1,0,0,90,0,0,0,0,0,1,1,1,1,1,1
P-613786,2025-07,Railways,Gujarat,Ministry of Railways,20,32,0,0.0,25.54392601933586,15.0,10.54392601933586,,,,,,,,2.65625,0,0,0,90,0,0,0,0,0,1,1,1,1,1,1
P-613786,2025-08,Railways,Gujarat,Ministry of Railways,31,31,0,0.0,27.609920134510297,16.0,11.609920134510297,1.0,,,49.14999999999998,,,,2.7096774193548385,0,0,0,90,0,0,0,0,0,1,1,1,1,1,1
P-613786,2025-09,Railways,Gujarat,Ministry of Railways,32,30,0,0.0,28.703656998738968,18.0,10.703656998738968,2.0,,,26.019999999999982,,,,2.7333333333333334,0,0,0,82,0,0,0,0,0,1,1,1,1,1,1
P-613786,2025-10,Railways,Gujarat,Ministry of Railways,33,29,0,0.0,30.55527532576713,19.0,11.55527532576713,1.0,4.0,,44.049999999999955,119.21999999999991,,1.3333333333333333,2.793103448275862,0,0,0,90,0,0,0,0,0,1,1,1,1,1,1
P-613787,2025-07,Telecommunication,Uttarakhand,"Department of Water Resources, River Development & GR",27,47,0,0.0,18.827444758329786,16.0,2.8274447583297864,,,,,,,,1.7872340425531914,0,0,0,98,0,0,0,0,0,1,1,1,1,1,1
P-613787,2025-08,Telecommunication,Uttarakhand,"Department of Water Resources, River Development & GR",22,46,0,0.0,37.4799736852289,16.0,21.4799736852289,0.0,,,482.0,,,,1.826086956521739,1,0,0,98,0,0,0,0,0,1,1,1,1,1,1
P-613787,2025-09,Telecommunication,Uttarakhand,"Department of Water Resources, River Development & GR",23,45,0,0.0,37.4799736852289,16.0,21.4799736852289,0.0,,,0.0,,,,1.8666666666666667,2,0,0,86,0,0,0,0,0,1,1,1,1,1,1
P-613787,2025-10,Telecommunication,Uttarakhand,"Department of Water Resources, River Development & GR",24,44,0,0.0,37.4799736852289,16.0,21.4799736852289,0.0,0.0,,0.0,482.0,,0.0,1.9090909090909092,3,0,0,94,0,0,0,0,0,1,1,1,1,1,1
P-613793,2025-01,Coal,West Bengal,Ministry of Coal,57,14,12,0.0,10.567559185361315,12.0,-1.4324408146386851,,,,,,,,6.285714285714286,0,0,0,92,0,0,0,0,0,1,1,1,1,1,1
P-613793,2025-02,Coal,West Bengal,Ministry of Coal,58,13,0,0.0,10.695751059650574,12.0,-1.3042489403494262,0.0,,,0.6199999999999974,,,,6.769230769230769,1,0,0,92,0,0,0,0,0,1,1,1,1,1,1
P-613793,2025-03,Coal,West Bengal,Ministry of Coal,59,12,0,0.0,11.237465109066473,12.0,-0.7625348909335266,0.0,,,2.6200000000000045,,,,7.333333333333333,2,0,0,92,0,0,0,0,0,1,1,1,1,1,1
P-613793,2025-04,Coal,West Bengal,Ministry of Coal,60,11,0,0.0,11.3449808745994,12.0,-0.6550191254005995,0.0,0.0,,0.519999999999996,3.759999999999998,,0.0,8.0,3,0,0,84,0,0,,0,0,1,1,1,0,1,1
P-613793,2025-05,Coal,West Bengal,Ministry of Coal,61,10,0,0.0,11.419414866122196,12.0,-0.5805851338778041,0.0,0.0,,0.35999999999999943,3.5,,0.0,8.8,4,0,0,84,0,0,,0,0,1,1,1,0,1,1
P-613793,2025-06,Coal,West Bengal,Ministry of Coal,62,9,0,0.0,11.481443192391193,12.09,-0.6085568076088066,0.08999999999999986,0.08999999999999986,,0.30000000000000426,1.1799999999999997,,0.029999999999999954,9.767777777777777,5,0,0,92,0,0,,0,0,1,1,1,0,1,1
P-613793,2025-07,Coal,West Bengal,Ministry of Coal,63,8,0,0.0,11.555877183913989,12.0,-0.44412281608601134,-0.08999999999999986,0.0,0.0,0.35999999999999943,1.0200000000000031,4.780000000000001,0.0,11.0,6,0,0,74,0,,,0,0,1,1,0,0,1,1
P-613793,2025-08,Coal,West Bengal,Ministry of Coal,64,7,0,0.0,12.207174609738448,12.0,0.20717460973844837,0.0,0.0,0.0,3.1499999999999986,3.8100000000000023,7.310000000000002,0.0,12.571428571428571,7,0,0,90,0,,,0,0,1,1,0,0,1,1
P-613793,2025-09,Coal,West Bengal,Ministry of Coal,65,6,0,0.0,12.205106998862815,12.0,0.20510699886281536,0.0,-0.08999999999999986,0.0,-0.00999999999999801,3.5,4.68,-0.029999999999999954,14.666666666666666,8,0,0,78,0,,,0,0,1,1,0,0,1,1
P-613793,2025-10,Coal,West Bengal,Ministry of Coal,66,29,24,0.0,12.500775354078362,12.0,0.5007753540783622,0.0,0.0,0.0,1.4299999999999997,4.57,5.590000000000003,0.0,3.0344827586206895,9,1,0,82,0,,,0,0,1,1,0,0,1,1
P-613794,2025-01,Coal,West Bengal,Ministry of Coal,24,38,-12,0.0,33.554356206630686,16.0,17.554356206630686,,,,,,,,2.210526315789474,0,0,0,92,0,0,0,0,0,1,1,1,1,1,1
P-613794,2025-02,Coal,West Bengal,Ministry of Coal,25,37,-12,0.0,33.554356206630686,16.0,17.554356206630686,0.0,,,0.0,,,,2.27027027027027,1,0,0,88,0,0,0,0,0,1,1,1,1,1,1
P-613794,2025-03,Coal,West Bengal,Ministry of Coal,26,36,-12,0.0,33.554356206630686,16.0,17.554356206630686,0.0,,,0.0,,,,2.3333333333333335,2,0,0,88,0,0,0,0,0,1,1,1,1,1,1
P-613794,2025-04,Coal,West Bengal,Ministry of Coal,27,35,-12,0.0,33.554356206630686,16.0,17.554356206630686,0.0,0.0,,0.0,0.0,,0.0,2.4,3,0,0,80,0,0,0,0,0,1,1,1,1,1,1
P-613794,2025-05,Coal,West Bengal,Ministry of Coal,28,34,-12,0.0,33.554356206630686,16.4,17.154356206630688,0.3999999999999986,0.3999999999999986,,0.0,0.0,,0.13333333333333286,2.4588235294117644,4,0,0,84,0,0,0,0,0,1,1,1,1,1,1
P-613794,2025-06,Coal,West Bengal,Ministry of Coal,29,33,-12,0.0,33.77537907992803,16.41,17.36537907992803,0.010000000000001563,0.41000000000000014,,0.8599999999999852,0.8599999999999852,,0.13666666666666671,2.533030303030303,5,0,0,92,0,0,0,0,0,1,1,1,1,1,1
P-613794,2025-07,Coal,West Bengal,Ministry of Coal,30,32,0,0.0,33.77537907992803,16.0,17.77537907992803,-0.41000000000000014,0.0,0.0,0.0,0.8599999999999852,0.8599999999999852,0.0,2.625,6,0,0,74,0,0,0,0,0,1,1,1,1,1,1
P-613794,2025-08,Coal,West Bengal,Ministry of Coal,31,31,0,0.0,33.77537907992803,17.0,16.77537907992803,1.0,0.6000000000000014,1.0,0.0,0.8599999999999852,0.8599999999999852,0.20000000000000048,2.6774193548387095,0,0,0,90,0,0,0,0,0,1,1,1,1,1,1
P-613794,2025-09,Coal,West Bengal,Ministry of Coal,32,30,0,0.0,33.77537907992803,17.0,16.77537907992803,0.0,0.5899999999999999,1.0,0.0,0.0,0.8599999999999852,0.19666666666666663,2.7666666666666666,1,0,0,78,0,0,0,0,0,1,1,1,1,1,1
P-613794,2025-10,Coal,West Bengal,Ministry of Coal,33,29,0,0.0,34.04780262143407,21.0,13.047802621434073,4.0,5.0,5.0,1.0600000000000023,1.0600000000000023,1.9199999999999875,1.6666666666666667,2.7241379310344827,0,0,0,90,0,0,0,0,0,1,1,1,1,1,1
P-613798,2025-01,Coal,Chhattisgarh,Ministry of Coal,,14,96,0.0,25.86242819299342,42.0,-16.13757180700658,,,,,,,,4.142857142857143,0,0,0,92,0,0,0,0,0,1,1,1,1,1,1
P-613798,2025-02,Coal,Chhattisgarh,Ministry of Coal,120,13,96,0.0,25.86242819299342,42.0,-16.13757180700658,0.0,,,0.0,,,,4.461538461538462,1,0,0,88,0,0,0,0,0,1,1,1,1,1,1
P-613798,2025-03,Coal,Chhattisgarh,Ministry of Coal,,12,0,0.0,25.88921629907432,42.0,-16.11078370092568,0.0,,,0.09000000000000341,,,,4.833333333333333,2,0,0,84,0,0,0,0,0,1,1,1,1,1,1
P-613798,2025-04,Coal,Chhattisgarh,Ministry of Coal,122,11,96,0.0,25.88921629907432,42.0,-16.11078370092568,0.0,0.0,,0.0,0.09000000000000341,,0.0,5.2727272727272725,3,0,0,80,0,0,0,0,0,1,1,1,1,1,1
P-613798,2025-05,Coal,Chhattisgarh,Ministry of Coal,123,10,96,0.0,25.88921629907432,42.0,-16.11078370092568,0.0,0.0,,0.0,0.09000000000000341,,0.0,5.8,4,0,0,80,0,0,0,0,0,1,1,1,1,1,1
P-613798,2025-06,Coal,Chhattisgarh,Ministry of Coal,124,9,96,0.0,26.035062654403664,42.0,-15.964937345596336,0.0,0.0,,0.4899999999999949,0.4899999999999949,,0.0,6.444444444444445,5,0,0,92,0,0,0,0,0,1,1,1,1,1,1
P-613798,2025-07,Coal,Chhattisgarh,Ministry of Coal,125,8,0,0.0,26.035062654403664,42.0,-15.964937345596336,0.0,0.0,0.0,0.0,0.4899999999999949,0.5799999999999983,0.0,7.25,6,0,0,70,0,0,0,0,0,1,1,1,1,1,1
P-613798,2025-08,Coal,Chhattisgarh,Ministry of Coal,126,7,0,0.0,26.25532041551329,42.0,-15.744679584486711,0.0,0.0,0.0,0.7399999999999949,1.2299999999999898,1.3199999999999932,0.0,8.285714285714286,7,0,0,90,0,0,0,0,0,1,1,1,1,1,1
P-613798,2025-09,Coal,Chhattisgarh,Ministry of Coal,127,6,0,0.0,26.26424978420692,42.0,-15.735750215793079,0.0,0.0,0.0,0.030000000000001137,0.769999999999996,1.259999999999991,0.0,9.666666666666666,8,0,0,82,0,0,0,0,0,1,1,1,1,1,1
P-613798,2025-10,Coal,Chhattisgarh,Ministry of Coal,128,5,0,0.0,26.26424978420692,42.0,-15.735750215793079,0.0,0.0,0.0,0.0,0.769999999999996,1.259999999999991,0.0,11.6,9,0,0,86,0,0,0,0,0,1,1,1,1,1,1
P-613799,2025-01,Coal,Chhattisgarh,Ministry of Coal,,14,0,0.0,59.57608351787409,65.0,-5.423916482125911,,,,,,,,2.5,0,0,0,92,0,0,0,0,0,1,1,1,1,1,1
P-613799,2025-02,Coal,Chhattisgarh,Ministry of Coal,115,13,72,0.0,59.579247073710846,65.0,-5.420752926289154,0.0,,,0.010000000000019327,,,,2.6923076923076925,1,0,0,84,0,0,0,0,0,1,1,1,1,1,1
P-613799,2025-03,Coal,Chhattisgarh,Ministry of Coal,116,12,72,0.0,59.579247073710846,65.0,-5.420752926289154,0.0,,,0.0,,,,2.9166666666666665,2,0,0,88,0,0,0,0,0,1,1,1,1,1,1
P-613799,2025-04,Coal,Chhattisgarh,Ministry of Coal,117,11,72,0.0,59.579247073710846,71.0,-11.420752926289154,6.0,6.0,,0.0,0.010000000000019327,,2.0,2.6363636363636362,0,0,0,84,0,0,0,0,0,1,1,1,1,1,1
P-613799,2025-05,Coal,Chhattisgarh,Ministry of Coal,118,10,72,0.0,59.579247073710846,71.0,-11.420752926289154,0.0,6.0,,0.0,0.0,,2.0,2.9,1,0,0,80,0,0,0,0,0,1,1,1,1,1,1
P-613799,2025-06,Coal,Chhattisgarh,Ministry of Coal,119,9,72,0.0,59.579247073710846,71.0,-11.420752926289154,0.0,6.0,,0.0,0.0,,2.0,3.2222222222222223,2,0,0,88,0,0,0,0,0,1,1,1,1,1,1
P-613799,2025-07,Coal,Chhattisgarh,Ministry of Coal,120,8,0,0.0,59.640631425769506,71.0,-11.359368574230494,0.0,0.0,6.0,0.19999999999998863,0.19999999999998863,0.21000000000000796,0.0,3.625,3,0,0,74,0,0,0,0,0,1,1,1,1,1,1
P-613799,2025-08,Coal,Chhattisgarh,Ministry of Coal,121,7,0,0.0,59.662775616083,72.0,-12.337224383916997,1.0,1.0,7.0,0.06999999999999318,0.2699999999999818,0.2699999999999818,0.3333333333333333,4.0,0,0,0,90,0,0,0,0,0,1,1,1,1,1,1
P-613799,2025-09,Coal,Chhattisgarh,Ministry of Coal,122,6,0,0.0,59.662775616083,78.0,-18.337224383916997,6.0,7.0,13.0,0.0,0.2699999999999818,0.2699999999999818,2.3333333333333335,3.6666666666666665,0,0,0,82,0,0,0,0,0,1,1,1,1,1,1
P-613799,2025-10,Coal,Chhattisgarh,Ministry of Coal,123,5,0,0.0,59.66910252760115,78.0,-18.330897472398853,0.0,7.0,7.0,0.020000000000010232,0.09000000000000341,0.28999999999999204,2.3333333333333335,4.4,1,0,0,90,0,0,0,0,0,1,1,1,1,1,1
P-613800,2025-01,Coal,Chhattisgarh,Ministry of Coal,,2,0,0.0,57.06108946875884,92.0,-34.93891053124116,,,,,,,,4.0,0,0,0,92,0,1,1,0,0,1,1,1,1,1,1
P-613800,2025-02,Coal,Chhattisgarh,Ministry of Coal,103,1,60,0.0,57.13943720211539,92.0,-34.86056279788461,0.0,,,0.36000000000001364,,,,8.0,1,0,0,84,0,1,1,0,0,1,1,1,1,1,1
P-613800,2025-03,Coal,Chhattisgarh,Ministry of Coal,104,12,72,0.0,57.359246120699034,92.0,-34.640753879300966,0.0,,,1.009999999999991,,,,0.6666666666666666,2,1,0,92,0,0,0,0,0,1,1,1,1,1,1
P-613800,2025-04,Coal,Chhattisgarh,Ministry of Coal,105,11,72,0.0,57.37448040218503,92.0,-34.62551959781497,0.0,0.0,,0.06999999999999318,1.4399999999999977,,0.0,0.7272727272727273,3,1,0,84,0,0,0,0,0,1,1,1,1,1,1
P-613800,2025-05,Coal,Chhattisgarh,Ministry of Coal,106,10,72,0.0,57.34836449106618,92.0,-34.65163550893382,0.0,0.0,,-0.12000000000000455,0.9599999999999795,,0.0,0.8,4,1,0,72,0,0,0,0,0,1,1,1,1,1,1
P-613800,2025-06,Coal,Chhattisgarh,Ministry of Coal,107,9,72,0.0,57.45500446146815,92.0,-34.54499553853185,0.0,0.0,,0.4900000000000091,0.4399999999999977,,0.0,0.8888888888888888,5,1,0,92,0,0,0,0,0,1,1,1,1,1,1
P-613800,2025-07,Coal,Chhattisgarh,Ministry of Coal,108,8,12,0.0,59.70750179546889,92.0,-32.29249820453111,0.0,0.0,0.0,10.350000000000023,10.720000000000027,12.160000000000025,0.0,1.0,6,1,0,82,0,0,0,0,0,1,1,1,1,1,1
P-613800,2025-08,Coal,Chhattisgarh,Ministry of Coal,109,7,12,0.0,59.70750179546889,92.0,-32.29249820453111,0.0,0.0,0.0,0.0,10.840000000000032,11.800000000000011,0.0,1.1428571428571428,7,1,0,86,0,0,0,0,0,1,1,1,1,1,1
P-613800,2025-09,Coal,Chhattisgarh,Ministry of Coal,110,6,12,0.0,59.70750179546889,96.0,-36.29249820453111,4.0,4.0,4.0,0.0,10.350000000000023,10.79000000000002,1.3333333333333333,0.6666666666666666,0,1,0,82,0,0,1,0,0,1,1,1,1,1,1
P-613800,2025-10,Coal,Chhattisgarh,Ministry of Coal,111,5,12,0.0,59.70750179546889,96.0,-36.29249820453111,0.0,4.0,4.0,0.0,0.0,10.720000000000027,1.3333333333333333,0.8,1,1,0,86,0,0,1,0,0,1,1,1,1,1,1
P-613801,2025-01,Coal,Chhattisgarh,Ministry of Coal,,14,0,0.0,43.85755374640472,38.0,5.857553746404719,,,,,,,,4.428571428571429,0,0,0,92,0,0,0,0,0,1,1,1,1,1,1
P-613801,2025-02,Coal,Chhattisgarh,Ministry of Coal,81,13,0,0.0,43.85999122507678,38.0,5.859991225076783,0.0,,,0.009999999999990905,,,,4.769230769230769,1,0,0,80,0,0,0,0,0,1,1,1,1,1,1
P-613801,2025-03,Coal,Chhattisgarh,Ministry of Coal,,12,0,0.0,43.86242870374884,38.0,5.86242870374884,0.0,,,0.009999999999990905,,,,5.166666666666667,2,0,0,80,0,0,0,0,0,1,1,1,1,1,1
P-613801,2025-04,Coal,Chhattisgarh,Ministry of Coal,83,11,0,0.0,43.91849071320626,38.0,5.9184907132062605,0.0,0.0,,0.2300000000000182,0.25,,0.0,5.636363636363637,3,0,0,84,0,0,0,0,0,1,1,1,1,1,1
P-613801,2025-05,Coal,Chhattisgarh,Ministry of Coal,84,10,0,0.0,43.91849071320626,38.0,5.9184907132062605,0.0,0.0,,0.0,0.2400000000000091,,0.0,6.2,4,0,0,88,0,0,,0,0,1,1,1,0,1,1
P-613801,2025-06,Coal,Chhattisgarh,Ministry of Coal,85,9,0,0.0,44.10373909228294,38.0,6.103739092282943,0.0,0.0,,0.7599999999999909,0.9900000000000091,,0.0,6.888888888888889,5,0,0,92,0,0,,0,0,1,1,1,0,1,1
P-613801,2025-07,Coal,Chhattisgarh,Ministry of Coal,86,8,0,0.0,41.26651391800322,38.0,3.26651391800322,0.0,0.0,0.0,-11.639999999999986,-10.879999999999995,-10.629999999999995,0.0,7.75,6,0,0,62,0,0,,0,0,1,1,1,0,1,1
P-613801,2025-08,Coal,Chhattisgarh,Ministry of Coal,87,7,0,0.0,44.17442597377273,38.0,6.174425973772728,0.0,0.0,0.0,11.929999999999978,1.049999999999983,1.289999999999992,0.0,8.857142857142858,7,0,0,90,0,,,0,0,1,1,0,0,1,1
P-613801,2025-09,Coal,Chhattisgarh,Ministry of Coal,88,6,0,0.0,44.26217520596695,54.0,-9.737824794033052,16.0,16.0,16.0,0.36000000000001364,0.6500000000000057,1.6400000000000148,5.333333333333333,7.666666666666667,0,0,0,82,0,,,0,0,1,1,0,0,1,1
P-613801,2025-10,Coal,Chhattisgarh,Ministry of Coal,89,5,0,0.0,44.56442256130259,54.0,-9.435577438697408,0.0,16.0,16.0,1.240000000000009,13.530000000000001,2.6500000000000057,5.333333333333333,9.2,1,0,0,90,0,,,0,0,1,1,0,0,1,1
P-613802,2025-01,Coal,Madhya Pradesh,Ministry of Coal,,14,0,0.0,36.46776627856835,47.0,-10.532233721431652,,,,,,,,3.7857142857142856,0,0,0,92,0,0,0,0,0,1,1,1,1,1,1
P-613802,2025-02,Coal,Madhya Pradesh,Ministry of Coal,122,13,60,0.0,36.465071151358345,47.0,-10.534928848641655,0.0,,,-0.009999999999990905,,,,4.076923076923077,1,0,0,80,0,0,0,0,0,1,1,1,1,1,1
P-613802,2025-03,Coal,Madhya Pradesh,Ministry of Coal,,12,0,0.0,36.85316946959896,47.0,-10.14683053040104,0.0,,,1.4399999999999977,,,,4.416666666666667,2,0,0,84,0,0,0,0,0,1,1,1,1,1,1
P-613802,2025-04,Coal,Madhya Pradesh,Ministry of Coal,124,11,60,0.0,36.84777921517895,47.0,-10.152220784821047,0.0,0.0,,-0.020000000000010232,1.4099999999999966,,0.0,4.818181818181818,3,0,0,72,0,0,0,0,0,1,1,1,1,1,1
P-613802,2025-05,Coal,Madhya Pradesh,Ministry of Coal,125,10,60,0.0,36.97714532125916,47.0,-10.022854678740842,0.0,0.0,,0.47999999999998977,1.8999999999999773,,0.0,5.3,4,0,0,84,0,0,0,0,0,1,1,1,1,1,1
P-613802,2025-06,Coal,Madhya Pradesh,Ministry of Coal,126,9,60,0.0,37.093035791289346,47.0,-9.906964208710654,0.0,0.0,,0.4300000000000068,0.8899999999999864,,0.0,5.888888888888889,5,0,0,92,0,0,,0,0,1,1,1,0,1,1
P-613802,2025-07,Coal,Madhya Pradesh,Ministry of Coal,127,8,0,0.0,38.97423458387236,47.0,-8.02576541612764,0.0,0.0,0.0,6.980000000000018,7.890000000000015,9.300000000000011,0.0,6.625,6,0,0,74,0,0,,0,0,1,1,1,0,1,1
P-613802,2025-08,Coal,Madhya Pradesh,Ministry of Coal,128,7,0,0.0,38.97423458387236,47.0,-8.02576541612764,0.0,0.0,0.0,0.0,7.410000000000025,9.310000000000002,0.0,7.571428571428571,7,0,0,86,0,0,,0,0,1,1,1,0,1,1
P-613802,2025-09,Coal,Madhya Pradesh,Ministry of Coal,129,6,0,0.0,38.97423458387236,58.0,-19.02576541612764,11.0,11.0,11.0,0.0,6.980000000000018,7.8700000000000045,3.6666666666666665,7.0,0,0,0,82,0,,,0,0,1,1,0,0,1,1
P-613802,2025-10,Coal,Madhya Pradesh,Ministry of Coal,130,5,0,0.0,38.97423458387236,58.0,-19.02576541612764,0.0,11.0,11.0,0.0,0.0,7.890000000000015,3.6666666666666665,8.4,1,0,0,86,0,,,0,0,1,1,0,0,1,1
P-613803,2025-01,Coal,Madhya Pradesh,Ministry of Coal,,14,0,0.0,8.881561018150107,36.0,-27.11843898184989,,,,,,,,4.571428571428571,0,0,0,92,0,,,0,0,1,1,0,0,1,1
P-613803,2025-02,Coal,Madhya Pradesh,Ministry of Coal,13,49,0,0.0,8.887011500517795,36.0,-27.112988499482206,0.0,,,0.01999999999999602,,,,1.3061224489795917,1,1,0,84,0,,,0,0,1,1,0,0,1,1
P-613803,2025-03,Coal,Madhya Pradesh,Ministry of Coal,14,48,0,0.0,8.922439635907779,41.0,-32.07756036409222,5.0,,,0.13000000000000256,,,,1.2291666666666667,0,1,0,92,0,0,,0,0,1,1,1,0,1,1
P-613803,2025-04,Coal,Madhya Pradesh,Ministry of Coal,15,47,0,0.0,9.094129830489997,41.0,-31.905870169510003,0.0,5.0,,0.6299999999999955,0.779999999999994,,1.6666666666666667,1.2553191489361701,1,1,0,92,0,,,0,0,1,1,0,0,1,1
P-613803,2025-05,Coal,Madhya Pradesh,Ministry of Coal,16,46,0,0.0,9.094129830489997,41.0,-31.905870169510003,0.0,5.0,,0.0,0.759999999999998,,1.6666666666666667,1.2826086956521738,2,1,0,88,0,,,0,0,1,1,0,0,1,1
P-613803,2025-06,Coal,Madhya Pradesh,Ministry of Coal,17,45,0,0.0,9.175887066005341,41.0,-31.82411293399466,0.0,0.0,,0.30000000000000426,0.9299999999999997,,0.0,1.3111111111111111,3,1,0,92,0,,,0,0,1,1,0,0,1,1
P-613803,2025-07,Coal,Madhya Pradesh,Ministry of Coal,18,8,0,0.0,6.8321796478988395,41.0,-34.16782035210116,0.0,0.0,5.0,-8.600000000000001,-8.299999999999997,-7.520000000000003,0.0,7.375,4,2,0,62,0,,,0,0,1,1,0,0,1,1
P-613803,2025-08,Coal,Madhya Pradesh,Ministry of Coal,19,7,0,0.0,9.279446230991441,41.0,-31.72055376900856,0.0,0.0,5.0,8.979999999999997,0.6799999999999997,1.4399999999999977,0.0,8.428571428571429,5,2,0,90,0,,,0,0,1,1,0,0,1,1
P-613803,2025-09,Coal,Madhya Pradesh,Ministry of Coal,20,42,0,0.0,9.282171472175287,41.0,-31.717828527824715,0.0,0.0,0.0,0.010000000000005116,0.39000000000000057,1.3200000000000003,0.0,1.4047619047619047,6,3,0,82,0,,,0,0,1,1,0,0,1,1
P-613803,2025-10,Coal,Madhya Pradesh,Ministry of Coal,21,41,0,0.0,9.284896713359132,41.0,-31.71510328664087,0.0,0.0,0.0,0.00999999999999801,9.0,0.7000000000000028,0.0,1.4390243902439024,7,3,0,86,0,0,0,0,0,1,1,1,1,1,1
P-613804,2025-08,Coal,Madhya Pradesh,Ministry of Coal,44,19,0,0.0,1.8434206756025344,17.0,-15.156579324397466,0.0,8.0,8.0,0.08999999999999986,5.23,5.23,2.6666666666666665,4.368421052631579,1,0,1,90,0,0,0,0,0,1,1,1,1,1,1
P-613804,2025-09,Coal,Madhya Pradesh,Ministry of Coal,45,18,0,0.0,1.8688910821738993,17.0,-15.1311089178261,0.0,8.0,8.0,0.08000000000000007,5.3100000000000005,5.3100000000000005,2.6666666666666665,4.611111111111111,2,0,1,82,0,0,0,0,0,1,1,1,1,1,1
P-613804,2025-10,Coal,Madhya Pradesh,Ministry of Coal,46,17,0,0.0,2.177719761851699,17.0,-14.822280238148302,0.0,0.0,8.0,0.9699999999999998,1.1399999999999997,6.279999999999999,0.0,4.882352941176471,3,0,1,90,0,0,0,0,0,1,1,1,1,1,1
P-613808,2025-01,Coal,Jharkhand,Ministry of Coal,,12,0,0.0,56.04330940331882,70.0,-13.956690596681177,,,,,,,,2.5,0,0,0,92,0,0,1,0,0,1,1,1,1,1,1
P-613808,2025-02,Coal,Jharkhand,Ministry of Coal,168,11,141,0.0,56.04330940331882,70.0,-13.956690596681177,0.0,,,0.0,,,,2.727272727272727,1,0,0,80,0,0,1,0,0,1,1,1,1,1,1
P-613808,2025-03,Coal,Jharkhand,Ministry of Coal,169,10,141,0.0,56.04330940331882,70.0,-13.956690596681177,0.0,,,0.0,,,,3.0,2,0,0,88,0,1,1,0,0,1,1,1,1,1,1
P-613808,2025-04,Coal,Jharkhand,Ministry of Coal,170,9,141,0.0,56.04330940331882,70.0,-13.956690596681177,0.0,0.0,,0.0,0.0,,0.0,3.3333333333333335,3,0,0,88,0,1,1,0,0,1,1,1,1,1,1
P-613808,2025-05,Coal,Jharkhand,Ministry of Coal,171,8,141,0.0,56.04330940331882,70.0,-13.956690596681177,0.0,0.0,,0.0,0.0,,0.0,3.75,4,0,0,88,0,1,1,0,0,1,1,1,1,1,1
P-613808,2025-06,Coal,Jharkhand,Ministry of Coal,172,18,152,0.0,56.04330940331882,70.0,-13.956690596681177,0.0,0.0,,0.0,0.0,,0.0,1.6666666666666667,5,1,0,88,0,0,0,0,0,1,1,1,1,1,1
P-613808,2025-07,Coal,Jharkhand,Ministry of Coal,173,17,152,0.0,56.09497749139377,70.0,-13.90502250860623,0.0,0.0,0.0,0.17000000000001592,0.17000000000001592,0.17000000000001592,0.0,1.7647058823529411,6,1,0,82,0,0,0,0,0,1,1,1,1,1,1
P-613808,2025-08,Coal,Jharkhand,Ministry of Coal,174,16,152,0.0,56.19795804278106,70.0,-13.80204195721894,0.0,0.0,0.0,0.3499999999999943,0.5200000000000102,0.5200000000000102,0.0,1.875,7,1,0,90,0,0,0,0,0,1,1,1,1,1,1
P-613808,2025-09,Coal,Jharkhand,Ministry of Coal,175,15,152,0.0,56.19795804278106,70.0,-13.80204195721894,0.0,0.0,0.0,0.0,0.5200000000000102,0.5200000000000102,0.0,2.0,8,1,0,78,0,0,0,0,0,1,1,1,1,1,1
P-613808,2025-10,Coal,Jharkhand,Ministry of Coal,176,14,152,0.0,56.19795804278106,70.0,-13.80204195721894,0.0,0.0,0.0,0.0,0.3499999999999943,0.5200000000000102,0.0,2.142857142857143,9,1,0,86,0,0,0,0,0,1,1,1,1,1,1
P-615183,2025-01,COAL,"Multi-States (Madhya Pradesh, Uttar Pradesh)",Ministry of Coal,,2,0,0.0,16.44802408119267,7.38,9.068024081192672,,,,,,,,46.31,0,0,0,92,0,,,0,0,1,1,0,0,1,1
P-615183,2025-02,COAL,"Multi-States (Madhya Pradesh, Uttar Pradesh)",Ministry of Coal,44,1,0,0.0,20.94697663066691,8.61,12.33697663066691,1.2299999999999995,,,22.11999999999999,,,,91.39,0,0,0,84,0,,,0,0,1,1,0,0,1,1
P-615183,2025-03,COAL,"Multi-States (Madhya Pradesh, Uttar Pradesh)",Ministry of Coal,,24,0,0.0,28.209978237435674,9.21,18.999978237435673,0.6000000000000014,,,35.709999999999994,,,,3.7829166666666665,0,1,0,84,0,,,0,0,1,1,0,0,1,1
P-615183,2025-04,COAL,"Multi-States (Madhya Pradesh, Uttar Pradesh)",Ministry of Coal,46,23,24,0.0,33.27028291333618,13.12,20.150282913336184,3.9099999999999984,5.739999999999999,,24.880000000000024,82.71000000000001,,1.913333333333333,3.7773913043478258,0,1,0,84,0,0,0,0,0,1,1,1,1,1,1
P-615183,2025-05,COAL,"Multi-States (Madhya Pradesh, Uttar Pradesh)",Ministry of Coal,47,22,24,0.0,37.74889661765005,39.73,-1.98110338234995,26.61,31.119999999999997,,22.019999999999982,82.61,,10.373333333333333,2.7395454545454547,0,1,0,92,0,0,0,0,0,1,1,1,1,1,1
P-615183,2025-06,COAL,"Multi-States (Madhya Pradesh, Uttar Pradesh)",Ministry of Coal,48,21,24,0.0,41.13328045233592,40.86,0.2732804523359178,1.1300000000000026,31.65,,16.640000000000015,63.54000000000002,,10.549999999999999,2.816190476190476,0,1,0,92,0,0,0,0,0,1,1,1,1,1,1
P-615183,2025-07,COAL,"Multi-States (Madhya Pradesh, Uttar Pradesh)",Ministry of Coal,49,20,24,0.0,41.121077145239695,40.0,1.1210771452396955,-0.8599999999999994,26.880000000000003,32.62,-0.060000000000002274,38.599999999999994,121.31,8.96,3.0,0,1,0,70,0,0,0,0,0,1,1,1,1,1,1
P-615183,2025-08,COAL,"Multi-States (Madhya Pradesh, Uttar Pradesh)",Ministry of Coal,50,19,24,0.0,46.844428173368314,45.0,1.844428173368314,5.0,5.270000000000003,36.39,28.139999999999986,44.72,127.33,1.7566666666666677,2.8947368421052633,0,1,0,90,0,0,0,0,0,1,1,1,1,1,1
P-615183,2025-09,COAL,"Multi-States (Madhya Pradesh, Uttar Pradesh)",Ministry of Coal,51,18,24,0.0,48.00374234750951,46.0,2.003742347509508,1.0,5.140000000000001,36.79,5.700000000000017,33.78,97.32000000000002,1.7133333333333336,3.0,0,1,0,82,0,0,0,0,0,1,1,1,1,1,1
P-615183,2025-10,COAL,"Multi-States (Madhya Pradesh, Uttar Pradesh)",Ministry of Coal,52,17,24,0.0,49.53729127260154,47.0,2.537291272601543,1.0,7.0,33.88,7.539999999999992,41.379999999999995,79.97999999999999,2.3333333333333335,3.1176470588235294,0,1,0,90,0,0,0,0,0,1,1,1,1,1,1
P-615184,2025-08,Coal,Maharashtra,Ministry of Coal,43,31,0,0.0,61.76084674597621,68.0,-6.23915325402379,0.0,41.0,41.0,1.4000000000000057,22.870000000000005,22.870000000000005,13.666666666666666,1.032258064516129,1,0,1,90,0,0,0,0,0,1,1,1,1,1,1
P-615184,2025-09,Coal,Maharashtra,Ministry of Coal,44,30,0,0.0,62.28131560531841,68.0,-5.718684394681588,0.0,41.0,41.0,1.1899999999999977,24.060000000000002,24.060000000000002,13.666666666666666,1.0666666666666667,2,0,1,82,0,0,0,0,0,1,1,1,1,1,1
P-615184,2025-10,Coal,Maharashtra,Ministry of Coal,45,29,0,0.0,62.705563331000704,68.0,-5.294436668999296,0.0,0.0,41.0,0.9699999999999989,3.5600000000000023,25.03,0.0,1.103448275862069,3,0,1,90,0,0,0,0,0,1,1,1,1,1,1
P-615185,2025-08,Coal,Madhya Pradesh,Ministry of Coal,35,19,0,0.0,22.963426853707414,66.0,-43.03657314629258,-1.0,24.0,24.0,19.460000000000008,27.540000000000006,27.540000000000006,8.0,1.7894736842105263,0,0,1,90,0,0,0,0,0,1,1,1,1,1,1
P-615185,2025-09,Coal,Madhya Pradesh,Ministry of Coal,36,18,0,0.0,23.1563126252505,66.0,-42.8436873747495,0.0,24.0,24.0,0.769999999999996,28.310000000000002,28.310000000000002,8.0,1.8888888888888888,1,0,1,82,0,0,0,0,0,1,1,1,1,1,1
P-615185,2025-10,Coal,Madhya Pradesh,Ministry of Coal,37,17,0,0.0,23.426853707414832,66.0,-42.573146292585164,0.0,-1.0,24.0,1.0799999999999983,21.310000000000002,29.39,-0.3333333333333333,2.0,2,0,1,90,0,0,0,0,0,1,1,1,1,1,1
P-615186,2025-08,Coal,Maharashtra,Ministry of Coal,60,7,0,0.0,28.306795386158473,20.0,8.306795386158473,0.0,-4.0,-4.0,-0.6499999999999915,21.67,21.67,-1.3333333333333333,11.428571428571429,1,0,1,78,0,0,0,0,0,1,1,1,1,1,1
P-615186,2025-09,Coal,Maharashtra,Ministry of Coal,61,6,0,0.0,28.306795386158473,20.0,8.306795386158473,0.0,-4.0,-4.0,0.0,21.67,21.67,-1.3333333333333333,13.333333333333334,2,0,1,78,0,0,0,0,0,1,1,1,1,1,1
P-615186,2025-10,Coal,Maharashtra,Ministry of Coal,62,5,0,0.0,28.673520561685052,20.0,8.673520561685052,0.0,0.0,-4.0,1.1700000000000017,0.5200000000000102,22.840000000000003,0.0,16.0,3,0,1,90,0,0,0,0,0,1,1,1,1,1,1
P-615187,2025-08,Coal,Madhya Pradesh,Ministry of Coal,33,43,0,0.0,0.0,11.0,-11.0,0.0,4.0,4.0,0.0,0.0,0.0,1.3333333333333333,2.0697674418604652,1,0,1,86,0,0,0,0,0,1,1,1,1,1,1
P-615187,2025-09,Coal,Madhya Pradesh,Ministry of Coal,34,42,0,0.0,0.0,11.0,-11.0,0.0,4.0,4.0,0.0,0.0,0.0,1.3333333333333333,2.119047619047619,2,0,1,78,0,0,0,0,0,1,1,1,1,1,1
P-615187,2025-10,Coal,Madhya Pradesh,Ministry of Coal,35,41,0,0.0,0.0,11.0,-11.0,0.0,0.0,4.0,0.0,0.0,0.0,0.0,2.1707317073170733,3,0,1,86,0,0,0,0,0,1,1,1,1,1,1
P-615188,2025-08,Coal,Maharashtra,Ministry of Coal,75,19,0,0.0,13.781788351107465,24.0,-10.218211648892535,0.0,-3.0,-3.0,14.36,7.449999999999996,7.449999999999996,-1.0,4.0,1,0,1,90,0,0,0,0,0,1,1,1,1,1,1
P-615188,2025-09,Coal,Maharashtra,Ministry of Coal,76,18,0,0.0,13.781788351107465,24.0,-10.218211648892535,0.0,-3.0,-3.0,0.0,7.449999999999996,7.449999999999996,-1.0,4.222222222222222,2,0,1,78,0,0,0,0,0,1,1,1,1,1,1
P-615188,2025-10,Coal,Maharashtra,Ministry of Coal,77,17,0,0.0,14.922813036020584,24.0,-9.077186963979416,0.0,0.0,-3.0,4.590000000000003,18.950000000000003,12.04,0.0,4.470588235294118,3,0,1,90,0,0,0,0,0,1,1,1,1,1,1
P-615189,2025-08,Coal,Maharashtra,Ministry of Coal,38,7,0,0.0,19.404758614972227,12.0,7.404758614972227,0.0,0.0,0.0,2.5799999999999983,36.32,36.32,0.0,12.571428571428571,7,0,1,90,0,0,0,0,0,1,1,1,1,1,1
P-615189,2025-09,Coal,Maharashtra,Ministry of Coal,39,6,0,0.0,19.404758614972227,11.0,8.404758614972227,-1.0,-1.0,-1.0,0.0,36.32,36.32,-0.3333333333333333,14.833333333333334,0,0,1,82,0,0,0,0,0,1,1,1,1,1,1
P-615189,2025-10,Coal,Maharashtra,Ministry of Coal,40,5,0,0.0,21.09044684555227,11.0,10.090446845552268,0.0,-1.0,-1.0,6.099999999999994,8.679999999999993,42.419999999999995,-0.3333333333333333,17.8,1,0,1,90,0,0,0,0,0,1,1,1,1,1,1
P-615190,2025-08,Coal,Maharashtra,Ministry of Coal,39,43,0,0.0,7.9791511541325395,6.0,1.9791511541325395,0.0,-10.0,-10.0,0.14999999999999858,4.779999999999998,4.779999999999998,-3.3333333333333335,2.186046511627907,1,0,1,90,0,0,0,0,0,1,1,1,1,1,1
P-615190,2025-09,Coal,Maharashtra,Ministry of Coal,40,42,0,0.0,8.035740878629934,6.0,2.035740878629934,0.0,-10.0,-10.0,0.19000000000000128,4.969999999999999,4.969999999999999,-3.3333333333333335,2.238095238095238,2,0,1,82,0,0,0,0,0,1,1,1,1,1,1
P-615190,2025-10,Coal,Maharashtra,Ministry of Coal,41,41,0,0.0,8.035740878629934,6.0,2.035740878629934,0.0,0.0,-10.0,0.0,0.33999999999999986,4.969999999999999,0.0,2.292682926829268,3,0,1,86,0,0,0,0,0,1,1,1,1,1,1
P-615191,2025-08,Coal,Chhattisgarh,Ministry of Coal,31,43,0,0.0,18.316576045685125,2.0,16.316576045685125,0.0,0.0,0.0,0.0,-0.0800000000000054,-0.04000000000000625,0.0,2.2790697674418605,7,0,0,86,0,0,0,0,0,1,1,1,1,1,1
P-615191,2025-09,Coal,Chhattisgarh,Ministry of Coal,32,42,0,0.0,18.47149236049938,2.0,16.47149236049938,0.0,0.0,0.0,0.5100000000000051,0.4299999999999997,0.46999999999999886,0.0,2.3333333333333335,8,0,0,82,0,0,0,0,0,1,1,1,1,1,1
P-615191,2025-10,Coal,Chhattisgarh,Ministry of Coal,33,41,0,0.0,18.63248382491419,2.0,16.63248382491419,0.0,0.0,0.0,0.5300000000000011,1.0400000000000063,0.9600000000000009,0.0,2.3902439024390243,9,0,0,90,0,0,0,0,0,1,1,1,1,1,1
P-615192,2025-08,Coal,Maharashtra,Ministry of Coal,52,7,0,0.0,12.940112410362428,8.0,4.940112410362428,0.0,1.0,1.0,10.21,36.410000000000004,36.410000000000004,0.3333333333333333,13.142857142857142,1,0,1,90,0,0,0,0,0,1,1,1,1,1,1
P-615192,2025-09,Coal,Maharashtra,Ministry of Coal,53,6,0,0.0,13.809031591188061,8.0,5.809031591188061,0.0,1.0,1.0,2.6899999999999977,39.1,39.1,0.3333333333333333,15.333333333333334,2,0,1,82,0,0,0,0,0,1,1,1,1,1,1
P-615192,2025-10,Coal,Maharashtra,Ministry of Coal,54,5,0,0.0,14.174042250791395,8.0,6.174042250791395,0.0,0.0,1.0,1.1300000000000026,14.030000000000001,40.230000000000004,0.0,18.4,3,0,1,90,0,0,0,0,0,1,1,1,1,1,1
P-615193,2025-01,Coal,Odisha,Ministry of Coal,128,26,96,0.0,55.73411249086925,62.0,-6.265887509130749,,,,,,,,1.4615384615384615,0,0,0,92,0,0,,0,0,1,1,1,0,1,1
P-615193,2025-02,Coal,Odisha,Ministry of Coal,129,25,96,0.0,55.73411249086925,62.0,-6.265887509130749,0.0,,,0.0,,,,1.52,1,0,0,88,0,1,,0,0,1,1,1,0,1,1
P-615193,2025-03,Coal,Odisha,Ministry of Coal,130,24,96,0.0,55.73411249086925,63.04,-7.3058875091307485,1.0399999999999991,,,0.0,,,,1.54,0,0,0,92,0,1,,0,0,1,1,1,0,1,1
P-615193,2025-04,Coal,Odisha,Ministry of Coal,131,23,96,0.0,55.74454763643954,63.04,-7.295452363560457,0.0,1.0399999999999991,,0.05000000000001137,0.05000000000001137,,0.3466666666666664,1.6069565217391304,1,0,0,92,0,,,0,0,1,1,0,0,1,1
P-615193,2025-05,Coal,Odisha,Ministry of Coal,132,34,108,0.0,55.765417927580096,63.04,-7.2745820724199035,0.0,1.0399999999999991,,0.0999999999999659,0.14999999999997726,,0.3466666666666664,1.0870588235294119,2,1,0,92,0,,,0,0,1,1,0,0,1,1
P-615193,2025-06,Coal,Odisha,Ministry of Coal,133,33,108,0.0,56.765104873212984,63.04,-6.274895126787015,0.0,0.0,,4.7900000000000205,4.939999999999998,,0.0,1.12,3,1,0,92,0,,,0,0,1,1,0,0,1,1
P-615193,2025-07,Coal,Odisha,Ministry of Coal,134,20,0,0.0,54.09579463633518,62.0,-7.904205363664822,-1.0399999999999991,-1.0399999999999991,0.0,-12.79000000000002,-7.900000000000034,-7.850000000000023,-0.3466666666666664,1.9,0,2,0,50,0,,,0,0,1,1,0,0,1,1
P-615193,2025-08,Coal,Odisha,Ministry of Coal,135,43,120,0.0,58.64760513409162,64.0,-5.35239486590838,2.0,0.9600000000000009,2.0,21.810000000000002,13.810000000000002,13.95999999999998,0.3200000000000003,0.8372093023255814,0,3,0,82,0,,,0,0,1,1,0,0,1,1
P-615193,2025-09,Coal,Odisha,Ministry of Coal,136,42,120,0.0,57.13242199728686,64.0,-6.867578002713138,0.0,0.9600000000000009,0.9600000000000009,-7.259999999999991,1.759999999999991,6.699999999999989,0.3200000000000003,0.8571428571428571,1,3,0,70,0,0,0,0,0,1,1,1,1,1,1
P-615193,2025-10,Coal,Odisha,Ministry of Coal,137,41,120,0.0,57.29312323906919,64.0,-6.706876760930811,0.0,2.0,0.9600000000000009,0.7699999999999818,15.319999999999993,7.419999999999959,0.6666666666666666,0.8780487804878049,2,3,0,90,0,0,0,0,0,1,1,1,1,1,1
P-615194,2025-08,Coal,Madhya Pradesh,Ministry of Coal,37,67,0,0.0,13.142884764114463,1.0,12.142884764114463,0.0,-8.0,-8.0,3.9700000000000024,5.07,5.07,-2.6666666666666665,1.4776119402985075,1,0,1,90,0,0,0,0,0,1,1,1,1,1,1
P-615194,2025-09,Coal,Madhya Pradesh,Ministry of Coal,38,66,0,0.0,13.142884764114463,0.0,13.142884764114463,-1.0,-9.0,-9.0,0.0,5.07,5.07,-3.0,1.5151515151515151,0,0,1,82,0,0,0,0,0,1,1,1,1,1,1
P-615194,2025-10,Coal,Madhya Pradesh,Ministry of Coal,39,65,0,0.0,13.142884764114463,0.0,13.142884764114463,0.0,-1.0,-9.0,0.0,3.9700000000000024,5.07,-0.3333333333333333,1.5384615384615385,1,0,1,86,0,0,0,0,0,1,1,1,1,1,1
P-615195,2025-08,Coal,Madhya Pradesh,Ministry of Coal,25,31,0,0.0,2.381954887218045,9.0,-6.618045112781955,0.0,-2.0,-2.0,1.1800000000000002,2.27,2.27,-0.6666666666666666,2.935483870967742,1,0,1,90,0,0,0,0,0,1,1,1,1,1,1
P-615195,2025-09,Coal,Madhya Pradesh,Ministry of Coal,38,30,0,0.0,2.6165413533834583,9.0,-6.383458646616542,0.0,-2.0,-2.0,0.3899999999999997,2.6599999999999997,2.6599999999999997,-0.6666666666666666,3.033333333333333,2,0,1,82,0,0,0,0,0,1,1,1,1,1,1
P-615195,2025-10,Coal,Madhya Pradesh,Ministry of Coal,39,29,0,0.0,3.055639097744361,9.0,-5.944360902255639,0.0,0.0,-2.0,0.7300000000000004,2.3000000000000003,3.39,0.0,3.1379310344827585,3,0,1,90,0,0,0,0,0,1,1,1,1,1,1
P-615199,2025-08,Coal,Maharashtra,Ministry of Coal,23,19,0,0.0,0.3573046147652358,3.0,-2.6426953852347643,0.0,-2.0,-2.0,0.0,0.15999999999999992,0.15999999999999992,-0.6666666666666666,5.105263157894737,1,0,1,86,0,0,0,0,0,1,1,1,1,1,1
P-615199,2025-09,Coal,Maharashtra,Ministry of Coal,32,18,0,0.0,0.3573046147652358,2.0,-1.6426953852347643,-1.0,-3.0,-3.0,0.0,0.15999999999999992,0.15999999999999992,-1.0,5.444444444444445,0,0,1,82,0,0,0,0,0,1,1,1,1,1,1
P-615199,2025-10,Coal,Maharashtra,Ministry of Coal,33,17,0,0.0,0.382466911579689,2.0,-1.617533088420311,0.0,-1.0,-3.0,0.050000000000000044,0.050000000000000044,0.20999999999999996,-0.3333333333333333,5.764705882352941,1,0,1,90,0,0,0,0,0,1,1,1,1,1,1
P-615202,2025-07,"Tourism, Hospitality & Wellness",Chhattisgarh,Ministry of Steel,36,32,-9,3.305882352941179,3.726227081198041,2.0,1.726227081198041,,,,,,,,3.0625,0,0,0,90,0,0,0,0,0,1,1,1,1,1,1
P-615202,2025-08,"Tourism, Hospitality & Wellness",Chhattisgarh,Ministry of Steel,48,31,-9,3.305882352941179,3.726227081198041,3.0,0.7262270811980409,1.0,,,0.0,,,,3.129032258064516,0,0,0,90,0,0,0,0,0,1,1,1,1,1,1
P-615202,2025-09,"Tourism, Hospitality & Wellness",Chhattisgarh,Ministry of Steel,49,30,-9,3.305882352941179,7.111946247580002,4.0,3.1119462475800024,1.0,,,59.46000000000001,,,,3.2,0,0,0,82,0,0,0,0,0,1,1,1,1,1,1
P-615202,2025-10,"Tourism, Hospitality & Wellness",Chhattisgarh,Ministry of Steel,50,29,-9,3.305882352941179,7.585696389932809,6.0,1.5856963899328091,2.0,4.0,,8.319999999999993,67.78,,1.3333333333333333,3.2413793103448274,0,0,0,90,0,0,0,0,0,1,1,1,1,1,1
P-615206,2025-08,Coal,Madhya Pradesh,Ministry of Coal,72,7,0,0.0,3.230713509597972,57.0,-53.76928649040203,0.0,29.0,29.0,0.11000000000000121,1.6300000000000008,1.6300000000000008,9.666666666666666,6.142857142857143,1,0,0,90,0,0,0,0,0,1,1,1,1,1,1
P-615206,2025-09,Coal,Madhya Pradesh,Ministry of Coal,73,6,0,0.0,3.230713509597972,57.0,-53.76928649040203,0.0,29.0,29.0,0.0,1.6300000000000008,1.6300000000000008,9.666666666666666,7.166666666666667,2,0,0,78,0,0,0,0,0,1,1,1,1,1,1
P-615206,2025-10,Coal,Madhya Pradesh,Ministry of Coal,74,5,0,0.0,3.747434504406616,56.0,-52.25256549559339,-1.0,-1.0,28.0,2.139999999999999,2.25,3.7699999999999996,-0.3333333333333333,8.8,0,0,0,90,0,0,0,0,0,1,1,1,1,1,1
P-615327,2025-01,Electricity Generation,Tamil Nadu,Ministry of Coal,20,3,-2,0.0,49.919735816172086,26.0,23.919735816172086,,,,,,,,24.666666666666668,0,0,0,92,0,1,,0,0,1,1,1,0,1,1
P-615327,2025-02,Electricity Generation,Tamil Nadu,Ministry of Coal,21,2,-2,0.0,136.37114158602026,37.0,99.37114158602026,11.0,,,188.48999999999998,,,,31.5,0,0,0,92,0,1,,0,0,1,1,1,0,1,1
P-615327,2025-03,Electricity Generation,Tamil Nadu,Ministry of Coal,22,3,0,0.0,63.22065770765491,37.0,26.220657707654908,0.0,,,-159.48999999999998,,,,21.0,1,1,0,80,0,1,,0,0,1,1,1,0,1,1
P-615327,2025-04,Electricity Generation,Tamil Nadu,Ministry of Coal,23,2,0,0.0,63.22065770765491,37.0,26.220657707654908,0.0,11.0,,0.0,29.0,,3.6666666666666665,31.5,2,1,0,88,0,,,0,0,1,1,0,0,1,1
P-615327,2025-05,Electricity Generation,Tamil Nadu,Ministry of Coal,24,4,3,0.0,67.8759803696739,38.0,29.875980369673897,1.0,1.0,,10.150000000000006,-149.33999999999997,,0.3333333333333333,15.5,0,2,0,92,0,,,0,0,1,1,0,0,1,1
P-615327,2025-06,Electricity Generation,Tamil Nadu,Ministry of Coal,25,5,5,0.0,68.28876760078887,40.0,28.288767600788873,2.0,3.0,,0.8999999999999773,11.049999999999983,,1.0,12.0,0,3,0,92,0,,,0,0,1,1,0,0,1,1
P-615327,2025-07,Electricity Generation,Tamil Nadu,Ministry of Coal,17,2,6,0.0,73.81094344814933,46.0,27.81094344814933,6.0,9.0,20.0,12.04000000000002,23.090000000000003,52.09,3.0,27.0,0,4,0,82,0,,,0,0,1,1,0,0,1,1
P-615327,2025-08,Electricity Generation,Tamil Nadu,Ministry of Coal,18,1,6,0.0,74.17786543136265,50.0,24.177865431362648,4.0,12.0,13.0,0.799999999999983,13.73999999999998,-135.6,4.0,50.0,0,4,0,90,0,,,0,0,1,1,0,0,1,1
P-615327,2025-09,Electricity Generation,Tamil Nadu,Ministry of Coal,25,3,9,0.0,74.17786543136265,64.0,10.177865431362648,14.0,24.0,27.0,0.0,12.840000000000003,23.889999999999986,8.0,12.0,0,5,0,82,0,,,0,0,1,1,0,0,1,1
P-615327,2025-10,Electricity Generation,Tamil Nadu,Ministry of Coal,26,2,9,0.0,75.5400632940421,69.0,6.540063294042099,5.0,23.0,32.0,2.969999999999999,3.769999999999982,26.859999999999985,7.666666666666667,15.5,0,5,0,90,0,0,0,0,0,1,1,1,1,1,1
P-615330,2025-08,Coal,Maharashtra,Ministry of Coal,32,43,0,0.0,0.005543083617416369,4.0,-3.9944569163825836,0.0,,,0.02,0.02,0.02,,2.2325581395348837,1,0,0,90,0,0,0,0,0,1,1,1,1,1,1
P-615330,2025-09,Coal,Maharashtra,Ministry of Coal,33,42,0,0.0,0.005543083617416369,4.0,-3.9944569163825836,0.0,,,0.0,0.02,0.02,,2.2857142857142856,2,0,0,78,0,0,0,0,0,1,1,1,1,1,1
P-615330,2025-10,Coal,Maharashtra,Ministry of Coal,34,41,0,0.0,0.005543083617416369,4.0,-3.9944569163825836,0.0,0.0,,0.0,0.02,0.02,0.0,2.341463414634146,3,0,0,86,0,0,0,0,0,1,1,1,1,1,1
P-615331,2025-07,Coal,Maharashtra,Ministry of Coal,21,56,0,0.0,0.0,0.0,0.0,,,,,,,,1.7857142857142858,0,0,0,98,0,0,0,0,0,1,1,1,1,1,1
P-615331,2025-08,Coal,Maharashtra,Ministry of Coal,22,55,0,0.0,0.01608331155384894,0.0,0.01608331155384894,0.0,,,0.08,,,,1.8181818181818181,1,0,0,98,0,0,0,0,0,1,1,1,1,1,1
P-615331,2025-09,Coal,Maharashtra,Ministry of Coal,23,54,0,0.0,0.01608331155384894,0.0,0.01608331155384894,0.0,,,0.0,,,,1.8518518518518519,2,0,0,86,0,0,0,0,0,1,1,1,1,1,1
P-615331,2025-10,Coal,Maharashtra,Ministry of Coal,24,53,0,0.0,0.01608331155384894,0.0,0.01608331155384894,0.0,0.0,,0.0,0.08,,0.0,1.8867924528301887,3,0,0,94,0,0,0,0,0,1,1,1,1,1,1
P-615332,2025-01,Electricity Generation,Rajasthan,Ministry of Power,5,19,0,0.0,1.036901494358036,4.0,-2.9630985056419643,,,,,,,,5.052631578947368,0,0,0,92,0,0,0,0,0,1,1,1,1,1,1
P-615332,2025-02,Electricity Generation,Rajasthan,Ministry of Power,6,18,0,0.0,1.3113754193351632,7.0,-5.688624580664837,3.0,,,9.0,,,,5.166666666666667,0,0,0,92,0,0,0,0,0,1,1,1,1,1,1
P-615332,2025-03,Electricity Generation,Rajasthan,Ministry of Power,7,17,0,0.0,1.8603232692894176,7.0,-5.139676730710582,0.0,,,18.0,,,,5.470588235294118,1,0,0,92,0,0,,0,0,1,1,1,0,1,1
P-615332,2025-04,Electricity Generation,Rajasthan,Ministry of Power,8,16,0,0.0,4.086611771881671,10.9,-6.813388228118329,3.9000000000000004,6.9,,73.0,100.0,,2.3000000000000003,5.56875,0,0,0,92,0,0,,0,0,1,1,1,0,1,1
P-615332,2025-05,Electricity Generation,Rajasthan,Ministry of Power,9,15,0,0.0,8.963098505641963,16.4,-7.436901494358036,5.499999999999998,9.399999999999999,,159.89999999999998,250.89999999999998,,3.133333333333333,5.573333333333333,0,0,0,92,0,0,,0,0,1,1,1,0,1,1
P-615332,2025-06,Electricity Generation,Rajasthan,Ministry of Power,10,14,0,0.0,15.0,18.6,-3.6000000000000014,2.200000000000003,11.600000000000001,,197.95000000000005,430.85,,3.866666666666667,5.814285714285715,0,0,0,92,0,,,0,0,1,1,0,0,1,1
P-615332,2025-07,Electricity Generation,Rajasthan,Ministry of Power,11,13,0,0.0,16.699908508691674,19.0,-2.3000914913083257,0.3999999999999986,8.1,15.0,55.74000000000001,413.59000000000003,513.59,2.6999999999999997,6.230769230769231,1,0,0,74,0,,,0,0,1,1,0,0,1,1
P-615332,2025-08,Electricity Generation,Rajasthan,Ministry of Power,12,12,0,0.0,21.0,21.0,0.0,2.0,4.600000000000001,14.0,141.0,394.69000000000005,645.59,1.5333333333333339,6.583333333333333,0,0,0,90,0,,,0,0,1,1,0,0,1,1
P-615332,2025-09,Electricity Generation,Rajasthan,Ministry of Power,13,15,4,0.0,25.0,23.0,2.0,2.0,4.399999999999999,16.0,131.15999999999997,327.9,758.75,1.4666666666666661,5.133333333333334,0,1,0,74,0,,,0,0,1,1,0,0,1,1
P-615332,2025-10,Electricity Generation,Rajasthan,Ministry of Power,14,14,4,0.0,28.0,26.0,2.0,3.0,7.0,15.1,98.37,370.53,784.12,2.3333333333333335,5.285714285714286,0,1,0,90,0,0,1,0,0,1,1,1,1,1,1
P-615333,2025-01,Electricity Generation,"Multi-States (Madhya Pradesh, Rajasthan)",Ministry of Power,5,19,0,0.0,0.0,6.0,-6.0,,,,,,,,4.947368421052632,0,0,0,92,0,0,0,0,0,1,1,1,1,1,1
P-615333,2025-02,Electricity Generation,"Multi-States (Madhya Pradesh, Rajasthan)",Ministry of Power,6,18,0,0.0,2.963628199371352,9.0,-6.036371800628649,3.0,,,66.0,,,,5.055555555555555,0,0,0,92,0,0,0,0,0,1,1,1,1,1,1
P-615333,2025-03,Electricity Generation,"Multi-States (Madhya Pradesh, Rajasthan)",Ministry of Power,7,17,0,0.0,3.2330489447687474,10.0,-6.766951055231253,1.0,,,6.0,,,,5.294117647058823,0,0,0,92,0,0,0,0,0,1,1,1,1,1,1
P-615333,2025-04,Electricity Generation,"Multi-States (Madhya Pradesh, Rajasthan)",Ministry of Power,8,16,0,0.0,5.523125280646609,13.5,-7.976874719353391,3.5,7.5,,51.0,123.0,,2.5,5.40625,0,0,0,92,0,0,0,0,0,1,1,1,1,1,1
P-615333,2025-05,Electricity Generation,"Multi-States (Madhya Pradesh, Rajasthan)",Ministry of Power,9,15,0,0.0,13.138302649303995,16.4,-3.2616973506960036,2.8999999999999986,7.399999999999999,,169.58999999999997,226.58999999999997,,2.4666666666666663,5.573333333333333,0,0,0,92,0,0,0,0,0,1,1,1,1,1,1
P-615333,2025-06,Electricity Generation,"Multi-States (Madhya Pradesh, Rajasthan)",Ministry of Power,10,14,0,0.0,22.0,18.6,3.3999999999999986,2.200000000000003,8.600000000000001,,197.35000000000002,417.94,,2.866666666666667,5.814285714285715,0,0,0,92,0,0,0,0,0,1,1,1,1,1,1
P-615333,2025-07,Electricity Generation,"Multi-States (Madhya Pradesh, Rajasthan)",Ministry of Power,11,13,0,0.0,24.0,19.0,5.0,0.3999999999999986,5.5,13.0,44.54000000000002,411.48,534.48,1.8333333333333333,6.230769230769231,1,0,0,74,0,0,0,0,0,1,1,1,1,1,1
P-615333,2025-08,Electricity Generation,"Multi-States (Madhya Pradesh, Rajasthan)",Ministry of Power,12,12,0,0.0,27.969914683430623,20.0,7.969914683430623,1.0,3.6000000000000014,11.0,88.40999999999997,330.3,556.89,1.2000000000000004,6.666666666666667,0,0,0,90,0,0,0,0,0,1,1,1,1,1,1
P-615333,2025-09,Electricity Generation,"Multi-States (Madhya Pradesh, Rajasthan)",Ministry of Power,13,11,0,0.0,35.0,21.0,14.0,1.0,2.3999999999999986,11.0,156.56000000000006,289.51000000000005,707.45,0.7999999999999995,7.181818181818182,0,0,0,82,0,0,,0,0,1,1,1,0,1,1
P-615333,2025-10,Electricity Generation,"Multi-States (Madhya Pradesh, Rajasthan)",Ministry of Power,14,10,0,0.0,35.0,23.0,12.0,2.0,4.0,9.5,0.0,244.97000000000003,656.45,1.3333333333333333,7.7,0,0,0,90,0,0,,0,0,1,1,1,0,1,1
P-615334,2025-01,Electricity Generation,"Multi-States (Madhya Pradesh, Rajasthan)",Ministry of Power,5,19,0,0.0,1.9071055059981543,6.0,-4.092894494001846,,,,,,,,4.947368421052632,0,0,0,92,0,0,0,0,0,1,1,1,1,1,1
P-615334,2025-02,Electricity Generation,"Multi-States (Madhya Pradesh, Rajasthan)",Ministry of Power,6,18,0,0.0,2.3069824669332513,7.0,-4.693017533066749,1.0,,,13.0,,,,5.166666666666667,0,0,0,92,0,0,0,0,0,1,1,1,1,1,1
P-615334,2025-03,Electricity Generation,"Multi-States (Madhya Pradesh, Rajasthan)",Ministry of Power,7,17,0,0.0,4.275607505382959,9.0,-4.724392494617041,2.0,,,64.0,,,,5.352941176470588,0,0,0,92,0,0,,0,0,1,1,1,0,1,1
P-615334,2025-04,Electricity Generation,"Multi-States (Madhya Pradesh, Rajasthan)",Ministry of Power,8,16,0,0.0,7.4131036604121805,11.6,-4.186896339587819,2.5999999999999996,5.6,,102.0,179.0,,1.8666666666666665,5.525,0,0,0,92,0,0,,0,0,1,1,1,0,1,1
P-615334,2025-05,Electricity Generation,"Multi-States (Madhya Pradesh, Rajasthan)",Ministry of Power,9,15,0,0.0,13.122116271916333,13.4,-0.27788372808366724,1.8000000000000007,6.4,,185.60000000000002,351.6,,2.1333333333333333,5.7733333333333325,0,0,0,92,0,0,,0,0,1,1,1,0,1,1
P-615334,2025-06,Electricity Generation,"Multi-States (Madhya Pradesh, Rajasthan)",Ministry of Power,10,14,0,0.0,20.000000000000004,16.2,3.8000000000000043,2.799999999999999,7.199999999999999,,223.60000000000002,511.20000000000005,,2.4,5.985714285714286,0,0,0,92,0,,,0,0,1,1,0,0,1,1
P-615334,2025-07,Electricity Generation,"Multi-States (Madhya Pradesh, Rajasthan)",Ministry of Power,11,13,0,0.0,21.099969240233776,17.0,4.099969240233776,0.8000000000000007,5.4,11.0,35.75999999999999,444.96000000000004,623.96,1.8,6.384615384615385,0,0,0,74,0,,,0,0,1,1,0,0,1,1
P-615334,2025-08,Electricity Generation,"Multi-States (Madhya Pradesh, Rajasthan)",Ministry of Power,12,12,0,0.0,24.0,18.0,6.0,1.0,4.6,11.0,94.27999999999997,353.64,705.24,1.5333333333333332,6.833333333333333,0,0,0,90,0,,,0,0,1,1,0,0,1,1
P-615334,2025-09,Electricity Generation,"Multi-States (Madhya Pradesh, Rajasthan)",Ministry of Power,13,18,7,0.0,28.0,20.0,8.0,2.0,3.8000000000000007,11.0,130.03999999999996,260.0799999999999,771.28,1.2666666666666668,4.444444444444445,0,1,0,74,0,,,0,0,1,1,0,0,1,1
P-615334,2025-10,Electricity Generation,"Multi-States (Madhya Pradesh, Rajasthan)",Ministry of Power,14,17,7,0.0,29.0,26.0,3.0,6.0,9.0,14.4,32.50999999999999,256.8299999999999,701.79,3.0,4.352941176470588,0,1,0,90,0,0,1,0,0,1,1,1,1,1,1
P-615335,2025-01,Electricity Generation,Rajasthan,Ministry of Power,5,19,0,0.0,0.0,,,,,,,,,,,0,0,0,80,1,0,0,0,0,1,1,1,1,1,1
P-615335,2025-02,Electricity Generation,Rajasthan,Ministry of Power,6,18,0,0.0,0.0,1.0,-1.0,,,,0.0,,,,5.5,0,0,0,92,0,0,0,0,0,1,1,1,1,1,1
P-615335,2025-03,Electricity Generation,Rajasthan,Ministry of Power,7,17,0,0.0,0.0,1.0,-1.0,0.0,,,0.0,,,,5.823529411764706,1,0,0,88,0,0,,0,0,1,1,1,0,1,1
P-615335,2025-04,Electricity Generation,Rajasthan,Ministry of Power,8,16,0,0.0,0.0,1.0,-1.0,0.0,,,0.0,0.0,,,6.1875,2,0,0,88,0,0,,0,0,1,1,1,0,1,1
P-615335,2025-05,Electricity Generation,Rajasthan,Ministry of Power,9,15,0,0.0,0.0,1.0,-1.0,0.0,0.0,,0.0,0.0,,0.0,6.6,3,0,0,88,0,0,,0,0,1,1,1,0,1,1
P-615335,2025-06,Electricity Generation,Rajasthan,Ministry of Power,10,14,0,0.0,1.9971056439942112,1.0,0.9971056439942112,0.0,0.0,,27.6,27.6,,0.0,7.071428571428571,4,0,0,92,0,,,0,0,1,1,0,0,1,1
P-615335,2025-07,Electricity Generation,Rajasthan,Ministry of Power,11,13,0,0.0,3.0,2.0,1.0,1.0,1.0,,13.86,41.46,41.46,0.3333333333333333,7.538461538461538,0,0,0,74,0,,,0,0,1,1,0,0,1,1
P-615335,2025-08,Electricity Generation,Rajasthan,Ministry of Power,12,12,0,0.0,3.0,4.0,-1.0,2.0,3.0,3.0,0.0,41.46,41.46,1.0,8.0,0,0,0,90,0,,,0,0,1,1,0,0,1,1
P-615335,2025-09,Electricity Generation,Rajasthan,Ministry of Power,13,15,4,0.0,8.209840810419681,7.0,1.2098408104196814,3.0,6.0,6.0,72.0,85.85999999999999,113.46,2.0,6.2,0,1,0,74,0,,,0,0,1,1,0,0,1,1
P-615335,2025-10,Electricity Generation,Rajasthan,Ministry of Power,14,14,4,0.0,9.999999999999998,9.0,0.9999999999999982,2.0,7.0,8.0,24.739999999999995,96.73999999999998,138.2,2.3333333333333335,6.5,0,1,0,90,0,0,1,0,0,1,1,1,1,1,1
P-615337,2025-01,Electricity Generation,Rajasthan,Ministry of Power,5,13,0,0.0,0.0,,,,,,,,,,,0,0,0,80,1,0,0,0,0,1,1,1,1,1,1
P-615337,2025-02,Electricity Generation,Rajasthan,Ministry of Power,6,12,0,0.0,0.0,1.0,-1.0,,,,0.0,,,,8.25,0,0,0,92,0,0,0,0,0,1,1,1,1,1,1
P-615337,2025-03,Electricity Generation,Rajasthan,Ministry of Power,7,11,0,0.0,0.0,1.0,-1.0,0.0,,,0.0,,,,9.0,1,0,0,88,0,0,,0,0,1,1,1,0,1,1
P-615337,2025-04,Electricity Generation,Rajasthan,Ministry of Power,8,10,0,0.0,0.0,1.0,-1.0,0.0,,,0.0,0.0,,,9.9,2,0,0,88,0,0,,0,0,1,1,1,0,1,1
P-615337,2025-05,Electricity Generation,Rajasthan,Ministry of Power,9,9,0,0.0,0.0,1.0,-1.0,0.0,0.0,,0.0,0.0,,0.0,11.0,3,0,0,88,0,0,,0,0,1,1,1,0,1,1
P-615337,2025-06,Electricity Generation,Rajasthan,Ministry of Power,10,8,0,0.0,2.7913279132791327,3.8,-1.0086720867208672,2.8,2.8,,10.3,10.3,,0.9333333333333332,12.025,0,0,0,92,0,,,0,0,1,1,0,0,1,1
P-615337,2025-07,Electricity Generation,Rajasthan,Ministry of Power,11,7,0,0.0,4.829268292682927,6.0,-1.1707317073170733,2.2,5.0,,7.52,17.82,17.82,1.6666666666666667,13.428571428571429,0,0,0,74,0,,,0,0,1,1,0,0,1,1
P-615337,2025-08,Electricity Generation,Rajasthan,Ministry of Power,12,6,0,0.0,15.788617886178862,16.0,-0.2113821138211378,10.0,15.0,15.0,40.44,58.26,58.26,5.0,14.0,0,0,0,90,0,,,0,0,1,1,0,0,1,1
P-615337,2025-09,Electricity Generation,Rajasthan,Ministry of Power,13,6,1,0.0,25.00271002710027,19.0,6.002710027100271,3.0,15.2,18.0,34.00000000000001,81.96000000000001,92.26,5.066666666666666,13.5,0,1,0,74,0,,,0,0,1,1,0,0,1,1
P-615337,2025-10,Electricity Generation,Rajasthan,Ministry of Power,14,5,1,0.0,28.0,22.0,6.0,3.0,16.0,21.0,11.059999999999988,85.5,103.32,5.333333333333333,15.6,0,1,0,90,0,0,1,0,0,1,1,1,1,1,1
P-615338,2025-01,Electricity Generation,Rajasthan,Ministry of Power,2,22,0,0.0,0.0,,,,,,,,,,,0,0,0,80,1,0,0,0,0,1,1,1,1,1,1
P-615338,2025-02,Electricity Generation,Rajasthan,Ministry of Power,3,21,0,0.0,0.0,,,,,,0.0,,,,,0,0,0,80,1,0,0,0,0,1,1,1,1,1,1
P-615338,2025-03,Electricity Generation,Rajasthan,Ministry of Power,4,20,0,0.0,0.0,,,,,,0.0,,,,,0,0,0,80,1,0,,0,0,1,1,1,0,1,1
P-615338,2025-04,Electricity Generation,Rajasthan,Ministry of Power,5,19,0,0.0,0.0,,,,,,0.0,0.0,,,,0,0,0,80,1,0,,0,0,1,1,1,0,1,1
P-615338,2025-05,Electricity Generation,Rajasthan,Ministry of Power,6,18,0,0.0,0.0,0.7,-0.7,,,,0.0,0.0,,,5.516666666666667,0,0,0,92,0,0,,0,0,1,1,1,0,1,1
P-615338,2025-06,Electricity Generation,Rajasthan,Ministry of Power,7,17,0,0.0,1.0,3.8,-2.8,3.0999999999999996,,,27.35,27.35,,,5.658823529411765,0,0,0,92,0,,,0,0,1,1,0,0,1,1
P-615338,2025-07,Electricity Generation,Rajasthan,Ministry of Power,8,16,0,0.0,2.976965265082267,5.0,-2.023034734917733,1.2000000000000002,,,54.07,81.42,81.42,,5.9375,0,0,0,74,0,,,0,0,1,1,0,0,1,1
P-615338,2025-08,Electricity Generation,Rajasthan,Ministry of Power,9,15,0,0.0,3.0,8.0,-5.0,3.0,7.3,,0.6299999999999955,82.05,82.05,2.433333333333333,6.133333333333334,0,0,0,90,0,,,0,0,1,1,0,0,1,1
P-615338,2025-09,Electricity Generation,Rajasthan,Ministry of Power,10,21,7,0.0,5.719926873857404,10.0,-4.280073126142596,2.0,6.2,,74.39,129.09,156.44,2.066666666666667,4.285714285714286,0,1,0,74,0,,,0,0,1,1,0,0,1,1
P-615338,2025-10,Electricity Generation,Rajasthan,Ministry of Power,11,20,7,0.0,11.86983546617916,11.0,0.8698354661791594,1.0,6.0,,168.2,243.21999999999997,324.64,2.0,4.45,0,1,0,90,0,0,0,0,0,1,1,1,1,1,1
P-615339,2025-01,Electricity Generation,"Multi-States (Haryana, Punjab, Rajasthan)",Ministry of Power,2,22,0,0.0,0.0,,,,,,,,,,,0,0,0,80,1,0,0,0,0,1,1,1,1,1,1
P-615339,2025-02,Electricity Generation,"Multi-States (Haryana, Punjab, Rajasthan)",Ministry of Power,3,21,0,0.0,0.0,,,,,,0.0,,,,,0,0,0,80,1,0,0,0,0,1,1,1,1,1,1
P-615339,2025-03,Electricity Generation,"Multi-States (Haryana, Punjab, Rajasthan)",Ministry of Power,4,20,0,0.0,0.0,,,,,,0.0,,,,,0,0,0,80,1,0,,0,0,1,1,1,0,1,1
P-615339,2025-04,Electricity Generation,"Multi-States (Haryana, Punjab, Rajasthan)",Ministry of Power,5,19,0,0.0,0.0,,,,,,0.0,0.0,,,,0,0,0,80,1,0,,0,0,1,1,1,0,1,1
P-615339,2025-05,Electricity Generation,"Multi-States (Haryana, Punjab, Rajasthan)",Ministry of Power,6,18,0,0.0,0.0,,,,,,0.0,0.0,,,,0,0,0,80,1,0,,0,0,1,1,1,0,1,1
P-615339,2025-06,Electricity Generation,"Multi-States (Haryana, Punjab, Rajasthan)",Ministry of Power,7,17,0,0.0,1.6999497403250126,,,,,,101.47,101.47,,,,0,0,0,80,1,,,0,0,1,1,0,0,1,1
P-615339,2025-07,Electricity Generation,"Multi-States (Haryana, Punjab, Rajasthan)",Ministry of Power,8,16,0,0.0,2.7999664935500084,4.0,-1.2000335064499916,,,,65.66,167.13,167.13,,6.0,0,0,0,74,0,,,0,0,1,1,0,0,1,1
P-615339,2025-08,Electricity Generation,"Multi-States (Haryana, Punjab, Rajasthan)",Ministry of Power,9,15,0,0.0,3.6600770648349807,5.0,-1.3399229351650193,1.0,,,51.34,218.47,218.47,,6.333333333333333,0,0,0,90,0,,,0,0,1,1,0,0,1,1
P-615339,2025-09,Electricity Generation,"Multi-States (Haryana, Punjab, Rajasthan)",Ministry of Power,10,18,4,0.0,5.769978220807506,8.0,-2.2300217791924943,3.0,,,125.94000000000003,242.94000000000003,344.41,,5.111111111111111,0,1,0,74,0,,,0,0,1,1,0,0,1,1
P-615339,2025-10,Electricity Generation,"Multi-States (Haryana, Punjab, Rajasthan)",Ministry of Power,11,17,4,0.0,8.139889428715028,9.0,-0.8601105712849719,1.0,5.0,,141.45999999999998,318.74,485.87,1.6666666666666667,5.352941176470588,0,1,0,90,0,0,1,0,0,1,1,1,1,1,1
P-615340,2025-01,Electricity Generation,"Multi-States (Haryana, Rajasthan)",Ministry of Power,2,22,0,0.0,0.0,,,,,,,,,,,0,0,0,80,1,0,0,0,0,1,1,1,1,1,1
P-615340,2025-02,Electricity Generation,"Multi-States (Haryana, Rajasthan)",Ministry of Power,3,21,0,0.0,0.0,,,,,,0.0,,,,,0,0,0,80,1,0,0,0,0,1,1,1,1,1,1
P-615340,2025-03,Electricity Generation,"Multi-States (Haryana, Rajasthan)",Ministry of Power,4,20,0,0.0,0.0,,,,,,0.0,,,,,0,0,0,80,1,0,,0,0,1,1,1,0,1,1
P-615340,2025-04,Electricity Generation,"Multi-States (Haryana, Rajasthan)",Ministry of Power,5,19,0,0.0,0.0,,,,,,0.0,0.0,,,,0,0,0,80,1,0,,0,0,1,1,1,0,1,1
P-615340,2025-05,Electricity Generation,"Multi-States (Haryana, Rajasthan)",Ministry of Power,6,18,0,0.0,1.2660070935224939,3.7,-2.4339929064775063,,,,67.82,67.82,,,5.35,0,0,0,92,0,0,,0,0,1,1,1,0,1,1
P-615340,2025-06,Electricity Generation,"Multi-States (Haryana, Rajasthan)",Ministry of Power,7,17,0,0.0,2.0,3.8,-1.7999999999999998,0.09999999999999964,,,39.32000000000001,107.14,,,5.658823529411765,1,0,0,92,0,,,0,0,1,1,0,0,1,1
P-615340,2025-07,Electricity Generation,"Multi-States (Haryana, Rajasthan)",Ministry of Power,8,16,0,0.0,5.000000000000001,8.0,-2.999999999999999,4.2,,,160.71000000000004,267.85,267.85,,5.75,0,0,0,74,0,,,0,0,1,1,0,0,1,1
P-615340,2025-08,Electricity Generation,"Multi-States (Haryana, Rajasthan)",Ministry of Power,9,15,0,0.0,5.000000000000001,9.0,-3.999999999999999,1.0,5.3,,0.0,200.03000000000003,267.85,1.7666666666666666,6.066666666666666,0,0,0,90,0,,,0,0,1,1,0,0,1,1
P-615340,2025-09,Electricity Generation,"Multi-States (Haryana, Rajasthan)",Ministry of Power,10,18,4,0.0,6.499906664177711,11.0,-4.500093335822289,2.0,7.2,,80.34999999999997,241.06,348.2,2.4,4.944444444444445,0,1,0,74,0,,,0,0,1,1,0,0,1,1
P-615340,2025-10,Electricity Generation,"Multi-States (Haryana, Rajasthan)",Ministry of Power,11,17,4,0.0,8.0,13.0,-5.0,2.0,5.0,,80.36000000000001,160.70999999999998,428.56,1.6666666666666667,5.117647058823529,0,1,0,90,0,0,1,0,0,1,1,1,1,1,1
P-615342,2025-01,Electricity Generation,Gujarat,Ministry of Power,3,18,0,0.0,0.0,,,,,,,,,,,0,0,0,80,1,0,0,0,0,1,1,1,1,1,1
P-615342,2025-02,Electricity Generation,Gujarat,Ministry of Power,4,17,0,0.0,0.0,1.0,-1.0,,,,0.0,,,,5.823529411764706,0,0,0,92,0,0,0,0,0,1,1,1,1,1,1
P-615342,2025-03,Electricity Generation,Gujarat,Ministry of Power,5,16,0,0.0,0.0,1.0,-1.0,0.0,,,0.0,,,,6.1875,1,0,0,88,0,0,0,0,0,1,1,1,1,1,1
P-615342,2025-04,Electricity Generation,Gujarat,Ministry of Power,6,15,0,0.0,0.0,1.0,-1.0,0.0,,,0.0,0.0,,,6.6,2,0,0,88,0,0,0,0,0,1,1,1,1,1,1
P-615342,2025-05,Electricity Generation,Gujarat,Ministry of Power,7,14,0,0.0,0.0,1.0,-1.0,0.0,0.0,,0.0,0.0,,0.0,7.071428571428571,3,0,0,88,0,0,0,0,0,1,1,1,1,1,1
P-615342,2025-06,Electricity Generation,Gujarat,Ministry of Power,8,13,0,0.0,2.9999999999999996,1.0,1.9999999999999996,0.0,0.0,,9.87,9.87,,0.0,7.615384615384615,4,0,0,92,0,0,0,0,0,1,1,1,1,1,1
P-615342,2025-07,Electricity Generation,Gujarat,Ministry of Power,9,12,0,0.0,3.030395136778116,1.0,2.030395136778116,0.0,0.0,,0.10000000000000142,9.97,9.97,0.0,8.25,5,0,0,74,0,0,0,0,0,1,1,1,1,1,1
P-615342,2025-08,Electricity Generation,Gujarat,Ministry of Power,10,11,0,0.0,3.060790273556231,1.0,2.060790273556231,0.0,0.0,0.0,0.09999999999999964,10.07,10.07,0.0,9.0,6,0,0,90,0,0,0,0,0,1,1,1,1,1,1
P-615342,2025-09,Electricity Generation,Gujarat,Ministry of Power,11,10,0,0.0,3.0911854103343464,2.0,1.0911854103343464,1.0,1.0,1.0,0.09999999999999964,0.3000000000000007,10.17,0.3333333333333333,9.8,0,0,0,82,0,0,,0,0,1,1,1,0,1,1
P-615342,2025-10,Electricity Generation,Gujarat,Ministry of Power,12,9,0,0.0,4.003039513677812,3.0,1.0030395136778116,1.0,2.0,2.0,3.0,3.1999999999999993,13.17,0.6666666666666666,10.777777777777779,0,0,0,90,0,0,,0,0,1,1,1,0,1,1
P-615343,2025-01,Electricity Generation,Gujarat,Ministry of Power,2,22,0,0.0,0.0,,,,,,,,,,,0,0,0,80,1,0,0,0,0,1,1,1,1,1,1
P-615343,2025-02,Electricity Generation,Gujarat,Ministry of Power,3,15,-6,0.0,0.0,6.0,-6.0,,,,0.0,,,,6.266666666666667,0,1,0,92,0,1,1,0,0,1,1,1,1,1,1
P-615343,2025-03,Electricity Generation,Gujarat,Ministry of Power,4,20,0,0.0,0.0,1.0,-1.0,-5.0,,,0.0,,,,4.95,0,2,0,80,0,0,0,0,0,1,1,1,1,1,1
P-615343,2025-04,Electricity Generation,Gujarat,Ministry of Power,5,19,0,0.0,0.0,1.0,-1.0,0.0,,,0.0,0.0,,,5.2105263157894735,1,2,0,88,0,0,0,0,0,1,1,1,1,1,1
P-615343,2025-05,Electricity Generation,Gujarat,Ministry of Power,6,18,0,0.0,0.0,1.0,-1.0,0.0,-5.0,,0.0,0.0,,-1.6666666666666667,5.5,2,2,0,88,0,0,0,0,0,1,1,1,1,1,1
P-615343,2025-06,Electricity Generation,Gujarat,Ministry of Power,7,17,0,0.0,1.0,1.0,0.0,0.0,0.0,,5.01,5.01,,0.0,5.823529411764706,3,2,0,92,0,0,0,0,0,1,1,1,1,1,1
P-615343,2025-07,Electricity Generation,Gujarat,Ministry of Power,8,16,0,0.0,1.0,1.0,0.0,0.0,0.0,,0.0,5.01,5.01,0.0,6.1875,4,2,0,70,0,0,0,0,0,1,1,1,1,1,1
P-615343,2025-08,Electricity Generation,Gujarat,Ministry of Power,9,15,0,0.0,1.1996007984031936,1.0,0.19960079840319356,0.0,0.0,-5.0,1.0,6.01,6.01,0.0,6.6,5,2,0,90,0,0,0,0,0,1,1,1,1,1,1
P-615343,2025-09,Electricity Generation,Gujarat,Ministry of Power,10,14,0,0.0,1.219560878243513,1.0,0.219560878243513,0.0,0.0,0.0,0.10000000000000053,1.1000000000000005,6.11,0.0,7.071428571428571,6,2,0,82,0,0,0,0,0,1,1,1,1,1,1
P-615343,2025-10,Electricity Generation,Gujarat,Ministry of Power,11,13,0,0.0,1.6187624750499001,2.0,-0.3812375249500999,1.0,1.0,1.0,1.9999999999999991,3.0999999999999996,8.11,0.3333333333333333,7.538461538461538,0,2,0,90,0,0,0,0,0,1,1,1,1,1,1
P-615344,2025-01,Electricity Generation,Madhya Pradesh,Ministry of Power,3,21,0,0.0,1.4697876973326076,1.0,0.4697876973326076,,,,,,,,4.714285714285714,0,0,0,92,0,0,0,0,0,1,1,1,1,1,1
P-615344,2025-02,Electricity Generation,Madhya Pradesh,Ministry of Power,4,20,0,0.0,2.014153511159499,1.0,1.014153511159499,0.0,,,20.0,,,,4.95,1,0,0,92,0,0,0,0,0,1,1,1,1,1,1
P-615344,2025-03,Electricity Generation,Madhya Pradesh,Ministry of Power,5,19,0,0.0,2.014153511159499,1.0,1.014153511159499,0.0,,,0.0,,,,5.2105263157894735,2,0,0,88,0,0,,0,0,1,1,1,0,1,1
P-615344,2025-04,Electricity Generation,Madhya Pradesh,Ministry of Power,6,18,0,0.0,2.2046815459989113,7.0,-4.795318454001089,6.0,6.0,,7.0,27.0,,2.0,5.166666666666667,0,0,0,92,0,0,,0,0,1,1,1,0,1,1
P-615344,2025-05,Electricity Generation,Madhya Pradesh,Ministry of Power,7,17,0,0.0,6.384594447468699,10.3,-3.9154055525313014,3.3000000000000007,9.3,,153.57,160.57,,3.1,5.276470588235294,0,0,0,92,0,0,,0,0,1,1,1,0,1,1
P-615344,2025-06,Electricity Generation,Madhya Pradesh,Ministry of Power,8,16,0,0.0,9.400108873162765,12.7,-3.2998911268372346,2.3999999999999986,11.7,,110.79000000000002,271.36,,3.9,5.45625,0,0,0,92,0,,,0,0,1,1,0,0,1,1
P-615344,2025-07,Electricity Generation,Madhya Pradesh,Ministry of Power,9,15,0,0.0,11.109961894393033,13.0,-1.8900381056069673,0.3000000000000007,6.0,12.0,62.81999999999999,327.18,354.18,2.0,5.8,1,0,0,74,0,,,0,0,1,1,0,0,1,1
P-615344,2025-08,Electricity Generation,Madhya Pradesh,Ministry of Power,10,14,0,0.0,13.477953184540011,14.0,-0.5220468154599889,1.0,3.6999999999999993,13.0,87.0,260.61,421.18,1.2333333333333332,6.142857142857143,0,0,0,90,0,,,0,0,1,1,0,0,1,1
P-615344,2025-09,Electricity Generation,Madhya Pradesh,Ministry of Power,11,18,5,0.0,15.0,14.0,1.0,0.0,1.3000000000000007,13.0,55.920000000000016,205.74,477.1,0.43333333333333357,4.777777777777778,1,1,0,74,0,,,0,0,1,1,0,0,1,1
P-615344,2025-10,Electricity Generation,Madhya Pradesh,Ministry of Power,12,17,5,0.0,17.000000000000004,17.0,3.552713678800501e-15,3.0,4.0,10.0,73.48000000000002,216.40000000000003,543.58,1.3333333333333333,4.882352941176471,0,1,0,90,0,0,1,0,0,1,1,1,1,1,1
P-615345,2025-01,Electricity Generation,Gujarat,Ministry of Power,3,21,0,0.0,1.3638271086865297,1.0,0.3638271086865297,,,,,,,,4.714285714285714,0,0,0,92,0,0,0,0,0,1,1,1,1,1,1
P-615345,2025-02,Electricity Generation,Gujarat,Ministry of Power,4,20,0,0.0,1.3638271086865297,1.0,0.3638271086865297,0.0,,,0.0,,,,4.95,1,0,0,88,0,0,0,0,0,1,1,1,1,1,1
P-615345,2025-03,Electricity Generation,Gujarat,Ministry of Power,5,19,0,0.0,2.3080151070079733,1.0,1.3080151070079733,0.0,,,45.0,,,,5.2105263157894735,2,0,0,92,0,0,,0,0,1,1,1,0,1,1
P-615345,2025-04,Electricity Generation,Gujarat,Ministry of Power,6,18,0,0.0,3.252203105329417,2.5,0.7522031053294169,1.5,1.5,,45.0,90.0,,0.5,5.416666666666667,0,0,0,92,0,0,,0,0,1,1,1,0,1,1
P-615345,2025-05,Electricity Generation,Gujarat,Ministry of Power,7,17,0,0.0,5.875577003776751,4.2,1.675577003776751,1.7000000000000002,3.2,,125.02999999999997,215.02999999999997,,1.0666666666666667,5.635294117647058,0,0,0,92,0,0,,0,0,1,1,1,0,1,1
P-615345,2025-06,Electricity Generation,Gujarat,Ministry of Power,8,16,0,0.0,7.0,5.1,1.9000000000000004,0.8999999999999995,4.1,,53.59000000000003,223.62,,1.3666666666666665,5.93125,0,0,0,92,0,,,0,0,1,1,0,0,1,1
P-615345,2025-07,Electricity Generation,Gujarat,Ministry of Power,9,15,0,0.0,10.76982794796475,5.0,5.76982794796475,-0.09999999999999964,2.5,4.0,179.66999999999996,358.28999999999996,448.28999999999996,0.8333333333333334,6.333333333333333,1,0,0,74,0,,,0,0,1,1,0,0,1,1
P-615345,2025-08,Electricity Generation,Gujarat,Ministry of Power,10,14,0,0.0,11.849979018044483,7.0,4.849979018044483,2.0,2.8,6.0,51.48000000000002,284.74,499.77,0.9333333333333332,6.642857142857143,0,0,0,90,0,,,0,0,1,1,0,0,1,1
P-615345,2025-09,Electricity Generation,Gujarat,Ministry of Power,11,18,5,0.0,14.0,8.0,6.0,1.0,2.9000000000000004,7.0,102.47000000000003,333.62,557.24,0.9666666666666668,5.111111111111111,0,1,0,74,0,,,0,0,1,1,0,0,1,1
P-615345,2025-10,Electricity Generation,Gujarat,Ministry of Power,12,17,5,0.0,15.0,9.0,6.0,1.0,4.0,6.5,47.65999999999997,201.61,559.9,1.3333333333333333,5.352941176470588,0,1,0,90,0,0,1,0,0,1,1,1,1,1,1
P-615346,2025-01,Electricity Generation,Madhya Pradesh,Ministry of Power,5,19,0,0.0,0.9970457902511078,6.0,-5.002954209748892,,,,,,,,4.947368421052632,0,0,0,92,0,0,0,0,0,1,1,1,1,1,1
P-615346,2025-02,Electricity Generation,Madhya Pradesh,Ministry of Power,6,18,0,0.0,0.9970457902511078,6.0,-5.002954209748892,0.0,,,0.0,,,,5.222222222222222,1,0,0,88,0,0,0,0,0,1,1,1,1,1,1
P-615346,2025-03,Electricity Generation,Madhya Pradesh,Ministry of Power,7,17,0,0.0,1.6617429837518465,15.0,-13.338257016248154,9.0,,,18.0,,,,5.0,0,0,0,92,0,0,,0,0,1,1,1,0,1,1
P-615346,2025-04,Electricity Generation,Madhya Pradesh,Ministry of Power,8,16,0,0.0,2.7695716395864105,18.7,-15.93042836041359,3.6999999999999993,12.7,,30.0,48.0,,4.233333333333333,5.08125,0,0,0,92,0,0,,0,0,1,1,1,0,1,1
P-615346,2025-05,Electricity Generation,Madhya Pradesh,Ministry of Power,9,15,0,0.0,7.012555391432792,21.7,-14.687444608567208,3.0,15.7,,114.9,162.9,,5.233333333333333,5.22,0,0,0,92,0,0,,0,0,1,1,1,0,1,1
P-615346,2025-06,Electricity Generation,Madhya Pradesh,Ministry of Power,10,14,0,0.0,23.0,25.7,-2.6999999999999993,4.0,10.7,,432.94000000000005,577.84,,3.5666666666666664,5.307142857142857,0,0,0,92,0,,,0,0,1,1,0,0,1,1
P-615346,2025-07,Electricity Generation,Madhya Pradesh,Ministry of Power,11,13,0,0.0,23.999999999999996,26.0,-2.0000000000000036,0.3000000000000007,7.300000000000001,20.0,27.079999999999927,574.92,622.92,2.4333333333333336,5.6923076923076925,1,0,0,74,0,,,0,0,1,1,0,0,1,1
P-615346,2025-08,Electricity Generation,Madhya Pradesh,Ministry of Power,12,12,0,0.0,30.0,35.0,-5.0,9.0,13.3,29.0,162.48000000000002,622.5,785.4,4.433333333333334,5.416666666666667,0,0,0,90,0,,,0,0,1,1,0,0,1,1
P-615346,2025-09,Electricity Generation,Madhya Pradesh,Ministry of Power,13,15,4,0.0,34.0,37.0,-3.0,2.0,11.3,22.0,108.32000000000005,297.88,875.72,3.766666666666667,4.2,0,1,0,74,0,,,0,0,1,1,0,0,1,1
P-615346,2025-10,Electricity Generation,Madhya Pradesh,Ministry of Power,14,14,4,0.0,38.0,41.0,-3.0,4.0,15.0,22.3,108.31999999999994,379.12,954.04,5.0,4.214285714285714,0,1,0,90,0,0,1,0,0,1,1,1,1,1,1
P-615347,2025-01,Electricity Generation,"Multi-States (Gujarat, Maharashtra)",Ministry of Power,2,52,0,0.0,0.0,,,,,,,,,,,0,0,0,80,1,0,0,0,0,1,1,1,1,1,1
P-615347,2025-02,Electricity Generation,"Multi-States (Gujarat, Maharashtra)",Ministry of Power,3,51,0,0.0,5.399089407308916,1.0,4.399089407308916,,,,1340.0,,,,1.9411764705882353,0,0,0,92,0,0,0,0,0,1,1,1,1,1,1
P-615347,2025-03,Electricity Generation,"Multi-States (Gujarat, Maharashtra)",Ministry of Power,4,50,0,0.0,5.399089407308916,1.0,4.399089407308916,0.0,,,0.0,,,,1.98,1,0,0,88,0,0,0,0,0,1,1,1,1,1,1
P-615347,2025-04,Electricity Generation,"Multi-States (Gujarat, Maharashtra)",Ministry of Power,5,49,0,0.0,5.399089407308916,1.0,4.399089407308916,0.0,,,0.0,1340.0,,,2.020408163265306,2,0,0,88,0,0,0,0,0,1,1,1,1,1,1
P-615347,2025-05,Electricity Generation,"Multi-States (Gujarat, Maharashtra)",Ministry of Power,6,48,0,0.0,5.860026592529916,1.0,4.860026592529916,0.0,0.0,,114.40000000000009,114.40000000000009,,0.0,2.0625,3,0,0,92,0,0,0,0,0,1,1,1,1,1,1
P-615347,2025-06,Electricity Generation,"Multi-States (Gujarat, Maharashtra)",Ministry of Power,7,47,0,0.0,4.997381038720335,1.0,3.9973810387203352,0.0,0.0,,-214.10000000000014,-99.70000000000005,,0.0,2.106382978723404,4,0,0,80,0,0,0,0,0,1,1,1,1,1,1
P-615347,2025-07,Electricity Generation,"Multi-States (Gujarat, Maharashtra)",Ministry of Power,8,46,0,0.0,6.0,1.0,5.0,0.0,0.0,,248.84000000000015,149.1400000000001,1489.14,0.0,2.152173913043478,5,0,0,74,0,0,0,0,0,1,1,1,1,1,1
P-615347,2025-08,Electricity Generation,"Multi-States (Gujarat, Maharashtra)",Ministry of Power,9,45,0,0.0,7.23695555824167,1.0,6.23695555824167,0.0,0.0,0.0,307.0,341.74,456.1400000000001,0.0,2.2,6,0,0,90,0,0,0,0,0,1,1,1,1,1,1
P-615347,2025-09,Electricity Generation,"Multi-States (Gujarat, Maharashtra)",Ministry of Power,10,44,0,0.0,7.479995164994561,1.0,6.479995164994561,0.0,0.0,0.0,60.319999999999936,616.1600000000001,516.46,0.0,2.25,7,0,0,82,0,0,0,0,0,1,1,1,1,1,1
P-615347,2025-10,Electricity Generation,"Multi-States (Gujarat, Maharashtra)",Ministry of Power,11,43,0,0.0,7.999758249728031,2.0,5.999758249728031,1.0,1.0,1.0,129.0,496.31999999999994,645.46,0.3333333333333333,2.2790697674418605,0,0,0,90,0,0,0,0,0,1,1,1,1,1,1
P-615349,2025-01,Coal,Jharkhand,Ministry of Coal,,2,0,0.0,7.8729221821969535,18.3,-10.427077817803047,,,,,,,,40.85,0,0,0,92,0,,,0,0,1,1,0,0,1,1
P-615349,2025-02,Coal,Jharkhand,Ministry of Coal,51,1,0,0.0,8.806041404452932,18.3,-9.493958595547069,0.0,,,2.1499999999999986,,,,81.7,1,0,0,84,0,,,0,0,1,1,0,0,1,1
P-615349,2025-03,Coal,Jharkhand,Ministry of Coal,,0,0,0.0,8.806041404452932,18.3,-9.493958595547069,0.0,,,0.0,,,,81.7,2,0,0,80,0,,,0,0,1,1,0,0,1,1
P-615349,2025-04,Coal,Jharkhand,Ministry of Coal,53,35,0,0.0,9.014365695933336,18.3,-9.285634304066665,0.0,0.0,,0.4800000000000004,2.629999999999999,,0.0,2.3342857142857145,3,1,0,84,0,,,0,0,1,1,0,0,1,1
P-615349,2025-05,Coal,Jharkhand,Ministry of Coal,54,34,0,0.0,9.166268825137799,18.3,-9.133731174862202,0.0,0.0,,0.3500000000000014,0.8300000000000018,,0.0,2.402941176470588,4,1,0,92,0,0,0,0,0,1,1,1,1,1,1
P-615349,2025-06,Coal,Jharkhand,Ministry of Coal,55,33,0,0.0,9.166268825137799,18.3,-9.133731174862202,0.0,0.0,,0.0,0.8300000000000018,,0.0,2.475757575757576,5,1,0,88,0,0,0,0,0,1,1,1,1,1,1
P-615349,2025-07,Coal,Jharkhand,Ministry of Coal,56,32,0,0.0,9.114187752267696,20.0,-10.885812247732304,1.6999999999999993,1.6999999999999993,1.6999999999999993,-0.120000000000001,0.23000000000000043,2.8599999999999994,0.5666666666666664,2.5,0,1,0,62,0,0,0,0,0,1,1,1,1,1,1
P-615349,2025-08,Coal,Jharkhand,Ministry of Coal,57,31,0,0.0,9.556876871663556,20.0,-10.443123128336444,0.0,1.6999999999999993,1.6999999999999993,1.0199999999999996,0.8999999999999986,1.7300000000000004,0.5666666666666664,2.5806451612903225,1,1,0,90,0,0,0,0,0,1,1,1,1,1,1
P-615349,2025-09,Coal,Jharkhand,Ministry of Coal,58,30,0,0.0,9.556876871663556,20.0,-10.443123128336444,0.0,1.6999999999999993,1.6999999999999993,0.0,0.8999999999999986,1.7300000000000004,0.5666666666666664,2.6666666666666665,2,1,0,78,0,0,0,0,0,1,1,1,1,1,1
P-615349,2025-10,Coal,Jharkhand,Ministry of Coal,59,29,0,0.0,9.556876871663556,20.0,-10.443123128336444,0.0,0.0,1.6999999999999993,0.0,1.0199999999999996,1.25,0.0,2.7586206896551726,3,1,0,86,0,0,0,0,0,1,1,1,1,1,1
P-615818,2025-01,COAL,Telangana,Ministry of Coal,37,2,0,0.0,15.157110245736538,20.0,-4.842889754263462,,,,,,,,40.0,0,0,0,92,0,1,,0,0,1,1,1,0,1,1
P-615818,2025-02,COAL,Telangana,Ministry of Coal,38,1,0,0.0,15.170538471867866,20.0,-4.829461528132134,0.0,,,0.03999999999999915,,,,80.0,1,0,0,92,0,1,,0,0,1,1,1,0,1,1
P-615818,2025-03,COAL,Telangana,Ministry of Coal,39,0,0,0.0,15.566671142742043,20.0,-4.433328857257957,0.0,,,1.1799999999999997,,,,80.0,2,0,0,92,0,1,,0,0,1,1,1,0,1,1
P-615818,2025-04,COAL,Telangana,Ministry of Coal,40,11,12,0.0,15.566671142742043,20.0,-4.433328857257957,0.0,0.0,,0.0,1.2199999999999989,,0.0,7.2727272727272725,3,1,0,88,0,,,0,0,1,1,0,0,1,1
P-615818,2025-05,COAL,Telangana,Ministry of Coal,41,10,12,0.0,15.566671142742043,20.0,-4.433328857257957,0.0,0.0,,0.0,1.1799999999999997,,0.0,8.0,4,1,0,88,0,,,0,0,1,1,0,0,1,1
P-615818,2025-06,COAL,Telangana,Ministry of Coal,42,9,12,0.0,15.566671142742043,20.0,-4.433328857257957,0.0,0.0,,0.0,0.0,,0.0,8.88888888888889,5,1,0,88,0,,,0,0,1,1,0,0,1,1
P-615818,2025-07,COAL,Telangana,Ministry of Coal,43,20,24,0.0,15.573385255807707,20.0,-4.4266147441922925,0.0,0.0,0.0,0.020000000000003126,0.020000000000003126,1.240000000000002,0.0,4.0,6,2,0,82,0,,,0,0,1,1,0,0,1,1
P-615818,2025-08,COAL,Telangana,Ministry of Coal,44,19,24,0.0,15.573385255807707,20.0,-4.4266147441922925,0.0,0.0,0.0,0.0,0.020000000000003126,1.2000000000000028,0.0,4.2105263157894735,7,2,0,86,0,0,0,0,0,1,1,1,1,1,1
P-615818,2025-09,COAL,Telangana,Ministry of Coal,45,18,24,0.0,15.717738686719484,20.0,-4.282261313280516,0.0,0.0,0.0,0.4299999999999997,0.45000000000000284,0.45000000000000284,0.0,4.444444444444445,8,2,0,82,0,0,0,0,0,1,1,1,1,1,1
P-615818,2025-10,COAL,Telangana,Ministry of Coal,46,17,24,0.0,15.721095743252317,20.0,-4.278904256747683,0.0,0.0,0.0,0.00999999999999801,0.4399999999999977,0.46000000000000085,0.0,4.705882352941177,9,2,0,86,0,0,0,0,0,1,1,1,1,1,1
P-615820,2025-02,COAL,Assam,Ministry of Coal,,69,0,0.0,0.0,0.0,0.0,,,,,,,,1.4492753623188406,0,0,0,92,0,0,,0,0,1,1,1,0,1,1
P-615820,2025-03,COAL,Assam,Ministry of Coal,,68,0,0.0,50.97953307880077,0.0,50.97953307880077,0.0,,,81.45,,,,1.4705882352941178,1,0,0,92,0,0,,0,0,1,1,1,0,1,1
P-615820,2025-04,COAL,Assam,Ministry of Coal,33,67,0,0.0,50.97953307880077,0.0,50.97953307880077,0.0,,,0.0,,,,1.492537313432836,2,0,0,80,0,,,0,0,1,1,0,0,1,1
P-615820,2025-05,COAL,Assam,Ministry of Coal,34,66,0,0.0,50.97953307880077,0.0,50.97953307880077,0.0,0.0,,0.0,81.45,,0.0,1.5151515151515151,3,0,0,88,0,,,0,0,1,1,0,0,1,1
P-615820,2025-06,COAL,Assam,Ministry of Coal,35,65,0,0.0,50.97953307880077,0.0,50.97953307880077,0.0,0.0,,0.0,0.0,,0.0,1.5384615384615385,4,0,0,88,0,,,0,0,1,1,0,0,1,1
P-615820,2025-07,COAL,Assam,Ministry of Coal,36,72,0,0.0,50.59773424297427,0.0,50.59773424297427,0.0,0.0,,-0.6099999999999994,-0.6099999999999994,,0.0,1.3888888888888888,5,1,0,62,0,,,0,0,1,1,0,0,1,1
P-615820,2025-08,COAL,Assam,Ministry of Coal,37,71,0,0.0,50.59773424297427,0.0,50.59773424297427,0.0,0.0,0.0,0.0,-0.6099999999999994,80.84,0.0,1.408450704225352,6,1,0,86,0,0,0,0,0,1,1,1,1,1,1
P-615820,2025-09,COAL,Assam,Ministry of Coal,38,70,0,0.0,50.99205107341803,0.0,50.99205107341803,0.0,0.0,0.0,0.6299999999999955,0.01999999999999602,0.01999999999999602,0.0,1.4285714285714286,7,1,0,82,0,0,0,0,0,1,1,1,1,1,1
P-615820,2025-10,COAL,Assam,Ministry of Coal,39,69,0,0.0,50.99205107341803,0.0,50.99205107341803,0.0,0.0,0.0,0.0,0.6299999999999955,0.01999999999999602,0.0,1.4492753623188406,8,1,0,86,0,0,0,0,0,1,1,1,1,1,1
P-615821,2025-02,Coal,Assam,Ministry of Coal,,33,0,0.0,0.0,0.0,0.0,,,,,,,,3.0303030303030303,0,0,0,92,0,0,,0,0,1,1,1,0,1,1
P-615821,2025-03,Coal,Assam,Ministry of Coal,,32,0,0.0,36.46445104677676,0.0,36.46445104677676,0.0,,,105.55,,,,3.125,1,0,0,92,0,0,,0,0,1,1,1,0,1,1
P-615821,2025-04,Coal,Assam,Ministry of Coal,29,31,0,0.0,36.47826988184896,0.0,36.47826988184896,0.0,,,0.04000000000000625,,,,3.225806451612903,2,0,0,92,0,,,0,0,1,1,0,0,1,1
P-615821,2025-05,Coal,Assam,Ministry of Coal,30,30,0,0.0,36.47826988184896,0.0,36.47826988184896,0.0,0.0,,0.0,105.59,,0.0,3.3333333333333335,3,0,0,88,0,,,0,0,1,1,0,0,1,1
P-615821,2025-06,Coal,Assam,Ministry of Coal,31,29,0,0.0,36.47826988184896,0.0,36.47826988184896,0.0,0.0,,0.0,0.04000000000000625,,0.0,3.4482758620689653,4,0,0,88,0,,,0,0,1,1,0,0,1,1
P-615821,2025-07,Coal,Assam,Ministry of Coal,32,64,0,0.0,36.43681337663235,0.0,36.43681337663235,0.0,0.0,,-0.12000000000000455,-0.12000000000000455,,0.0,1.5625,5,1,0,62,0,,,0,0,1,1,0,0,1,1
P-615821,2025-08,Coal,Assam,Ministry of Coal,33,63,0,0.0,36.43681337663235,0.0,36.43681337663235,0.0,0.0,0.0,0.0,-0.12000000000000455,105.47,0.0,1.5873015873015872,6,1,0,86,0,0,0,0,0,1,1,1,1,1,1
P-615821,2025-09,Coal,Assam,Ministry of Coal,34,62,0,0.0,36.48172459061701,3.0,33.48172459061701,3.0,3.0,3.0,0.12999999999999545,0.009999999999990905,0.04999999999999716,1.0,1.564516129032258,0,1,0,82,0,0,0,0,0,1,1,1,1,1,1
P-615821,2025-10,Coal,Assam,Ministry of Coal,35,61,0,0.0,36.48172459061701,3.0,33.48172459061701,0.0,3.0,3.0,0.0,0.12999999999999545,0.009999999999990905,1.0,1.5901639344262295,1,1,0,86,0,0,0,0,0,1,1,1,1,1,1
P-615822,2025-01,Coal,Jharkhand,Ministry of Coal,,2,0,0.0,62.52131765550669,60.0,2.5213176555066923,,,,,,,,20.0,0,0,0,92,0,,,0,0,1,1,0,0,1,1
P-615822,2025-02,Coal,Jharkhand,Ministry of Coal,57,1,0,0.0,62.52131765550669,60.0,2.5213176555066923,0.0,,,0.0,,,,40.0,1,0,0,88,0,,,0,0,1,1,0,0,1,1
P-615822,2025-03,Coal,Jharkhand,Ministry of Coal,,0,0,0.0,62.52131765550669,60.0,2.5213176555066923,0.0,,,0.0,,,,40.0,2,0,0,80,0,,,0,0,1,1,0,0,1,1
P-615822,2025-04,Coal,Jharkhand,Ministry of Coal,59,35,0,0.0,62.52131765550669,60.0,2.5213176555066923,0.0,0.0,,0.0,0.0,,0.0,1.1428571428571428,3,1,0,80,0,,,0,0,1,1,0,0,1,1
P-615822,2025-05,Coal,Jharkhand,Ministry of Coal,60,34,0,0.0,62.52131765550669,60.0,2.5213176555066923,0.0,0.0,,0.0,0.0,,0.0,1.1764705882352942,4,1,0,88,0,0,0,0,0,1,1,1,1,1,1
P-615822,2025-06,Coal,Jharkhand,Ministry of Coal,61,33,0,0.0,62.52131765550669,51.0,11.521317655506692,-9.0,-9.0,,0.0,0.0,,-3.0,1.4848484848484849,0,1,0,80,0,0,0,0,0,1,1,1,1,1,1
P-615822,2025-07,Coal,Jharkhand,Ministry of Coal,62,32,0,0.0,62.52131765550669,60.0,2.5213176555066923,9.0,0.0,0.0,0.0,0.0,0.0,0.0,1.25,0,1,0,74,0,0,0,0,0,1,1,1,1,1,1
P-615822,2025-08,Coal,Jharkhand,Ministry of Coal,63,31,0,0.0,62.52131765550669,53.0,9.521317655506692,-7.0,-7.0,-7.0,0.0,0.0,0.0,-2.3333333333333335,1.5161290322580645,0,1,0,78,0,0,0,0,0,1,1,1,1,1,1
P-615822,2025-09,Coal,Jharkhand,Ministry of Coal,64,30,0,0.0,63.09128444484338,53.0,10.091284444843382,0.0,2.0,-7.0,1.2700000000000102,1.2700000000000102,1.2700000000000102,0.6666666666666666,1.5666666666666667,1,1,0,82,0,0,0,0,0,1,1,1,1,1,1
P-615822,2025-10,Coal,Jharkhand,Ministry of Coal,65,29,0,0.0,63.09128444484338,53.0,10.091284444843382,0.0,-7.0,-7.0,0.0,1.2700000000000102,1.2700000000000102,-2.3333333333333335,1.6206896551724137,2,1,0,86,0,0,0,0,0,1,1,1,1,1,1
P-615843,2025-01,Coal,Jharkhand,Ministry of Coal,,2,0,0.0,18.228482260183966,46.6,-28.371517739816035,,,,,,,,26.7,0,0,0,92,0,,,0,0,1,1,0,0,1,1
P-615843,2025-02,Coal,Jharkhand,Ministry of Coal,63,1,24,0.0,18.228482260183966,46.6,-28.371517739816035,0.0,,,0.0,,,,53.4,1,0,0,80,0,,,0,0,1,1,0,0,1,1
P-615843,2025-03,Coal,Jharkhand,Ministry of Coal,,24,0,0.0,18.228482260183966,24.0,-5.7715177398160336,-22.6,,,0.0,,,,3.1666666666666665,0,1,0,72,0,,,0,0,1,1,0,0,1,1
P-615843,2025-04,Coal,Jharkhand,Ministry of Coal,65,23,48,0.0,18.331143232588698,24.0,-5.668856767411302,0.0,-22.6,,0.25,0.25,,-7.533333333333334,3.3043478260869565,1,1,0,84,0,0,0,0,0,1,1,1,1,1,1
P-615843,2025-05,Coal,Jharkhand,Ministry of Coal,66,22,48,0.0,18.331143232588698,24.0,-5.668856767411302,0.0,-22.6,,0.0,0.25,,-7.533333333333334,3.4545454545454546,2,1,0,88,0,0,0,0,0,1,1,1,1,1,1
P-615843,2025-06,Coal,Jharkhand,Ministry of Coal,67,21,48,0.0,18.331143232588698,26.0,-7.668856767411302,2.0,2.0,,0.0,0.25,,0.6666666666666666,3.5238095238095237,0,1,0,92,0,0,0,0,0,1,1,1,1,1,1
P-615843,2025-07,Coal,Jharkhand,Ministry of Coal,68,20,24,0.0,18.331143232588698,28.0,-9.668856767411302,2.0,4.0,-18.6,0.0,0.0,0.25,1.3333333333333333,3.6,0,1,0,82,0,0,0,0,0,1,1,1,1,1,1
P-615843,2025-08,Coal,Jharkhand,Ministry of Coal,69,19,24,0.0,18.331143232588698,30.0,-11.668856767411302,2.0,6.0,-16.6,0.0,0.0,0.25,2.0,3.6842105263157894,0,1,0,90,0,0,0,0,0,1,1,1,1,1,1
P-615843,2025-09,Coal,Jharkhand,Ministry of Coal,70,18,24,0.0,18.331143232588698,29.0,-10.668856767411302,-1.0,3.0,5.0,0.0,0.0,0.25,1.0,3.9444444444444446,0,1,0,82,0,0,0,0,0,1,1,1,1,1,1
P-615843,2025-10,Coal,Jharkhand,Ministry of Coal,71,17,24,0.0,18.331143232588698,29.0,-10.668856767411302,0.0,1.0,5.0,0.0,0.0,0.0,0.3333333333333333,4.176470588235294,1,1,0,86,0,0,0,0,0,1,1,1,1,1,1
P-615857,2025-01,Coal,Odisha,Ministry of Coal,,14,24,0.0,99.39915031357475,35.0,64.39915031357475,,,,,,,,4.642857142857143,0,0,0,92,0,,,0,0,1,1,0,0,1,1
P-615857,2025-02,Coal,Odisha,Ministry of Coal,59,13,24,0.0,99.39915031357475,70.0,29.39915031357475,35.0,,,0.0,,,,2.3076923076923075,0,0,0,92,0,,,0,0,1,1,0,0,1,1
P-615857,2025-03,Coal,Odisha,Ministry of Coal,,12,0,0.0,99.39915031357475,80.0,19.39915031357475,10.0,,,0.0,,,,1.6666666666666667,0,0,0,84,0,,,0,0,1,1,0,0,1,1
P-615857,2025-04,Coal,Odisha,Ministry of Coal,61,23,36,0.0,99.39915031357475,80.0,19.39915031357475,0.0,45.0,,0.0,0.0,,15.0,0.8695652173913043,1,1,0,80,0,,,0,0,1,1,0,0,1,1
P-615857,2025-05,Coal,Odisha,Ministry of Coal,62,22,36,0.0,99.39915031357475,80.0,19.39915031357475,0.0,10.0,,0.0,0.0,,3.3333333333333335,0.9090909090909091,2,1,0,88,0,,,0,0,1,1,0,0,1,1
P-615857,2025-06,Coal,Odisha,Ministry of Coal,63,21,36,0.0,99.39915031357475,80.0,19.39915031357475,0.0,0.0,,0.0,0.0,,0.0,0.9523809523809523,3,1,0,88,0,,,0,0,1,1,0,0,1,1
P-615857,2025-07,Coal,Odisha,Ministry of Coal,64,8,0,0.0,99.39915031357475,80.0,19.39915031357475,0.0,0.0,45.0,0.0,0.0,0.0,0.0,2.5,4,2,0,70,0,,,0,0,1,1,0,0,1,1
P-615857,2025-08,Coal,Odisha,Ministry of Coal,65,7,0,0.0,99.39915031357475,80.0,19.39915031357475,0.0,0.0,10.0,0.0,0.0,0.0,0.0,2.857142857142857,5,2,0,86,0,0,0,0,0,1,1,1,1,1,1
P-615857,2025-09,Coal,Odisha,Ministry of Coal,66,6,0,0.0,99.39915031357475,80.0,19.39915031357475,0.0,0.0,0.0,0.0,0.0,0.0,0.0,3.3333333333333335,6,2,0,78,0,0,0,0,0,1,1,1,1,1,1
P-615857,2025-10,Coal,Odisha,Ministry of Coal,67,5,0,0.0,99.39915031357475,80.0,19.39915031357475,0.0,0.0,0.0,0.0,0.0,0.0,0.0,4.0,7,2,0,86,0,0,0,0,0,1,1,1,1,1,1
P-615858,2025-01,Coal,Telangana,Ministry of Coal,106,2,60,0.0,64.36303080766028,75.0,-10.63696919233972,,,,,,,,12.5,0,0,0,92,0,1,1,0,0,1,1,1,1,1,1
P-615858,2025-02,Coal,Telangana,Ministry of Coal,107,1,60,0.0,64.58420066611157,75.0,-10.41579933388843,0.0,,,0.8499999999999943,,,,25.0,1,0,0,92,0,1,1,0,0,1,1,1,1,1,1
P-615858,2025-03,Coal,Telangana,Ministry of Coal,108,0,60,0.0,65.37000416319734,75.0,-9.629995836802664,0.0,,,3.019999999999982,,,,25.0,2,0,0,92,0,1,1,0,0,1,1,1,1,1,1
P-615858,2025-04,Coal,Telangana,Ministry of Coal,109,11,72,0.0,66.35616153205662,75.0,-8.643838467943382,0.0,0.0,,3.7900000000000205,7.659999999999997,,0.0,2.272727272727273,3,1,0,92,0,0,0,0,0,1,1,1,1,1,1
P-615858,2025-05,Coal,Telangana,Ministry of Coal,110,10,72,0.0,67.90174854288092,75.0,-7.098251457119076,0.0,0.0,,5.939999999999969,12.749999999999972,,0.0,2.5,4,1,0,92,0,0,0,0,0,1,1,1,1,1,1
P-615858,2025-06,Coal,Telangana,Ministry of Coal,111,9,72,0.0,69.09086178184845,75.0,-5.909138218151554,0.0,0.0,,4.569999999999993,14.299999999999983,,0.0,2.7777777777777777,5,1,0,92,0,0,0,0,0,1,1,1,1,1,1
P-615858,2025-07,Coal,Telangana,Ministry of Coal,98,8,0,0.0,73.3321190674438,75.0,-1.6678809325562014,0.0,0.0,0.0,16.30000000000001,26.809999999999974,34.46999999999997,0.0,3.125,6,1,0,74,0,0,0,0,0,1,1,1,1,1,1
P-615858,2025-08,Coal,Telangana,Ministry of Coal,113,7,0,0.0,73.3321190674438,75.0,-1.6678809325562014,0.0,0.0,0.0,0.0,20.870000000000005,33.619999999999976,0.0,3.5714285714285716,7,1,0,86,0,0,0,0,0,1,1,1,1,1,1
P-615858,2025-09,Coal,Telangana,Ministry of Coal,114,6,0,0.0,73.3321190674438,75.0,-1.6678809325562014,0.0,0.0,0.0,0.0,16.30000000000001,30.599999999999994,0.0,4.166666666666667,8,1,0,78,0,0,0,0,0,1,1,1,1,1,1
P-615858,2025-10,Coal,Telangana,Ministry of Coal,115,5,0,0.0,73.88114071606994,75.0,-1.118859283930064,0.0,0.0,0.0,2.1100000000000136,2.1100000000000136,28.919999999999987,0.0,5.0,9,1,0,90,0,0,0,0,0,1,1,1,1,1,1
P-615860,2025-08,COAL,Telangana,Ministry of Coal,73,7,12,0.0,30.994662625197684,71.0,-40.005337374802316,0.0,1.0,1.0,9.330000000000013,16.189999999999998,18.26000000000002,0.3333333333333333,4.142857142857143,1,1,1,90,0,0,0,0,0,1,1,1,1,1,1
P-615860,2025-09,COAL,Telangana,Ministry of Coal,74,6,12,0.0,31.477332630469164,71.0,-39.522667369530836,0.0,1.0,1.0,2.930000000000007,12.870000000000005,19.950000000000017,0.3333333333333333,4.833333333333333,2,1,1,82,0,0,0,0,0,1,1,1,1,1,1
P-615860,2025-10,COAL,Telangana,Ministry of Coal,75,5,12,0.0,31.525105429625725,71.0,-39.474894570374275,0.0,0.0,1.0,0.28999999999999204,12.550000000000011,19.409999999999997,0.0,5.8,3,1,1,90,0,0,0,0,0,1,1,1,1,1,1
P-615861,2025-01,Coal,Telangana,Ministry of Coal,,2,0,21.624484654145682,94.78119629952214,80.0,14.781196299522136,,,,,,,,10.0,0,0,0,92,0,0,,0,0,1,1,1,0,1,1
P-615861,2025-02,Coal,Telangana,Ministry of Coal,90,1,48,21.624484654145682,94.78119629952214,80.0,14.781196299522136,0.0,,,0.0,,,,20.0,1,0,0,80,0,0,,0,0,1,1,1,0,1,1
P-615861,2025-03,Coal,Telangana,Ministry of Coal,91,0,48,21.624484654145682,94.78119629952214,80.0,14.781196299522136,0.0,,,0.0,,,,20.0,2,0,0,88,0,0,,0,0,1,1,1,0,1,1
P-615861,2025-04,Coal,Telangana,Ministry of Coal,92,-1,48,21.624484654145682,94.78119629952214,80.0,14.781196299522136,0.0,0.0,,0.0,0.0,,0.0,20.0,3,0,0,88,0,,,0,0,1,1,0,0,1,1
P-615861,2025-05,Coal,Telangana,Ministry of Coal,93,-2,48,21.624484654145682,94.78119629952214,80.0,14.781196299522136,0.0,0.0,,0.0,0.0,,0.0,20.0,4,0,0,88,0,,,0,0,1,1,0,0,1,1
P-615861,2025-06,Coal,Telangana,Ministry of Coal,94,-3,48,21.624484654145682,94.78119629952214,80.0,14.781196299522136,0.0,0.0,,0.0,0.0,,0.0,20.0,5,0,0,88,0,,,0,0,1,1,0,0,1,1
P-615861,2025-07,Coal,Telangana,Ministry of Coal,31,8,12,0.0,94.78119629952214,80.0,14.781196299522136,0.0,0.0,0.0,0.0,0.0,0.0,0.0,2.5,6,1,0,78,0,,,0,0,1,1,0,0,1,1
P-615861,2025-08,Coal,Telangana,Ministry of Coal,96,7,12,0.0,94.78119629952214,80.0,14.781196299522136,0.0,0.0,0.0,0.0,0.0,0.0,0.0,2.857142857142857,7,1,0,86,0,0,0,0,0,1,1,1,1,1,1
P-615861,2025-09,Coal,Telangana,Ministry of Coal,97,6,12,0.0,94.78119629952214,80.0,14.781196299522136,0.0,0.0,0.0,0.0,0.0,0.0,0.0,3.3333333333333335,8,1,0,78,0,0,0,0,0,1,1,1,1,1,1
P-615861,2025-10,Coal,Telangana,Ministry of Coal,98,5,12,0.0,95.32732280313552,80.0,15.327322803135516,0.0,0.0,0.0,2.319999999999993,2.319999999999993,2.319999999999993,0.0,4.0,9,1,0,90,0,0,0,0,0,1,1,1,1,1,1
P-615862,2025-01,Coal,Telangana,Ministry of Coal,,14,0,0.0,16.203703703703702,18.0,-1.7962962962962976,,,,,,,,5.857142857142857,0,0,0,92,0,0,0,0,0,1,1,1,1,1,1
P-615862,2025-02,Coal,Telangana,Ministry of Coal,43,13,0,0.0,19.117476851851848,20.0,-0.8825231481481524,2.0,,,10.069999999999993,,,,6.153846153846154,0,0,0,84,0,0,0,0,0,1,1,1,1,1,1
P-615862,2025-03,Coal,Telangana,Ministry of Coal,,12,0,0.0,19.4068287037037,20.0,-0.5931712962963012,0.0,,,1.0,,,,6.666666666666667,1,0,0,84,0,0,0,0,0,1,1,1,1,1,1
P-615862,2025-04,Coal,Telangana,Ministry of Coal,45,11,0,0.0,19.811921296296294,20.0,-0.18807870370370594,0.0,2.0,,1.4000000000000057,12.469999999999999,,0.6666666666666666,7.2727272727272725,2,0,0,84,0,0,0,0,0,1,1,1,1,1,1
P-615862,2025-05,Coal,Telangana,Ministry of Coal,46,10,0,0.0,19.811921296296294,20.0,-0.18807870370370594,0.0,0.0,,0.0,2.4000000000000057,,0.0,8.0,3,0,0,88,0,0,0,0,0,1,1,1,1,1,1
P-615862,2025-06,Coal,Telangana,Ministry of Coal,47,9,0,0.0,20.859375,20.0,0.859375,0.0,0.0,,3.6200000000000045,5.02000000000001,,0.0,8.88888888888889,4,0,0,92,0,0,0,0,0,1,1,1,1,1,1
P-615862,2025-07,Coal,Telangana,Ministry of Coal,47,8,0,0.0,21.195023148148145,20.0,1.1950231481481453,0.0,0.0,2.0,1.1599999999999966,4.780000000000001,17.25,0.0,10.0,5,0,0,74,0,0,0,0,0,1,1,1,1,1,1
P-615862,2025-08,Coal,Telangana,Ministry of Coal,49,7,0,0.0,21.58275462962963,20.0,1.5827546296296298,0.0,0.0,0.0,1.3400000000000034,6.1200000000000045,8.52000000000001,0.0,11.428571428571429,6,0,0,90,0,0,0,0,0,1,1,1,1,1,1
P-615862,2025-09,Coal,Telangana,Ministry of Coal,50,6,0,0.0,21.953125,21.0,0.953125,1.0,1.0,1.0,1.2800000000000011,3.780000000000001,8.800000000000011,0.3333333333333333,13.166666666666666,0,0,0,82,0,0,0,0,0,1,1,1,1,1,1
P-615862,2025-10,Coal,Telangana,Ministry of Coal,51,5,0,0.0,22.04571759259259,21.0,1.0457175925925917,0.0,1.0,1.0,0.3199999999999932,2.9399999999999977,7.719999999999999,0.3333333333333333,15.8,1,0,0,90,0,0,0,0,0,1,1,1,1,1,1
P-615863,2025-01,Coal,Telangana,Ministry of Coal,,14,0,0.0,58.02976202761554,30.0,28.02976202761554,,,,,,,,5.0,0,0,0,92,0,,,0,0,1,1,0,0,1,1
P-615863,2025-02,Coal,Telangana,Ministry of Coal,52,13,36,0.0,58.02976202761554,30.0,28.02976202761554,0.0,,,0.0,,,,5.384615384615385,1,0,0,80,0,,,0,0,1,1,0,0,1,1
P-615863,2025-03,Coal,Telangana,Ministry of Coal,,12,0,0.0,65.6580875523725,55.0,10.658087552372507,25.0,,,36.95999999999998,,,,3.75,0,0,0,84,0,,,0,0,1,1,0,0,1,1
P-615863,2025-04,Coal,Telangana,Ministry of Coal,54,23,48,0.0,65.6580875523725,55.0,10.658087552372507,0.0,25.0,,0.0,36.95999999999998,,8.333333333333334,1.9565217391304348,1,1,0,80,0,,,0,0,1,1,0,0,1,1
P-615863,2025-05,Coal,Telangana,Ministry of Coal,55,22,48,0.0,65.6580875523725,55.0,10.658087552372507,0.0,25.0,,0.0,36.95999999999998,,8.333333333333334,2.0454545454545454,2,1,0,88,0,,,0,0,1,1,0,0,1,1
P-615863,2025-06,Coal,Telangana,Ministry of Coal,56,21,48,0.0,65.6580875523725,55.0,10.658087552372507,0.0,0.0,,0.0,0.0,,0.0,2.142857142857143,3,1,0,88,0,,,0,0,1,1,0,0,1,1
P-615863,2025-07,Coal,Telangana,Ministry of Coal,61,8,0,0.0,89.66769865841073,75.0,14.667698658410728,20.0,20.0,45.0,116.32,116.32,153.27999999999997,6.666666666666667,3.125,0,2,0,74,0,,,0,0,1,1,0,0,1,1
P-615863,2025-08,Coal,Telangana,Ministry of Coal,58,7,0,0.0,95.08152734778122,95.0,0.0815273477812184,20.0,40.0,65.0,26.230000000000018,142.55,179.51,13.333333333333334,0.7142857142857143,0,2,0,90,0,0,0,0,0,1,1,1,1,1,1
P-615863,2025-09,Coal,Telangana,Ministry of Coal,59,6,0,0.0,96.30959752321981,96.0,0.30959752321980716,1.0,41.0,41.0,5.949999999999989,148.5,148.5,13.666666666666666,0.6666666666666666,0,2,0,82,0,0,0,0,0,1,1,1,1,1,1
P-615863,2025-10,Coal,Telangana,Ministry of Coal,60,5,0,0.0,98.48090815273478,97.0,1.4809081527347843,1.0,22.0,42.0,10.519999999999982,42.69999999999999,159.01999999999998,7.333333333333333,0.6,0,2,0,90,0,0,0,0,0,1,1,1,1,1,1
P-615865,2025-01,Coal,Telangana,Ministry of Coal,89,2,60,0.0,45.497491071832194,63.0,-17.502508928167806,,,,,,,,18.5,0,0,0,92,0,1,1,0,0,1,1,1,1,1,1
P-615865,2025-02,Coal,Telangana,Ministry of Coal,90,1,60,0.0,45.497491071832194,63.0,-17.502508928167806,0.0,,,0.0,,,,37.0,1,0,0,88,0,1,1,0,0,1,1,1,1,1,1
P-615865,2025-03,Coal,Telangana,Ministry of Coal,91,0,60,0.0,45.79585009719271,63.0,-17.204149902807288,0.0,,,1.3200000000000216,,,,37.0,2,0,0,92,0,1,1,0,0,1,1,1,1,1,1
P-615865,2025-04,Coal,Telangana,Ministry of Coal,92,11,72,0.0,45.884001627412864,63.0,-17.115998372587136,0.0,0.0,,0.38999999999998636,1.710000000000008,,0.0,3.3636363636363638,3,1,0,92,0,0,0,0,0,1,1,1,1,1,1
P-615865,2025-05,Coal,Telangana,Ministry of Coal,93,10,72,0.0,45.884001627412864,63.0,-17.115998372587136,0.0,0.0,,0.0,1.710000000000008,,0.0,3.7,4,1,0,88,0,0,0,0,0,1,1,1,1,1,1
P-615865,2025-06,Coal,Telangana,Ministry of Coal,94,9,72,0.0,45.915645766466255,63.0,-17.084354233533745,0.0,0.0,,0.13999999999998636,0.5299999999999727,,0.0,4.111111111111111,5,1,0,92,0,0,0,0,0,1,1,1,1,1,1
P-615865,2025-07,Coal,Telangana,Ministry of Coal,94,8,12,0.0,45.91790606211292,63.0,-17.08209393788708,0.0,0.0,0.0,0.010000000000019327,0.15000000000000568,1.8600000000000136,0.0,4.625,6,1,0,82,0,0,0,0,0,1,1,1,1,1,1
P-615865,2025-08,Coal,Telangana,Ministry of Coal,96,7,12,0.0,46.33606075674698,63.0,-16.66393924325302,0.0,0.0,0.0,1.8499999999999943,2.0,3.710000000000008,0.0,5.285714285714286,7,1,0,90,0,0,0,0,0,1,1,1,1,1,1
P-615865,2025-09,Coal,Telangana,Ministry of Coal,97,6,12,0.0,46.51462411283396,63.0,-16.485375887166043,0.0,0.0,0.0,0.789999999999992,2.6500000000000057,3.1799999999999784,0.0,6.166666666666667,8,1,0,82,0,0,0,0,0,1,1,1,1,1,1
P-615865,2025-10,Coal,Telangana,Ministry of Coal,98,5,12,0.0,52.05008815153022,63.0,-10.949911848469782,0.0,0.0,0.0,24.49000000000001,27.129999999999995,27.28,0.0,7.4,9,1,0,90,0,0,0,0,0,1,1,1,1,1,1
P-615914,2025-08,Coal,Maharashtra,Ministry of Coal,53,43,0,0.0,6.215148069947485,6.0,0.21514806994748525,0.0,0.0,0.0,1.0,2.2300000000000004,2.2300000000000004,0.0,2.186046511627907,7,0,1,90,0,0,0,0,0,1,1,1,1,1,1
P-615914,2025-09,Coal,Maharashtra,Ministry of Coal,54,42,0,0.0,6.215148069947485,5.0,1.2151480699474853,-1.0,-1.0,-1.0,0.0,2.2300000000000004,2.2300000000000004,-0.3333333333333333,2.261904761904762,0,0,1,82,0,0,0,0,0,1,1,1,1,1,1
P-615914,2025-10,Coal,Maharashtra,Ministry of Coal,55,41,0,0.0,7.83931568404526,5.0,2.8393156840452596,0.0,-1.0,-1.0,3.0,4.0,5.23,-0.3333333333333333,2.317073170731707,1,0,1,90,0,0,0,0,0,1,1,1,1,1,1
P-615916,2025-08,Coal,Maharashtra,Ministry of Coal,16,55,0,0.0,6.4372638159988895,1.0,5.4372638159988895,0.0,-16.0,-16.0,0.46000000000000796,26.040000000000006,26.040000000000006,-5.333333333333333,1.8,1,0,1,90,0,0,0,0,0,1,1,1,1,1,1
P-615916,2025-09,Coal,Maharashtra,Ministry of Coal,17,54,0,0.0,6.421756270353654,1.0,5.421756270353654,0.0,-16.0,-16.0,-0.18999999999999773,25.85000000000001,25.85000000000001,-5.333333333333333,1.8333333333333333,2,0,1,70,0,0,0,0,0,1,1,1,1,1,1
P-615916,2025-10,Coal,Maharashtra,Ministry of Coal,18,53,0,0.0,6.5074558647089065,2.0,4.5074558647089065,1.0,1.0,-15.0,1.0499999999999972,1.3200000000000074,26.900000000000006,0.3333333333333333,1.849056603773585,0,0,1,90,0,0,0,0,0,1,1,1,1,1,1
P-615917,2025-08,Coal,Maharashtra,Ministry of Coal,14,55,0,0.0,0.02466420709712559,0.0,0.02466420709712559,0.0,,,0.13,0.24,0.24,,1.8181818181818181,1,0,1,90,0,0,0,0,0,1,1,1,1,1,1
P-615917,2025-09,Coal,Maharashtra,Ministry of Coal,25,54,0,0.0,0.02466420709712559,0.0,0.02466420709712559,0.0,,,0.0,0.24,0.24,,1.8518518518518519,2,0,1,78,0,0,0,0,0,1,1,1,1,1,1
P-615917,2025-10,Coal,Maharashtra,Ministry of Coal,26,53,0,0.0,0.02466420709712559,0.0,0.02466420709712559,0.0,0.0,,0.0,0.13,0.24,0.0,1.8867924528301887,3,0,1,86,0,0,0,0,0,1,1,1,1,1,1
P-615918,2025-08,Coal,Maharashtra,Ministry of Coal,102,31,0,0.0,3.0503455083909183,8.0,-4.949654491609081,0.0,1.0,1.0,0.6499999999999986,2.1499999999999986,2.1499999999999986,0.3333333333333333,2.967741935483871,1,0,1,90,0,0,0,0,0,1,1,1,1,1,1
P-615918,2025-09,Coal,Maharashtra,Ministry of Coal,103,30,0,0.0,3.0503455083909183,7.0,-3.9496544916090817,-1.0,0.0,0.0,0.0,2.1499999999999986,2.1499999999999986,0.0,3.1,0,0,1,82,0,0,0,0,0,1,1,1,1,1,1
P-615918,2025-10,Coal,Maharashtra,Ministry of Coal,104,29,0,0.0,3.0577492596248765,7.0,-3.9422507403751235,0.0,-1.0,0.0,0.030000000000001137,0.6799999999999997,2.1799999999999997,-0.3333333333333333,3.206896551724138,1,0,1,90,0,0,0,0,0,1,1,1,1,1,1
P-615919,2025-08,Coal,Maharashtra,Ministry of Coal,14,55,0,0.0,16.449249202368986,0.0,16.449249202368986,0.0,,,3.0500000000000114,168.59,168.59,,1.8181818181818181,1,1,1,90,0,,,0,0,1,1,0,0,1,1
P-615919,2025-09,Coal,Maharashtra,Ministry of Coal,15,42,0,0.0,16.57804099872184,0.0,16.57804099872184,0.0,,,1.3199999999999932,169.91,169.91,,2.380952380952381,2,2,1,82,0,,,0,0,1,1,0,0,1,1
P-615919,2025-10,Coal,Maharashtra,Ministry of Coal,16,41,0,0.0,16.678537627694137,0.0,16.678537627694137,0.0,0.0,,1.0300000000000011,5.400000000000006,170.94,0.0,2.4390243902439024,3,2,1,90,0,0,0,0,0,1,1,1,1,1,1
P-615982,2025-01,COAL,Maharashtra,Ministry of Coal,,2,0,0.0,57.43995496622467,98.0,-40.56004503377533,,,,,,,,1.0,0,0,0,92,0,0,,0,0,1,1,1,0,1,1
P-615982,2025-02,COAL,Maharashtra,Ministry of Coal,102,1,36,0.0,57.43995496622467,98.0,-40.56004503377533,0.0,,,0.0,,,,2.0,1,0,0,80,0,0,,0,0,1,1,1,0,1,1
P-615982,2025-03,COAL,Maharashtra,Ministry of Coal,103,0,36,0.0,57.43995496622467,98.0,-40.56004503377533,0.0,,,0.0,,,,2.0,2,0,0,88,0,0,,0,0,1,1,1,0,1,1
P-615982,2025-04,COAL,Maharashtra,Ministry of Coal,104,-1,36,0.0,57.43995496622467,98.0,-40.56004503377533,0.0,0.0,,0.0,0.0,,0.0,2.0,3,0,0,80,0,,,0,0,1,1,0,0,1,1
P-615982,2025-05,COAL,Maharashtra,Ministry of Coal,105,-2,36,0.0,57.43995496622467,98.0,-40.56004503377533,0.0,0.0,,0.0,0.0,,0.0,2.0,4,0,0,80,0,,,0,0,1,1,0,0,1,1
P-615982,2025-06,COAL,Maharashtra,Ministry of Coal,106,-3,36,0.0,57.43995496622467,98.0,-40.56004503377533,0.0,0.0,,0.0,0.0,,0.0,2.0,5,0,0,88,0,,,0,0,1,1,0,0,1,1
P-615982,2025-07,COAL,Maharashtra,Ministry of Coal,107,8,48,0.0,114.96481626270524,79.0,35.96481626270524,-19.0,-19.0,-19.0,183.93000000000004,183.93000000000004,183.93000000000004,-6.333333333333333,2.625,0,1,0,62,0,,,0,0,1,1,0,0,1,1
P-615982,2025-08,COAL,Maharashtra,Ministry of Coal,108,7,48,0.0,114.96481626270524,79.0,35.96481626270524,0.0,-19.0,-19.0,0.0,183.93000000000004,183.93000000000004,-6.333333333333333,3.0,1,1,0,86,0,0,0,0,0,1,1,1,1,1,1
P-615982,2025-09,COAL,Maharashtra,Ministry of Coal,109,6,24,0.0,114.96481626270524,79.0,35.96481626270524,0.0,-19.0,-19.0,0.0,183.93000000000004,183.93000000000004,-6.333333333333333,3.5,2,1,0,78,0,0,0,0,0,1,1,1,1,1,1
P-615982,2025-10,COAL,Maharashtra,Ministry of Coal,110,5,24,0.0,114.96481626270524,79.0,35.96481626270524,0.0,0.0,-19.0,0.0,0.0,183.93000000000004,0.0,4.2,3,1,0,86,0,0,0,0,0,1,1,1,1,1,1
P-616044,2025-08,Coal,Maharashtra,Ministry of Coal,79,7,60,0.0,69.84307770184763,87.0,-17.156922298152367,0.0,-4.0,-4.0,6.359999999999985,1.7099999999999795,1.7099999999999795,-1.3333333333333333,1.8571428571428572,1,1,1,90,0,0,0,0,0,1,1,1,1,1,1
P-616044,2025-09,Coal,Maharashtra,Ministry of Coal,82,6,60,0.0,69.84307770184763,87.0,-17.156922298152367,0.0,-4.0,-4.0,0.0,1.7099999999999795,1.7099999999999795,-1.3333333333333333,2.1666666666666665,2,1,1,78,0,0,0,0,0,1,1,1,1,1,1
P-616044,2025-10,Coal,Maharashtra,Ministry of Coal,83,5,60,0.0,69.84307770184763,87.0,-17.156922298152367,0.0,0.0,-4.0,0.0,6.359999999999985,1.7099999999999795,0.0,2.6,3,1,1,86,0,0,0,0,0,1,1,1,1,1,1
P-616050,2025-08,Coal,Maharashtra,Ministry of Coal,83,7,24,0.0,100.517168291649,98.0,2.517168291649,0.0,11.0,11.0,0.0,120.66000000000001,120.66000000000001,3.6666666666666665,0.2857142857142857,1,1,1,86,0,0,0,0,0,1,1,1,1,1,1
P-616050,2025-09,Coal,Maharashtra,Ministry of Coal,84,6,24,0.0,100.517168291649,98.0,2.517168291649,0.0,11.0,11.0,0.0,120.66000000000001,120.66000000000001,3.6666666666666665,0.3333333333333333,2,1,1,78,0,0,0,0,0,1,1,1,1,1,1
P-616050,2025-10,Coal,Maharashtra,Ministry of Coal,85,5,24,0.0,100.517168291649,98.0,2.517168291649,0.0,0.0,11.0,0.0,0.0,120.66000000000001,0.0,0.4,3,1,1,86,0,0,0,0,0,1,1,1,1,1,1
P-616223,2025-08,Coal,Maharashtra,Ministry of Coal,81,7,24,0.0,97.73417721518986,86.0,11.73417721518986,0.0,8.0,8.0,0.0,100.63999999999999,100.63999999999999,2.6666666666666665,2.0,1,1,1,86,0,0,0,0,0,1,1,1,1,1,1
P-616223,2025-09,Coal,Maharashtra,Ministry of Coal,82,6,24,0.0,97.73417721518986,86.0,11.73417721518986,0.0,8.0,8.0,0.0,100.63999999999999,100.63999999999999,2.6666666666666665,2.3333333333333335,2,1,1,78,0,0,0,0,0,1,1,1,1,1,1
P-616223,2025-10,Coal,Maharashtra,Ministry of Coal,83,5,24,0.0,97.73417721518986,86.0,11.73417721518986,0.0,0.0,8.0,0.0,0.0,100.63999999999999,0.0,2.8,3,1,1,86,0,0,0,0,0,1,1,1,1,1,1
P-616225,2025-01,Coal,Jharkhand,Ministry of Coal,,146,0,0.0,0.0,,,,,,,,,,,0,0,0,80,1,0,0,0,0,1,1,1,1,1,1
P-616225,2025-02,Coal,Jharkhand,Ministry of Coal,14,145,0,0.0,0.0,,,,,,0.0,,,,,0,0,0,72,1,0,0,0,0,1,1,1,1,1,1
P-616225,2025-03,Coal,Jharkhand,Ministry of Coal,,144,0,0.0,0.0,,,,,,0.0,,,,,0,0,0,72,1,0,0,0,0,1,1,1,1,1,1
P-616225,2025-04,Coal,Jharkhand,Ministry of Coal,16,143,0,0.0,0.0,,,,,,0.0,0.0,,,,0,0,0,72,1,0,0,0,0,1,1,1,1,1,1
P-616225,2025-05,Coal,Jharkhand,Ministry of Coal,17,142,0,0.0,0.0,,,,,,0.0,0.0,,,,0,0,0,72,1,0,0,0,0,1,1,1,1,1,1
P-616225,2025-06,Coal,Jharkhand,Ministry of Coal,18,141,0,0.0,0.0,0.01,-0.01,,,,0.0,0.0,,,0.7091489361702127,0,0,0,92,0,0,0,0,0,1,1,1,1,1,1
P-616225,2025-07,Coal,Jharkhand,Ministry of Coal,19,140,0,0.0,0.0,0.0,0.0,-0.01,,,0.0,0.0,0.0,,0.7142857142857143,1,0,0,74,0,0,0,0,0,1,1,1,1,1,1
P-616225,2025-08,Coal,Jharkhand,Ministry of Coal,20,139,0,0.0,0.0,0.0,0.0,0.0,,,0.0,0.0,0.0,,0.7194244604316546,2,0,0,86,0,0,0,0,0,1,1,1,1,1,1
P-616225,2025-09,Coal,Jharkhand,Ministry of Coal,21,138,0,0.0,0.0,0.0,0.0,0.0,-0.01,,0.0,0.0,0.0,-0.0033333333333333335,0.7246376811594203,3,0,0,78,0,0,0,0,0,1,1,1,1,1,1
P-616225,2025-10,Coal,Jharkhand,Ministry of Coal,22,137,0,0.0,0.0,0.0,0.0,0.0,0.0,,0.0,0.0,0.0,0.0,0.7299270072992701,4,0,0,86,0,0,0,0,0,1,1,1,1,1,1
P-616226,2025-02,Coal,Odisha,Ministry of Coal,22,61,0,0.0,0.13806650764697628,1.0,-0.8619334923530237,,,,,,,,1.6229508196721312,0,0,0,92,0,0,,0,0,1,1,1,0,1,1
P-616226,2025-03,Coal,Odisha,Ministry of Coal,23,60,0,0.0,0.18044057808334502,1.0,-0.819559421916655,0.0,,,1.5099999999999998,,,,1.65,1,0,0,92,0,0,,0,0,1,1,1,0,1,1
P-616226,2025-04,Coal,Odisha,Ministry of Coal,24,59,0,0.0,0.188578644590992,1.0,-0.811421355409008,0.0,,,0.29000000000000004,,,,1.6779661016949152,2,0,0,92,0,,,0,0,1,1,0,0,1,1
P-616226,2025-05,Coal,Odisha,Ministry of Coal,25,58,0,0.0,13.943314157429494,3.58,10.363314157429494,2.58,2.58,,490.15,491.95,,0.86,1.6624137931034484,0,0,0,92,0,,,0,0,1,1,0,0,1,1
P-616226,2025-06,Coal,Odisha,Ministry of Coal,26,57,0,0.0,14.173986249473831,4.0,10.173986249473831,0.41999999999999993,3.0,,8.21999999999997,498.65999999999997,,1.0,1.6842105263157894,1,0,0,92,0,,,0,0,1,1,0,0,1,1
P-616226,2025-07,Coal,Odisha,Ministry of Coal,27,92,0,0.0,4.228988354146204,3.0,1.228988354146204,-1.0,2.0,,-354.39,143.98,,0.6666666666666666,1.0543478260869565,0,1,0,62,0,,,0,0,1,1,0,0,1,1
P-616226,2025-08,Coal,Odisha,Ministry of Coal,28,91,0,0.0,15.171039708152097,4.0,11.171039708152097,1.0,0.41999999999999993,3.0,389.92,43.75,535.7,0.13999999999999999,1.054945054945055,0,1,0,90,0,0,0,0,0,1,1,1,1,1,1
P-616226,2025-09,Coal,Odisha,Ministry of Coal,29,90,0,0.0,15.954539076750386,3.0,12.954539076750386,-1.0,-1.0,2.0,27.91999999999996,63.44999999999999,562.11,-0.3333333333333333,1.0777777777777777,0,1,0,82,0,0,0,0,0,1,1,1,1,1,1
P-616226,2025-10,Coal,Odisha,Ministry of Coal,30,89,0,0.0,15.966605865020345,3.0,12.966605865020345,0.0,0.0,2.0,0.43000000000006366,418.27000000000004,562.25,0.0,1.0898876404494382,1,1,0,90,0,0,0,0,0,1,1,1,1,1,1
P-616229,2025-08,Coal,Maharashtra,Ministry of Coal,11,55,0,0.0,0.1765040236934215,0.0,0.1765040236934215,0.0,,,0.6499999999999999,1.18,1.18,,1.8181818181818181,1,1,1,90,0,,,0,0,1,1,0,0,1,1
P-616229,2025-09,Coal,Maharashtra,Ministry of Coal,12,42,0,0.0,0.1809914141263051,0.0,0.1809914141263051,0.0,,,0.030000000000000027,1.21,1.21,,2.380952380952381,2,2,1,82,0,,,0,0,1,1,0,0,1,1
P-616229,2025-10,Coal,Maharashtra,Ministry of Coal,13,41,0,0.0,0.1765040236934215,0.0,0.1765040236934215,0.0,0.0,,-0.030000000000000027,0.6499999999999999,1.18,0.0,2.4390243902439024,3,2,1,78,0,0,0,0,0,1,1,1,1,1,1
P-616230,2025-01,Coal,West Bengal,Ministry of Coal,,146,0,0.0,0.0,,,,,,,,,,,0,0,0,80,1,0,0,0,0,1,1,1,1,1,1
P-616230,2025-02,Coal,West Bengal,Ministry of Coal,3,145,0,0.0,0.0,,,,,,0.0,,,,,0,0,0,72,1,0,0,0,0,1,1,1,1,1,1
P-616230,2025-03,Coal,West Bengal,Ministry of Coal,,144,0,0.0,0.0,,,,,,0.0,,,,,0,0,0,72,1,0,0,0,0,1,1,1,1,1,1
P-616230,2025-04,Coal,West Bengal,Ministry of Coal,5,143,0,0.0,0.0,,,,,,0.0,0.0,,,,0,0,0,72,1,0,0,0,0,1,1,1,1,1,1
P-616230,2025-05,Coal,West Bengal,Ministry of Coal,6,142,0,0.0,0.49516149302500945,,,,,,5.91,5.91,,,,0,0,0,80,1,0,0,0,0,1,1,1,1,1,1
P-616230,2025-06,Coal,West Bengal,Ministry of Coal,7,141,0,0.0,0.5060533701981484,0.01,0.49605337019814844,,,,0.1299999999999999,6.04,,,0.7091489361702127,0,0,0,92,0,0,0,0,0,1,1,1,1,1,1
P-616230,2025-07,Coal,West Bengal,Ministry of Coal,8,140,0,0.0,0.5688911231201039,0.0,0.5688911231201039,-0.01,,,0.75,6.79,6.79,,0.7142857142857143,1,0,0,74,0,0,0,0,0,1,1,1,1,1,1
P-616230,2025-08,Coal,West Bengal,Ministry of Coal,9,139,0,0.0,0.7925935235222656,0.0,0.7925935235222656,0.0,,,2.670000000000001,3.5500000000000007,9.46,,0.7194244604316546,2,0,0,90,0,0,0,0,0,1,1,1,1,1,1
P-616230,2025-09,Coal,West Bengal,Ministry of Coal,10,138,0,0.0,0.797620543756022,0.0,0.797620543756022,0.0,-0.01,,0.05999999999999872,3.4799999999999995,9.52,-0.0033333333333333335,0.7246376811594203,3,0,0,82,0,0,0,0,0,1,1,1,1,1,1
P-616230,2025-10,Coal,West Bengal,Ministry of Coal,11,137,0,0.0,0.798458380461648,0.0,0.798458380461648,0.0,0.0,,0.009999999999999787,2.7399999999999993,9.53,0.0,0.7299270072992701,4,0,0,86,0,0,0,0,0,1,1,1,1,1,1
P-616231,2025-01,Coal,Odisha,Ministry of Coal,,74,0,0.0,0.0,,,,,,,,,,,0,0,0,80,1,0,,0,0,1,1,1,0,1,1
P-616231,2025-02,Coal,Odisha,Ministry of Coal,11,73,0,0.0,0.0,3.39,-3.39,,,,0.0,,,,1.3234246575342465,0,0,0,84,0,0,,0,0,1,1,1,0,1,1
P-616231,2025-03,Coal,Odisha,Ministry of Coal,12,72,0,0.0,0.009317441505102232,3.39,-3.380682558494898,0.0,,,0.5,,,,1.3418055555555555,1,0,0,92,0,0,,0,0,1,1,1,0,1,1
P-616231,2025-04,Coal,Odisha,Ministry of Coal,13,71,0,0.0,0.01528060406836766,3.39,-3.3747193959316326,0.0,,,0.31999999999999995,0.82,,,1.3607042253521127,2,0,0,92,0,,,0,0,1,1,0,0,1,1
P-616231,2025-05,Coal,Odisha,Ministry of Coal,14,70,0,0.0,0.07360778789030763,8.33,-8.256392212109693,4.9399999999999995,4.9399999999999995,,3.1300000000000003,3.95,,1.6466666666666665,1.3095714285714286,0,0,0,92,0,,,0,0,1,1,0,0,1,1
P-616231,2025-06,Coal,Odisha,Ministry of Coal,15,69,0,0.0,0.1692047377326565,9.59,-9.420795262267344,1.2599999999999998,6.199999999999999,,5.13,8.58,,2.0666666666666664,1.3102898550724638,0,0,0,92,0,,,0,0,1,1,0,0,1,1
P-616231,2025-07,Coal,Odisha,Ministry of Coal,16,92,0,0.0,0.0,3.0,-3.0,-6.59,-0.3900000000000001,,-9.08,-0.82,0.0,-0.13000000000000003,1.0543478260869565,0,1,0,50,0,,,0,0,1,1,0,0,1,1
P-616231,2025-08,Coal,Odisha,Ministry of Coal,17,91,0,0.0,8.671013571810587,14.0,-5.328986428189413,11.0,5.67,10.61,465.31,461.36,465.31,1.89,0.945054945054945,0,1,0,90,0,0,0,0,0,1,1,1,1,1,1
P-616231,2025-09,Coal,Odisha,Ministry of Coal,18,90,0,0.0,8.68443071258062,14.0,-5.315569287419381,0.0,4.41,10.61,0.7199999999999704,456.95,465.53,1.47,0.9555555555555556,1,1,0,82,0,0,0,0,0,1,1,1,1,1,1
P-616231,2025-10,Coal,Odisha,Ministry of Coal,19,89,0,0.0,8.689089442014657,14.0,-5.310910557985343,0.0,11.0,10.61,0.25,466.28,465.46,3.6666666666666665,0.9662921348314607,2,1,0,90,0,0,0,0,0,1,1,1,1,1,1
P-616232,2025-01,Coal,Odisha,Ministry of Coal,,50,0,0.0,0.0,,,,,,,,,,,0,0,0,80,1,0,0,0,0,1,1,1,1,1,1
P-616232,2025-02,Coal,Odisha,Ministry of Coal,27,49,0,0.0,0.0,3.57,-3.57,,,,0.0,,,,1.9679591836734696,0,0,0,84,0,0,0,0,0,1,1,1,1,1,1
P-616232,2025-03,Coal,Odisha,Ministry of Coal,28,48,0,0.0,2.7742740980247786,3.57,-0.7957259019752212,0.0,,,43.33,,,,2.0089583333333336,1,0,0,92,0,0,0,0,0,1,1,1,1,1,1
P-616232,2025-04,Coal,Odisha,Ministry of Coal,29,47,0,0.0,3.0406248999583827,3.57,-0.5293751000416171,0.0,,,4.160000000000004,47.49,,,2.0517021276595746,2,0,0,92,0,0,0,0,0,1,1,1,1,1,1
P-616232,2025-05,Coal,Odisha,Ministry of Coal,30,46,0,0.0,3.1437077824374944,3.57,-0.42629221756250546,0.0,0.0,,1.6099999999999994,49.1,,0.0,2.096304347826087,3,0,0,92,0,0,0,0,0,1,1,1,1,1,1
P-616232,2025-06,Coal,Odisha,Ministry of Coal,31,45,0,0.0,3.191727758747639,23.57,-20.37827224125236,20.0,20.0,,0.75,6.520000000000003,,6.666666666666667,1.6984444444444446,0,0,0,92,0,0,0,0,0,1,1,1,1,1,1
P-616232,2025-07,Coal,Odisha,Ministry of Coal,32,44,0,0.0,3.2109357492716972,23.0,-19.789064250728302,-0.5700000000000003,19.43,,0.29999999999999716,2.6599999999999966,50.15,6.476666666666667,1.75,0,0,0,74,0,0,0,0,0,1,1,1,1,1,1
P-616232,2025-08,Coal,Odisha,Ministry of Coal,33,43,0,0.0,17.262221083970932,23.0,-5.737778916029068,0.0,19.43,19.43,219.46,220.51000000000002,269.61,6.476666666666667,1.7906976744186047,1,0,0,90,0,0,0,0,0,1,1,1,1,1,1
P-616232,2025-09,Coal,Odisha,Ministry of Coal,34,42,0,0.0,17.398597816691744,24.0,-6.601402183308256,1.0,0.4299999999999997,20.43,2.1299999999999955,221.89000000000001,228.41000000000003,0.14333333333333323,1.8095238095238095,0,0,0,82,0,0,0,0,0,1,1,1,1,1,1
P-616232,2025-10,Coal,Odisha,Ministry of Coal,35,41,0,0.0,17.481192175945193,24.0,-6.518807824054807,0.0,1.0,20.43,1.2899999999999636,222.87999999999997,225.53999999999996,0.3333333333333333,1.853658536585366,1,0,0,90,0,0,0,0,0,1,1,1,1,1,1
P-616233,2025-02,Coal,Odisha,Ministry of Coal,22,61,0,0.0,21.296144883692406,1.0,20.296144883692406,,,,,,,,1.6229508196721312,0,0,0,92,0,0,0,0,0,1,1,1,1,1,1
P-616233,2025-03,Coal,Odisha,Ministry of Coal,,60,0,0.0,21.296144883692406,1.0,20.296144883692406,0.0,,,0.0,,,,1.65,1,0,0,80,0,0,0,0,0,1,1,1,1,1,1
P-616233,2025-04,Coal,Odisha,Ministry of Coal,24,59,0,0.0,21.41163484730796,1.86,19.55163484730796,0.8600000000000001,,,1.1299999999999955,,,,1.6633898305084747,0,0,0,84,0,0,0,0,0,1,1,1,1,1,1
P-616233,2025-05,Coal,Odisha,Ministry of Coal,25,58,0,0.0,21.41163484730796,1.86,19.55163484730796,0.0,0.8600000000000001,,0.0,1.1299999999999955,,0.2866666666666667,1.6920689655172414,1,0,0,88,0,0,0,0,0,1,1,1,1,1,1
P-616233,2025-06,Coal,Odisha,Ministry of Coal,26,57,0,0.0,21.41163484730796,7.68,13.731634847307959,5.819999999999999,6.68,,0.0,1.1299999999999955,,2.2266666666666666,1.6196491228070173,0,0,0,92,0,0,0,0,0,1,1,1,1,1,1
P-616233,2025-07,Coal,Odisha,Ministry of Coal,27,56,0,0.0,21.60173337148931,8.0,13.60173337148931,0.3200000000000003,6.14,,1.8600000000000136,1.8600000000000136,,2.0466666666666664,1.6428571428571428,1,0,0,74,0,0,0,0,0,1,1,1,1,1,1
P-616233,2025-08,Coal,Odisha,Ministry of Coal,28,55,0,0.0,21.602755406565553,11.0,10.602755406565553,3.0,9.14,10.0,0.009999999999990905,1.8700000000000045,3.0,3.046666666666667,1.6181818181818182,0,0,0,90,0,0,0,0,0,1,1,1,1,1,1
P-616233,2025-09,Coal,Odisha,Ministry of Coal,29,54,0,0.0,21.602755406565553,11.0,10.602755406565553,0.0,3.3200000000000003,10.0,0.0,1.8700000000000045,3.0,1.1066666666666667,1.6481481481481481,1,0,0,78,0,0,0,0,0,1,1,1,1,1,1
P-616233,2025-10,Coal,Odisha,Ministry of Coal,30,53,0,0.0,21.76321491353583,11.0,10.76321491353583,0.0,3.0,9.14,1.5699999999999932,1.579999999999984,3.4399999999999977,1.0,1.679245283018868,2,0,0,90,0,0,0,0,0,1,1,1,1,1,1
P-616234,2025-01,Coal,Chhattisgarh,Ministry of Coal,,98,0,0.0,0.9177700219747752,17.0,-16.082229978025225,,,,,,,,0.8469387755102041,0,0,0,92,0,0,0,1,1,1,1,1,1,1,1
P-616234,2025-02,Coal,Chhattisgarh,Ministry of Coal,28,97,120,6.183098504853535,0.8649074804062514,17.0,-16.135092519593748,0.0,,,0.009999999999999787,,,,0.8556701030927835,1,0,1,80,0,0,0,0,0,1,1,1,1,1,1
P-616234,2025-03,Coal,Chhattisgarh,Ministry of Coal,,96,0,6.183098504853535,0.8666465705143069,17.0,-16.133353429485695,0.0,,,0.02999999999999936,,,,0.8645833333333334,2,0,1,84,0,0,0,0,0,1,1,1,1,1,1
P-616234,2025-04,Coal,Chhattisgarh,Ministry of Coal,30,95,120,6.183098504853535,0.8996892825673608,17.0,-16.100310717432638,0.0,0.0,,0.5700000000000003,0.6099999999999994,,0.0,0.8736842105263158,3,0,1,84,0,0,0,0,0,1,1,1,1,1,1
P-616234,2025-05,Coal,Chhattisgarh,Ministry of Coal,31,94,120,6.183098504853535,0.9002689792700459,17.0,-16.099731020729955,0.0,0.0,,0.009999999999999787,0.6099999999999994,,0.0,0.8829787234042553,4,0,1,88,0,0,0,0,0,1,1,1,1,1,1
P-616234,2025-06,Coal,Chhattisgarh,Ministry of Coal,32,93,120,6.183098504853535,0.9002689792700459,17.0,-16.099731020729955,0.0,0.0,,0.0,0.5800000000000001,,0.0,0.8924731182795699,5,0,1,88,0,0,0,0,0,1,1,1,1,1,1
P-616234,2025-07,Coal,Chhattisgarh,Ministry of Coal,33,92,0,0.0,0.9060659462968975,17.0,-16.0939340537031,0.0,0.0,0.0,0.10000000000000142,0.11000000000000121,0.7200000000000006,0.0,0.9021739130434783,6,0,1,74,0,0,0,0,0,1,1,1,1,1,1
P-616234,2025-08,Coal,Chhattisgarh,Ministry of Coal,34,91,0,0.0,0.9078050364049529,17.0,-16.09219496359505,0.0,0.0,0.0,0.02999999999999936,0.13000000000000078,0.7400000000000002,0.0,0.9120879120879121,7,0,1,90,0,0,0,0,0,1,1,1,1,1,1
P-616234,2025-09,Coal,Chhattisgarh,Ministry of Coal,35,90,0,0.0,0.9078050364049529,40.0,-39.09219496359505,23.0,23.0,23.0,0.0,0.13000000000000078,0.7100000000000009,7.666666666666667,0.6666666666666666,0,0,1,82,0,0,0,0,0,1,1,1,1,1,1
P-616234,2025-10,Coal,Chhattisgarh,Ministry of Coal,36,89,0,0.0,0.9078050364049529,40.0,-39.09219496359505,0.0,23.0,23.0,0.0,0.02999999999999936,0.14000000000000057,7.666666666666667,0.6741573033707865,1,0,1,86,0,0,0,0,0,1,1,1,1,1,1
P-616235,2025-01,Energy Storage,Andhra Pradesh,Ministry of Petroleum & Natural Gas,5,14,0,0.0,0.39166666666666666,8.8,-8.408333333333333,,,,,,,,6.514285714285714,0,0,0,92,0,0,0,0,0,1,1,1,1,1,1
P-616235,2025-02,Energy Storage,Andhra Pradesh,Ministry of Petroleum & Natural Gas,6,13,0,0.0,1.35,14.7,-13.35,5.899999999999999,,,2.3000000000000003,,,,6.561538461538461,0,0,0,92,0,0,0,0,0,1,1,1,1,1,1
P-616235,2025-03,Energy Storage,Andhra Pradesh,Ministry of Petroleum & Natural Gas,7,12,0,0.0,4.170833333333333,20.2,-16.029166666666665,5.5,,,6.77,,,,6.6499999999999995,0,0,0,92,0,0,0,0,0,1,1,1,1,1,1
P-616235,2025-04,Energy Storage,Andhra Pradesh,Ministry of Petroleum & Natural Gas,8,11,0,0.0,6.974999999999999,25.5,-18.525000000000002,5.300000000000001,16.7,,6.729999999999999,15.799999999999999,,5.566666666666666,6.7727272727272725,0,0,0,92,0,0,0,0,0,1,1,1,1,1,1
P-616235,2025-05,Energy Storage,Andhra Pradesh,Ministry of Petroleum & Natural Gas,9,10,0,0.0,8.05,35.3,-27.249999999999996,9.799999999999997,20.599999999999998,,2.580000000000002,16.08,,6.866666666666666,6.470000000000001,0,0,0,92,0,0,0,0,0,1,1,1,1,1,1
P-616235,2025-06,Energy Storage,Andhra Pradesh,Ministry of Petroleum & Natural Gas,10,9,0,0.0,9.308333333333334,42.8,-33.49166666666666,7.5,22.599999999999998,,3.0199999999999996,12.33,,7.533333333333332,6.355555555555556,0,0,0,92,0,0,0,0,0,1,1,1,1,1,1
P-616235,2025-07,Energy Storage,Andhra Pradesh,Ministry of Petroleum & Natural Gas,11,8,0,0.0,13.0125,50.0,-36.9875,7.200000000000003,24.5,41.2,8.89,14.490000000000002,30.29,8.166666666666666,6.25,0,0,0,82,0,0,0,0,0,1,1,1,1,1,1
P-616235,2025-08,Energy Storage,Andhra Pradesh,Ministry of Petroleum & Natural Gas,12,7,0,0.0,16.175,59.0,-42.825,9.0,23.700000000000003,44.3,7.59,19.5,35.58,7.900000000000001,5.857142857142857,0,0,0,90,0,0,0,0,0,1,1,1,1,1,1
P-616236,2025-06,Coal,Jharkhand,Ministry of Coal,64,45,0,0.0,20.65786615826435,,,,,,,,,,,0,0,0,80,1,0,0,0,0,1,1,1,1,1,1
P-616236,2025-07,Coal,Jharkhand,Ministry of Coal,65,44,0,0.0,20.65786615826435,26.0,-5.342133841735649,,,,0.0,,,,1.6818181818181819,0,0,0,74,0,0,0,0,0,1,1,1,1,1,1
P-616236,2025-08,Coal,Jharkhand,Ministry of Coal,66,43,0,0.0,20.65786615826435,33.0,-12.342133841735649,7.0,,,0.0,,,,1.558139534883721,0,0,0,90,0,0,0,0,0,1,1,1,1,1,1
P-616236,2025-09,Coal,Jharkhand,Ministry of Coal,67,42,0,0.0,20.65786615826435,32.0,-11.342133841735649,-1.0,,,0.0,0.0,,,1.619047619047619,0,0,0,82,0,0,0,0,0,1,1,1,1,1,1
P-616236,2025-10,Coal,Jharkhand,Ministry of Coal,68,41,0,0.0,20.65786615826435,32.0,-11.342133841735649,0.0,6.0,,0.0,0.0,,2.0,1.6585365853658536,1,0,0,86,0,0,0,0,0,1,1,1,1,1,1
P-616253,2025-02,Coal,Jharkhand,Ministry of Coal,11,49,0,0.0,0.09161093383331938,1.63,-1.5383890661666806,,,,,,,,2.0075510204081635,0,0,0,92,0,0,0,0,0,1,1,1,1,1,1
P-616253,2025-03,Coal,Jharkhand,Ministry of Coal,,48,0,0.0,0.09161093383331938,1.63,-1.5383890661666806,0.0,,,0.0,,,,2.049375,1,0,0,80,0,0,0,0,0,1,1,1,1,1,1
P-616253,2025-04,Coal,Jharkhand,Ministry of Coal,13,47,0,0.0,0.09998581397852954,2.0,-1.9000141860214705,0.3700000000000001,,,0.4899999999999993,,,,2.0851063829787235,2,0,0,84,0,0,0,0,0,1,1,1,1,1,1
P-616253,2025-05,Coal,Jharkhand,Ministry of Coal,14,46,0,0.0,0.09998581397852954,2.0,-1.9000141860214705,0.0,0.3700000000000001,,0.0,0.4899999999999993,,0.12333333333333336,2.130434782608696,3,0,0,88,0,0,0,0,0,1,1,1,1,1,1
P-616253,2025-06,Coal,Jharkhand,Ministry of Coal,15,45,0,0.0,0.10186588911316856,2.0,-1.8981341108868315,0.0,0.3700000000000001,,0.11000000000000032,0.5999999999999996,,0.12333333333333336,2.1777777777777776,4,0,0,92,0,0,0,0,0,1,1,1,1,1,1
P-616253,2025-07,Coal,Jharkhand,Ministry of Coal,16,44,0,0.0,0.0,2.0,-2.0,0.0,0.0,,-5.96,-5.85,,0.0,2.227272727272727,5,0,0,62,0,0,0,0,0,1,1,1,1,1,1
P-616253,2025-08,Coal,Jharkhand,Ministry of Coal,17,43,0,0.0,0.3473011521442257,3.0,-2.6526988478557745,1.0,1.0,1.37,20.32,14.47,14.96,0.3333333333333333,2.255813953488372,0,0,0,90,0,0,0,0,0,1,1,1,1,1,1
P-616253,2025-09,Coal,Jharkhand,Ministry of Coal,18,42,0,0.0,0.3473011521442257,3.0,-2.6526988478557745,0.0,1.0,1.37,0.0,14.36,14.96,0.3333333333333333,2.3095238095238093,1,0,0,78,0,0,0,0,0,1,1,1,1,1,1
P-616253,2025-10,Coal,Jharkhand,Ministry of Coal,19,41,0,0.0,0.3473011521442257,3.0,-2.6526988478557745,0.0,1.0,1.0,0.0,20.32,14.47,0.3333333333333333,2.3658536585365852,2,0,0,86,0,0,0,0,0,1,1,1,1,1,1
P-616254,2025-01,Energy Storage,"Multi-States (Andhra Pradesh, Chhattisgarh, Odisha)",Ministry of Petroleum & Natural Gas,,32,0,0.0,0.0,1.03,-1.03,,,,,,,,3.0928125,0,0,0,92,0,0,0,0,0,1,1,1,1,1,1
P-616254,2025-02,Energy Storage,"Multi-States (Andhra Pradesh, Chhattisgarh, Odisha)",Ministry of Petroleum & Natural Gas,5,31,0,0.0,0.02396021699819168,1.52,-1.4960397830018084,0.49,,,0.53,,,,3.176774193548387,1,0,0,84,0,0,0,0,0,1,1,1,1,1,1
P-616254,2025-03,Energy Storage,"Multi-States (Andhra Pradesh, Chhattisgarh, Odisha)",Ministry of Petroleum & Natural Gas,6,30,0,0.0,0.09855334538878845,2.45,-2.3514466546112116,0.9300000000000002,,,1.6500000000000001,,,,3.2516666666666665,0,0,0,92,0,0,0,0,0,1,1,1,1,1,1
P-616254,2025-04,Energy Storage,"Multi-States (Andhra Pradesh, Chhattisgarh, Odisha)",Ministry of Petroleum & Natural Gas,7,29,0,0.0,0.1089511754068716,3.65,-3.5410488245931284,1.1999999999999997,2.62,,0.22999999999999998,2.41,,0.8733333333333334,3.322413793103448,0,0,0,92,0,0,0,0,0,1,1,1,1,1,1
P-616254,2025-05,Energy Storage,"Multi-States (Andhra Pradesh, Chhattisgarh, Odisha)",Ministry of Petroleum & Natural Gas,8,28,0,0.0,0.19529837251356238,4.73,-4.534701627486438,1.0800000000000005,3.2100000000000004,,1.9100000000000001,3.79,,1.07,3.4025,0,0,0,92,0,0,0,0,0,1,1,1,1,1,1
P-616254,2025-06,Energy Storage,"Multi-States (Andhra Pradesh, Chhattisgarh, Odisha)",Ministry of Petroleum & Natural Gas,9,27,0,0.0,0.37613019891500904,6.03,-5.6538698010849915,1.2999999999999998,3.58,,4.0,6.140000000000001,,1.1933333333333334,3.48037037037037,0,0,0,92,0,0,0,0,0,1,1,1,1,1,1
P-616254,2025-07,Energy Storage,"Multi-States (Andhra Pradesh, Chhattisgarh, Odisha)",Ministry of Petroleum & Natural Gas,10,26,0,0.0,0.5207956600361664,7.0,-6.479204339963833,0.9699999999999998,3.35,5.97,3.1999999999999993,9.11,11.52,1.1166666666666667,3.576923076923077,0,0,0,82,0,0,0,0,0,1,1,1,1,1,1
P-616254,2025-08,Energy Storage,"Multi-States (Andhra Pradesh, Chhattisgarh, Odisha)",Ministry of Petroleum & Natural Gas,11,25,0,0.0,0.6080470162748643,8.0,-7.391952983725136,1.0,3.2699999999999996,6.48,1.9299999999999997,9.129999999999999,12.92,1.0899999999999999,3.68,0,0,0,90,0,0,0,0,0,1,1,1,1,1,1
P-616254,2025-09,Energy Storage,"Multi-States (Andhra Pradesh, Chhattisgarh, Odisha)",Ministry of Petroleum & Natural Gas,12,24,0,0.0,0.7472875226039783,10.0,-9.252712477396022,2.0,3.9699999999999998,7.55,3.080000000000002,8.21,14.350000000000001,1.3233333333333333,3.75,0,0,0,82,0,0,0,0,0,1,1,1,1,1,1
P-616254,2025-10,Energy Storage,"Multi-States (Andhra Pradesh, Chhattisgarh, Odisha)",Ministry of Petroleum & Natural Gas,13,23,0,0.0,0.953887884267631,11.0,-10.046112115732369,1.0,4.0,7.35,4.57,9.580000000000002,18.69,1.3333333333333333,3.869565217391304,0,0,0,90,0,0,0,0,0,1,1,1,1,1,1
P-616586,2025-10,Railways,Odisha,Ministry of Railways,14,50,0,0.0,0.13483205477882698,0.0,0.13483205477882698,,0.0,,,3.06,,0.0,2.0,1,0,0,90,0,0,0,0,0,1,1,1,1,1,1
P-616587,2025-10,Railways,Odisha,Ministry of Railways,14,50,0,0.0,0.04851470368711748,0.0,0.04851470368711748,,0.0,,,0.91,,0.0,2.0,1,0,0,90,0,0,0,0,0,1,1,1,1,1,1
P-616588,2025-10,Railways,"Multi-States (Jharkhand, Odisha, West Bengal)",Ministry of Railways,14,50,0,0.0,0.2275328449144353,0.0,0.2275328449144353,,0.0,,,2.28,,0.0,2.0,1,0,0,90,0,0,0,0,0,1,1,1,1,1,1
P-616594,2025-07,Telecommunication,Uttar Pradesh,"Department of Water Resources, River Development & GR",27,5,8,0.0,24.77174235678243,69.0,-44.228257643217574,,,,,,,,6.2,0,0,0,98,0,0,1,0,0,1,1,1,1,1,1
P-616594,2025-08,Telecommunication,Uttar Pradesh,"Department of Water Resources, River Development & GR",63,4,8,0.0,24.77174235678243,73.0,-48.228257643217574,4.0,,,0.0,,,,6.75,0,0,0,98,0,0,1,0,0,1,1,1,1,1,1
P-616594,2025-09,Telecommunication,Uttar Pradesh,"Department of Water Resources, River Development & GR",64,3,8,0.0,24.77174235678243,73.0,-48.228257643217574,0.0,,,0.0,,,,9.0,1,0,0,86,0,0,1,0,0,1,1,1,1,1,1
P-616594,2025-10,Telecommunication,Uttar Pradesh,"Department of Water Resources, River Development & GR",65,2,8,0.0,24.77174235678243,75.0,-50.228257643217574,2.0,6.0,,0.0,0.0,,2.0,12.5,0,0,0,98,0,1,1,0,0,1,1,1,1,1,1
P-616600,2025-01,Telecommunication,Bihar,"Department of Water Resources, River Development & GR",87,1,53,62.629362924487474,29.265164896319774,85.0,-55.734835103680226,,,,,,,,15.0,0,0,0,92,0,1,,0,0,1,1,1,0,1,1
P-616600,2025-02,Telecommunication,Bihar,"Department of Water Resources, River Development & GR",88,2,55,62.629362924487474,29.265164896319774,88.0,-58.734835103680226,3.0,,,0.0,,,,6.0,0,1,0,92,0,0,,0,0,1,1,1,0,1,1
P-616600,2025-03,Telecommunication,Bihar,"Department of Water Resources, River Development & GR",89,1,55,62.629362924487474,29.265164896319774,89.0,-59.734835103680226,1.0,,,0.0,,,,11.0,0,1,0,92,0,1,,0,0,1,1,1,0,1,1
P-616600,2025-04,Telecommunication,Bihar,"Department of Water Resources, River Development & GR",90,0,55,62.629362924487474,29.78538072539863,90.0,-60.214619274601375,1.0,5.0,,2.1499999999999915,2.1499999999999915,,1.6666666666666667,10.0,0,1,0,84,0,,,0,0,1,1,0,0,1,1
P-616600,2025-05,Telecommunication,Bihar,"Department of Water Resources, River Development & GR",91,-1,55,62.629362924487474,30.649180962520262,90.0,-59.35081903747974,0.0,2.0,,3.5700000000000074,5.719999999999999,,0.6666666666666666,10.0,1,1,0,84,0,,,0,0,1,1,0,0,1,1
P-616600,2025-06,Telecommunication,Bihar,"Department of Water Resources, River Development & GR",92,3,60,62.629362924487474,30.649180962520262,90.0,-59.35081903747974,0.0,1.0,,0.0,5.719999999999999,,0.3333333333333333,3.3333333333333335,2,2,0,88,0,,,0,0,1,1,0,0,1,1
P-616600,2025-07,Telecommunication,Bihar,"Department of Water Resources, River Development & GR",40,5,10,0.0,30.649180962520262,0.0,30.649180962520262,-90.0,-90.0,-85.0,0.0,3.5700000000000074,5.719999999999999,-30.0,20.0,0,3,0,54,0,,,0,0,1,1,0,0,1,1
P-616600,2025-08,Telecommunication,Bihar,"Department of Water Resources, River Development & GR",94,4,10,0.0,30.649180962520262,97.0,-66.35081903747974,97.0,7.0,9.0,0.0,0.0,5.719999999999999,2.3333333333333335,0.75,0,3,0,82,0,0,1,0,0,1,1,1,1,1,1
P-616600,2025-09,Telecommunication,Bihar,"Department of Water Resources, River Development & GR",95,3,10,0.0,30.649180962520262,97.0,-66.35081903747974,0.0,7.0,8.0,0.0,0.0,5.719999999999999,2.3333333333333335,1.0,1,3,0,78,0,0,1,0,0,1,1,1,1,1,1
P-616600,2025-10,Telecommunication,Bihar,"Department of Water Resources, River Development & GR",96,2,10,0.0,30.649180962520262,97.0,-66.35081903747974,0.0,97.0,7.0,0.0,0.0,3.5700000000000074,32.333333333333336,1.5,2,3,0,86,0,1,1,0,0,1,1,1,1,1,1
P-616604,2025-01,Telecommunication,West Bengal,"Department of Water Resources, River Development & GR",80,2,37,-3.2937500000000064,56.45317650100175,89.0,-32.54682349899825,,,,,,,,5.5,0,0,0,92,0,0,,0,0,1,1,1,0,1,1
P-616604,2025-02,Telecommunication,West Bengal,"Department of Water Resources, River Development & GR",81,1,37,-3.2937500000000064,56.45317650100175,89.0,-32.54682349899825,0.0,,,0.0,,,,11.0,1,0,0,88,0,0,,0,0,1,1,1,0,1,1
P-616604,2025-03,Telecommunication,West Bengal,"Department of Water Resources, River Development & GR",82,0,37,-3.2937500000000064,56.45317650100175,89.0,-32.54682349899825,0.0,,,0.0,,,,11.0,2,0,0,88,0,0,,0,0,1,1,1,0,1,1
P-616604,2025-04,Telecommunication,West Bengal,"Department of Water Resources, River Development & GR",83,-1,37,-3.2937500000000064,56.45317650100175,90.0,-33.54682349899825,1.0,1.0,,0.0,0.0,,0.3333333333333333,10.0,0,0,0,84,0,,,0,0,1,1,0,0,1,1
P-616604,2025-05,Telecommunication,West Bengal,"Department of Water Resources, River Development & GR",84,-2,37,-3.2937500000000064,59.374394105861825,92.0,-32.625605894138175,2.0,3.0,,4.52000000000001,4.52000000000001,,1.0,8.0,0,0,0,84,0,,,0,0,1,1,0,0,1,1
P-616604,2025-06,Telecommunication,West Bengal,"Department of Water Resources, River Development & GR",85,-3,37,-3.2937500000000064,60.31151037290765,92.0,-31.688489627092352,0.0,3.0,,1.4499999999999886,5.969999999999999,,1.0,8.0,1,0,0,92,0,,,0,0,1,1,0,0,1,1
P-616604,2025-07,Telecommunication,West Bengal,"Department of Water Resources, River Development & GR",43,5,9,0.0,62.15342855296323,92.0,-29.846571447036773,0.0,2.0,3.0,2.8500000000000085,8.820000000000007,8.820000000000007,0.6666666666666666,1.6,2,1,0,74,0,,,0,0,1,1,0,0,1,1
P-616604,2025-08,Telecommunication,West Bengal,"Department of Water Resources, River Development & GR",87,4,9,0.0,62.15342855296323,92.0,-29.846571447036773,0.0,0.0,3.0,0.0,4.299999999999997,8.820000000000007,0.0,2.0,3,1,0,86,0,0,1,0,0,1,1,1,1,1,1
P-616604,2025-09,Telecommunication,West Bengal,"Department of Water Resources, River Development & GR",88,3,9,0.0,62.15342855296323,92.0,-29.846571447036773,0.0,0.0,3.0,0.0,2.8500000000000085,8.820000000000007,0.0,2.6666666666666665,4,1,0,78,0,0,1,0,0,1,1,1,1,1,1
P-616604,2025-10,Telecommunication,West Bengal,"Department of Water Resources, River Development & GR",89,2,9,0.0,62.15342855296323,92.0,-29.846571447036773,0.0,0.0,2.0,0.0,0.0,8.820000000000007,0.0,4.0,5,1,0,86,0,1,1,0,0,1,1,1,1,1,1
P-616605,2025-07,Telecommunication,Uttar Pradesh,"Department of Water Resources, River Development & GR",8,22,29,0.0,0.0,27.0,-27.0,,,,,,,,3.3181818181818183,0,0,0,98,0,0,0,0,0,1,1,1,1,1,1
P-616605,2025-08,Telecommunication,Uttar Pradesh,"Department of Water Resources, River Development & GR",63,21,29,0.0,5.0368461438230225,27.0,-21.963153856176977,0.0,,,34.79,,,,3.4761904761904763,1,0,0,98,0,0,0,0,0,1,1,1,1,1,1
P-616605,2025-09,Telecommunication,Uttar Pradesh,"Department of Water Resources, River Development & GR",64,20,29,0.0,5.0368461438230225,27.0,-21.963153856176977,0.0,,,0.0,,,,3.65,2,0,0,86,0,0,0,0,0,1,1,1,1,1,1
P-616605,2025-10,Telecommunication,Uttar Pradesh,"Department of Water Resources, River Development & GR",65,19,29,0.0,5.0368461438230225,34.0,-28.963153856176977,7.0,7.0,,0.0,34.79,,2.3333333333333335,3.473684210526316,0,0,0,98,0,0,0,0,0,1,1,1,1,1,1
P-616611,2025-01,Telecommunication,Bihar,"Department of Water Resources, River Development & GR",89,11,42,0.0,45.77427184466019,50.0,-4.225728155339809,,,,,,,,4.545454545454546,0,0,0,92,0,0,0,0,0,1,1,1,1,1,1
P-616611,2025-02,Telecommunication,Bihar,"Department of Water Resources, River Development & GR",90,10,42,0.0,45.79004854368932,52.0,-6.209951456310677,2.0,,,0.12999999999999545,,,,4.8,0,0,0,92,0,0,0,0,0,1,1,1,1,1,1
P-616611,2025-03,Telecommunication,Bihar,"Department of Water Resources, River Development & GR",91,9,42,0.0,46.04126213592233,54.0,-7.958737864077669,2.0,,,2.069999999999993,,,,5.111111111111111,0,0,0,92,0,0,0,0,0,1,1,1,1,1,1
P-616611,2025-04,Telecommunication,Bihar,"Department of Water Resources, River Development & GR",92,8,42,0.0,46.62257281553398,55.0,-8.377427184466022,1.0,5.0,,4.7900000000000205,6.990000000000009,,1.6666666666666667,5.625,0,0,0,92,0,0,0,0,0,1,1,1,1,1,1
P-616611,2025-05,Telecommunication,Bihar,"Department of Water Resources, River Development & GR",93,7,42,0.0,46.62257281553398,55.0,-8.377427184466022,0.0,3.0,,0.0,6.860000000000014,,1.0,6.428571428571429,1,0,0,88,0,0,0,0,0,1,1,1,1,1,1
P-616611,2025-06,Telecommunication,Bihar,"Department of Water Resources, River Development & GR",94,6,42,0.0,46.76334951456311,55.0,-8.23665048543689,0.0,1.0,,1.1599999999999682,5.949999999999989,,0.3333333333333333,7.5,2,0,0,92,0,0,0,0,0,1,1,1,1,1,1
P-616611,2025-07,Telecommunication,Bihar,"Department of Water Resources, River Development & GR",72,5,0,0.0,46.762135922330096,55.0,-8.237864077669904,0.0,0.0,5.0,-0.009999999999990905,1.1499999999999773,8.139999999999986,0.0,9.0,3,0,0,62,0,0,0,0,0,1,1,1,1,1,1
P-616611,2025-08,Telecommunication,Bihar,"Department of Water Resources, River Development & GR",96,4,0,0.0,48.144417475728154,56.0,-7.855582524271846,1.0,1.0,4.0,11.389999999999986,12.539999999999964,19.399999999999977,0.3333333333333333,11.0,0,0,0,90,0,0,0,0,0,1,1,1,1,1,1
P-616611,2025-09,Telecommunication,Bihar,"Department of Water Resources, River Development & GR",97,3,0,0.0,48.144417475728154,56.0,-7.855582524271846,0.0,1.0,2.0,0.0,11.379999999999995,17.329999999999984,0.3333333333333333,14.666666666666666,1,0,0,78,0,0,,0,0,1,1,1,0,1,1
P-616611,2025-10,Telecommunication,Bihar,"Department of Water Resources, River Development & GR",98,2,0,0.0,48.144417475728154,56.0,-7.855582524271846,0.0,1.0,1.0,0.0,11.389999999999986,12.539999999999964,0.3333333333333333,22.0,2,0,0,86,0,0,,0,0,1,1,1,0,1,1
P-616612,2025-01,Telecommunication,Bihar,"Department of Water Resources, River Development & GR",89,11,42,0.0,27.364438839848678,48.0,-20.635561160151322,,,,,,,,4.7272727272727275,0,0,0,92,0,0,0,0,0,1,1,1,1,1,1
P-616612,2025-02,Telecommunication,Bihar,"Department of Water Resources, River Development & GR",90,10,42,0.0,27.51127157145572,51.0,-23.48872842854428,3.0,,,0.8499999999999943,,,,4.9,0,0,0,92,0,0,0,0,0,1,1,1,1,1,1
P-616612,2025-03,Telecommunication,Bihar,"Department of Water Resources, River Development & GR",91,9,42,0.0,27.939677658968026,52.0,-24.060322341031974,1.0,,,2.480000000000018,,,,5.333333333333333,0,0,0,92,0,0,0,0,0,1,1,1,1,1,1
P-616612,2025-04,Telecommunication,Bihar,"Department of Water Resources, River Development & GR",92,8,42,0.0,28.480367600062188,52.0,-23.519632399937812,0.0,4.0,,3.1299999999999955,6.460000000000008,,1.3333333333333333,6.0,1,0,0,92,0,0,0,0,0,1,1,1,1,1,1
P-616612,2025-05,Telecommunication,Bihar,"Department of Water Resources, River Development & GR",93,7,42,0.0,28.480367600062188,52.0,-23.519632399937812,0.0,1.0,,0.0,5.610000000000014,,0.3333333333333333,6.857142857142857,2,0,0,88,0,0,0,0,0,1,1,1,1,1,1
P-616612,2025-06,Telecommunication,Bihar,"Department of Water Resources, River Development & GR",94,6,42,0.0,28.65483943408938,53.0,-24.34516056591062,1.0,1.0,,1.009999999999991,4.139999999999986,,0.3333333333333333,7.833333333333333,0,0,0,92,0,0,0,0,0,1,1,1,1,1,1
P-616612,2025-07,Telecommunication,Bihar,"Department of Water Resources, River Development & GR",72,5,0,0.0,28.64792965848434,53.0,-24.35207034151566,0.0,1.0,5.0,-0.03999999999999204,0.9699999999999989,7.430000000000007,0.3333333333333333,9.4,1,0,0,54,0,0,0,0,0,1,1,1,1,1,1
P-616612,2025-08,Telecommunication,Bihar,"Department of Water Resources, River Development & GR",96,4,0,0.0,29.675758779733627,54.0,-24.324241220266373,1.0,2.0,3.0,5.949999999999989,6.9199999999999875,12.530000000000001,0.6666666666666666,11.5,0,0,0,90,0,0,0,0,0,1,1,1,1,1,1
P-616612,2025-09,Telecommunication,Bihar,"Department of Water Resources, River Development & GR",97,3,0,0.0,29.675758779733627,54.0,-24.324241220266373,0.0,1.0,2.0,0.0,5.909999999999997,10.049999999999983,0.3333333333333333,15.333333333333334,1,0,0,78,0,0,0,0,0,1,1,1,1,1,1
P-616612,2025-10,Telecommunication,Bihar,"Department of Water Resources, River Development & GR",98,2,0,0.0,29.675758779733627,54.0,-24.324241220266373,0.0,1.0,2.0,0.0,5.949999999999989,6.9199999999999875,0.3333333333333333,23.0,2,0,0,86,0,0,0,0,0,1,1,1,1,1,1
P-616615,2025-01,Telecommunication,Bihar,"Department of Water Resources, River Development & GR",82,-1,41,0.0,103.2078588194384,96.0,7.2078588194384,,,,,,,,4.0,0,0,0,92,0,1,,0,0,1,1,1,0,1,1
P-616615,2025-02,Telecommunication,Bihar,"Department of Water Resources, River Development & GR",83,-2,41,0.0,110.29731374424063,96.0,14.297313744240626,0.0,,,16.310000000000002,,,,4.0,1,0,0,92,0,1,,0,0,1,1,1,0,1,1
P-616615,2025-03,Telecommunication,Bihar,"Department of Water Resources, River Development & GR",84,1,45,0.0,110.86673041815179,96.0,14.86673041815179,0.0,,,1.3100000000000023,,,,4.0,2,1,0,92,0,0,,0,0,1,1,1,0,1,1
P-616615,2025-04,Telecommunication,Bihar,"Department of Water Resources, River Development & GR",85,0,45,0.0,113.65296009736592,97.0,16.65296009736592,1.0,1.0,,6.410000000000025,24.03000000000003,,0.3333333333333333,3.0,0,1,0,84,0,,,0,0,1,1,0,0,1,1
P-616615,2025-05,Telecommunication,Bihar,"Department of Water Resources, River Development & GR",86,-1,45,0.0,113.65296009736592,97.0,16.65296009736592,0.0,1.0,,0.0,7.720000000000027,,0.3333333333333333,3.0,1,1,0,80,0,,,0,0,1,1,0,0,1,1
P-616615,2025-06,Telecommunication,Bihar,"Department of Water Resources, River Development & GR",87,-2,45,0.0,113.65296009736592,97.0,16.65296009736592,0.0,1.0,,0.0,6.410000000000025,,0.3333333333333333,3.0,2,1,0,88,0,,,0,0,1,1,0,0,1,1
P-616615,2025-07,Telecommunication,Bihar,"Department of Water Resources, River Development & GR",88,5,8,0.0,113.65730678953317,97.0,16.657306789533166,0.0,0.0,1.0,0.009999999999990905,0.009999999999990905,24.04000000000002,0.0,0.6,3,2,0,78,0,,,0,0,1,1,0,0,1,1
P-616615,2025-08,Telecommunication,Bihar,"Department of Water Resources, River Development & GR",185,4,8,0.0,113.80509432322003,97.0,16.805094323220032,0.0,0.0,1.0,0.339999999999975,0.3499999999999659,8.069999999999993,0.0,0.75,4,2,0,90,0,0,0,0,0,1,1,1,1,1,1
P-616615,2025-09,Telecommunication,Bihar,"Department of Water Resources, River Development & GR",186,3,8,0.0,113.80509432322003,97.0,16.805094323220032,0.0,0.0,1.0,0.0,0.3499999999999659,6.759999999999991,0.0,1.0,5,2,0,78,0,0,0,0,0,1,1,1,1,1,1
P-616615,2025-10,Telecommunication,Bihar,"Department of Water Resources, River Development & GR",187,2,8,0.0,113.80509432322003,97.0,16.805094323220032,0.0,0.0,0.0,0.0,0.339999999999975,0.3499999999999659,0.0,1.5,6,2,0,86,0,0,0,0,0,1,1,1,1,1,1
P-616616,2025-01,Telecommunication,Bihar,"Department of Water Resources, River Development & GR",82,5,46,0.0,106.07490415806546,92.0,14.074904158065465,,,,,,,,1.6,0,0,0,92,0,0,,0,0,1,1,1,0,1,1
P-616616,2025-02,Telecommunication,Bihar,"Department of Water Resources, River Development & GR",83,4,46,0.0,108.35217405550641,93.0,15.35217405550641,1.0,,,6.949999999999989,,,,1.75,0,0,0,92,0,0,,0,0,1,1,1,0,1,1
P-616616,2025-03,Telecommunication,Bihar,"Department of Water Resources, River Development & GR",84,3,46,0.0,111.71401422064943,95.0,16.71401422064943,2.0,,,10.259999999999991,,,,1.6666666666666667,0,0,0,92,0,1,,0,0,1,1,1,0,1,1
P-616616,2025-04,Telecommunication,Bihar,"Department of Water Resources, River Development & GR",85,2,46,0.0,113.5227235492644,95.0,18.5227235492644,0.0,3.0,,5.519999999999982,22.72999999999996,,1.0,2.5,1,0,0,84,0,,,0,0,1,1,0,0,1,1
P-616616,2025-05,Telecommunication,Bihar,"Department of Water Resources, River Development & GR",86,1,46,0.0,113.5227235492644,95.0,18.5227235492644,0.0,2.0,,0.0,15.779999999999973,,0.6666666666666666,5.0,2,0,0,80,0,,,0,0,1,1,0,0,1,1
P-616616,2025-06,Telecommunication,Bihar,"Department of Water Resources, River Development & GR",87,3,49,0.0,113.5227235492644,95.0,18.5227235492644,0.0,0.0,,0.0,5.519999999999982,,0.0,1.6666666666666667,3,1,0,88,0,,,0,0,1,1,0,0,1,1
P-616616,2025-07,Telecommunication,Bihar,"Department of Water Resources, River Development & GR",88,5,6,0.0,113.5161702545955,95.0,18.516170254595494,0.0,0.0,3.0,-0.01999999999998181,-0.01999999999998181,22.70999999999998,0.0,1.0,4,2,0,70,0,,,0,0,1,1,0,0,1,1
P-616616,2025-08,Telecommunication,Bihar,"Department of Water Resources, River Development & GR",185,4,6,0.0,113.5227235492644,95.0,18.5227235492644,0.0,0.0,2.0,0.01999999999998181,0.0,15.779999999999973,0.0,1.25,5,2,0,90,0,0,0,0,0,1,1,1,1,1,1
P-616616,2025-09,Telecommunication,Bihar,"Department of Water Resources, River Development & GR",186,3,6,0.0,113.5227235492644,95.0,18.5227235492644,0.0,0.0,0.0,0.0,0.0,5.519999999999982,0.0,1.6666666666666667,6,2,0,78,0,0,0,0,0,1,1,1,1,1,1
P-616616,2025-10,Telecommunication,Bihar,"Department of Water Resources, River Development & GR",187,2,6,0.0,113.5227235492644,95.0,18.5227235492644,0.0,0.0,0.0,0.0,0.01999999999998181,0.0,0.0,2.5,7,2,0,86,0,0,0,0,0,1,1,1,1,1,1
P-616670,2025-04,Electricity Generation,"Multi-States (Rajasthan, Uttar Pradesh)",Ministry of Power,4,20,0,0.0,0.0,,,,,,,,,,,0,0,0,80,1,0,,0,0,1,1,1,0,1,1
P-616670,2025-05,Electricity Generation,"Multi-States (Rajasthan, Uttar Pradesh)",Ministry of Power,5,19,0,0.0,1.3469038658912076,,,,,,78.74,,,,,0,0,0,80,1,0,,0,0,1,1,1,0,1,1
P-616670,2025-06,Electricity Generation,"Multi-States (Rajasthan, Uttar Pradesh)",Ministry of Power,6,18,0,0.0,3.399931577146767,2.1,1.2999315771467668,,,,120.02,,,,5.438888888888889,0,0,0,92,0,,,0,0,1,1,0,0,1,1
P-616670,2025-07,Electricity Generation,"Multi-States (Rajasthan, Uttar Pradesh)",Ministry of Power,7,17,0,0.0,4.040027369141293,3.0,1.040027369141293,0.8999999999999999,,,37.420000000000016,236.18,,,5.705882352941177,0,0,0,74,0,,,0,0,1,1,0,0,1,1
P-616670,2025-08,Electricity Generation,"Multi-States (Rajasthan, Uttar Pradesh)",Ministry of Power,8,16,0,0.0,5.020013684570647,4.0,1.020013684570647,1.0,,,57.29000000000002,214.73000000000002,,,6.0,0,0,0,90,0,,,0,0,1,1,0,0,1,1
P-616670,2025-09,Electricity Generation,"Multi-States (Rajasthan, Uttar Pradesh)",Ministry of Power,9,18,3,0.0,6.699965788573383,6.0,0.6999657885733832,2.0,3.9,,98.20999999999998,192.92000000000002,,1.3,5.222222222222222,0,1,0,74,0,,,0,0,1,1,0,0,1,1
P-616670,2025-10,Electricity Generation,"Multi-States (Rajasthan, Uttar Pradesh)",Ministry of Power,10,17,3,0.0,8.0,9.0,-1.0,3.0,6.0,,76.0,231.5,467.68,2.0,5.352941176470588,0,1,0,90,0,0,1,0,0,1,1,1,1,1,1
P-616671,2025-04,Electricity Generation,Tamil Nadu,Ministry of Power,3,39,0,0.0,0.0,,,,,,,,,,,0,0,0,80,1,,,0,0,1,1,0,0,1,1
P-616671,2025-05,Electricity Generation,Tamil Nadu,Ministry of Power,4,38,0,0.0,0.0,,,,,,0.0,,,,,0,0,0,80,1,,,0,0,1,1,0,0,1,1
P-616671,2025-06,Electricity Generation,Tamil Nadu,Ministry of Power,5,37,0,0.0,1.7007299270072993,2.5,-0.7992700729927007,,,,9.32,,,,2.635135135135135,0,0,0,92,0,,,0,0,1,1,0,0,1,1
P-616671,2025-07,Electricity Generation,Tamil Nadu,Ministry of Power,6,17,0,0.0,2.0,4.0,-2.0,1.5,,,1.6400000000000006,10.96,,,5.647058823529412,0,1,0,82,0,,,0,0,1,1,0,0,1,1
P-616671,2025-08,Electricity Generation,Tamil Nadu,Ministry of Power,7,16,0,0.0,2.678832116788321,6.0,-3.321167883211679,2.0,,,3.719999999999999,14.68,,,5.875,0,1,0,90,0,0,0,0,0,1,1,1,1,1,1
P-616671,2025-09,Electricity Generation,Tamil Nadu,Ministry of Power,8,15,0,0.0,4.328467153284672,7.0,-2.671532846715328,1.0,4.5,,9.04,14.399999999999999,,1.5,6.2,0,1,0,82,0,0,1,0,0,1,1,1,1,1,1
P-616671,2025-10,Electricity Generation,Tamil Nadu,Ministry of Power,9,14,0,0.0,6.908759124087592,9.0,-2.0912408759124084,2.0,5.0,,14.14,26.9,37.86,1.6666666666666667,6.5,0,1,0,90,0,0,1,0,0,1,1,1,1,1,1
P-616672,2025-04,Electricity Generation,Karnataka,Ministry of Power,3,21,0,0.0,0.0,,,,,,,,,,,0,0,0,80,1,,,0,0,1,1,0,0,1,1
P-616672,2025-05,Electricity Generation,Karnataka,Ministry of Power,4,20,0,0.0,0.0,,,,,,0.0,,,,,0,0,0,80,1,,,0,0,1,1,0,0,1,1
P-616672,2025-06,Electricity Generation,Karnataka,Ministry of Power,5,19,0,0.0,1.2001477104874445,,,,,,16.25,,,,,0,0,0,80,1,,,0,0,1,1,0,0,1,1
P-616672,2025-07,Electricity Generation,Karnataka,Ministry of Power,6,23,0,0.0,1.229689807976366,0.0,1.229689807976366,,,,0.3999999999999986,16.65,,,4.3478260869565215,0,1,0,74,0,,,0,0,1,1,0,0,1,1
P-616672,2025-08,Electricity Generation,Karnataka,Ministry of Power,7,22,0,0.0,1.309453471196455,0.0,1.309453471196455,0.0,,,1.0800000000000018,17.73,,,4.545454545454546,1,1,0,90,0,0,0,0,0,1,1,1,1,1,1
P-616672,2025-09,Electricity Generation,Karnataka,Ministry of Power,8,21,0,0.0,1.3397341211225997,0.0,1.3397341211225997,0.0,,,0.41000000000000014,1.8900000000000006,,,4.761904761904762,2,1,0,82,0,0,0,0,0,1,1,1,1,1,1
P-616672,2025-10,Electricity Generation,Karnataka,Ministry of Power,9,20,0,0.0,2.9999999999999996,1.0,1.9999999999999996,1.0,1.0,,22.479999999999997,23.97,40.62,0.3333333333333333,4.95,0,1,0,90,0,0,0,0,0,1,1,1,1,1,1
P-616691,2025-10,Healthcare,Maharashtra,Ministry of Labour and Employment,196,2,4,0.0,80.7749971168262,88.0,-7.225002883173801,,,,,,,,6.0,0,0,0,98,0,1,1,0,0,1,1,1,1,1,1
P-616695,2025-07,Railways,Odisha,Ministry of Railways,3,40,0,0.0,0.003331667499583542,0.0,0.003331667499583542,,,,,,,,2.5,0,0,0,98,0,0,0,0,0,1,1,1,1,1,1
P-616695,2025-08,Railways,Odisha,Ministry of Railways,24,39,0,0.0,0.003331667499583542,0.0,0.003331667499583542,0.0,,,0.0,,,,2.5641025641025643,1,0,0,94,0,0,0,0,0,1,1,1,1,1,1
P-616695,2025-09,Railways,Odisha,Ministry of Railways,25,38,0,0.0,0.003331667499583542,0.0,0.003331667499583542,0.0,,,0.0,,,,2.6315789473684212,2,0,0,86,0,0,0,0,0,1,1,1,1,1,1
P-616695,2025-10,Railways,Odisha,Ministry of Railways,26,37,0,0.0,0.0,0.0,0.0,0.0,0.0,,-0.01,-0.01,,0.0,2.7027027027027026,3,0,0,98,0,0,0,0,0,1,1,1,1,1,1
P-616697,2025-07,Railways,Andhra Pradesh,Ministry of Railways,16,11,0,0.0,6.993777547316567,16.0,-9.006222452683433,,,,,,,,7.636363636363637,0,0,0,98,0,0,0,0,0,1,1,1,1,1,1
P-616697,2025-08,Railways,Andhra Pradesh,Ministry of Railways,17,10,0,0.0,7.116930256676173,16.0,-8.883069743323826,0.0,,,0.19000000000000128,,,,8.4,1,0,0,98,0,0,0,0,0,1,1,1,1,1,1
P-616697,2025-09,Railways,Andhra Pradesh,Ministry of Railways,29,9,0,0.0,10.318900700025926,18.0,-7.681099299974074,2.0,,,4.9399999999999995,,,,9.11111111111111,0,0,0,90,0,0,0,0,0,1,1,1,1,1,1
P-616697,2025-10,Railways,Andhra Pradesh,Ministry of Railways,30,8,0,0.0,13.060668913663468,21.0,-7.939331086336532,3.0,5.0,,4.229999999999999,9.36,,1.6666666666666667,9.875,0,0,0,98,0,0,0,0,0,1,1,1,1,1,1
P-616699,2025-07,Railways,"Multi-States (Bihar, Jharkhand)",Ministry of Railways,23,32,0,0.00024323857569750557,3.6059220341181812,10.0,-6.394077965881818,,,,,,,,2.8125,0,0,0,98,0,0,0,0,0,1,1,1,1,1,1
P-616699,2025-08,Railways,"Multi-States (Bihar, Jharkhand)",Ministry of Railways,24,31,0,0.00024323857569750557,3.7908639813193226,11.0,-7.209136018680677,1.0,,,22.810000000000002,,,,2.870967741935484,0,0,0,98,0,0,0,0,0,1,1,1,1,1,1
P-616699,2025-09,Railways,"Multi-States (Bihar, Jharkhand)",Ministry of Railways,25,30,0,0.00024323857569750557,4.122397353570734,12.0,-7.877602646429266,1.0,,,40.889999999999986,,,,2.933333333333333,0,0,0,90,0,0,0,0,0,1,1,1,1,1,1
P-616699,2025-10,Railways,"Multi-States (Bihar, Jharkhand)",Ministry of Railways,26,29,0,0.00024323857569750557,4.219287150548096,13.0,-8.780712849451904,1.0,3.0,,11.949999999999989,75.64999999999998,,1.0,3.0,0,0,0,98,0,0,0,0,0,1,1,1,1,1,1
P-616701,2025-07,Railways,"Multi-States (Assam, Nagaland)",Ministry of Railways,6,31,0,0.0,0.646984037293403,0.0,0.646984037293403,,,,,,,,3.225806451612903,0,0,0,98,0,0,0,0,0,1,1,1,1,1,1
P-616701,2025-08,Railways,"Multi-States (Assam, Nagaland)",Ministry of Railways,7,30,0,0.0,0.646984037293403,0.0,0.646984037293403,0.0,,,0.0,,,,3.3333333333333335,1,0,0,94,0,0,0,0,0,1,1,1,1,1,1
P-616701,2025-09,Railways,"Multi-States (Assam, Nagaland)",Ministry of Railways,19,29,0,0.0,0.646984037293403,0.0,0.646984037293403,0.0,,,0.0,,,,3.4482758620689653,2,0,0,86,0,0,0,0,0,1,1,1,1,1,1
P-616701,2025-10,Railways,"Multi-States (Assam, Nagaland)",Ministry of Railways,20,28,0,0.0,0.646984037293403,0.0,0.646984037293403,0.0,0.0,,0.0,0.0,,0.0,3.5714285714285716,3,0,0,94,0,0,0,0,0,1,1,1,1,1,1
P-616841,2025-07,Railways,Rajasthan,Ministry of Railways,17,17,0,0.0,1.73953278975539,3.0,-1.26046721024461,,,,,,,,5.705882352941177,0,0,0,98,0,0,0,0,0,1,1,1,1,1,1
P-616841,2025-08,Railways,Rajasthan,Ministry of Railways,18,16,0,0.0,1.8133159921964885,4.0,-2.1866840078035112,1.0,,,0.5899999999999999,,,,6.0,0,0,0,98,0,0,0,0,0,1,1,1,1,1,1
P-616841,2025-09,Railways,Rajasthan,Ministry of Railways,19,15,0,0.0,1.8308238707418338,4.0,-2.169176129258166,0.0,,,0.14000000000000057,,,,6.4,1,0,0,90,0,0,0,0,0,1,1,1,1,1,1
P-616841,2025-10,Railways,Rajasthan,Ministry of Railways,20,14,0,0.0,1.8308238707418338,4.0,-2.169176129258166,0.0,1.0,,0.0,0.7300000000000004,,0.3333333333333333,6.857142857142857,2,0,0,94,0,0,0,0,0,1,1,1,1,1,1
P-616842,2025-07,Railways,"Multi-States (Gujarat, Rajasthan)",Ministry of Railways,17,24,0,0.0,5.00584977265288,7.0,-1.99415022734712,,,,,,,,3.875,0,0,0,98,0,0,0,0,0,1,1,1,1,1,1
P-616842,2025-08,Railways,"Multi-States (Gujarat, Rajasthan)",Ministry of Railways,18,23,0,0.0,5.552260669758458,7.0,-1.447739330241542,0.0,,,16.859999999999985,,,,4.043478260869565,1,0,0,98,0,0,0,0,0,1,1,1,1,1,1
P-616842,2025-09,Railways,"Multi-States (Gujarat, Rajasthan)",Ministry of Railways,19,22,0,0.0,8.996658661714616,12.0,-3.0033413382853844,5.0,,,106.28000000000003,,,,4.0,0,0,0,90,0,0,0,0,0,1,1,1,1,1,1
P-616842,2025-10,Railways,"Multi-States (Gujarat, Rajasthan)",Ministry of Railways,20,21,0,0.0,10.67251319844827,13.0,-2.3274868015517303,1.0,6.0,,51.70999999999998,174.85,,2.0,4.142857142857143,0,0,0,98,0,0,0,0,0,1,1,1,1,1,1
P-616843,2025-07,Railways,Rajasthan,Ministry of Railways,17,23,0,0.0,3.640222903247512,5.0,-1.359777096752488,,,,,,,,4.130434782608695,0,0,0,98,0,0,0,0,0,1,1,1,1,1,1
P-616843,2025-08,Railways,Rajasthan,Ministry of Railways,18,22,0,0.0,4.55287835134788,6.0,-1.4471216486521197,1.0,,,14.920000000000009,,,,4.2727272727272725,0,0,0,98,0,0,0,0,0,1,1,1,1,1,1
P-616843,2025-09,Railways,Rajasthan,Ministry of Railways,19,21,0,0.0,5.156013922277479,6.0,-0.843986077722521,0.0,,,9.86,,,,4.476190476190476,1,0,0,90,0,0,0,0,0,1,1,1,1,1,1
P-616843,2025-10,Railways,Rajasthan,Ministry of Railways,20,20,0,0.0,7.526960649380043,7.0,0.526960649380043,1.0,2.0,,38.75999999999999,63.54,,0.6666666666666666,4.65,0,0,0,98,0,0,0,0,0,1,1,1,1,1,1
P-616856,2025-10,Railways,Telangana,Ministry of Railways,26,42,0,0.0,2.1217472601672465,0.0,2.1217472601672465,,0.0,,,16.34,,0.0,2.380952380952381,1,0,0,90,0,0,0,0,0,1,1,1,1,1,1
P-616857,2025-07,Railways,"Multi-States (Andhra Pradesh, Telangana)",Ministry of Railways,4,44,0,0.0,0.481965466453574,1.0,-0.518034533546426,,,,,,,,2.25,0,0,0,98,0,0,0,0,0,1,1,1,1,1,1
P-616857,2025-08,Railways,"Multi-States (Andhra Pradesh, Telangana)",Ministry of Railways,5,43,0,0.0,0.481965466453574,1.0,-0.518034533546426,0.0,,,0.0,,,,2.302325581395349,1,0,0,94,0,0,0,0,0,1,1,1,1,1,1
P-616857,2025-09,Railways,"Multi-States (Andhra Pradesh, Telangana)",Ministry of Railways,19,42,0,0.0,0.6010466610259785,1.0,-0.3989533389740215,0.0,,,1.8999999999999995,,,,2.357142857142857,2,0,0,90,0,0,0,0,0,1,1,1,1,1,1
P-616857,2025-10,Railways,"Multi-States (Andhra Pradesh, Telangana)",Ministry of Railways,20,41,0,0.0,0.8943624455516906,1.0,-0.10563755444830936,0.0,0.0,,4.68,6.579999999999999,,0.0,2.4146341463414633,3,0,0,98,0,0,0,0,0,1,1,1,1,1,1
P-616858,2025-01,Energy Storage,Assam,Ministry of Petroleum & Natural Gas,49,5,11,0.0,64.8574612313121,75.35,-10.492538768687893,,,,,,,,4.9300000000000015,0,0,0,92,0,0,1,0,0,1,1,1,1,1,1
P-616858,2025-02,Energy Storage,Assam,Ministry of Petroleum & Natural Gas,50,4,11,0.0,64.8574612313121,80.06,-15.202538768687901,4.710000000000008,,,0.0,,,,4.984999999999999,0,0,0,92,0,0,1,0,0,1,1,1,1,1,1
P-616858,2025-03,Energy Storage,Assam,Ministry of Petroleum & Natural Gas,51,3,11,0.0,71.43188782616771,81.97,-10.538112173832289,1.9099999999999966,,,28.319999999999993,,,,6.010000000000001,0,0,0,92,0,1,1,0,0,1,1,1,1,1,1
P-616858,2025-04,Energy Storage,Assam,Ministry of Petroleum & Natural Gas,52,2,11,0.0,71.7104652242548,83.56,-11.849534775745198,1.5900000000000034,8.210000000000008,,1.1999999999999886,29.519999999999982,,2.7366666666666695,8.219999999999999,0,0,0,84,0,1,1,0,0,1,1,1,1,1,1
P-616858,2025-05,Energy Storage,Assam,Ministry of Petroleum & Natural Gas,53,1,11,0.0,74.254805460117,83.66,-9.405194539882999,0.09999999999999432,3.5999999999999943,,10.960000000000036,40.48000000000002,,1.1999999999999982,16.340000000000003,1,0,0,84,0,1,1,0,0,1,1,1,1,1,1
P-616858,2025-06,Energy Storage,Assam,Ministry of Petroleum & Natural Gas,54,6,17,0.0,74.45213111709536,83.94,-9.487868882904635,0.28000000000000114,1.9699999999999989,,0.8499999999999659,13.009999999999991,,0.6566666666666663,2.676666666666667,2,1,0,92,0,0,1,0,0,1,1,1,1,1,1
P-616858,2025-07,Energy Storage,Assam,Ministry of Petroleum & Natural Gas,55,5,21,0.0,75.70805088680471,85.0,-9.291949113195287,1.0600000000000023,1.4399999999999977,9.650000000000006,5.410000000000025,17.220000000000027,46.74000000000001,0.47999999999999926,3.0,0,1,0,82,0,0,1,0,0,1,1,1,1,1,1
P-616858,2025-08,Energy Storage,Assam,Ministry of Petroleum & Natural Gas,56,4,21,0.0,75.97502089330486,85.0,-9.024979106695142,0.0,1.3400000000000034,4.939999999999998,1.1499999999999773,7.409999999999968,47.889999999999986,0.4466666666666678,3.75,1,1,0,90,0,0,1,0,0,1,1,1,1,1,1
P-616858,2025-09,Energy Storage,Assam,Ministry of Petroleum & Natural Gas,57,3,21,0.0,76.02145045965271,86.0,-9.978549540347288,1.0,2.0600000000000023,4.030000000000001,0.20000000000004547,6.760000000000048,19.77000000000004,0.6866666666666674,4.666666666666667,0,1,0,82,0,1,1,0,0,1,1,1,1,1,1
P-616858,2025-10,Energy Storage,Assam,Ministry of Petroleum & Natural Gas,58,2,21,0.0,76.83861082737488,87.0,-10.161389172625121,1.0,2.0,3.4399999999999977,3.519999999999982,4.8700000000000045,22.090000000000032,0.6666666666666666,6.5,0,1,0,90,0,1,1,0,0,1,1,1,1,1,1
P-616879,2025-01,Energy Storage,Karnataka,Ministry of Petroleum & Natural Gas,10,26,0,0.0,2.269230769230769,1.2,1.0692307692307692,,,,,,,,3.8,0,0,0,92,0,0,,0,0,1,1,1,0,1,1
P-616879,2025-02,Energy Storage,Karnataka,Ministry of Petroleum & Natural Gas,11,25,0,0.0,2.379120879120879,2.2,0.17912087912087893,1.0000000000000002,,,0.40000000000000036,,,,3.912,0,0,0,92,0,0,,0,0,1,1,1,0,1,1
P-616879,2025-03,Energy Storage,Karnataka,Ministry of Petroleum & Natural Gas,12,24,0,0.0,2.6703296703296706,2.2,0.47032967032967044,0.0,,,1.0600000000000005,,,,4.075,1,0,0,92,0,0,,0,0,1,1,1,0,1,1
P-616879,2025-04,Energy Storage,Karnataka,Ministry of Petroleum & Natural Gas,13,23,0,0.0,2.7252747252747254,5.2,-2.474725274725275,3.0,4.0,,0.1999999999999993,1.6600000000000001,,1.3333333333333333,4.121739130434783,0,0,0,92,0,,,0,0,1,1,0,0,1,1
P-616879,2025-05,Energy Storage,Karnataka,Ministry of Petroleum & Natural Gas,14,22,0,0.0,4.6291208791208796,6.6,-1.97087912087912,1.3999999999999995,4.3999999999999995,,6.9300000000000015,8.190000000000001,,1.4666666666666666,4.245454545454546,0,0,0,92,0,,,0,0,1,1,0,0,1,1
P-616879,2025-06,Energy Storage,Karnataka,Ministry of Petroleum & Natural Gas,15,21,0,0.0,6.258241758241758,10.1,-3.8417582417582414,3.5,7.8999999999999995,,5.93,13.06,,2.6333333333333333,4.280952380952381,0,0,0,92,0,,,0,0,1,1,0,0,1,1
P-616879,2025-07,Energy Storage,Karnataka,Ministry of Petroleum & Natural Gas,16,18,0,0.0,6.269230769230769,10.0,-3.730769230769231,-0.09999999999999964,4.8,8.8,0.03999999999999915,12.9,14.56,1.5999999999999999,5.0,1,1,0,82,0,,,0,0,1,1,0,0,1,1
P-616879,2025-08,Energy Storage,Karnataka,Ministry of Petroleum & Natural Gas,17,17,0,0.0,7.423076923076923,12.0,-4.576923076923077,2.0,5.4,9.8,4.199999999999999,10.169999999999998,18.36,1.8,5.176470588235294,0,1,0,90,0,0,0,0,0,1,1,1,1,1,1
P-616879,2025-09,Energy Storage,Karnataka,Ministry of Petroleum & Natural Gas,18,16,0,0.0,8.096153846153847,15.0,-6.903846153846153,3.0,4.9,12.8,2.4499999999999993,6.689999999999998,19.75,1.6333333333333335,5.3125,0,1,0,82,0,0,0,0,0,1,1,1,1,1,1
P-616879,2025-10,Energy Storage,Karnataka,Ministry of Petroleum & Natural Gas,19,15,0,0.0,8.953296703296704,19.0,-10.046703296703296,4.0,9.0,13.8,3.1200000000000045,9.770000000000003,22.67,3.0,5.4,0,1,0,90,0,0,0,0,0,1,1,1,1,1,1
P-616886,2025-07,Education,Delhi,Department of Higher Education,6,15,0,0.0,4.833780160857909,15.0,-10.16621983914209,,,,,,,,5.666666666666667,0,0,0,98,0,0,0,0,0,1,1,1,1,1,1
P-616886,2025-08,Education,Delhi,Department of Higher Education,7,14,0,0.0,6.227882037533512,15.0,-8.772117962466488,0.0,,,5.199999999999999,,,,6.071428571428571,1,0,0,98,0,0,0,0,0,1,1,1,1,1,1
P-616886,2025-09,Education,Delhi,Department of Higher Education,12,13,0,0.0,5.664879356568365,15.0,-9.335120643431635,0.0,,,-2.1000000000000014,,,,6.538461538461538,2,0,0,78,0,0,0,0,0,1,1,1,1,1,1
P-616886,2025-10,Education,Delhi,Department of Higher Education,13,12,0,0.0,5.798927613941019,16.0,-10.201072386058982,1.0,1.0,,0.5,3.599999999999998,,0.3333333333333333,7.0,0,0,0,98,0,0,0,0,0,1,1,1,1,1,1
P-616933,2025-02,Energy Storage,Maharashtra,Ministry of Petroleum & Natural Gas,2,37,0,0.0,3.1816627484505235,3.2,-0.01833725154947663,,,,,,,,2.616216216216216,0,0,0,92,0,0,0,0,0,1,1,1,1,1,1
P-616933,2025-03,Energy Storage,Maharashtra,Ministry of Petroleum & Natural Gas,3,36,0,0.0,3.367599914511648,3.4,-0.03240008548835194,0.19999999999999973,,,8.699999999999989,,,,2.683333333333333,1,0,0,92,0,0,0,0,0,1,1,1,1,1,1
P-616933,2025-04,Energy Storage,Maharashtra,Ministry of Petroleum & Natural Gas,4,35,0,0.0,3.496687326351785,4.1,-0.6033126736482148,0.6999999999999997,,,6.0400000000000205,,,,2.74,0,0,0,92,0,0,0,0,0,1,1,1,1,1,1
P-616933,2025-05,Energy Storage,Maharashtra,Ministry of Petroleum & Natural Gas,5,34,0,0.0,3.668518914297927,4.2,-0.5314810857020733,0.10000000000000053,1.0,,8.039999999999992,22.78,,0.3333333333333333,2.817647058823529,1,0,0,92,0,0,0,0,0,1,1,1,1,1,1
P-616933,2025-06,Energy Storage,Maharashtra,Ministry of Petroleum & Natural Gas,6,33,0,0.0,3.7916221414832227,4.2,-0.40837785851677744,0.0,0.8000000000000003,,5.759999999999991,19.840000000000003,,0.2666666666666668,2.903030303030303,2,0,0,92,0,0,0,0,0,1,1,1,1,1,1
P-616933,2025-07,Energy Storage,Maharashtra,Ministry of Petroleum & Natural Gas,7,32,0,0.0,4.036759991451165,4.0,0.03675999145116471,-0.20000000000000018,-0.09999999999999964,,11.469999999999999,25.269999999999982,,-0.033333333333333215,3.0,3,0,0,82,0,0,0,0,0,1,1,1,1,1,1
P-616933,2025-08,Energy Storage,Maharashtra,Ministry of Petroleum & Natural Gas,8,31,0,0.0,4.155588801025861,5.0,-0.8444111989741394,1.0,0.7999999999999998,1.7999999999999998,5.560000000000002,22.789999999999992,45.56999999999999,0.2666666666666666,3.064516129032258,0,0,0,90,0,0,0,0,0,1,1,1,1,1,1
P-616933,2025-09,Energy Storage,Maharashtra,Ministry of Petroleum & Natural Gas,9,30,0,0.0,4.291301560162428,5.0,-0.7086984398375717,0.0,0.7999999999999998,1.6,6.349999999999994,23.379999999999995,43.22,0.2666666666666666,3.1666666666666665,1,0,0,82,0,0,0,0,0,1,1,1,1,1,1
P-616933,2025-10,Energy Storage,Maharashtra,Ministry of Petroleum & Natural Gas,10,29,0,0.0,4.525967086984398,5.0,-0.474032913015602,0.0,1.0,0.9000000000000004,10.980000000000018,22.890000000000015,48.16,0.3333333333333333,3.2758620689655173,2,0,0,90,0,0,0,0,0,1,1,1,1,1,1
P-616950,2025-07,Energy Storage,Offshore,Ministry of Petroleum & Natural Gas,10,7,0,0.0,12.416576964477933,17.0,-4.583423035522067,,,,,,,,11.857142857142858,0,0,0,98,0,0,1,0,0,1,1,1,1,1,1
P-616950,2025-08,Energy Storage,Offshore,Ministry of Petroleum & Natural Gas,11,6,0,0.0,18.319429494079653,19.0,-0.6805705059203468,2.0,,,87.74000000000001,,,,13.5,0,0,0,98,0,1,1,0,0,1,1,1,1,1,1
P-616950,2025-09,Energy Storage,Offshore,Ministry of Petroleum & Natural Gas,12,5,0,0.0,18.319429494079653,21.0,-2.680570505920347,2.0,,,0.0,,,,15.8,0,0,0,90,0,1,1,0,0,1,1,1,1,1,1
P-616950,2025-10,Energy Storage,Offshore,Ministry of Petroleum & Natural Gas,13,4,0,0.0,18.319429494079653,23.0,-4.680570505920347,2.0,6.0,,0.0,87.74000000000001,,2.0,19.25,0,0,0,98,0,1,1,0,0,1,1,1,1,1,1
P-617068,2025-04,Electricity Generation,Karnataka,Ministry of Power,2,22,0,0.0,0.0,,,,,,,,,,,0,0,0,80,1,,,0,0,1,1,0,0,1,1
P-617068,2025-05,Electricity Generation,Karnataka,Ministry of Power,3,21,0,0.0,0.0,,,,,,0.0,,,,,0,0,0,80,1,,,0,0,1,1,0,0,1,1
P-617068,2025-06,Electricity Generation,Karnataka,Ministry of Power,4,20,0,0.0,1.3993055555555556,,,,,,4.03,,,,,0,0,0,80,1,,,0,0,1,1,0,0,1,1
P-617068,2025-07,Electricity Generation,Karnataka,Ministry of Power,5,23,0,0.0,2.0,0.0,2.0,,,,1.7299999999999995,5.76,,,4.3478260869565215,0,1,0,74,0,,,0,0,1,1,0,0,1,1
P-617068,2025-08,Electricity Generation,Karnataka,Ministry of Power,6,22,0,0.0,2.357638888888889,0.0,2.357638888888889,0.0,,,1.0300000000000002,6.79,,,4.545454545454546,1,1,0,90,0,0,0,0,0,1,1,1,1,1,1
P-617068,2025-09,Electricity Generation,Karnataka,Ministry of Power,7,21,0,0.0,2.392361111111111,0.0,2.392361111111111,0.0,,,0.09999999999999964,2.8599999999999994,,,4.761904761904762,2,1,0,82,0,0,0,0,0,1,1,1,1,1,1
P-617068,2025-10,Electricity Generation,Karnataka,Ministry of Power,8,20,0,0.0,2.3993055555555554,1.0,1.3993055555555554,1.0,1.0,,0.020000000000000462,1.1500000000000004,6.91,0.3333333333333333,4.95,0,1,0,90,0,0,0,0,0,1,1,1,1,1,1
P-617069,2025-04,Electricity Generation,Gujarat,Ministry of Power,1,23,0,0.0,0.0,,,,,,,,,,,0,0,0,80,1,,,0,0,1,1,0,0,1,1
P-617069,2025-05,Electricity Generation,Gujarat,Ministry of Power,2,22,0,0.0,0.0,,,,,,0.0,,,,,0,0,0,80,1,,,0,0,1,1,0,0,1,1
P-617069,2025-06,Electricity Generation,Gujarat,Ministry of Power,3,21,0,0.0,1.3991416309012876,,,,,,6.52,,,,,0,0,0,80,1,,,0,0,1,1,0,0,1,1
P-617069,2025-07,Electricity Generation,Gujarat,Ministry of Power,5,19,0,0.0,1.5,0.0,1.5,,,,0.47000000000000064,6.99,,,5.2631578947368425,0,1,0,74,0,,,0,0,1,1,0,0,1,1
P-617069,2025-08,Electricity Generation,Gujarat,Ministry of Power,6,18,0,0.0,3.0021459227467813,1.0,2.0021459227467813,1.0,,,7.0,13.99,,,5.5,0,1,0,90,0,0,0,0,0,1,1,1,1,1,1
P-617069,2025-09,Electricity Generation,Gujarat,Ministry of Power,7,17,0,0.0,5.0,1.0,4.0,0.0,,,9.31,16.78,,,5.823529411764706,1,1,0,82,0,0,0,0,0,1,1,1,1,1,1
P-617069,2025-10,Electricity Generation,Gujarat,Ministry of Power,8,16,0,0.0,5.214592274678112,2.0,3.214592274678112,1.0,2.0,,1.0,17.310000000000002,24.3,0.6666666666666666,6.125,0,1,0,90,0,0,0,0,0,1,1,1,1,1,1
P-617179,2025-08,Electricity Generation,Jammu and Kashmir,Ministry of Power,13,11,0,0.0,0.46203110704483075,0.0,0.46203110704483075,0.0,,,1.01,1.01,,,9.090909090909092,1,1,0,90,0,,,0,0,1,1,0,0,1,1
P-617179,2025-09,Electricity Generation,Jammu and Kashmir,Ministry of Power,14,18,8,0.0,0.46203110704483075,0.0,0.46203110704483075,0.0,,,0.0,1.01,,,5.555555555555555,2,2,0,70,0,,,0,0,1,1,0,0,1,1
P-617179,2025-10,Electricity Generation,Jammu and Kashmir,Ministry of Power,15,17,8,0.0,0.9652333028362305,0.0,0.9652333028362305,0.0,0.0,,1.0999999999999999,2.11,2.11,0.0,5.882352941176471,3,2,0,90,0,0,1,0,0,1,1,1,1,1,1
P-617181,2025-08,Electricity Generation,Rajasthan,Ministry of Power,5,16,0,0.0,1.9900990099009899,0.0,1.9900990099009899,0.0,,,3.999999999999999,8.04,,,6.25,1,0,2,90,0,,,0,0,1,1,0,0,1,1
P-617181,2025-09,Electricity Generation,Rajasthan,Ministry of Power,6,18,3,0.0,3.9702970297029703,0.0,3.9702970297029703,0.0,,,8.0,12.0,,,5.555555555555555,2,1,2,74,0,,,0,0,1,1,0,0,1,1
P-617181,2025-10,Electricity Generation,Rajasthan,Ministry of Power,7,17,3,0.0,4.0,1.0,3.0,1.0,1.0,,0.120000000000001,12.120000000000001,16.16,0.3333333333333333,5.823529411764706,0,1,2,90,0,0,1,0,0,1,1,1,1,1,1
P-617182,2025-04,Electricity Generation,Gujarat,Ministry of Power,1,23,0,0.0,0.0,,,,,,,,,,,0,0,0,80,1,0,0,0,0,1,1,1,1,1,1
P-617182,2025-05,Electricity Generation,Gujarat,Ministry of Power,2,22,0,0.0,0.0,,,,,,0.0,,,,,0,0,0,80,1,0,0,0,0,1,1,1,1,1,1
P-617182,2025-06,Electricity Generation,Gujarat,Ministry of Power,3,21,0,0.0,1.0,,,,,,1.72,,,,,0,0,0,80,1,0,0,0,0,1,1,1,1,1,1
P-617182,2025-07,Electricity Generation,Gujarat,Ministry of Power,4,20,0,0.0,1.0,0.0,1.0,,,,0.0,1.72,,,5.0,0,0,0,74,0,0,0,0,0,1,1,1,1,1,1
P-617182,2025-08,Electricity Generation,Gujarat,Ministry of Power,5,19,0,0.0,4.226744186046512,3.0,1.2267441860465116,3.0,,,5.55,7.27,,,5.105263157894737,0,0,0,90,0,0,0,0,0,1,1,1,1,1,1
P-617182,2025-09,Electricity Generation,Gujarat,Ministry of Power,6,18,0,0.0,4.284883720930233,3.0,1.2848837209302326,0.0,,,0.10000000000000053,5.65,,,5.388888888888889,1,0,0,82,0,0,0,0,0,1,1,1,1,1,1
P-617182,2025-10,Electricity Generation,Gujarat,Ministry of Power,7,17,0,0.0,10.040697674418604,15.0,-4.959302325581396,12.0,15.0,,9.899999999999999,15.549999999999999,17.27,5.0,5.0,0,0,0,90,0,0,0,0,0,1,1,1,1,1,1
P-617183,2025-04,Electricity Generation,Andhra Pradesh,Ministry of Power,1,23,0,0.0,0.0,,,,,,,,,,,0,0,0,80,1,,,0,0,1,1,0,0,1,1
P-617183,2025-05,Electricity Generation,Andhra Pradesh,Ministry of Power,2,22,0,0.0,0.0,,,,,,0.0,,,,,0,0,0,80,1,,,0,0,1,1,0,0,1,1
P-617183,2025-06,Electricity Generation,Andhra Pradesh,Ministry of Power,3,21,0,0.0,0.6999306999306999,,,,,,20.2,,,,,0,0,0,80,1,,,0,0,1,1,0,0,1,1
P-617183,2025-07,Electricity Generation,Andhra Pradesh,Ministry of Power,4,29,0,0.0,1.0,0.0,1.0,,,,8.66,28.86,,,3.4482758620689653,0,1,0,74,0,,,0,0,1,1,0,0,1,1
P-617183,2025-08,Electricity Generation,Andhra Pradesh,Ministry of Power,5,28,0,0.0,4.083853083853084,0.0,4.083853083853084,0.0,,,89.0,117.86,,,3.5714285714285716,1,1,0,90,0,0,0,0,0,1,1,1,1,1,1
P-617183,2025-09,Electricity Generation,Andhra Pradesh,Ministry of Power,6,27,0,0.0,4.4996534996535,0.0,4.4996534996535,0.0,,,12.000000000000014,109.66000000000001,,,3.7037037037037037,2,1,0,82,0,0,0,0,0,1,1,1,1,1,1
P-617183,2025-10,Electricity Generation,Andhra Pradesh,Ministry of Power,7,26,0,0.0,4.5498960498960495,1.0,3.5498960498960495,1.0,1.0,,1.4499999999999886,102.45,131.31,0.3333333333333333,3.8076923076923075,0,1,0,90,0,0,0,0,0,1,1,1,1,1,1
P-617184,2025-05,Electricity Generation,Karnataka,Ministry of Power,2,22,0,0.0,0.0,,,,,,,,,,,0,0,0,80,1,,,0,0,1,1,0,0,1,1
P-617184,2025-06,Electricity Generation,Karnataka,Ministry of Power,3,21,0,0.0,0.5994787141615986,,,,,,20.7,,,,,0,0,0,80,1,,,0,0,1,1,0,0,1,1
P-617184,2025-07,Electricity Generation,Karnataka,Ministry of Power,4,26,0,0.0,0.5994787141615986,0.0,0.5994787141615986,,,,0.0,,,,3.8461538461538463,0,1,0,74,0,,,0,0,1,1,0,0,1,1
P-617184,2025-08,Electricity Generation,Karnataka,Ministry of Power,5,25,0,0.0,0.9597451491456704,0.0,0.9597451491456704,0.0,,,12.440000000000001,33.14,,,4.0,1,1,0,90,0,0,0,0,0,1,1,1,1,1,1
P-617184,2025-09,Electricity Generation,Karnataka,Ministry of Power,6,24,0,0.0,1.3898059658268174,0.0,1.3898059658268174,0.0,,,14.850000000000001,27.290000000000003,,,4.166666666666667,2,1,0,82,0,0,0,0,0,1,1,1,1,1,1
P-617184,2025-10,Electricity Generation,Karnataka,Ministry of Power,7,23,0,0.0,1.5198378221836084,1.0,0.5198378221836084,1.0,1.0,,4.489999999999995,31.779999999999998,,0.3333333333333333,4.304347826086956,0,1,0,90,0,0,0,0,0,1,1,1,1,1,1
P-617185,2025-08,Electricity Generation,"Multi-States (Andhra Pradesh, Karnataka)",Ministry of Power,5,19,0,0.0,5.063063063063063,0.0,5.063063063063063,0.0,,,170.0,281.0,,,5.2631578947368425,1,0,1,90,0,0,0,0,0,1,1,1,1,1,1
P-617185,2025-09,Electricity Generation,"Multi-States (Andhra Pradesh, Karnataka)",Ministry of Power,6,18,0,0.0,5.76,0.0,5.76,0.0,,,38.68000000000001,299.68,,,5.555555555555555,2,0,1,82,0,0,,0,0,1,1,1,0,1,1
P-617185,2025-10,Electricity Generation,"Multi-States (Andhra Pradesh, Karnataka)",Ministry of Power,7,17,0,0.0,5.994234234234234,1.0,4.994234234234234,1.0,1.0,,13.0,221.68,332.68,0.3333333333333333,5.823529411764706,0,0,1,90,0,0,,0,0,1,1,1,0,1,1
P-617186,2025-04,Electricity Generation,"Multi-States (Madhya Pradesh, Rajasthan)",Ministry of Power,1,23,0,0.0,0.0,,,,,,,,,,,0,0,0,80,1,0,0,0,0,1,1,1,1,1,1
P-617186,2025-05,Electricity Generation,"Multi-States (Madhya Pradesh, Rajasthan)",Ministry of Power,2,22,0,0.0,0.0,,,,,,0.0,,,,,0,0,0,80,1,0,0,0,0,1,1,1,1,1,1
P-617186,2025-06,Electricity Generation,"Multi-States (Madhya Pradesh, Rajasthan)",Ministry of Power,3,21,0,0.0,0.4001591089896579,,,,,,20.12,,,,,0,0,0,80,1,0,0,0,0,1,1,1,1,1,1
P-617186,2025-07,Electricity Generation,"Multi-States (Madhya Pradesh, Rajasthan)",Ministry of Power,4,20,0,0.0,2.7684964200477324,1.0,1.7684964200477324,,,,119.07999999999998,139.2,,,4.95,0,0,0,74,0,0,0,0,0,1,1,1,1,1,1
P-617186,2025-08,Electricity Generation,"Multi-States (Madhya Pradesh, Rajasthan)",Ministry of Power,5,19,0,0.0,4.0413683373110585,1.0,3.0413683373110585,0.0,,,64.0,203.2,,,5.2105263157894735,1,0,0,90,0,0,0,0,0,1,1,1,1,1,1
P-617186,2025-09,Electricity Generation,"Multi-States (Madhya Pradesh, Rajasthan)",Ministry of Power,6,18,0,0.0,5.109984089101034,1.0,4.109984089101034,0.0,,,53.73000000000002,236.81,,,5.5,2,0,0,82,0,0,,0,0,1,1,1,0,1,1
P-617186,2025-10,Electricity Generation,"Multi-States (Madhya Pradesh, Rajasthan)",Ministry of Power,7,17,0,0.0,5.109984089101034,2.0,3.109984089101034,1.0,1.0,,0.0,117.73000000000002,256.93,0.3333333333333333,5.764705882352941,0,0,0,90,0,0,,0,0,1,1,1,0,1,1
P-617188,2025-07,Electricity Generation,Chhattisgarh,Ministry of Power,10,50,0,0.0,0.0,0.0,0.0,,,,,,,,2.0,0,0,0,98,0,0,0,0,0,1,1,1,1,1,1
P-617188,2025-08,Electricity Generation,Chhattisgarh,Ministry of Power,11,49,0,0.0,0.0,0.0,0.0,0.0,,,0.0,,,,2.0408163265306123,1,0,0,94,0,0,0,0,0,1,1,1,1,1,1
P-617188,2025-09,Electricity Generation,Chhattisgarh,Ministry of Power,12,48,0,0.0,8.835256868552753,8.0,0.8352568685527526,8.0,,,865.06,,,,1.9166666666666667,0,0,0,90,0,0,0,0,0,1,1,1,1,1,1
P-617188,2025-10,Electricity Generation,Chhattisgarh,Ministry of Power,13,47,0,0.0,8.748442447145338,8.0,0.7484424471453384,0.0,8.0,,-8.5,856.56,,2.6666666666666665,1.9574468085106382,1,0,0,86,0,0,0,0,0,1,1,1,1,1,1
P-617200,2025-10,Railways,Chhattisgarh,Ministry of Railways,6,65,0,0.0,0.0,0.0,0.0,,0.0,,,0.0,,0.0,1.5384615384615385,1,0,0,86,0,0,0,0,0,1,1,1,1,1,1
P-617201,2025-10,Railways,Maharashtra,Ministry of Railways,6,65,0,0.0,0.0,0.0,0.0,,0.0,,,0.0,,0.0,1.5384615384615385,1,1,0,86,0,,,0,0,1,1,0,0,1,1
P-617206,2025-07,Urban Public Transport,"Multi-States (Delhi, Haryana)",Ministry of Housing & Urban Affairs,6,42,0,0.0,0.002246833970203772,0.0,0.002246833970203772,,,,,,,,2.380952380952381,0,0,0,98,0,0,0,0,0,1,1,1,1,1,1
P-617206,2025-08,Urban Public Transport,"Multi-States (Delhi, Haryana)",Ministry of Housing & Urban Affairs,7,41,0,0.0,0.004654156081136384,0.0,0.004654156081136384,0.0,,,0.14999999999999997,,,,2.4390243902439024,1,0,0,98,0,0,0,0,0,1,1,1,1,1,1
P-617206,2025-09,Urban Public Transport,"Multi-States (Delhi, Haryana)",Ministry of Housing & Urban Affairs,8,40,0,0.0,0.012518074976849586,0.0,0.012518074976849586,0.0,,,0.49000000000000005,,,,2.5,2,0,0,90,0,0,0,0,0,1,1,1,1,1,1
P-617206,2025-10,Urban Public Transport,"Multi-States (Delhi, Haryana)",Ministry of Housing & Urban Affairs,9,39,0,0.0,1.16161316259535,0.0,1.16161316259535,0.0,0.0,,71.6,72.24,,0.0,2.5641025641025643,3,0,0,98,0,0,0,0,0,1,1,1,1,1,1
P-617207,2025-07,Urban Public Transport,Delhi,Ministry of Housing & Urban Affairs,16,44,0,0.0,0.06631102370172659,0.0,0.06631102370172659,,,,,,,,2.272727272727273,0,0,0,98,0,0,0,0,0,1,1,1,1,1,1
P-617207,2025-08,Urban Public Transport,Delhi,Ministry of Housing & Urban Affairs,17,43,0,0.0,0.06643007401357888,0.0,0.06643007401357888,0.0,,,0.009999999999999787,,,,2.3255813953488373,1,0,0,94,0,0,0,0,0,1,1,1,1,1,1
P-617207,2025-09,Urban Public Transport,Delhi,Ministry of Housing & Urban Affairs,18,42,0,0.0,0.3603652939768876,0.0,0.3603652939768876,0.0,,,24.689999999999998,,,,2.380952380952381,2,0,0,90,0,0,0,0,0,1,1,1,1,1,1
P-617207,2025-10,Urban Public Transport,Delhi,Ministry of Housing & Urban Affairs,19,41,0,0.0,0.6657293438780163,0.0,0.6657293438780163,0.0,0.0,,25.650000000000002,50.35,,0.0,2.4390243902439024,3,0,0,98,0,0,0,0,0,1,1,1,1,1,1
P-617210,2025-10,Railways,Andhra Pradesh,Ministry of Railways,6,41,0,0.0,0.0082266609628484,0.0,0.0082266609628484,,0.0,,,0.1,,0.0,2.4390243902439024,1,0,0,90,0,0,0,0,0,1,1,1,1,1,1
P-617211,2025-07,Railways,"Multi-States (Andhra Pradesh, Telangana)",Ministry of Railways,23,44,0,0.0,1.5379061624895294,1.0,0.5379061624895294,,,,,,,,2.25,0,0,0,98,0,0,0,0,0,1,1,1,1,1,1
P-617211,2025-08,Railways,"Multi-States (Andhra Pradesh, Telangana)",Ministry of Railways,24,43,0,0.0,1.5379061624895294,1.0,0.5379061624895294,0.0,,,0.0,,,,2.302325581395349,1,0,0,94,0,0,0,0,0,1,1,1,1,1,1
P-617211,2025-09,Railways,"Multi-States (Andhra Pradesh, Telangana)",Ministry of Railways,25,42,0,0.0,1.6426996772079363,1.0,0.6426996772079363,0.0,,,2.989999999999995,,,,2.357142857142857,2,0,0,90,0,0,0,0,0,1,1,1,1,1,1
P-617211,2025-10,Railways,"Multi-States (Andhra Pradesh, Telangana)",Ministry of Railways,26,41,0,0.0,2.1831398099697537,1.0,1.1831398099697537,0.0,0.0,,15.420000000000002,18.409999999999997,,0.0,2.4146341463414633,3,0,0,98,0,0,0,0,0,1,1,1,1,1,1
P-617212,2025-07,Railways,"Multi-States (Andhra Pradesh, Maharashtra, Telangana)",Ministry of Railways,23,44,0,0.0,0.0,0.0,0.0,,,,,,,,2.272727272727273,0,0,0,98,0,0,0,0,0,1,1,1,1,1,1
P-617212,2025-08,Railways,"Multi-States (Andhra Pradesh, Maharashtra, Telangana)",Ministry of Railways,24,43,0,0.0,0.0,0.0,0.0,0.0,,,0.0,,,,2.3255813953488373,1,0,0,94,0,0,0,0,0,1,1,1,1,1,1
P-617212,2025-09,Railways,"Multi-States (Andhra Pradesh, Maharashtra, Telangana)",Ministry of Railways,25,42,0,0.0,0.0,0.0,0.0,0.0,,,0.0,,,,2.380952380952381,2,0,0,86,0,0,0,0,0,1,1,1,1,1,1
P-617212,2025-10,Railways,"Multi-States (Andhra Pradesh, Maharashtra, Telangana)",Ministry of Railways,26,41,0,0.0,14.272239756385387,1.0,13.272239756385387,1.0,1.0,,668.81,668.81,,0.3333333333333333,2.4146341463414633,0,0,0,98,0,0,0,0,0,1,1,1,1,1,1
P-617214,2025-10,Railways,"Multi-States (Andhra Pradesh, Telangana)",Ministry of Railways,11,17,0,0.0,0.7077268731073556,0.0,0.7077268731073556,,0.0,,,14.49,,0.0,5.882352941176471,1,0,0,90,0,0,0,0,0,1,1,1,1,1,1
P-617215,2025-07,Railways,Maharashtra,Ministry of Railways,19,32,0,0.0,0.0,0.0,0.0,,,,,,,,3.125,0,0,0,98,0,0,0,0,0,1,1,1,1,1,1
P-617215,2025-08,Railways,Maharashtra,Ministry of Railways,20,31,0,0.0,0.0,0.0,0.0,0.0,,,0.0,,,,3.225806451612903,1,0,0,94,0,0,0,0,0,1,1,1,1,1,1
P-617215,2025-09,Railways,Maharashtra,Ministry of Railways,21,30,0,0.0,0.0,0.0,0.0,0.0,,,0.0,,,,3.3333333333333335,2,0,0,86,0,0,0,0,0,1,1,1,1,1,1
P-617215,2025-10,Railways,Maharashtra,Ministry of Railways,22,29,0,0.0,2.7158313093398103,0.0,2.7158313093398103,0.0,0.0,,20.91,20.91,,0.0,3.4482758620689653,3,0,0,98,0,0,0,0,0,1,1,1,1,1,1
P-617216,2025-10,Railways,Andhra Pradesh,Ministry of Railways,12,17,0,0.0,2.6614539403196025,0.0,2.6614539403196025,,0.0,,,20.380000000000003,,0.0,5.882352941176471,1,0,0,90,0,0,0,0,0,1,1,1,1,1,1
P-617221,2025-07,Education,Punjab,Department of Higher Education,3,27,0,0.0,0.0,0.0,0.0,,,,,,,,3.7037037037037037,0,0,0,98,0,0,0,0,0,1,1,1,1,1,1
P-617221,2025-08,Education,Punjab,Department of Higher Education,12,26,0,0.0,0.0,0.0,0.0,0.0,,,0.0,,,,3.8461538461538463,1,0,0,94,0,0,0,0,0,1,1,1,1,1,1
P-617221,2025-09,Education,Punjab,Department of Higher Education,13,25,0,0.0,4.739561116640599,6.0,-1.2604388833594014,6.0,,,10.0,,,,3.76,0,0,0,90,0,0,0,0,0,1,1,1,1,1,1
P-617221,2025-10,Education,Punjab,Department of Higher Education,14,24,0,0.0,0.0,0.0,0.0,-6.0,0.0,,-10.0,0.0,,0.0,4.166666666666667,0,0,0,74,0,0,0,0,0,1,1,1,1,1,1
P-617224,2025-07,Railways,"Multi-States (Bihar, Uttar Pradesh)",Ministry of Railways,16,29,0,0.0,16.2375,20.0,-3.7624999999999993,,,,,,,,2.7586206896551726,0,0,0,98,0,0,0,0,0,1,1,1,1,1,1
P-617224,2025-08,Railways,"Multi-States (Bihar, Uttar Pradesh)",Ministry of Railways,17,28,0,0.0,18.266964285714284,20.0,-1.733035714285716,0.0,,,22.72999999999999,,,,2.857142857142857,1,0,0,98,0,0,0,0,0,1,1,1,1,1,1
P-617224,2025-09,Railways,"Multi-States (Bihar, Uttar Pradesh)",Ministry of Railways,25,27,0,0.0,19.65892857142857,21.0,-1.3410714285714285,1.0,,,15.590000000000003,,,,2.925925925925926,0,0,0,90,0,0,0,0,0,1,1,1,1,1,1
P-617224,2025-10,Railways,"Multi-States (Bihar, Uttar Pradesh)",Ministry of Railways,26,26,0,0.0,22.09464285714286,26.0,-3.9053571428571416,5.0,6.0,,27.28,65.6,,2.0,2.8461538461538463,0,0,0,98,0,0,0,0,0,1,1,1,1,1,1
P-617225,2025-01,Urban Public Transport,Maharashtra,Ministry of Housing & Urban Affairs,15,24,0,0.0,4.454064031290514,9.1,-4.645935968709486,,,,,,,,3.7875,0,0,0,92,0,0,0,0,0,1,1,1,1,1,1
P-617225,2025-02,Urban Public Transport,Maharashtra,Ministry of Housing & Urban Affairs,16,23,0,0.0,6.058142345470127,10.34,-4.2818576545298725,1.2400000000000002,,,14.600000000000001,,,,3.8982608695652172,0,0,0,92,0,0,0,0,0,1,1,1,1,1,1
P-617225,2025-03,Urban Public Transport,Maharashtra,Ministry of Housing & Urban Affairs,17,22,0,0.0,7.455668109604694,12.05,-4.594331890395306,1.7100000000000009,,,12.719999999999999,,,,3.997727272727273,0,0,0,92,0,0,0,0,0,1,1,1,1,1,1
P-617225,2025-04,Urban Public Transport,Maharashtra,Ministry of Housing & Urban Affairs,18,21,0,0.0,8.936693840778748,14.97,-6.033306159221253,2.92,5.870000000000001,,13.480000000000004,40.800000000000004,,1.956666666666667,4.049047619047619,0,0,0,92,0,0,0,0,0,1,1,1,1,1,1
P-617225,2025-05,Urban Public Transport,Maharashtra,Ministry of Housing & Urban Affairs,19,20,0,0.0,10.001318420532202,16.99,-6.988681579467796,2.019999999999998,6.649999999999999,,9.689999999999998,35.89,,2.2166666666666663,4.1505,0,0,0,92,0,0,0,0,0,1,1,1,1,1,1
P-617225,2025-06,Urban Public Transport,Maharashtra,Ministry of Housing & Urban Affairs,20,19,0,0.0,11.330725790502978,19.08,-7.74927420949702,2.09,7.029999999999998,,12.099999999999994,35.269999999999996,,2.3433333333333324,4.258947368421053,0,0,0,92,0,0,0,0,0,1,1,1,1,1,1
P-617225,2025-07,Urban Public Transport,Maharashtra,Ministry of Housing & Urban Affairs,21,18,0,0.0,12.121778109824431,21.0,-8.878221890175569,1.9200000000000017,6.029999999999999,11.9,7.200000000000003,28.989999999999995,69.78999999999999,2.01,4.388888888888889,0,0,0,74,0,0,0,0,0,1,1,1,1,1,1
P-617225,2025-08,Urban Public Transport,Maharashtra,Ministry of Housing & Urban Affairs,22,17,0,0.0,13.17102111670219,22.0,-8.82897888329781,1.0,5.010000000000002,11.66,9.549999999999997,28.849999999999994,64.74,1.6700000000000006,4.588235294117647,0,0,0,90,0,0,0,0,0,1,1,1,1,1,1
P-617225,2025-09,Urban Public Transport,Maharashtra,Ministry of Housing & Urban Affairs,23,16,0,0.0,14.013711573534906,23.0,-8.986288426465094,1.0,3.9200000000000017,10.95,7.670000000000002,24.42,59.69,1.3066666666666673,4.8125,0,0,0,82,0,0,0,0,1,1,1,1,1,1,1
P-617225,2025-10,Urban Public Transport,Maharashtra,Ministry of Housing & Urban Affairs,24,15,0,0.0,16.242940956733833,26.0,-9.757059043266167,3.0,5.0,11.03,20.290000000000006,37.510000000000005,66.5,1.6666666666666667,4.933333333333334,0,0,0,90,0,0,0,0,1,1,1,1,1,1,1
P-617226,2025-01,Urban Public Transport,Maharashtra,Ministry of Housing & Urban Affairs,4,50,0,0.0,0.06430802868815005,1.0,-0.9356919713118499,,,,,,,,1.98,0,0,0,92,0,0,0,0,0,1,1,1,1,1,1
P-617226,2025-02,Urban Public Transport,Maharashtra,Ministry of Housing & Urban Affairs,5,49,0,0.0,0.43966383824161537,1.0,-0.5603361617583846,0.0,,,11.09,,,,2.020408163265306,1,0,0,92,0,0,0,0,0,1,1,1,1,1,1
P-617226,2025-03,Urban Public Transport,Maharashtra,Ministry of Housing & Urban Affairs,6,48,0,0.0,0.48231021516112543,1.0,-0.5176897848388746,0.0,,,1.2599999999999998,,,,2.0625,2,0,0,92,0,0,0,0,0,1,1,1,1,1,1
P-617226,2025-04,Urban Public Transport,Maharashtra,Ministry of Housing & Urban Affairs,7,47,0,0.0,0.5124334496518904,2.0,-1.4875665503481095,1.0,1.0,,0.8900000000000006,13.24,,0.3333333333333333,2.0851063829787235,0,0,0,92,0,0,0,0,0,1,1,1,1,1,1
P-617226,2025-05,Urban Public Transport,Maharashtra,Ministry of Housing & Urban Affairs,8,46,0,0.0,0.5544028999536305,2.15,-1.5955971000463696,0.1499999999999999,1.15,,1.2399999999999984,3.389999999999999,,0.3833333333333333,2.127173913043478,1,0,0,92,0,0,0,0,0,1,1,1,1,1,1
P-617226,2025-06,Urban Public Transport,Maharashtra,Ministry of Housing & Urban Affairs,9,45,0,0.0,0.5872338409154756,2.91,-2.3227661590845248,0.7600000000000002,1.9100000000000001,,0.9700000000000024,3.1000000000000014,,0.6366666666666667,2.1575555555555557,0,0,0,92,0,0,0,0,0,1,1,1,1,1,1
P-617226,2025-07,Urban Public Transport,Maharashtra,Ministry of Housing & Urban Affairs,10,44,0,0.0,0.6315725343794105,3.0,-2.3684274656205897,0.08999999999999986,1.0,2.0,1.3099999999999987,3.5199999999999996,16.76,0.3333333333333333,2.2045454545454546,1,0,0,74,0,0,0,0,0,1,1,1,1,1,1
P-617226,2025-08,Urban Public Transport,Maharashtra,Ministry of Housing & Urban Affairs,11,43,0,0.0,0.6637265487234856,3.0,-2.336273451276514,0.0,0.8500000000000001,2.0,0.9499999999999993,3.2300000000000004,6.619999999999999,0.2833333333333334,2.255813953488372,2,0,0,90,0,0,0,0,0,1,1,1,1,1,1
P-617226,2025-09,Urban Public Transport,Maharashtra,Ministry of Housing & Urban Affairs,12,42,0,0.0,0.7070498522607657,3.0,-2.2929501477392344,0.0,0.08999999999999986,2.0,1.2800000000000011,3.539999999999999,6.640000000000001,0.029999999999999954,2.3095238095238093,3,0,0,82,0,0,0,0,0,1,1,1,1,1,1
P-617226,2025-10,Urban Public Transport,Maharashtra,Ministry of Housing & Urban Affairs,13,41,0,0.0,0.7503731557980456,3.0,-2.2496268442019542,0.0,0.0,1.0,1.2800000000000011,3.5100000000000016,7.030000000000001,0.0,2.3658536585365852,4,0,0,90,0,0,0,0,0,1,1,1,1,1,1
P-617231,2025-10,Railways,Bihar,Ministry of Railways,16,32,0,0.0,0.0,0.0,0.0,,0.0,,,0.0,,0.0,3.125,0,0,0,86,0,0,0,0,0,1,1,1,1,1,1
P-617233,2025-06,Coal,Maharashtra,Ministry of Coal,5,57,0,0.0,0.0,,,,,,,,,,,0,0,0,80,1,0,0,0,0,1,1,1,1,1,1
P-617233,2025-07,Coal,Maharashtra,Ministry of Coal,6,56,0,0.0,0.0,0.0,0.0,,,,0.0,,,,1.7857142857142858,0,0,0,74,0,0,0,0,0,1,1,1,1,1,1
P-617233,2025-08,Coal,Maharashtra,Ministry of Coal,19,55,0,0.0,0.0,0.0,0.0,0.0,,,0.0,,,,1.8181818181818181,1,0,0,86,0,0,0,0,0,1,1,1,1,1,1
P-617233,2025-09,Coal,Maharashtra,Ministry of Coal,20,54,0,0.0,0.0,0.0,0.0,0.0,,,0.0,0.0,,,1.8518518518518519,2,0,0,78,0,0,0,0,0,1,1,1,1,1,1
P-617233,2025-10,Coal,Maharashtra,Ministry of Coal,21,53,0,0.0,0.0,0.0,0.0,0.0,0.0,,0.0,0.0,,0.0,1.8867924528301887,3,0,0,86,0,0,0,0,0,1,1,1,1,1,1
P-617242,2025-04,Steel,West Bengal,Ministry of Steel,7,26,0,0.0,2.915232764814885,4.5,-1.5847672351851152,,,,,,,,3.673076923076923,0,0,0,92,0,0,0,0,0,1,1,1,1,1,1
P-617242,2025-05,Steel,West Bengal,Ministry of Steel,8,25,0,0.0,3.672049313617971,10.16,-6.487950686382029,5.66,,,16.010000000000005,,,,3.5936000000000003,0,0,0,92,0,0,0,0,0,1,1,1,1,1,1
P-617242,2025-06,Steel,West Bengal,Ministry of Steel,9,24,0,0.0,4.73282154067239,19.97,-15.237178459327609,9.809999999999999,,,22.439999999999998,,,,3.3345833333333332,0,0,0,92,0,0,0,0,0,1,1,1,1,1,1
P-617242,2025-07,Steel,West Bengal,Ministry of Steel,9,23,0,0.0,9.769598759596112,24.0,-14.230401240403888,4.030000000000001,19.5,,106.54999999999998,145.0,,6.5,3.3043478260869565,0,0,0,74,0,0,0,0,0,1,1,1,1,1,1
P-617242,2025-08,Steel,West Bengal,Ministry of Steel,11,22,0,0.0,9.884941194266913,27.0,-17.115058805733085,3.0,16.84,,2.440000000000026,131.43,,5.613333333333333,3.3181818181818183,0,0,0,90,0,0,0,0,0,1,1,1,1,1,1
P-617242,2025-09,Steel,West Bengal,Ministry of Steel,14,21,0,0.0,10.794444654539953,29.0,-18.20555534546005,2.0,9.030000000000001,,19.23999999999998,128.23,,3.0100000000000002,3.380952380952381,0,0,0,82,0,0,0,0,0,1,1,1,1,1,1
P-617242,2025-10,Steel,West Bengal,Ministry of Steel,15,20,0,0.0,11.19057973754869,32.0,-20.80942026245131,3.0,8.0,27.5,8.379999999999995,30.060000000000002,175.06,2.6666666666666665,3.4,0,0,0,90,0,0,0,0,0,1,1,1,1,1,1
P-617243,2025-04,Steel,Chhattisgarh,Ministry of Steel,9,15,0,0.0,0.0,4.55,-4.55,,,,,,,,6.363333333333333,0,0,0,92,0,0,0,0,0,1,1,1,1,1,1
P-617243,2025-05,Steel,Chhattisgarh,Ministry of Steel,10,14,0,0.0,0.0,5.74,-5.74,1.1900000000000004,,,0.0,,,,6.732857142857143,0,0,0,92,0,0,0,0,0,1,1,1,1,1,1
P-617243,2025-06,Steel,Chhattisgarh,Ministry of Steel,11,13,0,0.0,0.0,6.76,-6.76,1.0199999999999996,,,0.0,,,,7.172307692307692,0,0,0,92,0,0,0,0,0,1,1,1,1,1,1
P-617243,2025-07,Steel,Chhattisgarh,Ministry of Steel,11,12,0,0.0,5.301580908267042,8.0,-2.6984190917329576,1.2400000000000002,3.45,,10.53,10.53,,1.1500000000000001,7.666666666666667,0,0,0,74,0,0,0,0,0,1,1,1,1,1,1
P-617243,2025-08,Steel,Chhattisgarh,Ministry of Steel,13,11,0,0.0,5.487866277313462,10.0,-4.512133722686538,2.0,4.26,,0.370000000000001,10.9,,1.42,8.181818181818182,0,0,0,90,0,0,0,0,0,1,1,1,1,1,1
P-617243,2025-09,Steel,Chhattisgarh,Ministry of Steel,14,10,0,0.0,6.031618165340852,12.0,-5.968381834659148,2.0,5.24,,1.08,11.98,,1.7466666666666668,8.8,0,0,0,82,0,0,0,0,0,1,1,1,1,1,1
P-617243,2025-10,Steel,Chhattisgarh,Ministry of Steel,15,9,0,0.0,6.14741717853187,15.0,-8.852582821468129,3.0,7.0,10.45,0.23000000000000043,1.6800000000000015,12.21,2.3333333333333335,9.444444444444445,0,0,0,90,0,0,0,0,0,1,1,1,1,1,1
P-617246,2025-04,Steel,West Bengal,Ministry of Steel,7,14,0,0.0,0.0,1.8,-1.8,,,,,,,,7.014285714285714,0,0,0,92,0,0,0,0,0,1,1,1,1,1,1
P-617246,2025-05,Steel,West Bengal,Ministry of Steel,8,13,0,0.0,4.661715627432099,202.0,-197.3382843725679,200.2,,,35.34,,,,-7.846153846153846,0,0,0,51,0,0,0,0,0,1,1,1,1,1,1
P-617246,2025-06,Steel,West Bengal,Ministry of Steel,9,12,0,0.0,4.661715627432099,2.5,2.161715627432099,-199.5,,,0.0,,,,8.125,0,0,0,72,0,0,0,0,0,1,1,1,1,1,1
P-617246,2025-07,Steel,West Bengal,Ministry of Steel,9,11,0,0.0,7.032146578902241,3.0,4.032146578902241,0.5,1.2,,17.97,53.31,,0.39999999999999997,8.818181818181818,0,0,0,74,0,0,0,0,0,1,1,1,1,1,1
P-617246,2025-08,Steel,West Bengal,Ministry of Steel,11,10,0,0.0,8.417206400295479,4.0,4.417206400295479,1.0,-198.0,,10.5,28.47,,-66.0,9.6,0,0,0,90,0,0,0,0,0,1,1,1,1,1,1
P-617246,2025-09,Steel,West Bengal,Ministry of Steel,12,9,0,0.0,8.856468229365905,6.0,2.8564682293659054,2.0,3.5,,3.3299999999999983,31.799999999999997,,1.1666666666666667,10.444444444444445,0,0,0,82,0,0,,0,0,1,1,1,0,1,1
P-617246,2025-10,Steel,West Bengal,Ministry of Steel,13,8,0,0.0,11.329789338996688,7.0,4.329789338996688,1.0,4.0,5.2,18.75,32.58,85.89,1.3333333333333333,11.625,0,0,0,90,0,0,,0,0,1,1,1,0,1,1
P-617248,2025-04,Steel,West Bengal,Ministry of Steel,5,15,0,0.0,1.131777504825408,18.98,-17.848222495174593,,,,,,,,5.401333333333333,0,0,0,92,0,0,0,0,0,1,1,1,1,1,1
P-617248,2025-05,Steel,West Bengal,Ministry of Steel,6,14,0,0.0,1.131777504825408,28.26,-27.128222495174594,9.280000000000001,,,0.0,,,,5.124285714285714,0,0,0,92,0,0,0,0,0,1,1,1,1,1,1
P-617248,2025-06,Steel,West Bengal,Ministry of Steel,7,13,0,0.0,1.1449377083698895,29.0,-27.855062291630112,0.7399999999999984,,,0.029999999999999805,,,,5.461538461538462,0,0,0,92,0,0,0,0,0,1,1,1,1,1,1
P-617248,2025-07,Steel,West Bengal,Ministry of Steel,7,12,0,0.0,7.124056852079311,29.0,-21.87594314792069,0.0,10.02,,13.629999999999999,13.659999999999998,,3.34,5.916666666666667,1,0,0,74,0,0,0,0,0,1,1,1,1,1,1
P-617248,2025-08,Steel,West Bengal,Ministry of Steel,8,11,0,0.0,7.124056852079311,29.0,-21.87594314792069,0.0,0.7399999999999984,,0.0,13.659999999999998,,0.24666666666666615,6.454545454545454,2,0,0,86,0,0,0,0,0,1,1,1,1,1,1
P-617248,2025-09,Steel,West Bengal,Ministry of Steel,10,10,0,0.0,8.602386383576066,31.0,-22.397613616423932,2.0,2.0,,3.370000000000001,17.0,,0.6666666666666666,6.9,0,0,0,82,0,0,0,0,0,1,1,1,1,1,1
P-617248,2025-10,Steel,West Bengal,Ministry of Steel,11,9,0,0.0,11.931917880329882,33.0,-21.068082119670116,2.0,4.0,14.02,7.59,10.96,24.619999999999997,1.3333333333333333,7.444444444444445,0,0,0,90,0,0,0,0,0,1,1,1,1,1,1
P-617249,2025-04,Steel,Jharkhand,Ministry of Steel,3,21,0,0.0,0.0,,,,,,,,,,,0,0,0,80,1,0,0,0,0,1,1,1,1,1,1
P-617249,2025-05,Steel,Jharkhand,Ministry of Steel,4,20,0,0.0,0.0,,,,,,0.0,,,,,0,0,0,80,1,0,0,0,0,1,1,1,1,1,1
P-617249,2025-06,Steel,Jharkhand,Ministry of Steel,5,19,0,0.0,0.0,,,,,,0.0,,,,,0,0,0,80,1,0,0,0,0,1,1,1,1,1,1
P-617249,2025-07,Steel,Jharkhand,Ministry of Steel,5,18,0,0.0,3.5481740115126925,6.0,-2.4518259884873075,,,,7.52,7.52,,,5.222222222222222,0,0,0,74,0,0,0,0,0,1,1,1,1,1,1
P-617249,2025-08,Steel,Jharkhand,Ministry of Steel,7,17,0,0.0,7.096348023025385,10.0,-2.903651976974615,4.0,,,7.52,15.04,,,5.294117647058823,0,0,0,90,0,0,0,0,0,1,1,1,1,1,1
P-617249,2025-09,Steel,Jharkhand,Ministry of Steel,8,16,0,0.0,7.096348023025385,10.0,-2.903651976974615,0.0,,,0.0,15.04,,,5.625,1,0,0,78,0,0,0,0,0,1,1,1,1,1,1
P-617249,2025-10,Steel,Jharkhand,Ministry of Steel,9,15,0,0.0,7.568179673492498,11.0,-3.431820326507502,1.0,5.0,,1.0,8.52,16.04,1.6666666666666667,5.933333333333334,0,0,0,90,0,0,0,0,0,1,1,1,1,1,1
P-617250,2025-04,Steel,Jharkhand,Ministry of Steel,3,18,0,0.0,0.0,,,,,,,,,,,0,0,0,80,1,0,0,0,0,1,1,1,1,1,1
P-617250,2025-05,Steel,Jharkhand,Ministry of Steel,4,17,0,0.0,0.0,1.0,-1.0,,,,0.0,,,,5.823529411764706,0,0,0,92,0,0,0,0,0,1,1,1,1,1,1
P-617250,2025-06,Steel,Jharkhand,Ministry of Steel,5,16,0,0.0,0.0,5.0,-5.0,4.0,,,0.0,,,,5.9375,0,0,0,92,0,0,0,0,0,1,1,1,1,1,1
P-617250,2025-07,Steel,Jharkhand,Ministry of Steel,5,15,0,0.0,3.818857722203447,6.0,-2.181142277796553,1.0,,,7.91,7.91,,,6.266666666666667,0,0,0,74,0,0,0,0,0,1,1,1,1,1,1
P-617250,2025-08,Steel,Jharkhand,Ministry of Steel,6,14,0,0.0,7.608748129194226,8.0,-0.3912518708057737,2.0,7.0,,7.85,15.76,,2.3333333333333335,6.571428571428571,0,0,0,90,0,0,0,0,0,1,1,1,1,1,1
P-617250,2025-09,Steel,Jharkhand,Ministry of Steel,8,13,0,0.0,7.608748129194226,8.0,-0.3912518708057737,0.0,3.0,,0.0,15.76,,1.0,7.076923076923077,1,0,0,78,0,0,0,0,0,1,1,1,1,1,1
P-617250,2025-10,Steel,Jharkhand,Ministry of Steel,9,12,0,0.0,7.608748129194226,8.0,-0.3912518708057737,0.0,2.0,,0.0,7.85,15.76,0.6666666666666666,7.666666666666667,2,0,0,86,0,0,0,0,0,1,1,1,1,1,1
P-617251,2025-04,Steel,West Bengal,Ministry of Steel,5,13,0,0.0,0.09674134419551934,0.8,-0.7032586558044807,,,,,,,,7.630769230769231,0,0,0,92,0,0,0,0,0,1,1,1,1,1,1
P-617251,2025-05,Steel,West Bengal,Ministry of Steel,6,12,0,0.0,0.09674134419551934,0.9,-0.8032586558044806,0.09999999999999998,,,0.0,,,,8.258333333333333,1,0,0,92,0,0,0,0,0,1,1,1,1,1,1
P-617251,2025-06,Steel,West Bengal,Ministry of Steel,7,11,0,0.0,0.09674134419551934,1.0,-0.9032586558044806,0.09999999999999998,,,0.0,,,,9.0,2,0,0,92,0,0,0,0,0,1,1,1,1,1,1
P-617251,2025-07,Steel,West Bengal,Ministry of Steel,7,10,0,0.0,0.09674134419551934,2.0,-1.9032586558044806,1.0,1.2,,0.0,0.0,,0.39999999999999997,9.8,0,0,0,74,0,0,0,0,0,1,1,1,1,1,1
P-617251,2025-08,Steel,West Bengal,Ministry of Steel,9,9,0,0.0,0.09674134419551934,3.0,-2.9032586558044806,1.0,2.1,,0.0,0.0,,0.7000000000000001,10.777777777777779,0,0,0,90,0,0,0,0,0,1,1,1,1,1,1
P-617251,2025-09,Steel,West Bengal,Ministry of Steel,14,8,0,0.0,0.09674134419551934,3.0,-2.9032586558044806,0.0,2.0,,0.0,0.0,,0.6666666666666666,12.125,1,0,0,78,0,0,0,0,0,1,1,1,1,1,1
P-617251,2025-10,Steel,West Bengal,Ministry of Steel,15,7,0,0.0,3.034623217922607,5.0,-1.965376782077393,2.0,3.0,4.2,5.77,5.77,5.77,1.0,13.571428571428571,0,0,0,90,0,0,0,0,0,1,1,1,1,1,1
P-617252,2025-07,Railways,Uttar Pradesh,Ministry of Railways,20,32,0,0.0,45.08228369874879,23.0,22.08228369874879,,,,,,,,2.40625,0,0,0,90,0,0,0,0,0,1,1,1,1,1,1
P-617252,2025-08,Railways,Uttar Pradesh,Ministry of Railways,22,31,0,0.0,45.59779602825926,23.0,22.59779602825926,0.0,,,4.939999999999998,,,,2.4838709677419355,1,0,0,90,0,0,0,0,0,1,1,1,1,1,1
P-617252,2025-09,Railways,Uttar Pradesh,Ministry of Railways,23,30,0,0.0,46.526553059158694,23.0,23.526553059158694,0.0,,,8.900000000000034,,,,2.566666666666667,2,0,0,82,0,0,0,0,0,1,1,1,1,1,1
P-617252,2025-10,Railways,Uttar Pradesh,Ministry of Railways,24,29,0,0.0,46.89388168261555,23.0,23.89388168261555,0.0,0.0,,3.519999999999982,17.360000000000014,,0.0,2.6551724137931036,3,0,0,90,0,0,0,0,0,1,1,1,1,1,1
P-617253,2025-01,Steel,Jharkhand,Ministry of Steel,16,6,0,0.0,17.655988478455487,57.0,-39.344011521544516,,,,,,,,7.166666666666667,0,0,0,92,0,,,0,0,1,1,0,0,1,1
P-617253,2025-02,Steel,Jharkhand,Ministry of Steel,17,5,0,0.0,22.805651784671674,58.0,-35.194348215328326,1.0,,,26.460000000000008,,,,8.4,0,0,0,92,0,,,0,0,1,1,0,0,1,1
P-617253,2025-03,Steel,Jharkhand,Ministry of Steel,18,4,0,0.0,23.683391070803,60.0,-36.316608929197,2.0,,,4.509999999999991,,,,10.0,0,0,0,92,0,,,0,0,1,1,0,0,1,1
P-617253,2025-04,Steel,Jharkhand,Ministry of Steel,19,7,4,0.0,29.961854345879875,62.0,-32.03814565412013,2.0,5.0,,32.25999999999999,63.22999999999999,,1.6666666666666667,5.428571428571429,0,1,0,84,0,,,0,0,1,1,0,0,1,1
P-617253,2025-05,Steel,Jharkhand,Ministry of Steel,20,6,4,0.0,34.89354248569538,64.0,-29.106457514304623,2.0,6.0,,25.340000000000003,62.109999999999985,,2.0,6.0,0,1,0,84,0,0,0,0,0,1,1,1,1,1,1
P-617253,2025-06,Steel,Jharkhand,Ministry of Steel,21,5,4,0.0,38.08921412167685,67.0,-28.910785878323153,3.0,7.0,,16.420000000000016,74.02000000000001,,2.3333333333333335,6.6,0,1,0,92,0,0,0,0,0,1,1,1,1,1,1
P-617253,2025-07,Steel,Jharkhand,Ministry of Steel,21,4,4,0.0,42.89829123039196,69.0,-26.101708769608038,2.0,7.0,12.0,24.70999999999998,66.47,129.7,2.3333333333333335,7.75,0,1,0,82,0,0,1,0,0,1,1,1,1,1,1
P-617253,2025-08,Steel,Jharkhand,Ministry of Steel,23,3,4,0.0,45.646335292514884,71.0,-25.353664707485116,2.0,7.0,13.0,14.120000000000005,55.25,117.35999999999999,2.3333333333333335,9.666666666666666,0,1,0,90,0,0,1,0,0,1,1,1,1,1,1
P-617253,2025-09,Steel,Jharkhand,Ministry of Steel,25,2,4,0.0,46.1912732085166,73.0,-26.8087267914834,2.0,6.0,13.0,2.8000000000000114,41.629999999999995,115.65,2.0,13.5,0,1,0,82,0,0,1,0,0,1,1,1,1,1,1
P-617253,2025-10,Steel,Jharkhand,Ministry of Steel,26,1,4,0.0,50.190728270600594,74.0,-23.809271729399406,1.0,5.0,12.0,20.549999999999983,37.47,103.94,1.6666666666666667,26.0,0,1,0,90,0,1,1,0,0,1,1,1,1,1,1
P-617254,2025-08,Steel,Jharkhand,Ministry of Steel,16,10,0,0.0,16.995045512155777,22.0,-5.004954487844223,0.0,-47.459999999999994,-39.25,0.030000000000001137,-350.74,-277.95,-15.819999999999999,7.8,1,1,1,90,0,0,,0,0,1,1,1,0,1,1
P-617254,2025-09,Steel,Jharkhand,Ministry of Steel,18,9,0,0.0,19.633598340822676,22.0,-2.366401659177324,0.0,-50.239999999999995,-41.7,6.869999999999997,-360.82,-279.32,-16.746666666666666,8.666666666666666,2,1,1,82,0,0,,0,0,1,1,1,0,1,1
P-617254,2025-10,Steel,Jharkhand,Ministry of Steel,19,8,0,0.0,21.081537811575835,23.0,-1.918462188424165,1.0,1.0,-43.0,3.770000000000003,10.670000000000002,-297.28000000000003,0.3333333333333333,9.625,0,1,1,90,0,0,,0,0,1,1,1,0,1,1
P-617255,2025-01,STEEL,Chhattisgarh,Ministry of Steel,15,17,0,0.0,8.914227581968081,5.73,3.1842275819680808,,,,,,,,5.5452941176470585,0,0,0,92,0,0,0,0,0,1,1,1,1,1,1
P-617255,2025-02,STEEL,Chhattisgarh,Ministry of Steel,16,16,0,0.0,9.376258398151878,8.18,1.196258398151878,2.4499999999999993,,,2.1799999999999997,,,,5.73875,0,0,0,92,0,0,0,0,0,1,1,1,1,1,1
P-617255,2025-03,STEEL,Chhattisgarh,Ministry of Steel,17,15,0,0.0,12.349786999554924,13.2,-0.8502130004450752,5.02,,,14.030000000000001,,,,5.786666666666666,0,0,0,92,0,0,0,0,0,1,1,1,1,1,1
P-617255,2025-04,STEEL,Chhattisgarh,Ministry of Steel,18,14,0,0.0,16.5207807896912,17.5,-0.9792192103087984,4.300000000000001,11.77,,19.68,35.89,,3.9233333333333333,5.892857142857143,0,0,0,92,0,0,0,0,0,1,1,1,1,1,1
P-617255,2025-05,STEEL,Chhattisgarh,Ministry of Steel,19,13,0,0.0,19.57696628022805,24.87,-5.293033719771952,7.370000000000001,16.69,,14.420000000000002,48.13,,5.5633333333333335,5.779230769230769,0,0,0,92,0,0,0,0,0,1,1,1,1,1,1
P-617255,2025-06,STEEL,Chhattisgarh,Ministry of Steel,20,12,0,0.0,23.182078290909864,31.06,-7.877921709090135,6.189999999999998,17.86,,17.00999999999999,51.10999999999999,,5.953333333333333,5.745,0,0,0,92,0,0,0,0,0,1,1,1,1,1,1
P-617255,2025-07,STEEL,Chhattisgarh,Ministry of Steel,19,11,0,0.0,23.684377847953712,35.0,-11.315622152046288,3.9400000000000013,17.5,29.27,2.3700000000000045,33.8,69.69,5.833333333333333,5.909090909090909,0,0,0,74,0,0,0,0,0,1,1,1,1,1,1
P-617255,2025-08,STEEL,Chhattisgarh,Ministry of Steel,20,10,0,0.0,27.692177267236083,40.0,-12.307822732763917,5.0,15.129999999999999,31.82,18.909999999999997,38.28999999999999,86.41999999999999,5.043333333333333,6.0,0,0,0,90,0,0,0,0,0,1,1,1,1,1,1
P-617255,2025-09,STEEL,Chhattisgarh,Ministry of Steel,23,9,0,0.0,29.033762160100036,44.0,-14.966237839899964,4.0,12.940000000000001,30.8,6.3300000000000125,27.610000000000014,78.72,4.3133333333333335,6.222222222222222,0,0,0,82,0,0,0,0,0,1,1,1,1,1,1
P-617255,2025-10,STEEL,Chhattisgarh,Ministry of Steel,24,8,0,0.0,33.501472988152514,46.0,-12.498527011847486,2.0,11.0,28.5,21.079999999999984,46.31999999999999,80.11999999999999,3.6666666666666665,6.75,0,0,0,90,0,0,0,0,0,1,1,1,1,1,1
P-617256,2025-08,Steel,Chhattisgarh,Ministry of Steel,19,2,0,0.0,52.74403348037552,77.0,-24.25596651962448,2.0,44.0,45.0,13.110000000000014,381.75,395.81,14.666666666666666,11.5,0,1,1,90,0,,,0,0,1,1,0,0,1,1
P-617256,2025-09,Steel,Chhattisgarh,Ministry of Steel,22,1,0,0.0,55.80137993439656,79.0,-23.198620065603443,2.0,44.0,50.0,27.029999999999973,408.78,418.18999999999994,14.666666666666666,21.0,0,1,1,82,0,,,0,0,1,1,0,0,1,1
P-617256,2025-10,Steel,Chhattisgarh,Ministry of Steel,23,0,0,0.0,57.341929645967646,80.0,-22.658070354032354,1.0,5.0,49.0,13.620000000000005,53.75999999999999,426.77,1.6666666666666667,20.0,0,1,1,90,0,,,0,0,1,1,0,0,1,1
P-617257,2025-08,Steel,Jharkhand,Ministry of Steel,20,15,0,0.0,14.659418788158966,38.0,-23.340581211841034,1.0,26.0,32.5,3.75,49.099999999999994,91.96,8.666666666666666,4.133333333333334,0,1,1,90,0,0,0,0,0,1,1,1,1,1,1
P-617257,2025-09,Steel,Jharkhand,Ministry of Steel,22,14,0,0.0,20.157497887806667,42.0,-21.842502112193333,4.0,24.0,33.0,34.49000000000001,82.23,106.92,8.0,4.142857142857143,0,1,1,82,0,0,0,0,0,1,1,1,1,1,1
P-617257,2025-10,Steel,Jharkhand,Ministry of Steel,23,13,0,0.0,24.440866557204576,46.0,-21.559133442795424,4.0,9.0,36.0,26.86999999999999,65.11,114.10999999999999,3.0,4.153846153846154,0,1,1,90,0,0,0,0,0,1,1,1,1,1,1
P-617269,2025-08,Electricity Generation,Uttar Pradesh,Ministry of Power,8,10,0,0.0,0.09398054602697242,0.0,0.09398054602697242,0.0,,,0.0,0.2,,,10.0,1,0,0,86,0,,,0,0,1,1,0,0,1,1
P-617269,2025-09,Electricity Generation,Uttar Pradesh,Ministry of Power,9,11,2,0.0,0.14097081904045863,0.0,0.14097081904045863,0.0,,,0.09999999999999998,0.3,,,9.090909090909092,2,1,0,74,0,,,0,0,1,1,0,0,1,1
P-617269,2025-10,Electricity Generation,Uttar Pradesh,Ministry of Power,10,10,2,0.0,0.9867957332832104,0.0,0.9867957332832104,0.0,0.0,,1.8,1.9000000000000001,,0.0,10.0,3,1,0,90,0,0,0,0,0,1,1,1,1,1,1
P-617270,2025-08,Electricity Generation,"Multi-States (Bihar, West Bengal)",Ministry of Power,9,9,0,0.0,0.07336039516799531,0.0,0.07336039516799531,0.0,,,0.09999999999999998,0.3,,,11.11111111111111,1,0,0,90,0,,,0,0,1,1,0,0,1,1
P-617270,2025-09,Electricity Generation,"Multi-States (Bihar, West Bengal)",Ministry of Power,10,18,10,0.0,0.07580574167359515,0.0,0.07580574167359515,0.0,,,0.010000000000000009,0.31,,,5.555555555555555,2,1,0,74,0,,,0,0,1,1,0,0,1,1
P-617270,2025-10,Electricity Generation,"Multi-States (Bihar, West Bengal)",Ministry of Power,11,17,10,0.0,0.07825108817919499,0.0,0.07825108817919499,0.0,0.0,,0.010000000000000009,0.12,,0.0,5.882352941176471,3,1,0,90,0,0,1,0,0,1,1,1,1,1,1
P-617271,2025-08,Electricity Generation,"Multi-States (Bihar, Odisha, West Bengal)",Ministry of Power,11,7,0,0.0,0.17508535411012868,0.0,0.17508535411012868,0.0,,,0.39999999999999997,0.6,,,14.285714285714286,1,1,0,90,0,,,0,0,1,1,0,0,1,1
P-617271,2025-09,Electricity Generation,"Multi-States (Bihar, Odisha, West Bengal)",Ministry of Power,12,9,3,0.0,0.2042662464618168,0.0,0.2042662464618168,0.0,,,0.09999999999999998,0.7,,,11.11111111111111,2,2,0,74,0,,,0,0,1,1,0,0,1,1
P-617271,2025-10,Electricity Generation,"Multi-States (Bihar, Odisha, West Bengal)",Ministry of Power,13,8,3,0.0,0.2071843356969856,0.0,0.2071843356969856,0.0,0.0,,0.010000000000000009,0.51,,0.0,12.5,3,2,0,90,0,0,1,0,0,1,1,1,1,1,1
P-617272,2025-05,Electricity Generation,Haryana,Ministry of Power,3,19,0,0.0,0.0,,,,,,,,,,,0,0,0,80,1,0,0,0,0,1,1,1,1,1,1
P-617272,2025-06,Electricity Generation,Haryana,Ministry of Power,4,18,0,0.0,0.0,,,,,,0.0,,,,,0,0,0,80,1,0,0,0,0,1,1,1,1,1,1
P-617272,2025-07,Electricity Generation,Haryana,Ministry of Power,13,17,0,0.0,0.2702702702702703,1.0,-0.7297297297297297,,,,1.0,,,,5.823529411764706,0,0,0,74,0,0,0,0,0,1,1,1,1,1,1
P-617272,2025-08,Electricity Generation,Haryana,Ministry of Power,14,16,0,0.0,1.0,1.0,0.0,0.0,,,2.7,3.7,,,6.1875,1,0,0,90,0,0,0,0,0,1,1,1,1,1,1
P-617272,2025-09,Electricity Generation,Haryana,Ministry of Power,15,15,0,0.0,1.5,1.0,0.5,0.0,,,1.8499999999999996,5.55,,,6.6,2,0,0,82,0,0,0,0,0,1,1,1,1,1,1
P-617272,2025-10,Electricity Generation,Haryana,Ministry of Power,16,14,0,0.0,5.013513513513513,6.0,-0.9864864864864868,5.0,5.0,,13.0,17.55,,1.6666666666666667,6.714285714285714,0,0,0,90,0,0,0,0,0,1,1,1,1,1,1
P-617278,2025-06,Coal,Maharashtra,Ministry of Coal,4,57,0,0.0,0.0,,,,,,,,,,,0,0,0,80,1,0,0,0,0,1,1,1,1,1,1
P-617278,2025-07,Coal,Maharashtra,Ministry of Coal,5,56,0,0.0,0.0,0.0,0.0,,,,0.0,,,,1.7857142857142858,0,0,0,74,0,0,0,0,0,1,1,1,1,1,1
P-617278,2025-08,Coal,Maharashtra,Ministry of Coal,14,55,0,0.0,0.0,0.0,0.0,0.0,,,0.0,,,,1.8181818181818181,1,0,0,86,0,0,0,0,0,1,1,1,1,1,1
P-617278,2025-09,Coal,Maharashtra,Ministry of Coal,15,54,0,0.0,0.0,0.0,0.0,0.0,,,0.0,0.0,,,1.8518518518518519,2,0,0,78,0,0,0,0,0,1,1,1,1,1,1
P-617278,2025-10,Coal,Maharashtra,Ministry of Coal,16,53,0,0.0,0.0,0.0,0.0,0.0,0.0,,0.0,0.0,,0.0,1.8867924528301887,3,0,0,86,0,0,0,0,0,1,1,1,1,1,1
P-617279,2025-07,Electricity Generation,Madhya Pradesh,Ministry of Power,1,29,0,0.0,1.0,0.0,1.0,,,,,,,,3.4482758620689653,0,0,0,98,0,0,0,0,0,1,1,1,1,1,1
P-617279,2025-08,Electricity Generation,Madhya Pradesh,Ministry of Power,2,28,0,0.0,2.9999999999999996,0.0,2.9999999999999996,0.0,,,11.159999999999998,,,,3.5714285714285716,1,0,0,98,0,0,0,0,0,1,1,1,1,1,1
P-617279,2025-09,Electricity Generation,Madhya Pradesh,Ministry of Power,3,27,0,0.0,5.0,0.0,5.0,0.0,,,11.16,,,,3.7037037037037037,2,0,0,90,0,0,0,0,0,1,1,1,1,1,1
P-617279,2025-10,Electricity Generation,Madhya Pradesh,Ministry of Power,4,26,0,0.0,5.999999999999999,1.0,4.999999999999999,1.0,1.0,,5.579999999999998,27.9,,0.3333333333333333,3.8076923076923075,0,0,0,98,0,0,0,0,0,1,1,1,1,1,1
P-617280,2025-01,Urban Public Transport,West Bengal,Ministry of Mines,69,19,52,0.0,25.085170536868073,30.0,-4.914829463131927,,,,,,,,3.6842105263157894,0,0,0,92,0,0,0,0,0,1,1,1,1,1,1
P-617280,2025-02,Urban Public Transport,West Bengal,Ministry of Mines,70,18,52,0.0,25.946665622430203,32.0,-6.053334377569797,2.0,,,2.200000000000003,,,,3.7777777777777777,0,0,0,92,0,0,0,0,0,1,1,1,1,1,1
P-617280,2025-03,Urban Public Transport,West Bengal,Ministry of Mines,71,17,52,0.0,26.886478443043426,34.0,-7.113521556956574,2.0,,,2.3999999999999915,,,,3.8823529411764706,0,0,0,92,0,0,0,0,0,1,1,1,1,1,1
P-617280,2025-04,Urban Public Transport,West Bengal,Ministry of Mines,72,16,52,0.0,26.886478443043426,36.0,-9.113521556956574,2.0,6.0,,0.0,4.599999999999994,,2.0,4.0,0,0,0,92,0,0,0,0,0,1,1,1,1,1,1
P-617280,2025-05,Urban Public Transport,West Bengal,Ministry of Mines,73,15,52,0.0,26.886478443043426,38.0,-11.113521556956574,2.0,6.0,,0.0,2.3999999999999915,,2.0,4.133333333333334,0,0,0,92,0,0,0,0,0,1,1,1,1,1,1
P-617280,2025-06,Urban Public Transport,West Bengal,Ministry of Mines,74,14,52,0.0,29.028468496691076,40.0,-10.971531503308924,2.0,6.0,,5.469999999999999,5.469999999999999,,2.0,4.285714285714286,0,0,0,92,0,0,0,0,0,1,1,1,1,1,1
P-617280,2025-07,Urban Public Transport,West Bengal,Ministry of Mines,65,13,0,0.0,30.67705681951678,35.0,-4.322943180483222,-5.0,-1.0,5.0,4.210000000000008,9.680000000000007,14.280000000000001,-0.3333333333333333,5.0,0,0,0,62,0,0,0,0,0,1,1,1,1,1,1
P-617280,2025-08,Urban Public Transport,West Bengal,Ministry of Mines,76,12,0,0.0,31.06864549477229,79.0,-47.93135450522771,44.0,41.0,47.0,1.0,10.680000000000007,13.079999999999998,13.666666666666666,1.75,0,0,0,82,0,0,0,0,0,1,1,1,1,1,1
P-617280,2025-09,Urban Public Transport,West Bengal,Ministry of Mines,77,11,0,0.0,32.51360770646513,40.0,-7.48639229353487,-39.0,0.0,6.0,3.6899999999999977,8.900000000000006,14.370000000000005,0.0,5.454545454545454,0,0,0,70,0,0,0,0,0,1,1,1,1,1,1
P-617280,2025-10,Urban Public Transport,West Bengal,Ministry of Mines,78,10,0,0.0,33.63746720444845,42.0,-8.362532795551552,2.0,7.0,6.0,2.8700000000000045,7.560000000000002,17.24000000000001,2.3333333333333335,5.8,0,0,0,90,0,0,0,0,0,1,1,1,1,1,1
P-617284,2025-07,Railways,Uttar Pradesh,Ministry of Railways,6,32,0,0.0,1.8258939857861176,2.0,-0.1741060142138824,,,,,,,,3.0625,0,0,0,98,0,0,0,0,0,1,1,1,1,1,1
P-617284,2025-08,Railways,Uttar Pradesh,Ministry of Railways,24,31,0,0.0,3.4811371105929942,2.0,1.4811371105929942,0.0,,,23.57,,,,3.161290322580645,1,0,0,98,0,0,0,0,0,1,1,1,1,1,1
P-617284,2025-09,Railways,Uttar Pradesh,Ministry of Railways,25,30,0,0.0,3.4811371105929942,2.0,1.4811371105929942,0.0,,,0.0,,,,3.2666666666666666,2,0,0,86,0,0,0,0,0,1,1,1,1,1,1
P-617284,2025-10,Railways,Uttar Pradesh,Ministry of Railways,26,29,0,0.0,3.7788982836596534,4.0,-0.2211017163403466,2.0,2.0,,4.240000000000002,27.810000000000002,,0.6666666666666666,3.310344827586207,0,0,0,98,0,0,0,0,0,1,1,1,1,1,1
P-617287,2025-07,Coal,Chhattisgarh,Ministry of Coal,8,56,0,0.0,0.37570181187014046,3.0,-2.6242981881298597,,,,,,,,1.7321428571428572,0,0,0,90,0,0,0,0,0,1,1,1,1,1,1
P-617287,2025-08,Coal,Chhattisgarh,Ministry of Coal,9,55,0,0.0,0.37570181187014046,3.0,-2.6242981881298597,0.0,,,0.0,,,,1.7636363636363637,1,0,0,86,0,0,0,0,0,1,1,1,1,1,1
P-617287,2025-09,Coal,Chhattisgarh,Ministry of Coal,10,54,0,0.0,17.155868652698324,21.0,-3.8441313473016763,18.0,,,757.9399999999999,,,,1.462962962962963,0,0,0,82,0,0,0,0,0,1,1,1,1,1,1
P-617287,2025-10,Coal,Chhattisgarh,Ministry of Coal,11,53,0,0.0,17.16073927135545,21.0,-3.8392607286445504,0.0,18.0,,0.22000000000002728,758.16,,6.0,1.490566037735849,1,0,0,90,0,0,0,0,0,1,1,1,1,1,1
P-617288,2025-07,Coal,Chhattisgarh,Ministry of Coal,6,44,0,0.0,0.2247719610046784,1.0,-0.7752280389953217,,,,,,,,2.25,0,0,0,90,0,0,0,0,0,1,1,1,1,1,1
P-617288,2025-08,Coal,Chhattisgarh,Ministry of Coal,7,43,0,0.0,0.2247719610046784,1.0,-0.7752280389953217,0.0,,,0.0,,,,2.302325581395349,1,0,0,86,0,0,0,0,0,1,1,1,1,1,1
P-617288,2025-09,Coal,Chhattisgarh,Ministry of Coal,8,42,0,0.0,29.500013068137267,21.0,8.500013068137267,20.0,,,112.01,,,,1.880952380952381,0,0,0,82,0,0,0,0,0,1,1,1,1,1,1
P-617288,2025-10,Coal,Chhattisgarh,Ministry of Coal,9,41,0,0.0,29.54183110739395,21.0,8.54183110739395,0.0,20.0,,0.1599999999999966,112.17,,6.666666666666667,1.9268292682926829,1,0,0,90,0,0,0,0,0,1,1,1,1,1,1
P-617299,2025-05,Electricity Generation,Gujarat,Ministry of Coal,34,8,7,0.0,79.0694039182993,41.0,38.0694039182993,,,,,,,,7.375,0,0,0,92,0,0,0,0,0,1,1,1,1,1,1
P-617299,2025-06,Electricity Generation,Gujarat,Ministry of Coal,35,7,7,0.0,79.0694039182993,41.0,38.0694039182993,0.0,,,0.0,,,,8.428571428571429,1,0,0,88,0,0,0,0,0,1,1,1,1,1,1
P-617299,2025-07,Electricity Generation,Gujarat,Ministry of Coal,17,6,7,0.0,79.0694039182993,41.0,38.0694039182993,0.0,,,0.0,,,,9.833333333333334,2,0,0,78,0,0,0,0,0,1,1,1,1,1,1
P-617299,2025-08,Electricity Generation,Gujarat,Ministry of Coal,37,5,7,0.0,79.0694039182993,41.0,38.0694039182993,0.0,0.0,,0.0,0.0,,0.0,11.8,3,0,0,86,0,0,0,0,0,1,1,1,1,1,1
P-617299,2025-09,Electricity Generation,Gujarat,Ministry of Coal,38,4,7,0.0,79.0694039182993,41.0,38.0694039182993,0.0,0.0,,0.0,0.0,,0.0,14.75,4,0,0,78,0,0,0,0,0,1,1,1,1,1,1
P-617299,2025-10,Electricity Generation,Gujarat,Ministry of Coal,39,3,7,0.0,82.0211546477699,45.0,37.021154647769904,4.0,4.0,,11.329999999999984,11.329999999999984,,1.3333333333333333,18.333333333333332,0,0,0,90,0,0,0,0,0,1,1,1,1,1,1
P-617302,2025-08,Energy Storage,West Bengal,Ministry of Petroleum & Natural Gas,101,4,60,43.2844827586207,89.83414555883118,90.0,-0.1658544411688183,0.0,0.20000000000000284,1.4000000000000057,2.199999999999818,54.59999999999991,122.19999999999982,0.06666666666666761,2.5,5,0,1,90,0,0,1,0,0,1,1,1,1,1,1
P-617302,2025-09,Energy Storage,West Bengal,Ministry of Petroleum & Natural Gas,102,3,60,43.2844827586207,90.6884864528809,90.0,0.6884864528808947,0.0,0.0,0.9000000000000057,21.300000000000182,67.19999999999982,94.0,0.0,3.3333333333333335,6,0,1,82,0,1,1,0,0,1,1,1,1,1,1
P-617302,2025-10,Energy Storage,West Bengal,Ministry of Petroleum & Natural Gas,103,2,60,43.2844827586207,91.65112407997914,90.0,1.651124079979141,0.0,0.0,0.5,24.0,47.5,102.80000000000018,0.0,5.0,7,0,1,90,0,1,1,0,0,1,1,1,1,1,1
P-617304,2025-07,Energy Storage,Bihar,Ministry of Petroleum & Natural Gas,21,20,0,0.0,25.894458327208586,24.0,1.8944583272085858,,,,,,,,3.8,0,0,0,98,0,0,0,0,0,1,1,1,1,1,1
P-617304,2025-08,Energy Storage,Bihar,Ministry of Petroleum & Natural Gas,22,19,0,0.0,26.846979273849772,26.0,0.8469792738497723,2.0,,,3.239999999999995,,,,3.8947368421052633,0,0,0,98,0,0,0,0,0,1,1,1,1,1,1
P-617304,2025-09,Energy Storage,Bihar,Ministry of Petroleum & Natural Gas,23,18,0,0.0,27.755402028516833,28.0,-0.24459797148316653,2.0,,,3.0900000000000034,,,,4.0,0,0,0,90,0,0,0,0,0,1,1,1,1,1,1
P-617304,2025-10,Energy Storage,Bihar,Ministry of Petroleum & Natural Gas,24,17,0,0.0,31.5596060561517,29.0,2.5596060561517007,1.0,5.0,,12.939999999999998,19.269999999999996,,1.6666666666666667,4.176470588235294,0,0,0,98,0,0,0,0,0,1,1,1,1,1,1
P-617326,2025-09,Electricity Generation,Jharkhand,Ministry of Power,163,6,0,0.0,89.18442122404669,95.0,-5.815578775953313,,,,,,,,0.8333333333333334,0,0,0,98,0,,,0,0,1,1,0,0,1,1
P-617326,2025-10,Electricity Generation,Jharkhand,Ministry of Power,164,5,0,0.0,89.4585425430859,95.0,-5.541457456914102,0.0,,,5.0499999999999545,,,,1.0,1,0,0,98,0,,,0,0,1,1,0,0,1,1
P-617327,2025-09,Urban Public Transport,Maharashtra,Ministry of Housing & Urban Affairs,12,48,0,0.0,0.05827821083433742,3.0,-2.9417217891656624,,,,,,,,2.0208333333333335,0,0,0,98,0,0,0,0,0,1,1,1,1,1,1
P-617327,2025-10,Urban Public Transport,Maharashtra,Ministry of Housing & Urban Affairs,13,47,0,0.0,0.06368800255735609,3.0,-2.936311997442644,0.0,,,0.6599999999999993,,,,2.0638297872340425,1,0,0,98,0,0,0,0,0,1,1,1,1,1,1
P-617333,2025-09,Railways,Uttar Pradesh,Ministry of Railways,35,17,0,0.0,0.0,0.0,0.0,,,,,,,,5.882352941176471,0,0,0,98,0,0,0,0,0,1,1,1,1,1,1
P-617333,2025-10,Railways,Uttar Pradesh,Ministry of Railways,36,16,0,0.0,0.0,0.0,0.0,0.0,,,0.0,,,,6.25,1,0,0,94,0,0,0,0,0,1,1,1,1,1,1
P-617338,2025-09,Steel,West Bengal,Ministry of Steel,8,34,0,0.0,2.4904800289073576,4.0,-1.5095199710926424,,,,,,,,2.823529411764706,0,0,0,98,0,0,0,0,0,1,1,1,1,1,1
P-617338,2025-10,Steel,West Bengal,Ministry of Steel,9,33,0,0.0,6.044734929855979,4.0,2.044734929855979,0.0,,,89.50999999999999,,,,2.909090909090909,1,0,0,98,0,0,0,0,0,1,1,1,1,1,1
P-617345,2025-09,Railways,West Bengal,Ministry of Railways,9,13,0,0.0,0.0925640234495526,5.0,-4.907435976550447,,,,,,,,7.3076923076923075,0,0,0,98,0,0,0,0,0,1,1,1,1,1,1
P-617345,2025-10,Railways,West Bengal,Ministry of Railways,10,12,0,0.0,0.0925640234495526,5.0,-4.907435976550447,0.0,,,0.0,,,,7.916666666666667,1,0,0,94,0,0,0,0,0,1,1,1,1,1,1
P-617361,2025-09,Railways,Maharashtra,Ministry of Railways,11,30,0,0.0,0.0,0.0,0.0,,,,,,,,3.3333333333333335,0,0,0,90,0,0,0,0,0,1,1,1,1,1,1
P-617361,2025-10,Railways,Maharashtra,Ministry of Railways,12,29,0,0.0,0.0,0.0,0.0,0.0,,,0.0,,,,3.4482758620689653,1,0,0,86,0,0,0,0,0,1,1,1,1,1,1
P-617364,2025-09,Railways,Maharashtra,Ministry of Railways,8,34,0,-39.40827003221706,1.6682926829268292,0.0,1.6682926829268292,,,,,,,,2.9411764705882355,0,0,0,90,0,0,0,0,0,1,1,1,1,1,1
P-617364,2025-10,Railways,Maharashtra,Ministry of Railways,9,33,0,-39.40827003221706,1.6682926829268292,0.0,1.6682926829268292,0.0,,,0.0,,,,3.0303030303030303,1,0,0,86,0,0,0,0,0,1,1,1,1,1,1
P-617370,2025-09,Railways,Uttar Pradesh,Ministry of Railways,30,16,0,0.0,2.214103841470165,10.0,-7.785896158529836,,,,,,,,5.625,0,0,0,98,0,0,0,0,0,1,1,1,1,1,1
P-617370,2025-10,Railways,Uttar Pradesh,Ministry of Railways,31,15,0,0.0,2.214103841470165,11.0,-8.785896158529836,1.0,,,0.0,,,,5.933333333333334,0,0,0,98,0,0,0,0,0,1,1,1,1,1,1
P-617372,2025-09,Railways,Jharkhand,Ministry of Railways,34,3,0,0.0,24.76375923486627,70.0,-45.23624076513373,,,,,,,,10.0,0,0,0,98,0,0,,0,0,1,1,1,0,1,1
P-617372,2025-10,Railways,Jharkhand,Ministry of Railways,35,2,0,0.0,30.38485768283603,70.0,-39.61514231716397,0.0,,,19.629999999999995,,,,15.0,1,0,0,98,0,,,0,0,1,1,0,0,1,1
P-617374,2025-10,Railways,Chhattisgarh,Ministry of Railways,191,-7,0,0.0,57.62075900952883,92.0,-34.37924099047117,0.0,,,0.0,,-475.29999999999995,,8.0,1,1,1,86,0,,,1,1,1,1,0,0,1,1
P-617375,2025-09,Electricity Generation,Arunachal Pradesh,Ministry of Power,1,29,0,0.0,0.009552010698251982,0.0,0.009552010698251982,,,,,,,,3.4482758620689653,0,0,0,98,0,0,0,0,0,1,1,1,1,1,1
P-617375,2025-10,Electricity Generation,Arunachal Pradesh,Ministry of Power,2,28,0,0.0,0.014328016047377974,0.0,0.014328016047377974,0.0,,,0.009999999999999998,,,,3.5714285714285716,1,0,0,94,0,0,0,0,0,1,1,1,1,1,1
P-617379,2025-09,Railways,Delhi,Ministry of Railways,211,-66,0,0.0,114.73073216646871,80.0,34.73073216646871,,,,,,,,20.0,0,0,0,98,0,,,0,0,1,1,0,0,1,1
P-617379,2025-10,Railways,Delhi,Ministry of Railways,212,-67,0,0.0,114.73073216646871,80.0,34.73073216646871,0.0,,,0.0,,,,20.0,1,0,0,94,0,,,0,0,1,1,0,0,1,1
P-617390,2025-09,Railways,"Multi-States (Chhattisgarh, Odisha)",Ministry of Railways,12,30,0,0.0,9.985879342492257,0.0,9.985879342492257,,,,,,,,3.3333333333333335,0,0,0,98,0,0,0,0,0,1,1,1,1,1,1
P-617390,2025-10,Railways,"Multi-States (Chhattisgarh, Odisha)",Ministry of Railways,13,29,0,0.0,9.985879342492257,1.0,8.985879342492257,1.0,,,0.0,,,,3.413793103448276,0,0,0,98,0,0,0,0,0,1,1,1,1,1,1
P-617391,2025-09,Electricity Generation,Gujarat,Ministry of Power,7,18,4,0.0,0.022527596305474205,0.0,0.022527596305474205,,,,,,,,5.555555555555555,0,0,0,98,0,0,1,0,0,1,1,1,1,1,1
P-617391,2025-10,Electricity Generation,Gujarat,Ministry of Power,8,17,4,0.0,0.02457555960597186,0.0,0.02457555960597186,0.0,,,0.009999999999999995,,,,5.882352941176471,1,0,0,94,0,0,1,0,0,1,1,1,1,1,1
P-617403,2025-09,Railways,Rajasthan,Ministry of Railways,20,9,0,0.0,21.233782861044727,50.0,-28.766217138955273,,,,,,,,5.555555555555555,0,0,0,98,0,0,0,0,0,1,1,1,1,1,1
P-617403,2025-10,Railways,Rajasthan,Ministry of Railways,21,8,0,0.0,26.689996585865483,50.0,-23.310003414134517,0.0,,,25.569999999999993,,,,6.25,1,0,0,98,0,0,0,0,0,1,1,1,1,1,1
P-617404,2025-09,Railways,Rajasthan,Ministry of Railways,5,30,0,0.0,0.0,0.0,0.0,,,,,,,,3.3333333333333335,0,0,0,98,0,0,0,0,0,1,1,1,1,1,1
P-617404,2025-10,Railways,Rajasthan,Ministry of Railways,6,29,0,0.0,0.0,0.0,0.0,0.0,,,0.0,,,,3.4482758620689653,1,0,0,94,0,0,0,0,0,1,1,1,1,1,1
P-617405,2025-09,Electricity Generation,Gujarat,Ministry of Power,11,13,0,0.0,0.0,0.0,0.0,,,,,,,,7.6923076923076925,0,0,0,98,0,0,0,0,0,1,1,1,1,1,1
P-617405,2025-10,Electricity Generation,Gujarat,Ministry of Power,12,12,0,0.0,0.0,0.0,0.0,0.0,,,0.0,,,,8.333333333333334,1,0,0,94,0,0,0,0,0,1,1,1,1,1,1
P-617406,2025-09,Railways,"Multi-States (Madhya Pradesh, Rajasthan)",Ministry of Railways,119,30,0,0.0,0.23415134616339298,7.0,-6.765848653836607,,,,,,,,3.1,0,0,0,98,0,0,0,0,0,1,1,1,1,1,1
P-617406,2025-10,Railways,"Multi-States (Madhya Pradesh, Rajasthan)",Ministry of Railways,120,29,0,0.0,0.23415134616339298,7.0,-6.765848653836607,0.0,,,0.0,,,,3.206896551724138,1,0,0,94,0,0,0,0,0,1,1,1,1,1,1
P-617408,2025-09,Railways,Rajasthan,Ministry of Railways,78,18,0,0.0,42.97480911441111,1.0,41.97480911441111,,,,,,,,5.5,0,0,0,98,0,0,0,0,0,1,1,1,1,1,1
P-617408,2025-10,Railways,Rajasthan,Ministry of Railways,79,17,0,0.0,48.94486863464197,1.0,47.94486863464197,0.0,,,9.929999999999993,,,,5.823529411764706,1,0,0,98,0,0,0,0,0,1,1,1,1,1,1
P-617409,2025-09,Railways,Telangana,Ministry of Railways,110,15,0,0.0,80.55853920515574,58.0,22.55853920515574,,,,,,,,2.8,0,0,0,90,0,,,0,0,1,1,0,0,1,1
P-617409,2025-10,Railways,Telangana,Ministry of Railways,111,14,0,0.0,80.55853920515574,58.0,22.55853920515574,0.0,,,0.0,,,,3.0,1,0,0,86,0,,,0,0,1,1,0,0,1,1
P-617412,2025-09,Electricity Generation,Telangana,Ministry of Housing & Urban Affairs,18,24,0,0.0,13.602484472049689,6.0,7.602484472049689,,,,,,,,3.9166666666666665,0,0,0,98,0,0,0,0,0,1,1,1,1,1,1
P-617412,2025-10,Electricity Generation,Telangana,Ministry of Housing & Urban Affairs,19,23,0,0.0,13.602484472049689,6.0,7.602484472049689,0.0,,,0.0,,,,4.086956521739131,1,0,0,94,0,0,0,0,0,1,1,1,1,1,1
P-617413,2025-09,Telecommunication,"Multi-States (Andhra Pradesh, Bihar, Chhattisgarh, Jharkhand, Madhya Pradesh, Maharashtra, Odisha, Telangana, Uttar Pradesh, West Bengal)",Department of Telecommunications,41,2,6,0.0,5.306165764618487,55.0,-49.693834235381516,,,,,,,,22.5,0,0,0,98,0,1,1,0,0,1,1,1,1,1,1
P-617413,2025-10,Telecommunication,"Multi-States (Andhra Pradesh, Bihar, Chhattisgarh, Jharkhand, Madhya Pradesh, Maharashtra, Odisha, Telangana, Uttar Pradesh, West Bengal)",Department of Telecommunications,42,1,6,0.0,5.306165764618487,67.0,-61.693834235381516,12.0,,,0.0,,,,33.0,0,0,0,98,0,1,1,0,0,1,1,1,1,1,1
P-617416,2025-09,Coal,Jharkhand,Ministry of Coal,3,39,0,0.0,0.0,6.0,-6.0,,,,,,,,2.41025641025641,0,0,0,90,0,0,0,0,0,1,1,1,1,1,1
P-617416,2025-10,Coal,Jharkhand,Ministry of Coal,4,38,0,0.0,0.0,8.0,-8.0,2.0,,,0.0,,,,2.4210526315789473,0,0,0,90,0,0,0,0,0,1,1,1,1,1,1
P-617422,2025-09,Telecommunication,Maharashtra,"Department of Water Resources, River Development & GR",280,22,0,0.0,92.0116851456225,49.0,43.011685145622494,,,,,,,,2.3181818181818183,0,0,0,98,0,0,0,0,0,1,1,1,1,1,1
P-617422,2025-10,Telecommunication,Maharashtra,"Department of Water Resources, River Development & GR",281,21,0,0.0,92.0116851456225,49.0,43.011685145622494,0.0,,,0.0,,,,2.4285714285714284,1,0,0,94,0,0,0,0,0,1,1,1,1,1,1
P-617730,2025-10,Electricity Generation,Gujarat,Ministry of Coal,26,8,0,0.0,19.98441176911432,17.0,2.9844117691143204,,,,,,,,10.375,0,0,0,98,0,0,0,0,0,1,1,1,1,1,1
P-617801,2025-10,Electricity Generation,Gujarat,Ministry of Power,7,17,3,0.0,0.03437961976140544,0.0,0.03437961976140544,,,,,,,,5.882352941176471,0,0,0,98,0,0,1,0,0,1,1,1,1,1,1
P-617802,2025-10,Electricity Generation,Madhya Pradesh,Ministry of Power,0,29,0,0.0,0.03134796238244514,0.0,0.03134796238244514,,,,,,,,3.4482758620689653,0,0,0,98,0,0,0,0,0,1,1,1,1,1,1
P-617803,2025-10,Electricity Generation,Karnataka,Ministry of Power,1,23,0,0.0,1.7414248021108178,0.0,1.7414248021108178,,,,,,,,4.3478260869565215,0,0,0,98,0,0,0,0,0,1,1,1,1,1,1
P-617804,2025-10,Shipping,Karnataka,"Ministry of Ports, Shipping and Waterways",16,17,0,0.0,32.695947268811594,33.0,-0.30405273118840626,,,,,,,,3.9411764705882355,0,0,0,98,0,0,0,0,0,1,1,1,1,1,1
P-701101,2025-01,CIVIL AVIATION,Bihar,Ministry of Civil Aviation,80,5,32,0.0,72.47596351384665,82.1,-9.624036486153344,,,,,,,,3.580000000000001,0,0,0,92,0,0,1,0,0,1,1,1,1,1,1
P-701101,2025-02,CIVIL AVIATION,Bihar,Ministry of Civil Aviation,81,4,32,0.0,75.71945106417947,84.59,-8.870548935820537,2.490000000000009,,,39.469999999999914,,,,3.852499999999999,0,0,0,92,0,0,1,0,0,1,1,1,1,1,1
P-701101,2025-03,CIVIL AVIATION,Bihar,Ministry of Civil Aviation,82,3,32,0.0,79.05990631933601,87.64,-8.580093680663992,3.049999999999997,,,40.65000000000009,,,,4.12,0,0,0,92,0,1,1,0,0,1,1,1,1,1,1
P-701101,2025-04,CIVIL AVIATION,Bihar,Ministry of Civil Aviation,83,2,32,0.0,81.13649437094256,89.06,-7.923505629057445,1.4200000000000017,6.960000000000008,,25.269999999999982,105.38999999999999,,2.3200000000000025,5.469999999999999,0,0,0,84,0,1,1,0,0,1,1,1,1,1,1
P-701101,2025-05,CIVIL AVIATION,Bihar,Ministry of Civil Aviation,84,1,32,0.0,82.89834826197715,89.66,-6.761651738022849,0.5999999999999943,5.069999999999993,,21.43999999999994,87.36000000000001,,1.6899999999999977,10.340000000000003,0,0,0,84,0,1,1,0,0,1,1,1,1,1,1
P-701101,2025-06,CIVIL AVIATION,Bihar,Ministry of Civil Aviation,85,5,37,0.0,84.56323444818801,93.14,-8.576765551811988,3.480000000000004,5.5,,20.25999999999999,66.96999999999991,,1.8333333333333333,1.3719999999999999,0,1,0,92,0,0,1,0,0,1,1,1,1,1,1
P-701101,2025-07,CIVIL AVIATION,Bihar,Ministry of Civil Aviation,81,4,28,0.0,85.99556249486399,94.0,-8.00443750513601,0.8599999999999994,4.939999999999998,11.900000000000006,17.430000000000064,59.129999999999995,164.51999999999998,1.6466666666666658,1.5,0,1,0,82,0,0,1,0,0,1,1,1,1,1,1
P-701101,2025-08,CIVIL AVIATION,Bihar,Ministry of Civil Aviation,80,3,28,0.0,90.10682882734817,94.0,-3.893171172651833,0.0,4.340000000000003,9.409999999999997,50.02999999999997,87.72000000000003,175.08000000000004,1.4466666666666679,2.0,1,1,0,90,0,0,1,0,0,1,1,1,1,1,1
P-701101,2025-09,CIVIL AVIATION,Bihar,Ministry of Civil Aviation,81,2,28,0.0,92.01166899498726,94.0,-1.9883310050127392,0.0,0.8599999999999994,6.359999999999999,23.180000000000064,90.6400000000001,157.61,0.28666666666666646,3.0,2,1,0,82,0,1,1,0,0,1,1,1,1,1,1
P-701101,2025-10,CIVIL AVIATION,Bihar,Ministry of Civil Aviation,82,1,28,0.0,92.5080121620511,95.0,-2.4919878379488978,1.0,1.0,5.939999999999998,6.039999999999964,79.25,138.38,0.3333333333333333,5.0,0,1,0,90,0,1,1,0,0,1,1,1,1,1,1
P-701105,2025-01,CIVIL AVIATION,GOA,Ministry of Civil Aviation,86,2,42,0.0,39.641753686104266,75.0,-35.358246313895734,,,,,,,,12.5,0,0,0,92,0,1,,0,0,1,1,1,0,1,1
P-701105,2025-02,CIVIL AVIATION,GOA,Ministry of Civil Aviation,87,4,45,0.0,42.00398920567875,77.0,-34.99601079432125,2.0,,,6.040000000000006,,,,5.75,0,1,0,92,0,,,0,0,1,1,0,0,1,1
P-701105,2025-03,CIVIL AVIATION,GOA,Ministry of Civil Aviation,88,3,45,0.0,44.49919824787829,82.0,-37.50080175212171,5.0,,,6.3799999999999955,,,,6.0,0,1,0,92,0,,,0,0,1,1,0,0,1,1
P-701105,2025-04,CIVIL AVIATION,GOA,Ministry of Civil Aviation,89,2,45,0.0,46.8888106691697,84.0,-37.1111893308303,2.0,9.0,,6.109999999999999,18.53,,3.0,8.0,0,1,0,84,0,,,0,0,1,1,0,0,1,1
P-701105,2025-05,CIVIL AVIATION,GOA,Ministry of Civil Aviation,90,3,47,0.0,46.8888106691697,85.0,-38.1111893308303,1.0,8.0,,0.0,12.489999999999995,,2.6666666666666665,5.0,0,2,0,76,0,,,0,0,1,1,0,0,1,1
P-701105,2025-06,CIVIL AVIATION,GOA,Ministry of Civil Aviation,91,2,47,0.0,49.24713520278462,86.75,-37.50286479721538,1.75,4.75,,6.030000000000001,12.14,,1.5833333333333333,6.625,0,2,0,92,0,,,0,0,1,1,0,0,1,1
P-701105,2025-07,CIVIL AVIATION,GOA,Ministry of Civil Aviation,67,2,45,0.0,50.84281747428527,88.0,-37.15718252571473,1.25,4.0,13.0,4.079999999999998,10.11,28.64,1.3333333333333333,6.0,0,3,0,74,0,,,0,0,1,1,0,0,1,1
P-701105,2025-08,CIVIL AVIATION,GOA,Ministry of Civil Aviation,93,1,45,0.0,50.84281747428527,90.0,-39.15718252571473,2.0,5.0,13.0,0.0,10.11,22.599999999999994,1.6666666666666667,10.0,0,3,0,90,0,1,1,0,0,1,1,1,1,1,1
P-701105,2025-09,CIVIL AVIATION,GOA,Ministry of Civil Aviation,94,0,45,0.0,60.34651335601706,92.0,-31.653486643982937,2.0,5.25,10.0,24.30000000000001,28.38000000000001,40.52000000000001,1.75,8.0,0,3,0,82,0,1,1,0,0,1,1,1,1,1,1
P-701105,2025-10,CIVIL AVIATION,GOA,Ministry of Civil Aviation,95,-1,45,0.0,60.34651335601706,94.0,-33.65348664398294,2.0,6.0,10.0,0.0,24.30000000000001,34.41000000000001,2.0,6.0,0,3,0,90,0,1,1,0,0,1,1,1,1,1,1
P-701107,2025-01,CIVIL AVIATION,Andhra Pradesh,Ministry of Civil Aviation,57,5,27,0.0,64.78260869565217,66.0,-1.217391304347828,,,,,,,,6.8,0,0,0,92,0,,,0,0,1,1,0,0,1,1
P-701107,2025-02,CIVIL AVIATION,Andhra Pradesh,Ministry of Civil Aviation,58,4,27,0.0,66.25858123569795,68.0,-1.741418764302054,2.0,,,9.03000000000003,,,,8.0,0,0,0,92,0,,,0,0,1,1,0,0,1,1
P-701107,2025-03,CIVIL AVIATION,Andhra Pradesh,Ministry of Civil Aviation,59,3,27,0.0,69.70578620464204,70.0,-0.29421379535796177,2.0,,,21.089999999999975,,,,10.0,0,0,0,92,0,,,0,0,1,1,0,0,1,1
P-701107,2025-04,CIVIL AVIATION,Andhra Pradesh,Ministry of Civil Aviation,60,4,29,0.0,70.913697286695,73.0,-2.0863027133050025,3.0,7.0,,7.390000000000043,37.51000000000005,,2.3333333333333335,6.75,0,1,0,84,0,,,0,0,1,1,0,0,1,1
P-701107,2025-05,CIVIL AVIATION,Andhra Pradesh,Ministry of Civil Aviation,61,3,29,0.0,72.69532526969599,74.0,-1.304674730304015,1.0,6.0,,10.899999999999977,39.379999999999995,,2.0,8.666666666666666,0,1,0,84,0,,,0,0,1,1,0,0,1,1
P-701107,2025-06,CIVIL AVIATION,Andhra Pradesh,Ministry of Civil Aviation,62,2,29,0.0,73.4978751225891,75.25,-1.7521248774109068,1.25,5.25,,4.910000000000025,23.200000000000045,,1.75,12.375,0,1,0,92,0,,,0,0,1,1,0,0,1,1
P-701107,2025-07,CIVIL AVIATION,Andhra Pradesh,Ministry of Civil Aviation,58,5,39,0.0,75.93167701863355,77.0,-1.0683229813664497,1.75,4.0,11.0,14.889999999999986,30.69999999999999,68.21000000000004,1.3333333333333333,4.6,0,2,0,82,0,,,0,0,1,1,0,0,1,1
P-701107,2025-08,CIVIL AVIATION,Andhra Pradesh,Ministry of Civil Aviation,62,4,39,0.0,77.35697940503434,79.0,-1.6430205949656624,2.0,5.0,11.0,8.71999999999997,28.519999999999982,67.89999999999998,1.6666666666666667,5.25,0,2,0,90,0,1,1,0,0,1,1,1,1,1,1
P-701107,2025-09,CIVIL AVIATION,Andhra Pradesh,Ministry of Civil Aviation,63,3,39,0.0,80.75841778358941,81.0,-0.24158221641059185,2.0,5.75,11.0,20.810000000000002,44.41999999999996,67.62,1.9166666666666667,6.333333333333333,0,2,0,82,0,1,1,0,0,1,1,1,1,1,1
P-701107,2025-10,CIVIL AVIATION,Andhra Pradesh,Ministry of Civil Aviation,64,2,39,0.0,82.89310232101995,84.0,-1.1068976789800473,3.0,7.0,11.0,13.060000000000002,42.589999999999975,73.28999999999996,2.3333333333333335,8.0,0,2,0,90,0,1,1,0,0,1,1,1,1,1,1
P-701113,2025-01,,Uttar Pradesh,Ministry of Civil Aviation,6,30,0,0.0,1.5820744690119004,6.0,-4.4179255309881,,,,,,,,3.1333333333333333,0,0,0,92,0,0,0,0,0,1,1,1,1,1,1
P-701113,2025-02,,Uttar Pradesh,Ministry of Civil Aviation,7,29,0,0.0,2.476957120206297,7.8,-5.323042879793703,1.7999999999999998,,,25.68,,,,3.179310344827586,0,0,0,92,0,0,0,0,0,1,1,1,1,1,1
P-701113,2025-03,,Uttar Pradesh,Ministry of Civil Aviation,8,28,0,0.0,7.3040266234558215,9.0,-1.6959733765441785,1.2000000000000002,,,138.51999999999998,,,,3.25,0,0,0,92,0,0,0,0,0,1,1,1,1,1,1
P-701113,2025-04,,Uttar Pradesh,Ministry of Civil Aviation,9,27,0,0.0,7.871691669715819,14.0,-6.128308330284181,5.0,8.0,,16.289999999999992,180.48999999999998,,2.6666666666666665,3.185185185185185,0,0,0,92,0,0,0,0,0,1,1,1,1,1,1
P-701113,2025-05,,Uttar Pradesh,Ministry of Civil Aviation,10,26,0,0.0,8.901782447336783,14.5,-5.5982175526632165,0.5,6.7,,29.560000000000002,184.37,,2.2333333333333334,3.2884615384615383,0,0,0,92,0,0,0,0,0,1,1,1,1,1,1
P-701113,2025-06,,Uttar Pradesh,Ministry of Civil Aviation,11,25,0,0.0,9.861829839875943,14.51,-4.648170160124057,0.009999999999999787,5.51,,27.55000000000001,73.4,,1.8366666666666667,3.4196,1,0,0,92,0,0,0,0,0,1,1,1,1,1,1
P-701113,2025-07,,Uttar Pradesh,Ministry of Civil Aviation,12,24,0,0.0,10.534385726482324,14.0,-3.4656142735176765,-0.5099999999999998,0.0,8.0,19.30000000000001,76.41000000000003,256.90000000000003,0.0,3.5833333333333335,0,0,0,82,0,0,0,0,0,1,1,1,1,1,1
P-701113,2025-08,,Uttar Pradesh,Ministry of Civil Aviation,13,23,0,0.0,11.255031101353824,16.0,-4.744968898646176,2.0,1.5,8.2,20.680000000000007,67.53000000000003,251.90000000000003,0.5,3.652173913043478,0,0,0,90,0,0,0,0,0,1,1,1,1,1,1
P-701113,2025-09,,Uttar Pradesh,Ministry of Civil Aviation,14,22,0,0.0,12.069764605439687,17.0,-4.930235394560313,1.0,2.49,8.0,23.379999999999995,63.360000000000014,136.76000000000002,0.8300000000000001,3.772727272727273,0,0,0,82,0,0,0,0,0,1,1,1,1,1,1
P-701113,2025-10,,Uttar Pradesh,Ministry of Civil Aviation,15,21,0,0.0,12.60467304375098,18.0,-5.39532695624902,1.0,4.0,4.0,15.349999999999966,59.40999999999997,135.82,1.3333333333333333,3.9047619047619047,0,0,0,90,0,0,0,0,0,1,1,1,1,1,1
P-701121,2025-01,,Andhra Pradesh,Ministry of Civil Aviation,25,7,0,0.0,16.93504248883768,35.0,-18.06495751116232,,,,,,,,9.285714285714286,0,0,0,92,0,0,,0,0,1,1,1,0,1,1
P-701121,2025-02,,Andhra Pradesh,Ministry of Civil Aviation,26,6,0,0.0,18.922655912429786,39.0,-20.077344087570214,4.0,,,6.899999999999999,,,,10.166666666666666,0,0,0,84,0,0,,0,0,1,1,1,0,1,1
P-701121,2025-03,,Andhra Pradesh,Ministry of Civil Aviation,27,5,0,0.0,19.54774593115368,41.0,-21.45225406884632,2.0,,,2.1700000000000017,,,,11.8,0,0,0,92,0,0,,0,0,1,1,1,0,1,1
P-701121,2025-04,,Andhra Pradesh,Ministry of Civil Aviation,28,4,0,0.0,20.77488117528446,43.0,-22.22511882471554,2.0,8.0,,4.260000000000005,13.330000000000005,,2.6666666666666665,14.25,0,0,0,92,0,,,0,0,1,1,0,0,1,1
P-701121,2025-05,,Andhra Pradesh,Ministry of Civil Aviation,29,3,0,0.0,21.653463920495465,44.5,-22.846536079504535,1.5,5.5,,3.049999999999997,9.480000000000004,,1.8333333333333333,18.5,0,0,0,92,0,,,0,0,1,1,0,0,1,1
P-701121,2025-06,,Andhra Pradesh,Ministry of Civil Aviation,30,2,0,0.0,22.1402851793173,46.0,-23.8597148206827,1.5,5.0,,1.6899999999999977,9.0,,1.6666666666666667,27.0,0,0,0,92,0,,,0,0,1,1,0,0,1,1
P-701121,2025-07,,Andhra Pradesh,Ministry of Civil Aviation,23,5,4,0.0,23.399107014258966,49.0,-25.600892985741034,3.0,6.0,14.0,4.3700000000000045,9.11,22.440000000000005,2.0,10.2,0,1,0,74,0,,,0,0,1,1,0,0,1,1
P-701121,2025-08,,Andhra Pradesh,Ministry of Civil Aviation,32,4,4,0.0,26.08670603485525,51.0,-24.91329396514475,2.0,6.5,12.0,9.329999999999998,15.39,24.870000000000005,2.1666666666666665,12.25,0,1,0,90,0,1,1,0,0,1,1,1,1,1,1
P-701121,2025-09,,Andhra Pradesh,Ministry of Civil Aviation,33,3,4,0.0,27.498199625522112,54.0,-26.501800374477888,3.0,8.0,13.0,4.8999999999999915,18.599999999999994,27.599999999999994,2.6666666666666665,15.333333333333334,0,1,0,82,0,1,1,0,0,1,1,1,1,1,1
P-701121,2025-10,,Andhra Pradesh,Ministry of Civil Aviation,34,2,4,0.0,29.505977243266603,57.0,-27.494022756733397,3.0,8.0,14.0,6.970000000000013,21.200000000000003,30.310000000000002,2.6666666666666665,21.5,0,1,0,90,0,1,1,0,0,1,1,1,1,1,1
P-701122,2025-01,,Uttar Pradesh,Ministry of Civil Aviation,7,18,0,0.0,2.9965457685664942,6.0,-3.0034542314335058,,,,,,,,5.222222222222222,0,0,0,92,0,0,0,0,0,1,1,1,1,1,1
P-701122,2025-02,,Uttar Pradesh,Ministry of Civil Aviation,8,17,0,0.0,4.303972366148532,10.0,-5.696027633851468,4.0,,,7.57,,,,5.294117647058823,0,0,0,92,0,0,0,0,0,1,1,1,1,1,1
P-701122,2025-03,,Uttar Pradesh,Ministry of Civil Aviation,9,16,0,0.0,7.241796200345423,10.4,-3.1582037996545775,0.40000000000000036,,,17.009999999999998,,,,5.6,1,0,0,92,0,0,0,0,0,1,1,1,1,1,1
P-701122,2025-04,,Uttar Pradesh,Ministry of Civil Aviation,10,15,0,0.0,8.101899827288428,11.0,-2.8981001727115725,0.5999999999999996,5.0,,4.979999999999997,29.559999999999995,,1.6666666666666667,5.933333333333334,0,0,0,92,0,0,0,0,0,1,1,1,1,1,1
P-701122,2025-05,,Uttar Pradesh,Ministry of Civil Aviation,11,14,0,0.0,9.701208981001727,11.5,-1.7987910189982728,0.5,1.5,,9.260000000000005,31.25,,0.5,6.321428571428571,0,0,0,92,0,0,0,0,0,1,1,1,1,1,1
P-701122,2025-06,,Uttar Pradesh,Ministry of Civil Aviation,12,13,0,0.0,12.474956822107082,13.0,-0.5250431778929183,1.5,2.5999999999999996,,16.060000000000002,30.300000000000004,,0.8666666666666666,6.6923076923076925,0,0,0,92,0,0,0,0,0,1,1,1,1,1,1
P-701122,2025-07,,Uttar Pradesh,Ministry of Civil Aviation,12,12,0,0.0,12.832469775474957,14.0,-1.1675302245250432,1.0,3.0,8.0,2.069999999999993,27.39,56.949999999999996,1.0,7.166666666666667,0,0,0,74,0,0,0,0,0,1,1,1,1,1,1
P-701122,2025-08,,Uttar Pradesh,Ministry of Civil Aviation,14,11,0,0.0,13.278065630397236,16.0,-2.7219343696027636,2.0,4.5,6.0,2.5799999999999983,20.709999999999994,51.959999999999994,1.5,7.636363636363637,0,0,0,90,0,0,0,0,0,1,1,1,1,1,1
P-701122,2025-09,,Uttar Pradesh,Ministry of Civil Aviation,15,10,0,0.0,15.217616580310882,17.0,-1.7823834196891184,1.0,4.0,6.6,11.230000000000004,15.879999999999995,46.18,1.3333333333333333,8.3,0,0,0,82,0,0,,0,0,1,1,1,0,1,1
P-701122,2025-10,,Uttar Pradesh,Ministry of Civil Aviation,16,9,0,0.0,15.309153713298791,20.0,-4.690846286701209,3.0,6.0,9.0,0.5300000000000011,14.340000000000003,41.730000000000004,2.0,8.88888888888889,0,0,0,90,0,0,,0,0,1,1,1,0,1,1
P-701126,2025-08,,Gujarat,Ministry of Civil Aviation,38,10,0,18.850574712643677,86.9619600257898,64.0,22.961960025789807,1.0,7.0,19.0,682.36,744.28,906.8399999999999,2.3333333333333335,3.6,0,1,1,90,0,0,0,0,0,1,1,1,1,1,1
P-701126,2025-09,,Gujarat,Ministry of Civil Aviation,39,9,0,18.850574712643677,44.89941972920696,66.0,-21.10058027079304,2.0,5.0,16.0,-652.39,47.74000000000001,190.84999999999997,1.6666666666666667,3.7777777777777777,0,1,1,70,0,0,0,0,0,1,1,1,1,1,1
P-701126,2025-10,,Gujarat,Ministry of Civil Aviation,40,8,0,18.850574712643677,46.30560928433269,67.0,-20.69439071566731,1.0,4.0,12.0,21.81000000000006,51.780000000000086,157.25,1.3333333333333333,4.125,0,1,1,90,0,0,0,0,0,1,1,1,1,1,1
P-701127,2025-01,CIVIL AVIATION,Rajasthan,Ministry of Civil Aviation,32,5,7,0.0,37.610416666666666,62.0,-24.389583333333334,,,,,,,,7.6,0,0,0,92,0,1,1,0,0,1,1,1,1,1,1
P-701127,2025-02,CIVIL AVIATION,Rajasthan,Ministry of Civil Aviation,33,4,7,0.0,38.50416666666667,66.0,-27.49583333333333,4.0,,,4.289999999999992,,,,8.5,0,0,0,92,0,1,1,0,0,1,1,1,1,1,1
P-701127,2025-03,CIVIL AVIATION,Rajasthan,Ministry of Civil Aviation,34,7,11,0.0,45.25,59.0,-13.75,-7.0,,,32.379999999999995,,,,5.857142857142857,0,1,0,80,0,0,0,0,0,1,1,1,1,1,1
P-701127,2025-04,CIVIL AVIATION,Rajasthan,Ministry of Civil Aviation,35,6,11,0.0,45.25,60.0,-14.75,1.0,-2.0,,0.0,36.66999999999999,,-0.6666666666666666,6.666666666666667,0,1,0,84,0,0,1,0,0,1,1,1,1,1,1
P-701127,2025-05,CIVIL AVIATION,Rajasthan,Ministry of Civil Aviation,36,5,11,0.0,51.389583333333334,70.0,-18.610416666666666,10.0,4.0,,29.47,61.849999999999994,,1.3333333333333333,6.0,0,1,0,84,0,0,1,0,0,1,1,1,1,1,1
P-701127,2025-06,CIVIL AVIATION,Rajasthan,Ministry of Civil Aviation,37,4,11,0.0,53.06458333333333,77.75,-24.68541666666667,7.75,18.75,,8.04000000000002,37.51000000000002,,6.25,5.5625,0,1,0,92,0,0,1,0,0,1,1,1,1,1,1
P-701127,2025-07,CIVIL AVIATION,Rajasthan,Ministry of Civil Aviation,27,3,11,0.0,53.06458333333333,77.0,-23.93541666666667,-0.75,17.0,15.0,0.0,37.51000000000002,74.18,5.666666666666667,7.666666666666667,0,1,0,82,0,1,1,0,0,1,1,1,1,1,1
P-701127,2025-08,CIVIL AVIATION,Rajasthan,Ministry of Civil Aviation,39,2,11,0.0,58.69166666666668,84.0,-25.308333333333323,7.0,14.0,18.0,27.01000000000002,35.05000000000004,96.90000000000003,4.666666666666667,8.0,0,1,0,90,0,1,1,0,0,1,1,1,1,1,1
P-701127,2025-09,CIVIL AVIATION,Rajasthan,Ministry of Civil Aviation,40,1,11,0.0,62.88125,89.0,-26.11875,5.0,11.25,30.0,20.109999999999957,47.119999999999976,84.63,3.75,11.0,0,1,0,82,0,1,1,0,0,1,1,1,1,1,1
P-701127,2025-10,CIVIL AVIATION,Rajasthan,Ministry of Civil Aviation,41,1,12,0.0,66.225,96.0,-29.775000000000006,7.0,19.0,36.0,16.05000000000001,63.16999999999999,100.68,6.333333333333333,4.0,0,2,0,90,0,1,1,0,0,1,1,1,1,1,1
P-701128,2025-01,CIVIL AVIATION,Rajasthan,Ministry of Civil Aviation,19,20,6,0.0,22.720405862457724,47.17,-24.449594137542277,,,,,,,,2.6414999999999997,0,0,0,92,0,0,,0,0,1,1,1,0,1,1
P-701128,2025-02,CIVIL AVIATION,Rajasthan,Ministry of Civil Aviation,20,19,6,0.0,25.96054114994363,51.66,-25.699458850056367,4.489999999999995,,,28.74000000000001,,,,2.5442105263157897,0,0,0,92,0,0,,0,0,1,1,1,0,1,1
P-701128,2025-03,CIVIL AVIATION,Rajasthan,Ministry of Civil Aviation,21,12,0,0.0,32.24013528748591,55.9,-23.659864712514086,4.240000000000002,,,55.70000000000002,,,,3.6750000000000003,0,1,0,92,0,0,,0,0,1,1,1,0,1,1
P-701128,2025-04,CIVIL AVIATION,Rajasthan,Ministry of Civil Aviation,22,11,0,0.0,33.879368658399095,59.14,-25.260631341600906,3.240000000000002,11.969999999999999,,14.539999999999964,98.97999999999999,,3.9899999999999998,3.7145454545454544,0,1,0,92,0,,,0,0,1,1,0,0,1,1
P-701128,2025-05,CIVIL AVIATION,Rajasthan,Ministry of Civil Aviation,23,10,0,0.0,33.879368658399095,62.0,-28.120631341600905,2.8599999999999994,10.340000000000003,,0.0,70.23999999999998,,3.4466666666666677,3.8,0,1,0,92,0,,,0,0,1,1,0,0,1,1
P-701128,2025-06,CIVIL AVIATION,Rajasthan,Ministry of Civil Aviation,24,9,0,0.0,35.21984216459977,44.61,-9.390157835400231,-17.39,-11.29,,11.889999999999986,26.42999999999995,,-3.763333333333333,6.154444444444445,0,1,0,80,0,,,0,0,1,1,0,0,1,1
P-701128,2025-07,CIVIL AVIATION,Rajasthan,Ministry of Civil Aviation,32,15,7,0.0,35.21984216459977,44.0,-8.780157835400232,-0.6099999999999994,-15.14,-3.1700000000000017,0.0,11.889999999999986,110.86999999999998,-5.046666666666667,3.7333333333333334,0,2,0,82,0,,,0,0,1,1,0,0,1,1
P-701128,2025-08,CIVIL AVIATION,Rajasthan,Ministry of Civil Aviation,26,14,7,0.0,39.77677564825254,49.0,-9.223224351747461,5.0,-13.0,-2.6599999999999966,40.420000000000016,52.31,122.54999999999998,-4.333333333333333,3.642857142857143,0,2,0,90,0,0,0,0,0,1,1,1,1,1,1
P-701128,2025-09,CIVIL AVIATION,Rajasthan,Ministry of Civil Aviation,27,13,7,0.0,42.706877113866966,50.0,-7.293122886133034,1.0,5.390000000000001,-5.899999999999999,25.99000000000001,66.41000000000003,92.83999999999997,1.7966666666666669,3.8461538461538463,0,2,0,82,0,0,0,0,0,1,1,1,1,1,1
P-701128,2025-10,CIVIL AVIATION,Rajasthan,Ministry of Civil Aviation,28,12,7,0.0,42.706877113866966,50.0,-7.293122886133034,0.0,6.0,-9.14,0.0,66.41000000000003,78.30000000000001,2.0,4.166666666666667,1,2,0,86,0,0,0,0,0,1,1,1,1,1,1
P-701167,2025-08,Healthcare,Jammu and Kashmir,Ministry of Health & Family Welfare,79,4,11,0.0,83.79978118161925,66.0,17.799781181619252,1.0,1.9000000000000057,3.5,26.949999999999818,246.4599999999998,319.06999999999994,0.6333333333333352,8.5,0,1,1,90,0,1,1,1,1,1,1,1,1,1,1
P-701167,2025-09,Healthcare,Jammu and Kashmir,Ministry of Health & Family Welfare,80,3,11,0.0,85.62636761487965,67.0,18.626367614879655,1.0,2.5,3.5,33.3900000000001,262.8699999999999,288.6199999999999,0.8333333333333334,11.0,0,1,1,82,0,1,1,1,1,1,1,1,1,1,1
P-701167,2025-10,Healthcare,Jammu and Kashmir,Ministry of Health & Family Welfare,81,2,11,0.0,72.30306345733041,68.0,4.30306345733041,1.0,3.0,4.0,-243.54999999999995,-183.21000000000004,345.06000000000006,1.0,16.0,0,1,1,78,0,1,1,1,1,1,1,1,1,1,1
P-701171,2025-08,Healthcare,Telangana,Ministry of Health & Family Welfare,80,4,39,32.87451361867705,59.51535561330942,84.0,-24.484644386690583,1.0,1.9599999999999937,3.1299999999999955,20.710000000000036,69.19000000000005,112.53000000000009,0.6533333333333312,4.0,0,2,1,90,0,1,1,0,0,1,1,1,1,1,1
P-701171,2025-09,Healthcare,Telangana,Ministry of Health & Family Welfare,81,3,39,32.87451361867705,60.17716607489293,85.0,-24.82283392510707,1.0,1.9300000000000068,3.7099999999999937,9.039999999999964,68.23000000000002,95.39999999999998,0.6433333333333356,5.0,0,2,1,82,0,1,1,0,0,1,1,1,1,1,1
P-701171,2025-10,Healthcare,Telangana,Ministry of Health & Family Welfare,82,2,39,32.87451361867705,59.06511951389143,85.0,-25.934880486108568,0.0,2.0,3.3799999999999955,-15.190000000000055,14.559999999999945,71.89999999999998,0.6666666666666666,7.5,1,2,1,78,0,1,1,0,0,1,1,1,1,1,1
P-701173,2025-08,Healthcare,Haryana,Ministry of Health & Family Welfare,78,16,46,0.0,26.89838337182448,28.0,-1.1016166281755204,0.0,4.800000000000001,16.1,0.0,80.21000000000004,146.96000000000004,1.6000000000000003,4.5,1,1,1,86,0,0,0,1,1,1,1,1,1,1,1
P-701173,2025-09,Healthcare,Haryana,Ministry of Health & Family Welfare,21,15,46,0.0,26.89838337182448,28.0,-1.1016166281755204,0.0,1.8599999999999994,13.08,0.0,42.200000000000045,105.21000000000004,0.6199999999999998,4.8,2,1,1,78,0,0,0,1,1,1,1,1,1,1,1
P-701173,2025-10,Healthcare,Haryana,Ministry of Health & Family Welfare,22,14,46,0.0,26.89838337182448,28.0,-1.1016166281755204,0.0,0.0,9.0,0.0,0.0,105.21000000000004,0.0,5.142857142857143,3,1,1,86,0,0,0,1,1,1,1,1,1,1,1
P-701228,2025-01,Energy Storage,"Multi-States (Karnataka, Kerala, Tamil Nadu)",Ministry of Petroleum & Natural Gas,187,2,147,102.71012006861064,70.28769673379591,93.3,-23.012303266204086,,,,,,,,3.3500000000000014,0,0,0,92,0,,,0,0,1,1,0,0,1,1
P-701228,2025-02,Energy Storage,"Multi-States (Karnataka, Kerala, Tamil Nadu)",Ministry of Petroleum & Natural Gas,188,13,159,102.71012006861064,70.41631409713995,93.5,-23.083685902860054,0.20000000000000284,,,7.599999999999454,,,,0.5,1,1,0,92,0,,,0,0,1,1,0,0,1,1
P-701228,2025-03,Energy Storage,"Multi-States (Karnataka, Kerala, Tamil Nadu)",Ministry of Petroleum & Natural Gas,189,12,159,102.71012006861064,70.67524115755627,93.7,-23.02475884244373,0.20000000000000284,,,15.300000000000182,,,,0.5249999999999998,2,1,0,92,0,,,0,0,1,1,0,0,1,1
P-701228,2025-04,Energy Storage,"Multi-States (Karnataka, Kerala, Tamil Nadu)",Ministry of Petroleum & Natural Gas,190,8,156,102.71012006861064,70.94093755288542,93.8,-22.85906244711458,0.09999999999999432,0.5,,15.699999999999818,38.599999999999454,,0.16666666666666666,0.7750000000000004,3,2,0,84,0,,,0,0,1,1,0,0,1,1
P-701228,2025-05,Energy Storage,"Multi-States (Karnataka, Kerala, Tamil Nadu)",Ministry of Petroleum & Natural Gas,191,7,156,102.71012006861064,72.68234895921476,94.0,-21.317651040785236,0.20000000000000284,0.5,,102.90000000000055,133.90000000000055,,0.16666666666666666,0.8571428571428571,4,2,0,84,0,0,0,0,0,1,1,1,1,1,1
P-701228,2025-06,Energy Storage,"Multi-States (Karnataka, Kerala, Tamil Nadu)",Ministry of Petroleum & Natural Gas,192,6,156,102.71012006861064,74.14452530038923,94.2,-20.05547469961077,0.20000000000000284,0.5,,86.39999999999964,205.0,,0.16666666666666666,0.9666666666666662,5,2,0,92,0,0,1,0,0,1,1,1,1,1,1
P-701228,2025-07,Energy Storage,"Multi-States (Karnataka, Kerala, Tamil Nadu)",Ministry of Petroleum & Natural Gas,193,5,156,102.71012006861064,75.00253850059231,94.0,-18.99746149940769,-0.20000000000000284,0.20000000000000284,0.7000000000000028,50.69999999999982,240.0,278.59999999999945,0.06666666666666761,1.2,6,2,0,74,0,0,1,0,0,1,1,1,1,1,1
P-701228,2025-08,Energy Storage,"Multi-States (Karnataka, Kerala, Tamil Nadu)",Ministry of Petroleum & Natural Gas,194,4,156,102.71012006861064,75.3645286850567,94.0,-18.635471314943302,0.0,0.0,0.5,21.390000000000327,158.48999999999978,292.3900000000003,0.0,1.5,7,2,0,90,0,0,1,0,0,1,1,1,1,1,1
P-701228,2025-09,Energy Storage,"Multi-States (Karnataka, Kerala, Tamil Nadu)",Ministry of Petroleum & Natural Gas,195,3,156,102.71012006861064,75.3645286850567,95.0,-19.635471314943302,1.0,0.7999999999999972,1.2999999999999972,0.0,72.09000000000015,277.09000000000015,0.2666666666666657,1.6666666666666667,0,2,0,82,0,1,1,0,0,1,1,1,1,1,1
P-701228,2025-10,Energy Storage,"Multi-States (Karnataka, Kerala, Tamil Nadu)",Ministry of Petroleum & Natural Gas,196,2,156,102.71012006861064,76.26992722964968,95.0,-18.73007277035032,0.0,1.0,1.2000000000000028,53.5,74.89000000000033,314.8900000000003,0.3333333333333333,2.5,1,2,0,90,0,1,1,0,0,1,1,1,1,1,1
P-701263,2025-01,Energy Storage,"Multi-States (Arunachal Pradesh, Gujarat, Rajasthan)",Ministry of Petroleum & Natural Gas,,2,0,69.11358946416564,72.485501185955,84.5,-12.014498814044998,,,,,,,,7.75,0,0,0,92,0,,,0,0,1,1,0,0,1,1
P-701263,2025-02,Energy Storage,"Multi-States (Arunachal Pradesh, Gujarat, Rajasthan)",Ministry of Petroleum & Natural Gas,88,1,29,69.11358946416564,74.77000699233585,85.2,-10.429993007664152,0.7000000000000028,,,1666.25,,,,14.799999999999997,0,0,0,84,0,,,0,1,1,1,0,0,1,1
P-701263,2025-03,Energy Storage,"Multi-States (Arunachal Pradesh, Gujarat, Rajasthan)",Ministry of Petroleum & Natural Gas,,3,0,69.11358946416564,76.42458560127233,85.8,-9.37541439872767,0.5999999999999943,,,1206.800000000003,,,,4.733333333333334,0,1,0,84,0,,,0,1,1,1,0,0,1,1
P-701263,2025-04,Energy Storage,"Multi-States (Arunachal Pradesh, Gujarat, Rajasthan)",Ministry of Petroleum & Natural Gas,90,8,38,69.11358946416564,78.08067236107874,86.4,-8.319327638921266,0.6000000000000085,1.9000000000000057,,1207.8999999999942,4080.949999999997,,0.6333333333333352,1.6999999999999993,0,2,0,84,0,,,0,1,1,1,0,0,1,1
P-701263,2025-05,Energy Storage,"Multi-States (Arunachal Pradesh, Gujarat, Rajasthan)",Ministry of Petroleum & Natural Gas,91,7,38,69.11358946416564,79.13378669262514,86.9,-7.766213307374869,0.5,1.7000000000000028,,768.1100000000006,3182.8099999999977,,0.5666666666666677,1.8714285714285706,0,2,0,84,0,,,1,1,1,1,0,0,1,1
P-701263,2025-06,Energy Storage,"Multi-States (Arunachal Pradesh, Gujarat, Rajasthan)",Ministry of Petroleum & Natural Gas,92,6,38,69.11358946416564,79.93963283381548,87.4,-7.4603671661845254,0.5,1.6000000000000085,,587.760000000002,2563.769999999997,,0.5333333333333362,2.099999999999999,0,2,0,92,0,,,1,1,1,1,0,0,1,1
P-701263,2025-07,Energy Storage,"Multi-States (Arunachal Pradesh, Gujarat, Rajasthan)",Ministry of Petroleum & Natural Gas,93,8,41,69.11358946416564,81.61066399769665,87.0,-5.389336002303352,-0.4000000000000057,0.5999999999999943,2.5,1218.800000000003,2574.6700000000055,6655.620000000003,0.1999999999999981,1.625,1,3,0,74,0,,,1,1,1,1,0,0,1,1
P-701263,2025-08,Energy Storage,"Multi-States (Arunachal Pradesh, Gujarat, Rajasthan)",Ministry of Petroleum & Natural Gas,94,7,41,84.23566509773006,75.882077549428,88.0,-12.117922450571996,1.0,1.0999999999999943,2.799999999999997,770.7699999999968,2577.3300000000017,5760.139999999999,0.36666666666666475,1.7142857142857142,0,3,1,90,0,0,0,0,0,1,1,1,1,1,1
P-701263,2025-09,Energy Storage,"Multi-States (Arunachal Pradesh, Gujarat, Rajasthan)",Ministry of Petroleum & Natural Gas,95,6,41,84.23566509773006,76.19683107011163,88.0,-11.803168929888372,0.0,0.5999999999999943,2.200000000000003,250.09999999999854,2239.6699999999983,4803.439999999995,0.1999999999999981,2.0,1,3,1,82,0,0,1,0,0,1,1,1,1,1,1
P-701263,2025-10,Energy Storage,"Multi-States (Arunachal Pradesh, Gujarat, Rajasthan)",Ministry of Petroleum & Natural Gas,96,5,41,84.23566509773006,77.93529996602021,89.0,-11.06470003397979,1.0,2.0,2.5999999999999943,1381.3700000000026,2402.239999999998,4976.9100000000035,0.6666666666666666,2.2,0,3,1,90,0,0,1,0,0,1,1,1,1,1,1
P-701289,2025-08,Energy Storage,Haryana,Ministry of Petroleum & Natural Gas,54,4,15,4.61489589049008,67.23285024154589,89.0,-21.76714975845411,1.0,2.5,6.700000000000003,377.6299999999974,3476.1399999999994,6000.0,0.8333333333333334,2.75,0,0,1,90,0,,,0,0,1,1,0,0,1,1
P-701289,2025-09,Energy Storage,Haryana,Ministry of Petroleum & Natural Gas,55,9,21,4.61489589049008,69.09258799171843,89.0,-19.907412008281568,0.0,1.4000000000000057,5.099999999999994,673.6900000000023,3573.8899999999994,5975.43,0.46666666666666856,1.2222222222222223,1,1,1,82,0,,,0,0,1,1,0,0,1,1
P-701289,2025-10,Energy Storage,Haryana,Ministry of Petroleum & Natural Gas,56,8,21,4.61489589049008,73.30608695652174,90.0,-16.69391304347826,1.0,2.0,4.799999999999997,1526.3400000000001,2577.66,6856.25,0.6666666666666666,1.25,0,1,1,90,0,0,1,0,0,1,1,1,1,1,1
P-701324,2025-08,Energy Storage,Bihar,Ministry of Petroleum & Natural Gas,67,12,40,12.923700202565835,71.03958383161923,87.0,-15.960416168380775,0.0,1.2999999999999972,3.200000000000003,152.64999999999964,982.0300000000007,1471.2999999999993,0.4333333333333324,1.0833333333333333,1,0,2,90,0,0,0,0,0,1,1,1,1,1,1
P-701324,2025-09,Energy Storage,Bihar,Ministry of Petroleum & Natural Gas,68,11,40,12.923700202565835,71.73696484094714,88.0,-16.263035159052862,1.0,-1.0,3.5999999999999943,116.63000000000102,941.8700000000008,1514.6600000000017,-0.3333333333333333,1.0909090909090908,0,0,2,82,0,0,0,0,0,1,1,1,1,1,1
P-701324,2025-10,Energy Storage,Bihar,Ministry of Petroleum & Natural Gas,69,10,40,12.923700202565835,72.58407079646018,88.0,-15.415929203539818,0.0,1.0,2.9000000000000057,141.66999999999825,410.9499999999989,1470.6799999999985,0.3333333333333333,1.2,1,0,2,90,0,0,0,0,0,1,1,1,1,1,1
P-701329,2025-08,Energy Storage,Gujarat,Ministry of Petroleum & Natural Gas,59,4,16,-5.8671313899450785,69.16078541374475,83.0,-13.839214586255252,0.0,1.0999999999999943,3.5999999999999943,137.82999999999993,1456.3400000000001,2083.4500000000007,0.36666666666666475,4.25,1,0,1,90,0,,,0,0,1,1,0,0,1,1
P-701329,2025-09,Energy Storage,Gujarat,Ministry of Petroleum & Natural Gas,60,9,22,-5.8671313899450785,70.94064516129032,84.0,-13.05935483870968,1.0,1.5,3.700000000000003,317.2600000000002,1483.4300000000003,2114.8899999999994,0.5,1.7777777777777777,0,1,1,82,0,,,0,0,1,1,0,0,1,1
P-701329,2025-10,Energy Storage,Gujarat,Ministry of Petroleum & Natural Gas,61,8,22,-5.8671313899450785,71.69458625525947,84.0,-12.305413744740534,0.0,1.0,2.9000000000000057,134.38999999999942,589.4799999999996,2160.699999999999,0.3333333333333333,2.0,1,1,1,90,0,0,1,0,0,1,1,1,1,1,1
P-701330,2025-07,Energy Storage,"Multi-States (Gujarat, Haryana, Punjab, Rajasthan)",Ministry of Petroleum & Natural Gas,168,5,18,0.0,85.28138528138528,90.0,-4.718614718614717,,,,,,,,2.0,0,0,0,98,0,0,1,0,0,1,1,1,1,1,1
P-701330,2025-08,Energy Storage,"Multi-States (Gujarat, Haryana, Punjab, Rajasthan)",Ministry of Petroleum & Natural Gas,169,4,18,0.0,85.33549783549783,90.0,-4.664502164502167,0.0,,,4.0,,,,2.5,1,0,0,98,0,0,1,0,0,1,1,1,1,1,1
P-701330,2025-09,Energy Storage,"Multi-States (Gujarat, Haryana, Punjab, Rajasthan)",Ministry of Petroleum & Natural Gas,170,3,18,0.0,85.33549783549783,90.0,-4.664502164502167,0.0,,,0.0,,,,3.3333333333333335,2,0,0,86,0,1,1,0,0,1,1,1,1,1,1
P-701330,2025-10,Energy Storage,"Multi-States (Gujarat, Haryana, Punjab, Rajasthan)",Ministry of Petroleum & Natural Gas,171,2,18,0.0,85.33549783549783,90.0,-4.664502164502167,0.0,0.0,,0.0,4.0,,0.0,5.0,3,0,0,94,0,1,1,0,0,1,1,1,1,1,1
P-701338,2025-07,Energy Storage,"Multi-States (Karnataka, Maharashtra)",Ministry of Petroleum & Natural Gas,234,71,0,0.0,69.30605239385727,0.0,69.30605239385727,,,,,,,,1.408450704225352,0,0,0,98,0,0,0,0,0,1,1,1,1,1,1
P-701338,2025-08,Energy Storage,"Multi-States (Karnataka, Maharashtra)",Ministry of Petroleum & Natural Gas,235,70,0,0.0,69.76495031616983,0.0,69.76495031616983,0.0,,,25.399999999999636,,,,1.4285714285714286,1,0,0,98,0,0,0,0,0,1,1,1,1,1,1
P-701338,2025-09,Energy Storage,"Multi-States (Karnataka, Maharashtra)",Ministry of Petroleum & Natural Gas,236,69,0,0.0,70.15808491418248,0.0,70.15808491418248,0.0,,,21.76000000000022,,,,1.4492753623188406,2,0,0,90,0,0,0,0,0,1,1,1,1,1,1
P-701338,2025-10,Energy Storage,"Multi-States (Karnataka, Maharashtra)",Ministry of Petroleum & Natural Gas,237,68,0,0.0,72.02330623306233,0.0,72.02330623306233,0.0,0.0,,103.23999999999978,150.39999999999964,,0.0,1.4705882352941178,3,0,0,98,0,0,0,0,0,1,1,1,1,1,1
P-701343,2025-08,Energy Storage,"Multi-States (Andhra Pradesh, Odisha)",Ministry of Petroleum & Natural Gas,71,4,41,5.705064062535261,78.43345195729538,95.0,-16.566548042704625,1.0,0.5999999999999943,1.0999999999999943,11.300000000000182,30.679999999999836,99.17999999999984,0.1999999999999981,1.25,0,1,1,90,0,0,1,0,0,1,1,1,1,1,1
P-701343,2025-09,Energy Storage,"Multi-States (Andhra Pradesh, Odisha)",Ministry of Petroleum & Natural Gas,72,3,41,5.705064062535261,80.88896797153025,95.0,-14.11103202846975,0.0,0.4000000000000057,1.0,69.0,93.88000000000011,140.2800000000002,0.13333333333333522,1.6666666666666667,1,1,1,82,0,1,1,0,0,1,1,1,1,1,1
P-701343,2025-10,Energy Storage,"Multi-States (Andhra Pradesh, Odisha)",Ministry of Petroleum & Natural Gas,73,2,41,5.705064062535261,81.24483985765124,96.0,-14.755160142348757,1.0,2.0,1.7999999999999972,10.0,90.30000000000018,109.67999999999984,0.6666666666666666,2.0,0,1,1,90,0,1,1,0,0,1,1,1,1,1,1
P-701344,2025-08,Energy Storage,"Multi-States (Odisha, West Bengal)",Ministry of Petroleum & Natural Gas,65,4,37,9.154417115412594,75.96444444444444,87.0,-11.035555555555561,0.0,0.5,1.4000000000000057,0.8999999999999773,18.700000000000045,44.200000000000045,0.16666666666666666,3.25,7,0,1,90,0,0,1,0,0,1,1,1,1,1,1
P-701344,2025-09,Energy Storage,"Multi-States (Odisha, West Bengal)",Ministry of Petroleum & Natural Gas,66,3,37,9.154417115412594,76.90666666666667,88.0,-11.093333333333334,1.0,1.2000000000000028,2.0,10.600000000000023,23.300000000000068,42.30000000000007,0.40000000000000097,4.0,0,0,1,82,0,1,1,0,0,1,1,1,1,1,1
P-701344,2025-10,Energy Storage,"Multi-States (Odisha, West Bengal)",Ministry of Petroleum & Natural Gas,67,2,37,9.154417115412594,78.20444444444445,88.0,-9.795555555555552,0.0,1.0,1.7000000000000028,14.599999999999909,26.09999999999991,48.0,0.3333333333333333,6.0,1,0,1,90,0,1,1,0,0,1,1,1,1,1,1
P-701346,2025-01,Energy Storage,"Multi-States (Arunachal Pradesh, Assam, Manipur, Meghalaya, Mizoram, Nagaland, Sikkim, Tripura, West Bengal)",Ministry of Petroleum & Natural Gas,,26,0,0.0,62.028386400431735,83.98,-21.95161359956827,,,,,,,,0.616153846153846,0,0,0,92,0,0,,0,0,1,1,1,0,1,1
P-701346,2025-02,Energy Storage,"Multi-States (Arunachal Pradesh, Assam, Manipur, Meghalaya, Mizoram, Nagaland, Sikkim, Tripura, West Bengal)",Ministry of Petroleum & Natural Gas,51,25,36,0.0,62.028386400431735,84.0,-21.971613599568265,0.01999999999999602,,,0.0,,,,0.64,1,0,0,84,0,0,,0,0,1,1,1,0,1,1
P-701346,2025-03,Energy Storage,"Multi-States (Arunachal Pradesh, Assam, Manipur, Meghalaya, Mizoram, Nagaland, Sikkim, Tripura, West Bengal)",Ministry of Petroleum & Natural Gas,,24,0,0.0,67.67609282245009,84.4,-16.72390717754992,0.4000000000000057,,,523.2599999999993,,,,0.6499999999999998,2,0,0,84,0,0,,0,0,1,1,1,0,1,1
P-701346,2025-04,Energy Storage,"Multi-States (Arunachal Pradesh, Assam, Manipur, Meghalaya, Mizoram, Nagaland, Sikkim, Tripura, West Bengal)",Ministry of Petroleum & Natural Gas,53,23,36,0.0,67.67609282245009,84.51,-16.833907177549918,0.10999999999999943,0.5300000000000011,,0.0,523.2599999999993,,0.17666666666666705,0.673478260869565,3,0,0,84,0,,,0,0,1,1,0,0,1,1
P-701346,2025-05,Energy Storage,"Multi-States (Arunachal Pradesh, Assam, Manipur, Meghalaya, Mizoram, Nagaland, Sikkim, Tripura, West Bengal)",Ministry of Petroleum & Natural Gas,54,22,36,0.0,67.67609282245009,84.51,-16.833907177549918,0.0,0.5100000000000051,,0.0,523.2599999999993,,0.1700000000000017,0.7040909090909089,4,0,0,80,0,,,0,0,1,1,0,0,1,1
P-701346,2025-06,Energy Storage,"Multi-States (Arunachal Pradesh, Assam, Manipur, Meghalaya, Mizoram, Nagaland, Sikkim, Tripura, West Bengal)",Ministry of Petroleum & Natural Gas,55,21,36,0.0,67.67609282245009,84.51,-16.833907177549918,0.0,0.10999999999999943,,0.0,0.0,,0.03666666666666648,0.7376190476190474,5,0,0,88,0,,,0,0,1,1,0,0,1,1
P-701346,2025-07,Energy Storage,"Multi-States (Arunachal Pradesh, Assam, Manipur, Meghalaya, Mizoram, Nagaland, Sikkim, Tripura, West Bengal)",Ministry of Petroleum & Natural Gas,63,8,24,0.0,68.80755531570426,85.0,-16.192444684295737,0.4899999999999949,0.4899999999999949,1.019999999999996,104.83000000000084,104.83000000000084,628.0900000000001,0.16333333333333164,1.875,6,1,0,74,0,,,0,0,1,1,0,0,1,1
P-701346,2025-08,Energy Storage,"Multi-States (Arunachal Pradesh, Assam, Manipur, Meghalaya, Mizoram, Nagaland, Sikkim, Tripura, West Bengal)",Ministry of Petroleum & Natural Gas,64,7,24,0.0,69.01079330814895,85.0,-15.989206691851052,0.0,0.4899999999999949,1.0,18.829999999999927,123.66000000000076,646.9200000000001,0.16333333333333164,2.142857142857143,7,1,0,90,0,0,0,0,0,1,1,1,1,1,1
P-701346,2025-09,Energy Storage,"Multi-States (Arunachal Pradesh, Assam, Manipur, Meghalaya, Mizoram, Nagaland, Sikkim, Tripura, West Bengal)",Ministry of Petroleum & Natural Gas,65,6,24,0.0,69.36362655153805,85.0,-15.636373448461953,0.0,0.4899999999999949,0.5999999999999943,32.6899999999996,156.35000000000036,156.35000000000036,0.16333333333333164,2.5,8,1,0,82,0,0,1,0,0,1,1,1,1,1,1
P-701346,2025-10,Energy Storage,"Multi-States (Arunachal Pradesh, Assam, Manipur, Meghalaya, Mizoram, Nagaland, Sikkim, Tripura, West Bengal)",Ministry of Petroleum & Natural Gas,66,5,24,0.0,71.27846735024285,86.0,-14.721532649757151,1.0,1.0,1.4899999999999949,177.40999999999985,228.92999999999938,333.7600000000002,0.3333333333333333,2.8,0,1,0,90,0,0,1,0,0,1,1,1,1,1,1
P-701349,2025-08,Energy Storage,"Multi-States (Assam, Bihar, Jharkhand, Odisha, West Bengal)",Ministry of Petroleum & Natural Gas,79,1,14,11.527180289401642,85.62040852108353,87.0,-1.379591478916467,1.0,1.9399999999999977,4.099999999999994,64.76999999999862,318.8899999999994,742.3799999999992,0.646666666666666,13.0,0,0,1,90,0,,,0,0,1,1,0,0,1,1
P-701349,2025-09,Energy Storage,"Multi-States (Assam, Bihar, Jharkhand, Odisha, West Bengal)",Ministry of Petroleum & Natural Gas,80,1,15,11.527180289401642,86.01113351450864,87.0,-0.9888664854913571,0.0,1.9000000000000057,3.1899999999999977,44.57000000000153,231.98000000000138,598.710000000001,0.6333333333333352,13.0,1,1,1,82,0,,,0,0,1,1,0,0,1,1
P-701349,2025-10,Energy Storage,"Multi-States (Assam, Bihar, Jharkhand, Odisha, West Bengal)",Ministry of Petroleum & Natural Gas,81,5,20,11.527180289401642,86.97545366879987,88.0,-1.0245463312001277,1.0,2.0,3.469999999999999,110.0,219.34000000000015,673.7900000000009,0.6666666666666666,2.4,0,2,1,90,0,1,1,0,0,1,1,1,1,1,1
P-701350,2025-01,Energy Storage,"Multi-States (Assam, West Bengal)",Ministry of Petroleum & Natural Gas,43,3,4,0.0,54.32790697674419,92.4,-38.07209302325582,,,,,,,,2.5333333333333314,0,0,0,92,0,,,0,0,1,1,0,0,1,1
P-701350,2025-02,Energy Storage,"Multi-States (Assam, West Bengal)",Ministry of Petroleum & Natural Gas,44,2,4,0.0,54.67674418604651,93.5,-38.82325581395349,1.0999999999999943,,,3.0,,,,3.25,0,0,0,92,0,,,0,0,1,1,0,0,1,1
P-701350,2025-03,Energy Storage,"Multi-States (Assam, West Bengal)",Ministry of Petroleum & Natural Gas,45,1,4,0.0,62.26279069767442,95.0,-32.73720930232558,1.5,,,65.24000000000001,,,,5.0,0,0,0,92,0,,,0,0,1,1,0,0,1,1
P-701350,2025-04,Energy Storage,"Multi-States (Assam, West Bengal)",Ministry of Petroleum & Natural Gas,46,3,7,0.0,62.26279069767442,96.0,-33.73720930232558,1.0,3.5999999999999943,,0.0,68.24000000000001,,1.1999999999999982,1.3333333333333333,0,1,0,84,0,,,0,0,1,1,0,0,1,1
P-701350,2025-05,Energy Storage,"Multi-States (Assam, West Bengal)",Ministry of Petroleum & Natural Gas,47,2,7,0.0,62.26279069767442,96.5,-34.23720930232558,0.5,3.0,,0.0,65.24000000000001,,1.0,1.75,0,1,0,84,0,1,1,0,0,1,1,1,1,1,1
P-701350,2025-06,Energy Storage,"Multi-States (Assam, West Bengal)",Ministry of Petroleum & Natural Gas,48,4,10,0.0,62.26279069767442,97.5,-35.23720930232558,1.0,2.5,,0.0,0.0,,0.8333333333333334,0.625,0,2,0,92,0,0,1,0,0,1,1,1,1,1,1
P-701350,2025-07,Energy Storage,"Multi-States (Assam, West Bengal)",Ministry of Petroleum & Natural Gas,49,3,10,0.0,65.83488372093022,98.0,-32.16511627906978,0.5,2.0,5.599999999999994,30.719999999999914,30.719999999999914,98.95999999999992,0.6666666666666666,0.6666666666666666,0,2,0,82,0,1,1,0,0,1,1,1,1,1,1
P-701350,2025-08,Energy Storage,"Multi-States (Assam, West Bengal)",Ministry of Petroleum & Natural Gas,50,2,10,0.0,67.9953488372093,98.0,-30.004651162790694,0.0,1.5,4.5,18.58000000000004,49.299999999999955,114.53999999999996,0.5,1.0,1,2,0,90,0,1,1,0,0,1,1,1,1,1,1
P-701354,2025-08,Energy Storage,"Multi-States (Chhattisgarh, Madhya Pradesh, Maharashtra, Odisha)",Ministry of Petroleum & Natural Gas,62,1,28,5.236319597157153,78.68685645063597,96.0,-17.313143549364028,1.0,1.5,3.4000000000000057,0.0,145.70000000000073,383.7000000000007,0.5,4.0,0,1,1,90,0,,,0,0,1,1,0,0,1,1
P-701354,2025-09,Energy Storage,"Multi-States (Chhattisgarh, Madhya Pradesh, Maharashtra, Odisha)",Ministry of Petroleum & Natural Gas,63,3,31,5.236319597157153,80.06541490006057,96.0,-15.934585099939426,0.0,0.9000000000000057,2.799999999999997,113.79999999999927,197.19999999999982,385.09999999999945,0.3000000000000019,1.3333333333333333,1,2,1,82,0,,,0,0,1,1,0,0,1,1
P-701354,2025-10,Energy Storage,"Multi-States (Chhattisgarh, Madhya Pradesh, Maharashtra, Odisha)",Ministry of Petroleum & Natural Gas,64,2,31,5.236319597157153,80.69291338582677,96.0,-15.30708661417323,0.0,1.0,2.200000000000003,51.80000000000018,165.59999999999945,395.1999999999998,0.3333333333333333,2.0,2,2,1,90,0,1,1,0,0,1,1,1,1,1,1
P-701370,2025-07,Telecommunication,Assam,"Department of Water Resources, River Development & GR",343,-4,27,0.0,0.0,0.0,0.0,,,,,,,,100.0,0,0,0,98,0,1,1,0,0,1,1,1,1,1,1
P-701370,2025-08,Telecommunication,Assam,"Department of Water Resources, River Development & GR",344,7,39,0.0,0.0,55.0,-55.0,55.0,,,0.0,,,,6.428571428571429,0,1,0,90,0,0,0,0,0,1,1,1,1,1,1
P-701370,2025-09,Telecommunication,Assam,"Department of Water Resources, River Development & GR",353,6,39,0.0,17.45003123048095,55.0,-37.549968769519054,0.0,,,44.7,,,,7.5,1,1,0,90,0,0,0,0,0,1,1,1,1,1,1
P-701370,2025-10,Telecommunication,Assam,"Department of Water Resources, River Development & GR",354,5,39,0.0,17.45003123048095,55.0,-37.549968769519054,0.0,55.0,,0.0,44.7,,18.333333333333332,9.0,2,1,0,94,0,0,0,0,0,1,1,1,1,1,1
P-701372,2025-07,Telecommunication,Gujarat,"Department of Water Resources, River Development & GR",351,-4,63,61.2714829543343,95.07696221473999,93.0,2.076962214739993,,,,,,,,7.0,0,0,0,98,0,,,0,0,1,1,0,0,1,1
P-701372,2025-08,Telecommunication,Gujarat,"Department of Water Resources, River Development & GR",352,4,72,61.2714829543343,95.07696221473999,93.0,2.076962214739993,0.0,,,0.0,,,,1.75,1,1,0,94,0,,,0,0,1,1,0,0,1,1
P-701372,2025-09,Telecommunication,Gujarat,"Department of Water Resources, River Development & GR",353,6,75,61.2714829543343,95.35610924055368,93.0,2.3561092405536783,0.0,,,93.27000000000044,,,,1.1666666666666667,2,2,0,90,0,,,0,0,1,1,0,0,1,1
P-701372,2025-10,Telecommunication,Gujarat,"Department of Water Resources, River Development & GR",354,5,75,61.2714829543343,95.35610924055368,93.0,2.3561092405536783,0.0,0.0,,0.0,93.27000000000044,,0.0,1.4,3,2,0,94,0,0,0,0,0,1,1,1,1,1,1
P-701376,2025-07,Telecommunication,Jharkhand,"Department of Water Resources, River Development & GR",162,-3,64,151.57979604860589,57.94345889903315,69.0,-11.056541100966847,,,,,,,,31.0,0,0,0,98,0,1,1,0,0,1,1,1,1,1,1
P-701376,2025-08,Telecommunication,Jharkhand,"Department of Water Resources, River Development & GR",163,7,75,151.57979604860589,58.060687420534094,69.0,-10.939312579465906,0.0,,,11.230000000000473,,,,4.428571428571429,1,1,0,98,0,0,0,0,0,1,1,1,1,1,1
P-701376,2025-09,Telecommunication,Jharkhand,"Department of Water Resources, River Development & GR",173,6,75,151.57979604860589,58.060687420534094,69.0,-10.939312579465906,0.0,,,0.0,,,,5.166666666666667,2,1,0,86,0,0,0,0,0,1,1,1,1,1,1
P-701376,2025-10,Telecommunication,Jharkhand,"Department of Water Resources, River Development & GR",174,5,75,151.57979604860589,60.444090450729576,70.0,-9.555909549270424,1.0,1.0,,228.3199999999997,239.55000000000018,,0.3333333333333333,6.0,0,1,0,98,0,0,0,0,0,1,1,1,1,1,1
P-701377,2025-07,Telecommunication,Karnataka,"Department of Water Resources, River Development & GR",135,-4,63,108.53718707800977,94.09427982591046,99.0,-4.905720174089538,,,,,,,,1.0,0,0,0,98,0,,,0,0,1,1,0,0,1,1
P-701377,2025-08,Telecommunication,Karnataka,"Department of Water Resources, River Development & GR",136,4,72,108.53718707800977,94.09427982591046,99.0,-4.905720174089538,0.0,,,0.0,,,,0.25,1,1,0,94,0,,,0,0,1,1,0,0,1,1
P-701377,2025-09,Telecommunication,Karnataka,"Department of Water Resources, River Development & GR",137,6,75,108.53718707800977,94.34956135162228,99.0,-4.650438648377715,0.0,,,4.099999999999909,,,,0.16666666666666666,2,2,0,90,0,,,0,0,1,1,0,0,1,1
P-701377,2025-10,Telecommunication,Karnataka,"Department of Water Resources, River Development & GR",138,5,75,108.53718707800977,94.34956135162228,99.0,-4.650438648377715,0.0,0.0,,0.0,4.099999999999909,,0.0,0.2,3,2,0,94,0,0,0,0,0,1,1,1,1,1,1
P-701383,2025-07,Telecommunication,Maharashtra,"Department of Water Resources, River Development & GR",351,8,75,66.05539240219454,87.02594810379242,89.0,-1.974051896207584,,,,,,,,1.375,0,0,0,98,0,0,0,0,0,1,1,1,1,1,1
P-701383,2025-08,Telecommunication,Maharashtra,"Department of Water Resources, River Development & GR",352,7,75,66.05539240219454,87.03106607298224,89.0,-1.9689339270177584,0.0,,,0.09000000000014552,,,,1.5714285714285714,1,0,0,98,0,0,0,0,0,1,1,1,1,1,1
P-701383,2025-09,Telecommunication,Maharashtra,"Department of Water Resources, River Development & GR",353,6,75,66.05539240219454,88.54882826938716,89.0,-0.45117173061284177,0.0,,,26.690000000000055,,,,1.8333333333333333,2,0,0,90,0,0,0,0,0,1,1,1,1,1,1
P-701383,2025-10,Telecommunication,Maharashtra,"Department of Water Resources, River Development & GR",354,5,75,66.05539240219454,88.56645682992989,89.0,-0.43354317007010934,0.0,0.0,,0.30999999999994543,27.090000000000146,,0.0,2.2,3,0,0,98,0,0,0,0,0,1,1,1,1,1,1
P-701386,2025-07,Telecommunication,Maharashtra,"Department of Water Resources, River Development & GR",207,11,78,77.44949954630533,105.97638233060039,72.0,33.97638233060039,,,,,,,,2.5454545454545454,0,0,0,98,0,,,0,0,1,1,0,0,1,1
P-701386,2025-08,Telecommunication,Maharashtra,"Department of Water Resources, River Development & GR",92,10,78,77.44949954630533,105.97638233060039,72.0,33.97638233060039,0.0,,,0.0,,,,2.8,1,0,0,94,0,,,0,0,1,1,0,0,1,1
P-701386,2025-09,Telecommunication,Maharashtra,"Department of Water Resources, River Development & GR",209,33,102,77.44949954630533,107.21239457795944,72.0,35.212394577959444,0.0,,,157.83999999999833,,,,0.8484848484848485,2,1,0,90,0,,,0,0,1,1,0,0,1,1
P-701386,2025-10,Telecommunication,Maharashtra,"Department of Water Resources, River Development & GR",210,32,102,77.44949954630533,107.79257797511374,72.0,35.792577975113744,0.0,0.0,,74.09000000000015,231.92999999999847,,0.0,0.875,3,1,0,98,0,0,0,0,0,1,1,1,1,1,1
P-701391,2025-07,Telecommunication,Maharashtra,"Department of Water Resources, River Development & GR",186,-6,61,599.52007602756,115.33821511541021,97.0,18.338215115410208,,,,,,,,3.0,0,0,0,98,0,1,1,0,0,1,1,1,1,1,1
P-701391,2025-08,Telecommunication,Maharashtra,"Department of Water Resources, River Development & GR",187,4,72,599.52007602756,115.33821511541021,97.0,18.338215115410208,0.0,,,0.0,,,,0.75,1,1,0,94,0,0,0,0,0,1,1,1,1,1,1
P-701391,2025-09,Telecommunication,Maharashtra,"Department of Water Resources, River Development & GR",197,3,72,599.52007602756,115.33821511541021,97.0,18.338215115410208,0.0,,,0.0,,,,1.0,2,1,0,86,0,0,0,0,0,1,1,1,1,1,1
P-701391,2025-10,Telecommunication,Maharashtra,"Department of Water Resources, River Development & GR",198,2,72,599.52007602756,115.33821511541021,97.0,18.338215115410208,0.0,0.0,,0.0,0.0,,0.0,1.5,3,1,0,94,0,0,0,0,0,1,1,1,1,1,1
P-701395,2025-07,Telecommunication,Uttar Pradesh,"Department of Water Resources, River Development & GR",211,-25,0,0.0,0.0,0.0,0.0,,,,,,,,100.0,0,0,0,98,0,1,1,0,0,1,1,1,1,1,1
P-701395,2025-08,Telecommunication,Uttar Pradesh,"Department of Water Resources, River Development & GR",212,4,0,0.0,0.0,0.0,0.0,0.0,,,0.0,,,,25.0,1,1,0,94,0,0,0,0,0,1,1,1,1,1,1
P-701395,2025-09,Telecommunication,Uttar Pradesh,"Department of Water Resources, River Development & GR",221,3,0,0.0,0.0,31.0,-31.0,31.0,,,0.0,,,,23.0,0,1,0,90,0,0,0,0,0,1,1,1,1,1,1
P-701395,2025-10,Telecommunication,Uttar Pradesh,"Department of Water Resources, River Development & GR",222,2,0,0.0,52.38744884038199,31.0,21.387448840381992,0.0,31.0,,115.2,115.2,,10.333333333333334,34.5,1,1,0,98,0,0,0,0,0,1,1,1,1,1,1
P-701396,2025-07,Telecommunication,Maharashtra,"Department of Water Resources, River Development & GR",207,11,78,478.4662265109192,89.46984534341865,64.0,25.469845343418655,,,,,,,,3.272727272727273,0,0,0,98,0,0,0,0,0,1,1,1,1,1,1
P-701396,2025-08,Telecommunication,Maharashtra,"Department of Water Resources, River Development & GR",208,10,78,478.4662265109192,89.46984534341865,64.0,25.469845343418655,0.0,,,0.0,,,,3.6,1,0,0,94,0,0,0,0,0,1,1,1,1,1,1
P-701396,2025-09,Telecommunication,Maharashtra,"Department of Water Resources, River Development & GR",209,9,78,478.4662265109192,89.46984534341865,65.0,24.469845343418655,1.0,,,0.0,,,,3.888888888888889,0,0,0,90,0,0,0,0,0,1,1,1,1,1,1
P-701396,2025-10,Telecommunication,Maharashtra,"Department of Water Resources, River Development & GR",210,8,78,478.4662265109192,89.48335246842709,65.0,24.483352468427086,0.0,1.0,,0.20000000000004547,0.20000000000004547,,0.3333333333333333,4.375,1,0,0,98,0,0,0,0,0,1,1,1,1,1,1
P-701398,2025-07,Telecommunication,Maharashtra,"Department of Water Resources, River Development & GR",195,-4,63,269.7389577225007,79.74675449254973,72.59,7.156754492549723,,,,,,,,27.409999999999997,0,0,0,98,0,1,1,0,0,1,1,1,1,1,1
P-701398,2025-08,Telecommunication,Maharashtra,"Department of Water Resources, River Development & GR",196,10,78,269.7389577225007,79.74675449254973,72.0,7.7467544925497265,-0.5900000000000034,,,0.0,,,,2.8,0,1,0,98,0,0,0,0,0,1,1,1,1,1,1
P-701398,2025-09,Telecommunication,Maharashtra,"Department of Water Resources, River Development & GR",197,9,78,269.7389577225007,79.74675449254973,72.0,7.7467544925497265,0.0,,,0.0,,,,3.111111111111111,1,1,0,86,0,0,0,0,0,1,1,1,1,1,1
P-701398,2025-10,Telecommunication,Maharashtra,"Department of Water Resources, River Development & GR",198,8,78,269.7389577225007,79.74675449254973,72.0,7.7467544925497265,0.0,-0.5900000000000034,,0.0,0.0,,-0.1966666666666678,3.5,2,1,0,94,0,0,0,0,0,1,1,1,1,1,1
P-701399,2025-07,Telecommunication,Chhattisgarh,"Department of Water Resources, River Development & GR",187,-31,0,0.0,0.0,81.8,-81.8,,,,,,,,18.200000000000003,0,0,0,98,0,1,,0,0,1,1,1,0,1,1
P-701399,2025-08,Telecommunication,Chhattisgarh,"Department of Water Resources, River Development & GR",188,4,0,0.0,0.0,86.0,-86.0,4.200000000000003,,,0.0,,,,3.5,0,1,0,98,0,0,,0,0,1,1,1,0,1,1
P-701399,2025-09,Telecommunication,Chhattisgarh,"Department of Water Resources, River Development & GR",197,3,0,0.0,0.0,86.0,-86.0,0.0,,,0.0,,,,4.666666666666667,1,1,0,86,0,0,,0,0,1,1,1,0,1,1
P-701399,2025-10,Telecommunication,Chhattisgarh,"Department of Water Resources, River Development & GR",198,2,0,0.0,62.525831175285774,86.0,-23.474168824714226,0.0,4.200000000000003,,239.03,239.03,,1.400000000000001,7.0,2,1,0,98,0,,,0,0,1,1,0,0,1,1
P-701400,2025-07,Telecommunication,Manipur,"Department of Water Resources, River Development & GR",339,8,75,25.720278176399155,100.85993063482307,98.0,2.8599306348230726,,,,,,,,0.25,0,0,0,98,0,0,0,0,0,1,1,1,1,1,1
P-701400,2025-08,Telecommunication,Manipur,"Department of Water Resources, River Development & GR",43,7,75,25.720278176399155,100.85993063482307,98.0,2.8599306348230726,0.0,,,0.0,,,,0.2857142857142857,1,0,0,94,0,0,0,0,0,1,1,1,1,1,1
P-701400,2025-09,Telecommunication,Manipur,"Department of Water Resources, River Development & GR",341,6,75,25.720278176399155,100.85993063482307,98.0,2.8599306348230726,0.0,,,0.0,,,,0.3333333333333333,2,0,0,86,0,0,0,0,0,1,1,1,1,1,1
P-701400,2025-10,Telecommunication,Manipur,"Department of Water Resources, River Development & GR",342,5,75,25.720278176399155,100.85993063482307,98.0,2.8599306348230726,0.0,0.0,,0.0,0.0,,0.0,0.4,3,0,0,94,0,0,0,0,0,1,1,1,1,1,1
P-701404,2025-07,Telecommunication,Odisha,"Department of Water Resources, River Development & GR",258,-7,60,132.5864386566003,111.39713550719598,79.0,32.39713550719598,,,,,,,,21.0,0,0,0,98,0,,,0,0,1,1,0,0,1,1
P-701404,2025-08,Telecommunication,Odisha,"Department of Water Resources, River Development & GR",259,-8,60,132.5864386566003,111.39713550719598,79.0,32.39713550719598,0.0,,,0.0,,,,21.0,1,0,0,94,0,,,0,0,1,1,0,0,1,1
P-701404,2025-09,Telecommunication,Odisha,"Department of Water Resources, River Development & GR",269,9,78,132.5864386566003,117.88004936383228,79.0,38.880049363832285,0.0,,,149.19000000000005,,,,2.3333333333333335,2,1,0,90,0,,,0,0,1,1,0,0,1,1
P-701404,2025-10,Telecommunication,Odisha,"Department of Water Resources, River Development & GR",270,8,78,132.5864386566003,117.88004936383228,79.0,38.880049363832285,0.0,0.0,,0.0,149.19000000000005,,0.0,2.625,3,1,0,94,0,0,0,0,0,1,1,1,1,1,1
P-701405,2025-07,Telecommunication,Telangana,"Department of Water Resources, River Development & GR",231,5,72,79.61859399978785,30.949694501018335,87.0,-56.050305498981665,,,,,,,,2.6,0,0,0,98,0,0,0,0,0,1,1,1,1,1,1
P-701405,2025-08,Telecommunication,Telangana,"Department of Water Resources, River Development & GR",232,4,72,79.61859399978785,30.949694501018335,87.0,-56.050305498981665,0.0,,,0.0,,,,3.25,1,0,0,94,0,0,0,0,0,1,1,1,1,1,1
P-701405,2025-09,Telecommunication,Telangana,"Department of Water Resources, River Development & GR",233,3,72,79.61859399978785,30.949694501018335,87.0,-56.050305498981665,0.0,,,0.0,,,,4.333333333333333,2,0,0,86,0,0,0,0,0,1,1,1,1,1,1
P-701405,2025-10,Telecommunication,Telangana,"Department of Water Resources, River Development & GR",234,2,72,79.61859399978785,31.668703326544467,87.0,-55.33129667345553,0.0,0.0,,105.90999999999985,105.90999999999985,,0.0,6.5,3,0,0,98,0,0,0,0,0,1,1,1,1,1,1
P-701406,2025-07,Telecommunication,Telangana,"Department of Water Resources, River Development & GR",210,8,75,79.00570613409414,73.30714120637856,100.0,-26.69285879362144,,,,,,,,0.0,0,0,0,98,0,0,0,0,0,1,1,1,1,1,1
P-701406,2025-08,Telecommunication,Telangana,"Department of Water Resources, River Development & GR",211,7,75,79.00570613409414,73.30714120637856,100.0,-26.69285879362144,0.0,,,0.0,,,,0.0,1,0,0,94,0,0,0,0,0,1,1,1,1,1,1
P-701406,2025-09,Telecommunication,Telangana,"Department of Water Resources, River Development & GR",221,6,75,79.00570613409414,73.30714120637856,100.0,-26.69285879362144,0.0,,,0.0,,,,0.0,2,0,0,86,0,0,0,0,0,1,1,1,1,1,1
P-701406,2025-10,Telecommunication,Telangana,"Department of Water Resources, River Development & GR",222,5,75,79.00570613409414,73.30714120637856,100.0,-26.69285879362144,0.0,0.0,,0.0,0.0,,0.0,0.0,3,0,0,94,0,0,0,0,0,1,1,1,1,1,1
P-701408,2025-07,Telecommunication,Uttar Pradesh,"Department of Water Resources, River Development & GR",216,-7,60,316.45469373132073,99.95540171284588,82.0,17.955401712845884,,,,,,,,18.0,0,0,0,98,0,1,1,0,0,1,1,1,1,1,1
P-701408,2025-08,Telecommunication,Uttar Pradesh,"Department of Water Resources, River Development & GR",217,4,72,316.45469373132073,99.95540171284588,82.0,17.955401712845884,0.0,,,0.0,,,,4.5,1,1,0,94,0,0,0,0,0,1,1,1,1,1,1
P-701408,2025-09,Telecommunication,Uttar Pradesh,"Department of Water Resources, River Development & GR",209,3,72,316.45469373132073,99.95540171284588,82.0,17.955401712845884,0.0,,,0.0,,,,6.0,2,1,0,86,0,0,0,0,0,1,1,1,1,1,1
P-701408,2025-10,Telecommunication,Uttar Pradesh,"Department of Water Resources, River Development & GR",210,2,72,316.45469373132073,103.06143470652289,82.0,21.06143470652289,0.0,0.0,,137.19999999999982,137.19999999999982,,0.0,9.0,3,1,0,98,0,0,0,0,0,1,1,1,1,1,1
P-701410,2025-07,Telecommunication,Punjab,"Department of Water Resources, River Development & GR",87,-1,48,70.8338537113359,120.34108262663678,80.0,40.341082626636776,,,,,,,,20.0,0,0,0,98,0,1,1,0,0,1,1,1,1,1,1
P-701410,2025-08,Telecommunication,Punjab,"Department of Water Resources, River Development & GR",114,10,60,70.8338537113359,121.85885563895117,80.0,41.85885563895117,0.0,,,37.370000000000346,,,,2.0,1,1,0,98,0,0,0,0,0,1,1,1,1,1,1
P-701410,2025-09,Telecommunication,Punjab,"Department of Water Resources, River Development & GR",115,9,60,70.8338537113359,121.85885563895117,80.0,41.85885563895117,0.0,,,0.0,,,,2.2222222222222223,2,1,0,86,0,0,0,0,0,1,1,1,1,1,1
P-701410,2025-10,Telecommunication,Punjab,"Department of Water Resources, River Development & GR",116,8,60,70.8338537113359,122.35963544205089,80.0,42.35963544205089,0.0,0.0,,12.329999999999927,49.70000000000027,,0.0,2.5,3,1,0,98,0,0,0,0,0,1,1,1,1,1,1
P-701411,2025-07,Telecommunication,Punjab,"Department of Water Resources, River Development & GR",87,3,40,18.806899961064126,76.30923887027286,80.0,-3.690761129727136,,,,,,,,6.666666666666667,0,0,0,98,0,0,0,0,0,1,1,1,1,1,1
P-701411,2025-08,Telecommunication,Punjab,"Department of Water Resources, River Development & GR",186,2,40,18.806899961064126,76.30923887027286,80.0,-3.690761129727136,0.0,,,0.0,,,,10.0,1,0,0,94,0,0,0,0,0,1,1,1,1,1,1
P-701411,2025-09,Telecommunication,Punjab,"Department of Water Resources, River Development & GR",187,1,40,18.806899961064126,76.30923887027286,80.0,-3.690761129727136,0.0,,,0.0,,,,20.0,2,0,0,86,0,0,1,0,0,1,1,1,1,1,1
P-701411,2025-10,Telecommunication,Punjab,"Department of Water Resources, River Development & GR",188,0,40,18.806899961064126,79.89542291121994,88.0,-8.104577088780061,8.0,8.0,,97.38999999999987,97.38999999999987,,2.6666666666666665,12.0,0,0,0,98,0,0,1,0,0,1,1,1,1,1,1
P-701412,2025-07,Telecommunication,"Multi-States (Bihar, Jharkhand)","Department of Water Resources, River Development & GR",54,8,60,49.83695685675013,5.845908275601046,32.0,-26.154091724398953,,,,,,,,8.5,0,0,0,98,0,0,0,0,0,1,1,1,1,1,1
P-701412,2025-08,Telecommunication,"Multi-States (Bihar, Jharkhand)","Department of Water Resources, River Development & GR",55,7,60,49.83695685675013,5.845908275601046,32.0,-26.154091724398953,0.0,,,0.0,,,,9.714285714285714,1,0,0,94,0,0,0,0,0,1,1,1,1,1,1
P-701412,2025-09,Telecommunication,"Multi-States (Bihar, Jharkhand)","Department of Water Resources, River Development & GR",97,6,60,49.83695685675013,6.21369448238411,32.0,-25.78630551761589,0.0,,,8.939999999999998,,,,11.333333333333334,2,0,0,90,0,0,0,0,0,1,1,1,1,1,1
P-701412,2025-10,Telecommunication,"Multi-States (Bihar, Jharkhand)","Department of Water Resources, River Development & GR",98,5,60,49.83695685675013,6.21369448238411,32.0,-25.78630551761589,0.0,0.0,,0.0,8.939999999999998,,0.0,13.6,3,0,0,94,0,0,0,0,0,1,1,1,1,1,1
P-701415,2025-01,Telecommunication,Andhra Pradesh,"Department of Water Resources, River Development & GR",,14,0,447.2234372044637,39.011270616305964,77.0,-37.988729383694036,,,,,,,,1.6428571428571428,0,0,0,92,0,,,0,0,1,1,0,0,1,1
P-701415,2025-02,Telecommunication,Andhra Pradesh,"Department of Water Resources, River Development & GR",192,13,72,447.2234372044637,39.011270616305964,72.86,-33.848729383694035,-4.140000000000001,,,0.0,,,,2.0876923076923077,0,0,0,72,0,,,0,0,1,1,0,0,1,1
P-701415,2025-03,Telecommunication,Andhra Pradesh,"Department of Water Resources, River Development & GR",193,12,72,447.2234372044637,42.8013747174335,72.86,-30.058625282566503,0.0,,,2105.3600000000006,,,,2.2616666666666667,1,0,0,92,0,,,0,0,1,1,0,0,1,1
P-701415,2025-04,Telecommunication,Andhra Pradesh,"Department of Water Resources, River Development & GR",194,32,93,447.2234372044637,42.8013747174335,75.68,-32.87862528256651,2.8200000000000074,-1.3199999999999932,,0.0,2105.3600000000006,,-0.4399999999999977,0.7599999999999998,0,1,0,84,0,,,0,0,1,1,0,0,1,1
P-701415,2025-05,Telecommunication,Andhra Pradesh,"Department of Water Resources, River Development & GR",195,31,93,447.2234372044637,42.8013747174335,76.0,-33.1986252825665,0.3199999999999932,3.1400000000000006,,0.0,2105.3600000000006,,1.0466666666666669,0.7741935483870968,1,1,0,84,0,,,0,0,1,1,0,0,1,1
P-701415,2025-06,Telecommunication,Andhra Pradesh,"Department of Water Resources, River Development & GR",196,30,93,447.2234372044637,42.8013747174335,76.0,-33.1986252825665,0.0,3.1400000000000006,,0.0,0.0,,1.0466666666666669,0.8,2,1,0,88,0,,,0,0,1,1,0,0,1,1
P-701415,2025-07,Telecommunication,Andhra Pradesh,"Department of Water Resources, River Development & GR",248,8,47,447.2237327406847,43.83121898003381,83.0,-39.16878101996619,7.0,7.319999999999993,6.0,572.0799999999981,572.0799999999981,2677.4399999999987,2.4399999999999977,2.125,0,2,0,82,0,,,0,0,1,1,0,0,1,1
P-701415,2025-08,Telecommunication,Andhra Pradesh,"Department of Water Resources, River Development & GR",198,7,47,447.2237327406847,43.83121898003381,83.0,-39.16878101996619,0.0,7.0,10.14,0.0,572.0799999999981,2677.4399999999987,2.3333333333333335,2.4285714285714284,1,2,0,86,0,0,0,0,0,1,1,1,1,1,1
P-701415,2025-09,Telecommunication,Andhra Pradesh,"Department of Water Resources, River Development & GR",200,6,47,447.2237327406847,44.54799284954338,84.0,-39.45200715045662,1.0,8.0,11.14,398.15999999999985,970.239999999998,970.239999999998,2.6666666666666665,2.6666666666666665,0,2,0,82,0,0,0,0,0,1,1,1,1,1,1
P-701415,2025-10,Telecommunication,Andhra Pradesh,"Department of Water Resources, River Development & GR",201,5,47,447.2237327406847,44.71370270158365,84.0,-39.28629729841635,0.0,1.0,8.319999999999993,92.05000000000291,490.21000000000276,1062.2900000000009,0.3333333333333333,3.2,1,2,0,90,0,0,0,0,0,1,1,1,1,1,1
P-701565,2025-01,Inland Waterways,"Multi-States (Bihar, Jharkhand, Uttar Pradesh, West Bengal)","Ministry of Ports, Shipping and Waterways",,11,0,-5.737002670798905,64.38833071535126,64.91,-0.5216692846487376,,,,,,,,3.1900000000000004,0,0,0,92,0,0,0,0,0,1,1,1,1,1,1
P-701565,2025-02,Inland Waterways,"Multi-States (Bihar, Jharkhand, Uttar Pradesh, West Bengal)","Ministry of Ports, Shipping and Waterways",85,10,33,-5.737002670798905,65.48867352281597,66.01,-0.5213264771840329,1.1000000000000085,,,55.690000000000055,,,,3.3989999999999996,0,0,0,84,0,0,0,0,0,1,1,1,1,1,1
P-701565,2025-03,Inland Waterways,"Multi-States (Bihar, Jharkhand, Uttar Pradesh, West Bengal)","Ministry of Ports, Shipping and Waterways",,9,0,-5.737002670798905,67.11972575402824,67.98,-0.860274245971766,1.9699999999999989,,,82.55000000000018,,,,3.5577777777777775,0,0,0,84,0,0,0,0,0,1,1,1,1,1,1
P-701565,2025-04,Inland Waterways,"Multi-States (Bihar, Jharkhand, Uttar Pradesh, West Bengal)","Ministry of Ports, Shipping and Waterways",87,8,33,-5.737002670798905,67.47379548126415,68.38,-0.9062045187358478,0.3999999999999915,3.469999999999999,,17.919999999999618,156.15999999999985,,1.1566666666666663,3.9525000000000006,1,0,0,84,0,0,0,0,0,1,1,1,1,1,1
P-701565,2025-05,Inland Waterways,"Multi-States (Bihar, Jharkhand, Uttar Pradesh, West Bengal)","Ministry of Ports, Shipping and Waterways",88,7,33,-5.737002670798905,67.99936773262993,68.86,-0.8606322673700646,0.480000000000004,2.8499999999999943,,26.600000000000364,127.07000000000016,,0.9499999999999981,4.448571428571428,2,0,0,84,0,0,0,0,0,1,1,1,1,1,1
P-701565,2025-06,Inland Waterways,"Multi-States (Bihar, Jharkhand, Uttar Pradesh, West Bengal)","Ministry of Ports, Shipping and Waterways",89,6,33,-5.737002670798905,68.61167916382641,69.48,-0.868320836173595,0.6200000000000045,1.5,,30.98999999999978,75.50999999999976,,0.5,5.086666666666666,0,0,0,92,0,0,0,0,0,1,1,1,1,1,1
P-701565,2025-07,Inland Waterways,"Multi-States (Bihar, Jharkhand, Uttar Pradesh, West Bengal)","Ministry of Ports, Shipping and Waterways",89,5,24,-5.737002670798905,67.81739328018337,70.0,-2.182606719816633,0.519999999999996,1.6200000000000045,5.090000000000003,-40.19999999999982,17.390000000000327,173.55000000000018,0.5400000000000015,6.0,0,0,0,62,0,0,0,0,0,1,1,1,1,1,1
P-701565,2025-08,Inland Waterways,"Multi-States (Bihar, Jharkhand, Uttar Pradesh, West Bengal)","Ministry of Ports, Shipping and Waterways",91,4,24,-5.737002670798905,69.36605316973416,71.0,-1.6339468302658418,1.0,2.1400000000000006,4.989999999999995,78.37999999999965,69.16999999999962,196.23999999999978,0.7133333333333335,7.25,0,0,0,90,0,0,0,0,0,1,1,1,1,1,1
P-701565,2025-09,Inland Waterways,"Multi-States (Bihar, Jharkhand, Uttar Pradesh, West Bengal)","Ministry of Ports, Shipping and Waterways",92,3,24,-5.737002670798905,68.92899835017734,71.0,-2.071001649822662,0.0,1.519999999999996,3.019999999999996,-22.11999999999989,16.059999999999945,91.56999999999971,0.5066666666666654,9.666666666666666,1,0,0,70,0,0,0,0,0,1,1,1,1,1,1
P-701565,2025-10,Inland Waterways,"Multi-States (Bihar, Jharkhand, Uttar Pradesh, West Bengal)","Ministry of Ports, Shipping and Waterways",93,2,24,-5.737002670798905,69.68752161070113,72.0,-2.3124783892988745,1.0,2.0,3.6200000000000045,38.38999999999987,94.64999999999964,112.03999999999996,0.6666666666666666,14.0,0,0,0,90,0,0,0,0,0,1,1,1,1,1,1
P-701570,2025-09,Shipping,Gujarat,"Ministry of Ports, Shipping and Waterways",48,-6,18,23.748538011695913,64.98275128774632,71.0,-6.017248712253675,,,,,,,,29.0,0,0,0,90,0,0,0,0,0,1,1,1,1,1,1
P-701570,2025-10,Shipping,Gujarat,"Ministry of Ports, Shipping and Waterways",49,-7,18,23.748538011695913,64.98275128774632,71.0,-6.017248712253675,0.0,,,0.0,,,,29.0,1,0,0,86,0,0,0,0,0,1,1,1,1,1,1
P-701574,2025-07,Shipping,Odisha,"Ministry of Ports, Shipping and Waterways",30,39,10,0.0,38.26727417352552,40.0,-1.7327258264744785,,,,,,,,1.5384615384615385,0,0,0,98,0,0,0,0,0,1,1,1,1,1,1
P-701574,2025-08,Shipping,Odisha,"Ministry of Ports, Shipping and Waterways",39,38,10,0.0,38.26727417352552,40.0,-1.7327258264744785,0.0,,,0.0,,,,1.5789473684210527,1,0,0,94,0,0,0,0,0,1,1,1,1,1,1
P-701574,2025-09,Shipping,Odisha,"Ministry of Ports, Shipping and Waterways",40,37,10,0.0,38.26727417352552,40.0,-1.7327258264744785,0.0,,,0.0,,,,1.6216216216216217,2,0,0,86,0,0,0,0,0,1,1,1,1,1,1
P-701574,2025-10,Shipping,Odisha,"Ministry of Ports, Shipping and Waterways",41,36,10,0.0,38.26727417352552,40.0,-1.7327258264744785,0.0,0.0,,0.0,0.0,,0.0,1.6666666666666667,3,0,0,94,0,0,0,0,0,1,1,1,1,1,1
P-701576,2025-07,Shipping,West Bengal,"Ministry of Ports, Shipping and Waterways",28,6,4,0.0,133.95024475290015,83.0,50.95024475290015,,,,,,,,2.8333333333333335,0,0,0,98,0,0,0,0,0,1,1,1,1,1,1
P-701576,2025-08,Shipping,West Bengal,"Ministry of Ports, Shipping and Waterways",29,5,4,0.0,140.8167370750352,91.0,49.816737075035206,8.0,,,20.480000000000018,,,,1.8,0,0,0,98,0,0,0,0,0,1,1,1,1,1,1
P-701577,2025-07,Shipping,West Bengal,"Ministry of Ports, Shipping and Waterways",35,1,0,0.0,3.6585846639069577,0.0,3.6585846639069577,,,,,,,,100.0,0,0,0,98,0,0,0,0,0,1,1,1,1,1,1
P-701577,2025-08,Shipping,West Bengal,"Ministry of Ports, Shipping and Waterways",36,0,0,0.0,3.6585846639069577,0.0,3.6585846639069577,0.0,,,0.0,,,,100.0,1,0,0,94,0,0,0,0,0,1,1,1,1,1,1
P-701577,2025-09,Shipping,West Bengal,"Ministry of Ports, Shipping and Waterways",37,-1,0,0.0,3.6585846639069577,0.0,3.6585846639069577,0.0,,,0.0,,,,100.0,2,0,0,86,0,0,0,0,0,1,1,1,1,1,1
P-701586,2025-07,Shipping,Maharashtra,"Ministry of Ports, Shipping and Waterways",51,16,0,0.0,7.222222222222222,0.0,7.222222222222222,,,,,,,,6.25,0,0,0,98,0,0,0,0,0,1,1,1,1,1,1
P-701586,2025-08,Shipping,Maharashtra,"Ministry of Ports, Shipping and Waterways",52,15,0,0.0,7.222222222222222,0.0,7.222222222222222,0.0,,,0.0,,,,6.666666666666667,1,0,0,94,0,0,0,0,0,1,1,1,1,1,1
P-701586,2025-09,Shipping,Maharashtra,"Ministry of Ports, Shipping and Waterways",53,14,0,0.0,7.222222222222222,0.0,7.222222222222222,0.0,,,0.0,,,,7.142857142857143,2,0,0,86,0,0,0,0,0,1,1,1,1,1,1
P-701593,2025-07,Telecommunication,PAN India,Department of Telecommunications,56,8,24,-31.174032178739548,42.53021641486321,92.0,-49.46978358513679,,,,,,,,1.0,0,0,0,98,0,0,0,0,0,1,1,1,1,1,1
P-701593,2025-08,Telecommunication,PAN India,Department of Telecommunications,57,7,24,-31.174032178739548,42.82523478971009,96.0,-53.17476521028991,4.0,,,57.79999999999927,,,,0.5714285714285714,0,0,0,98,0,0,0,0,0,1,1,1,1,1,1
P-701593,2025-09,Telecommunication,PAN India,Department of Telecommunications,58,6,24,-31.174032178739548,42.97182523478972,96.0,-53.02817476521028,0.0,,,28.720000000001164,,,,0.6666666666666666,1,0,0,90,0,0,0,0,0,1,1,1,1,1,1
P-701593,2025-10,Telecommunication,PAN India,Department of Telecommunications,59,5,24,-31.174032178739548,42.97182523478972,96.0,-53.02817476521028,0.0,4.0,,0.0,86.52000000000044,,1.3333333333333333,0.8,2,0,0,94,0,0,0,0,0,1,1,1,1,1,1
P-701597,2025-07,Telecommunication,"Multi-States (Arunachal Pradesh, Assam)",Department of Telecommunications,45,2,29,0.0,22.62383611179699,89.0,-66.37616388820301,,,,,,,,5.5,0,0,0,90,0,1,1,0,0,1,1,1,1,1,1
P-701597,2025-08,Telecommunication,"Multi-States (Arunachal Pradesh, Assam)",Department of Telecommunications,56,1,29,0.0,22.62383611179699,89.0,-66.37616388820301,0.0,,,0.0,,,,11.0,1,0,0,86,0,1,1,0,0,1,1,1,1,1,1
P-701597,2025-09,Telecommunication,"Multi-States (Arunachal Pradesh, Assam)",Department of Telecommunications,57,0,29,0.0,22.62383611179699,91.0,-68.37616388820301,2.0,,,0.0,,,,9.0,0,0,0,82,0,1,1,0,0,1,1,1,1,1,1
P-701597,2025-10,Telecommunication,"Multi-States (Arunachal Pradesh, Assam)",Department of Telecommunications,58,5,35,0.0,22.62383611179699,91.0,-68.37616388820301,0.0,2.0,,0.0,0.0,,0.6666666666666666,1.8,1,1,0,86,0,0,0,0,0,1,1,1,1,1,1
P-701598,2025-07,Telecommunication,Meghalaya,Department of Telecommunications,58,-4,36,0.0,21.425778838635335,98.0,-76.57422116136466,,,,,,,,2.0,0,0,0,90,0,1,1,0,0,1,1,1,1,1,1
P-701598,2025-08,Telecommunication,Meghalaya,Department of Telecommunications,71,1,42,0.0,21.425778838635335,99.0,-77.57422116136466,1.0,,,0.0,,,,1.0,0,1,0,90,0,1,1,0,0,1,1,1,1,1,1
P-701598,2025-09,Telecommunication,Meghalaya,Department of Telecommunications,72,0,42,0.0,21.425778838635335,99.0,-77.57422116136466,0.0,,,0.0,,,,1.0,1,1,0,78,0,1,1,0,0,1,1,1,1,1,1
P-701598,2025-10,Telecommunication,Meghalaya,Department of Telecommunications,73,5,48,0.0,21.425778838635335,99.0,-77.57422116136466,0.0,1.0,,0.0,0.0,,0.3333333333333333,0.2,2,2,0,86,0,0,1,0,0,1,1,1,1,1,1
P-701599,2025-07,Telecommunication,"Multi-States (Andhra Pradesh, Bihar, Chhattisgarh, Jharkhand, Madhya Pradesh, Maharashtra, Odisha, Telangana, Uttar Pradesh, West Bengal)",Department of Telecommunications,46,4,32,0.0,37.790399158199,87.0,-49.209600841801,,,,,,,,3.25,0,0,0,98,0,0,1,0,0,1,1,1,1,1,1
P-701599,2025-08,Telecommunication,"Multi-States (Andhra Pradesh, Bihar, Chhattisgarh, Jharkhand, Madhya Pradesh, Maharashtra, Odisha, Telangana, Uttar Pradesh, West Bengal)",Department of Telecommunications,47,3,32,0.0,37.92605082500301,87.0,-49.07394917499699,0.0,,,2.1399999999999864,,,,4.333333333333333,1,0,0,98,0,1,1,0,0,1,1,1,1,1,1
P-701599,2025-09,Telecommunication,"Multi-States (Andhra Pradesh, Bihar, Chhattisgarh, Jharkhand, Madhya Pradesh, Maharashtra, Odisha, Telangana, Uttar Pradesh, West Bengal)",Department of Telecommunications,48,2,32,0.0,38.03571315377448,87.0,-48.96428684622552,0.0,,,1.7300000000000182,,,,6.5,2,0,0,90,0,1,1,0,0,1,1,1,1,1,1
P-701599,2025-10,Telecommunication,"Multi-States (Andhra Pradesh, Bihar, Chhattisgarh, Jharkhand, Madhya Pradesh, Maharashtra, Odisha, Telangana, Uttar Pradesh, West Bengal)",Department of Telecommunications,49,1,32,0.0,38.07121078620917,87.0,-48.92878921379083,0.0,0.0,,0.5600000000000591,4.430000000000064,,0.0,13.0,3,0,0,98,0,1,1,0,0,1,1,1,1,1,1
P-701600,2025-07,Telecommunication,"Multi-States (Bihar, Gujarat, Himachal Pradesh, Jammu and Kashmir, Ladakh, Rajasthan, Uttar Pradesh)",Department of Telecommunications,63,1,46,-10.614740716554362,74.95433865772257,97.0,-22.045661342277427,,,,,,,,3.0,0,0,0,98,0,0,0,0,0,1,1,1,1,1,1
P-701600,2025-08,Telecommunication,"Multi-States (Bihar, Gujarat, Himachal Pradesh, Jammu and Kashmir, Ladakh, Rajasthan, Uttar Pradesh)",Department of Telecommunications,68,0,46,-10.614740716554362,75.6550327101252,97.0,-21.344967289874802,0.0,,,2.109999999999985,,,,3.0,1,0,0,98,0,0,0,0,0,1,1,1,1,1,1
P-701602,2025-07,Telecommunication,"Multi-States (Andhra Pradesh, Chhattisgarh, Jharkhand, Maharashtra, Odisha)",Department of Telecommunications,38,4,24,0.0,29.888466757123478,79.0,-49.11153324287652,,,,,,,,5.25,0,0,0,98,0,0,1,0,0,1,1,1,1,1,1
P-701602,2025-08,Telecommunication,"Multi-States (Andhra Pradesh, Chhattisgarh, Jharkhand, Maharashtra, Odisha)",Department of Telecommunications,45,3,24,0.0,29.889823609226593,79.0,-49.110176390773404,0.0,,,0.049999999999954525,,,,7.0,1,0,0,98,0,1,1,0,0,1,1,1,1,1,1
P-701602,2025-09,Telecommunication,"Multi-States (Andhra Pradesh, Chhattisgarh, Jharkhand, Maharashtra, Odisha)",Department of Telecommunications,46,2,24,0.0,30.808141112618724,80.0,-49.19185888738127,1.0,,,33.83999999999992,,,,10.0,0,0,0,90,0,1,1,0,0,1,1,1,1,1,1
P-701602,2025-10,Telecommunication,"Multi-States (Andhra Pradesh, Chhattisgarh, Jharkhand, Maharashtra, Odisha)",Department of Telecommunications,47,1,24,0.0,30.808141112618724,81.0,-50.19185888738127,1.0,2.0,,0.0,33.88999999999987,,0.6666666666666666,19.0,0,0,0,98,0,1,1,0,0,1,1,1,1,1,1
P-701657,2025-07,Real Estate,Karnataka,Department for Promotion of Industry & Internal Trade,29,14,0,0.0,5.582291795206281,8.0,-2.417708204793719,,,,,,,,6.571428571428571,0,0,0,98,0,0,0,0,0,1,1,1,1,1,1
P-701657,2025-08,Real Estate,Karnataka,Department for Promotion of Industry & Internal Trade,56,13,0,0.0,5.185655272915308,8.0,-2.814344727084692,0.0,,,-6.75,,,,7.076923076923077,1,0,0,86,0,0,0,0,0,1,1,1,1,1,1
P-701657,2025-09,Real Estate,Karnataka,Department for Promotion of Industry & Internal Trade,57,12,0,0.0,6.8756206627061776,9.0,-2.1243793372938224,1.0,,,28.760000000000005,,,,7.583333333333333,0,0,0,90,0,0,0,0,0,1,1,1,1,1,1
P-701657,2025-10,Real Estate,Karnataka,Department for Promotion of Industry & Internal Trade,58,11,0,0.0,6.89559939123639,10.0,-3.1044006087636102,1.0,2.0,,0.3399999999999892,22.349999999999994,,0.6666666666666666,8.181818181818182,0,0,0,98,0,0,0,0,0,1,1,1,1,1,1
P-701658,2025-07,Real Estate,Andhra Pradesh,Department for Promotion of Industry & Internal Trade,17,31,0,0.0,15.330647272183375,14.0,1.3306472721833753,,,,,,,,2.774193548387097,0,0,0,98,0,0,0,0,0,1,1,1,1,1,1
P-701658,2025-08,Real Estate,Andhra Pradesh,Department for Promotion of Industry & Internal Trade,56,30,0,0.0,18.979265602213662,17.0,1.9792656022136619,3.0,,,78.06,,,,2.7666666666666666,0,0,0,98,0,0,0,0,0,1,1,1,1,1,1
P-701658,2025-09,Real Estate,Andhra Pradesh,Department for Promotion of Industry & Internal Trade,57,29,0,0.0,21.999214747784468,21.0,0.9992147477844675,4.0,,,64.61000000000001,,,,2.7241379310344827,0,0,0,90,0,0,0,0,0,1,1,1,1,1,1
P-701658,2025-10,Real Estate,Andhra Pradesh,Department for Promotion of Industry & Internal Trade,58,28,0,0.0,22.099240922858318,21.0,1.0992409228583178,0.0,7.0,,2.1399999999999864,144.81,,2.3333333333333335,2.8214285714285716,1,0,0,98,0,0,0,0,0,1,1,1,1,1,1
P-701719,2025-07,Real Estate,Gujarat,Ministry of Housing & Urban Affairs,109,-36,0,0.0,7.3525046382189245,50.0,-42.647495361781075,,,,,,,,50.0,0,0,0,90,0,0,0,0,0,1,1,1,1,1,1
P-701719,2025-08,Real Estate,Gujarat,Ministry of Housing & Urban Affairs,110,-37,0,0.0,7.3525046382189245,50.0,-42.647495361781075,0.0,,,0.0,,,,50.0,1,0,0,86,0,0,0,0,0,1,1,1,1,1,1
P-701719,2025-09,Real Estate,Gujarat,Ministry of Housing & Urban Affairs,111,-38,0,0.0,7.3525046382189245,50.0,-42.647495361781075,0.0,,,0.0,,,,50.0,2,0,0,78,0,0,0,0,0,1,1,1,1,1,1
P-701719,2025-10,Real Estate,Gujarat,Ministry of Housing & Urban Affairs,116,-39,0,0.0,7.3525046382189245,50.0,-42.647495361781075,0.0,0.0,,0.0,0.0,,0.0,50.0,3,0,0,86,0,0,,0,0,1,1,1,0,1,1
P-701745,2025-07,Urban Public Transport,Maharashtra,Ministry of Housing & Urban Affairs,76,-36,0,0.0,6.705739077485158,6.0,0.7057390774851582,,,,,,,,94.0,0,0,0,90,0,0,0,0,0,1,1,1,1,1,1
P-701745,2025-08,Urban Public Transport,Maharashtra,Ministry of Housing & Urban Affairs,77,-37,0,0.0,6.705739077485158,6.0,0.7057390774851582,0.0,,,0.0,,,,94.0,1,0,0,86,0,0,0,0,0,1,1,1,1,1,1
P-701745,2025-09,Urban Public Transport,Maharashtra,Ministry of Housing & Urban Affairs,78,-38,0,0.0,6.705739077485158,6.0,0.7057390774851582,0.0,,,0.0,,,,94.0,2,0,0,78,0,0,0,0,0,1,1,1,1,1,1
P-701745,2025-10,Urban Public Transport,Maharashtra,Ministry of Housing & Urban Affairs,90,-39,0,0.0,6.705739077485158,6.0,0.7057390774851582,0.0,0.0,,0.0,0.0,,0.0,94.0,3,0,0,86,0,0,0,0,0,1,1,1,1,1,1
P-701766,2025-07,Real Estate,Uttarakhand,Ministry of Housing & Urban Affairs,71,-20,0,0.0,12.552162681327417,0.0,12.552162681327417,,,,,,,,100.0,0,0,0,90,0,0,0,0,0,1,1,1,1,1,1
P-701766,2025-08,Real Estate,Uttarakhand,Ministry of Housing & Urban Affairs,72,-21,0,0.0,12.552162681327417,31.0,-18.447837318672583,31.0,,,0.0,,,,69.0,0,0,0,90,0,0,0,0,0,1,1,1,1,1,1
P-701766,2025-09,Real Estate,Uttarakhand,Ministry of Housing & Urban Affairs,73,-22,0,0.0,12.552162681327417,31.0,-18.447837318672583,0.0,,,0.0,,,,69.0,1,0,0,78,0,0,0,0,0,1,1,1,1,1,1
P-701766,2025-10,Real Estate,Uttarakhand,Ministry of Housing & Urban Affairs,71,-23,0,0.0,12.552162681327417,31.0,-18.447837318672583,0.0,31.0,,0.0,0.0,,10.333333333333334,69.0,2,0,0,86,0,0,,0,1,1,1,1,0,1,1
P-701991,2025-07,Urban Public Transport,Maharashtra,Ministry of Housing & Urban Affairs,60,-24,0,0.0,8.236666666666666,0.0,8.236666666666666,,,,,,,,100.0,0,0,0,90,0,0,0,0,0,1,1,1,1,1,1
P-701991,2025-08,Urban Public Transport,Maharashtra,Ministry of Housing & Urban Affairs,61,-25,0,0.0,45.403333333333336,70.0,-24.596666666666664,70.0,,,223.0,,,,30.0,0,0,0,82,0,0,0,0,0,1,1,1,1,1,1
P-701991,2025-09,Urban Public Transport,Maharashtra,Ministry of Housing & Urban Affairs,62,-26,0,0.0,45.403333333333336,70.0,-24.596666666666664,0.0,,,0.0,,,,30.0,1,0,0,78,0,0,0,0,0,1,1,1,1,1,1
P-701991,2025-10,Urban Public Transport,Maharashtra,Ministry of Housing & Urban Affairs,90,-27,0,0.0,45.403333333333336,70.0,-24.596666666666664,0.0,70.0,,0.0,223.0,,23.333333333333332,30.0,2,0,0,86,0,0,,0,1,1,1,1,0,1,1
P-702355,2025-07,Urban Public Transport,Dadra & Nagar Haveli and Daman & Diu,Ministry of Housing & Urban Affairs,43,-16,0,0.0,0.0,0.0,0.0,,,,,,,,100.0,0,0,0,90,0,0,0,0,0,1,1,1,1,1,1
P-702355,2025-08,Urban Public Transport,Dadra & Nagar Haveli and Daman & Diu,Ministry of Housing & Urban Affairs,44,-17,0,0.0,0.0,20.0,-20.0,20.0,,,0.0,,,,80.0,0,0,0,90,0,0,0,0,0,1,1,1,1,1,1
P-702355,2025-09,Urban Public Transport,Dadra & Nagar Haveli and Daman & Diu,Ministry of Housing & Urban Affairs,45,-18,0,0.0,0.0,20.0,-20.0,0.0,,,0.0,,,,80.0,1,0,0,78,0,0,0,0,0,1,1,1,1,1,1
P-702355,2025-10,Urban Public Transport,Dadra & Nagar Haveli and Daman & Diu,Ministry of Housing & Urban Affairs,62,-19,0,0.0,0.0,20.0,-20.0,0.0,20.0,,0.0,0.0,,6.666666666666667,80.0,2,0,0,86,0,0,0,0,0,1,1,1,1,1,1
P-702625,2025-01,Urban Public Transport,Madhya Pradesh,Ministry of Housing & Urban Affairs,,41,0,0.0,38.7898694787795,38.25,0.5398694787795009,,,,,,,,1.5060975609756098,0,0,0,92,0,0,0,0,0,1,1,1,1,1,1
P-702625,2025-02,Urban Public Transport,Madhya Pradesh,Ministry of Housing & Urban Affairs,75,40,64,0.0,39.30734433975855,39.08,0.2273443397585524,0.8299999999999983,,,35.92000000000007,,,,1.5230000000000001,0,0,0,84,0,0,0,0,0,1,1,1,1,1,1
P-702625,2025-03,Urban Public Transport,Madhya Pradesh,Ministry of Housing & Urban Affairs,,39,0,0.0,41.77024807675685,39.68,2.0902480767568505,0.6000000000000014,,,170.96000000000004,,,,1.5466666666666666,0,0,0,84,0,0,0,0,0,1,1,1,1,1,1
P-702625,2025-04,Urban Public Transport,Madhya Pradesh,Ministry of Housing & Urban Affairs,77,38,64,0.0,42.31567119024981,39.76,2.555671190249811,0.0799999999999983,1.509999999999998,,37.86000000000013,244.74000000000024,,0.5033333333333326,1.585263157894737,1,0,0,84,0,0,0,0,0,1,1,1,1,1,1
P-702625,2025-05,Urban Public Transport,Madhya Pradesh,Ministry of Housing & Urban Affairs,78,37,64,0.0,42.78805428299767,40.9,1.8880542829976719,1.1400000000000006,1.8200000000000003,,32.789999999999964,241.61000000000013,,0.6066666666666668,1.5972972972972974,0,0,0,84,0,0,0,0,0,1,1,1,1,1,1
P-702625,2025-06,Urban Public Transport,Madhya Pradesh,Ministry of Housing & Urban Affairs,79,36,64,0.0,43.84907943642493,42.16,1.689079436424933,1.259999999999998,2.479999999999997,,73.64999999999964,144.29999999999973,,0.8266666666666657,1.6066666666666667,0,0,0,92,0,0,0,0,0,1,1,1,1,1,1
P-702625,2025-07,Urban Public Transport,Madhya Pradesh,Ministry of Housing & Urban Affairs,80,35,67,0.0,44.90088454778575,43.0,1.9008845477857506,0.8400000000000034,3.240000000000002,4.75,73.01000000000022,179.44999999999982,424.19000000000005,1.0800000000000007,1.6285714285714286,0,0,0,82,0,0,0,0,0,1,1,1,1,1,1
P-702625,2025-08,Urban Public Transport,Madhya Pradesh,Ministry of Housing & Urban Affairs,81,34,67,0.0,45.58374391333161,43.0,2.5837439133316096,0.0,2.1000000000000014,3.9200000000000017,47.40000000000009,194.05999999999995,435.6700000000001,0.7000000000000005,1.6764705882352942,1,0,0,90,0,0,0,0,0,1,1,1,1,1,1
P-702625,2025-09,Urban Public Transport,Madhya Pradesh,Ministry of Housing & Urban Affairs,82,33,67,0.0,51.84127121329991,45.0,6.841271213299912,2.0,2.8400000000000034,5.32,434.3600000000001,554.7700000000004,699.0700000000002,0.9466666666666678,1.6666666666666667,0,0,0,82,0,0,0,0,0,1,1,1,1,1,1
P-702625,2025-10,Urban Public Transport,Madhya Pradesh,Ministry of Housing & Urban Affairs,83,32,67,0.0,52.9603538191143,47.0,5.960353819114303,2.0,4.0,7.240000000000002,77.67999999999984,559.44,738.8899999999999,1.3333333333333333,1.65625,0,0,0,90,0,0,0,0,0,1,1,1,1,1,1
P-702626,2025-01,Urban Public Transport,Madhya Pradesh,Ministry of Housing & Urban Affairs,,47,0,0.0,45.670995093856654,49.85,-4.179004906143348,,,,,,,,1.0670212765957447,0,0,0,92,0,0,0,0,0,1,1,1,1,1,1
P-702626,2025-02,Urban Public Transport,Madhya Pradesh,Ministry of Housing & Urban Affairs,75,46,70,0.0,46.1594763225256,50.52,-4.360523677474404,0.6700000000000017,,,36.63999999999987,,,,1.0756521739130434,0,0,0,84,0,0,0,0,0,1,1,1,1,1,1
P-702626,2025-03,Urban Public Transport,Madhya Pradesh,Ministry of Housing & Urban Affairs,,45,0,0.0,48.396437713310576,51.3,-2.9035622866894215,0.779999999999994,,,167.78999999999996,,,,1.0822222222222222,0,0,0,84,0,0,0,0,0,1,1,1,1,1,1
P-702626,2025-04,Urban Public Transport,Madhya Pradesh,Ministry of Housing & Urban Affairs,77,44,70,0.0,49.03170328498293,52.18,-3.148296715017068,0.8800000000000026,2.3299999999999983,,47.65000000000009,252.07999999999993,,0.7766666666666661,1.086818181818182,0,0,0,84,0,0,0,0,0,1,1,1,1,1,1
P-702626,2025-05,Urban Public Transport,Madhya Pradesh,Ministry of Housing & Urban Affairs,78,43,70,0.0,49.65163715870307,52.99,-3.3383628412969344,0.8100000000000023,2.469999999999999,,46.5,261.94000000000005,,0.8233333333333329,1.0932558139534883,0,0,0,84,0,0,0,0,0,1,1,1,1,1,1
P-702626,2025-06,Urban Public Transport,Madhya Pradesh,Ministry of Housing & Urban Affairs,79,42,70,0.0,50.638331911262796,53.54,-2.9016680887372033,0.5499999999999972,2.240000000000002,,74.01000000000022,168.1600000000003,,0.7466666666666674,1.1061904761904762,0,0,0,92,0,0,0,0,0,1,1,1,1,1,1
P-702626,2025-07,Urban Public Transport,Madhya Pradesh,Ministry of Housing & Urban Affairs,80,41,73,0.0,51.18480695392491,54.0,-2.8151930460750876,0.46000000000000085,1.8200000000000003,4.149999999999999,40.98999999999978,161.5,413.5799999999999,0.6066666666666668,1.1219512195121952,1,0,0,82,0,0,0,0,0,1,1,1,1,1,1
P-702626,2025-08,Urban Public Transport,Madhya Pradesh,Ministry of Housing & Urban Affairs,81,40,73,0.0,52.41307593856655,55.0,-2.58692406143345,1.0,2.009999999999998,4.479999999999997,92.13000000000011,207.1300000000001,469.07000000000016,0.6699999999999994,1.125,0,0,0,90,0,0,0,0,0,1,1,1,1,1,1
P-702626,2025-09,Urban Public Transport,Madhya Pradesh,Ministry of Housing & Urban Affairs,82,39,73,0.0,54.86641424914676,56.0,-1.1335857508532428,1.0,2.460000000000001,4.700000000000003,184.01999999999998,317.1399999999999,485.3000000000002,0.8200000000000003,1.1282051282051282,0,0,0,82,0,0,0,0,0,1,1,1,1,1,1
P-702626,2025-10,Urban Public Transport,Madhya Pradesh,Ministry of Housing & Urban Affairs,83,38,73,0.0,56.30639398464164,57.0,-0.6936060153583625,1.0,3.0,4.82,108.01000000000022,384.1600000000003,545.6600000000003,1.0,1.131578947368421,0,0,0,90,0,0,0,0,0,1,1,1,1,1,1
P-702627,2025-08,Urban Public Transport,Bihar,Ministry of Housing & Urban Affairs,78,22,40,0.00022445395962100085,30.22467790929088,40.07,-9.845322090709121,0.0,-3.9299999999999997,-2.5700000000000003,0.0,881.5900000000001,883.4000000000001,-1.3099999999999998,2.724090909090909,1,2,1,86,0,0,0,0,0,1,1,1,1,1,1
P-702627,2025-09,Urban Public Transport,Bihar,Ministry of Housing & Urban Affairs,79,21,40,0.00022445395962100085,30.22467790929088,46.0,-15.775322090709121,5.93,0.6899999999999977,2.719999999999999,0.0,720.9200000000001,882.1300000000001,0.22999999999999923,2.5714285714285716,0,2,1,82,0,0,0,0,0,1,1,1,1,1,1
P-702627,2025-10,Urban Public Transport,Bihar,Ministry of Housing & Urban Affairs,80,20,40,0.00022445395962100085,30.22467790929088,46.0,-15.775322090709121,0.0,5.93,1.9699999999999989,0.0,0.0,881.5900000000001,1.9766666666666666,2.7,1,2,1,86,0,0,0,0,0,1,1,1,1,1,1
P-702628,2025-08,Urban Public Transport,Uttar Pradesh,Ministry of Housing & Urban Affairs,75,19,34,0.00018056277807061954,82.00487518620503,73.0,9.004875186205027,0.0,0.5,1.5,3.460000000000946,346.6900000000005,739.2399999999998,0.16666666666666666,1.4210526315789473,3,1,0,90,0,0,0,0,0,1,1,1,1,1,1
P-702628,2025-09,Urban Public Transport,Uttar Pradesh,Ministry of Housing & Urban Affairs,76,18,34,0.00018056277807061954,82.02148693179254,74.0,8.021486931792538,1.0,1.4000000000000057,2.200000000000003,1.8400000000001455,245.90000000000146,446.0799999999999,0.46666666666666856,1.4444444444444444,0,1,0,82,0,0,0,0,0,1,1,1,1,1,1
P-702628,2025-10,Urban Public Transport,Uttar Pradesh,Ministry of Housing & Urban Affairs,77,17,34,0.00018056277807061954,82.10021216088114,76.0,6.100212160881142,2.0,3.0,4.0,8.719999999999345,14.020000000000437,442.25,1.0,1.411764705882353,0,1,0,90,0,0,0,0,0,1,1,1,1,1,1
P-702629,2025-01,Urban Public Transport,Uttar Pradesh,Ministry of Housing & Urban Affairs,,23,0,0.0,52.660860516347995,50.5,2.160860516347995,,,,,,,,2.152173913043478,0,0,0,92,0,0,1,0,0,1,1,1,1,1,1
P-702629,2025-02,Urban Public Transport,Uttar Pradesh,Ministry of Housing & Urban Affairs,69,22,33,0.0,54.033237784052254,51.5,2.533237784052254,1.0,,,115.0,,,,2.2045454545454546,0,0,0,84,0,1,1,0,0,1,1,1,1,1,1
P-702629,2025-03,Urban Public Transport,Uttar Pradesh,Ministry of Housing & Urban Affairs,,21,0,0.0,57.91169527973822,52.0,5.911695279738218,0.5,,,325.0,,,,2.2857142857142856,0,0,0,84,0,1,1,0,0,1,1,1,1,1,1
P-702629,2025-04,Urban Public Transport,Uttar Pradesh,Ministry of Housing & Urban Affairs,71,20,33,0.0,58.50539761946245,53.4,5.105397619462451,1.3999999999999986,2.8999999999999986,,49.75,489.75,,0.9666666666666662,2.33,0,0,0,84,0,1,1,0,0,1,1,1,1,1,1
P-702629,2025-05,Urban Public Transport,Uttar Pradesh,Ministry of Housing & Urban Affairs,72,25,39,0.0,59.51976342602647,54.0,5.519763426026472,0.6000000000000014,2.5,,85.0,459.75,,0.8333333333333334,1.84,0,1,0,92,0,0,0,0,0,1,1,1,1,1,1
P-702629,2025-06,Urban Public Transport,Uttar Pradesh,Ministry of Housing & Urban Affairs,73,24,39,0.0,61.052887839782706,54.7,6.352887839782703,0.7000000000000028,2.700000000000003,,128.47000000000025,263.22000000000025,,0.9000000000000009,1.8875,0,1,0,92,0,0,0,0,0,1,1,1,1,1,1
P-702629,2025-07,Urban Public Transport,Uttar Pradesh,Ministry of Housing & Urban Affairs,55,23,37,0.0,72.26091397939285,57.0,15.260913979392853,2.299999999999997,3.6000000000000014,6.5,939.1899999999996,1152.6599999999999,1642.4099999999999,1.2000000000000004,1.8695652173913044,0,1,0,82,0,0,0,0,0,1,1,1,1,1,1
P-702629,2025-08,Urban Public Transport,Uttar Pradesh,Ministry of Housing & Urban Affairs,75,22,37,0.0,72.28991290774522,62.0,10.289912907745219,5.0,8.0,10.5,2.430000000000291,1070.0900000000001,1529.8400000000001,2.6666666666666665,1.7272727272727273,0,1,0,90,0,0,0,0,0,1,1,1,1,1,1
P-702629,2025-09,Urban Public Transport,Uttar Pradesh,Ministry of Housing & Urban Affairs,76,21,37,0.0,72.32082123055699,63.0,9.320821230556987,1.0,8.299999999999997,11.0,2.5900000000001455,944.21,1207.4300000000003,2.7666666666666657,1.7619047619047619,0,1,0,82,0,0,0,0,0,1,1,1,1,1,1
P-702629,2025-10,Urban Public Transport,Uttar Pradesh,Ministry of Housing & Urban Affairs,77,20,37,0.0,72.41235282745518,63.0,9.41235282745518,0.0,6.0,9.600000000000001,7.670000000000073,12.69000000000051,1165.3500000000004,2.0,1.85,1,1,0,90,0,0,0,0,0,1,1,1,1,1,1
P-702630,2025-08,Urban Public Transport,Gujarat,Ministry of Housing & Urban Affairs,77,10,27,-0.00016638492153650284,63.18868913421463,70.0,-6.811310865785373,2.0,3.950000000000003,10.340000000000003,209.0600000000004,712.6000000000004,1427.25,1.3166666666666675,3.0,0,1,0,90,0,0,0,0,0,1,1,1,1,1,1
P-702630,2025-09,Urban Public Transport,Gujarat,Ministry of Housing & Urban Affairs,78,9,27,-0.00016638492153650284,64.8168514928912,71.0,-6.183148507108797,1.0,3.510000000000005,7.020000000000003,195.71000000000004,748.0100000000002,1128.4900000000007,1.1700000000000017,3.2222222222222223,0,1,0,82,0,0,0,0,0,1,1,1,1,1,1
P-702630,2025-10,Urban Public Transport,Gujarat,Ministry of Housing & Urban Affairs,79,8,27,-0.00016638492153650284,66.36298594877,72.0,-5.637014051229997,1.0,4.0,7.700000000000003,185.84999999999945,590.6199999999999,1291.3400000000001,1.3333333333333333,3.5,0,1,0,90,0,0,0,0,0,1,1,1,1,1,1
P-702631,2025-01,Urban Public Transport,Gujarat,Ministry of Housing & Urban Affairs,70,5,15,0.0,69.62187300921033,79.74,-10.118126990789662,,,,,,,,4.052000000000001,0,0,0,92,0,1,1,0,0,1,1,1,1,1,1
P-702631,2025-02,Urban Public Transport,Gujarat,Ministry of Housing & Urban Affairs,71,4,15,0.0,70.97565641500918,81.24,-10.264343584990812,1.5,,,72.88999999999987,,,,4.690000000000001,0,0,0,92,0,1,1,0,0,1,1,1,1,1,1
P-702631,2025-03,Urban Public Transport,Gujarat,Ministry of Housing & Urban Affairs,72,9,21,0.0,73.9072131823475,84.26,-10.3527868176525,3.0200000000000102,,,157.84000000000015,,,,1.7488888888888883,0,1,0,92,0,0,0,0,0,1,1,1,1,1,1
P-702631,2025-04,Urban Public Transport,Gujarat,Ministry of Housing & Urban Affairs,73,8,21,0.0,74.28554447575021,85.1,-10.81445552424978,0.8399999999999892,5.359999999999999,,20.36999999999989,251.0999999999999,,1.7866666666666664,1.8625000000000007,0,1,0,92,0,0,0,0,0,1,1,1,1,1,1
P-702631,2025-05,Urban Public Transport,Gujarat,Ministry of Housing & Urban Affairs,74,7,21,0.0,74.89622355906296,85.77,-10.873776440937036,0.6700000000000017,4.530000000000001,,32.88000000000011,211.09000000000015,,1.5100000000000005,2.0328571428571434,0,1,0,92,0,0,0,0,0,1,1,1,1,1,1
P-702631,2025-06,Urban Public Transport,Gujarat,Ministry of Housing & Urban Affairs,75,6,21,0.0,76.81555374365965,87.68,-10.864446256340358,1.9100000000000108,3.4200000000000017,,103.34000000000015,156.59000000000015,,1.1400000000000006,2.0533333333333323,0,1,0,92,0,0,0,0,0,1,1,1,1,1,1
P-702631,2025-07,Urban Public Transport,Gujarat,Ministry of Housing & Urban Affairs,76,5,21,0.0,77.10696356170031,87.0,-9.893036438299688,-0.6800000000000068,1.9000000000000057,7.260000000000005,15.6899999999996,151.90999999999985,403.00999999999976,0.6333333333333352,2.6,0,1,0,82,0,0,0,0,0,1,1,1,1,1,1
P-702631,2025-08,Urban Public Transport,Gujarat,Ministry of Housing & Urban Affairs,77,4,21,0.0,77.64297932643285,88.0,-10.357020673567149,1.0,2.230000000000004,6.760000000000005,28.860000000000582,147.89000000000033,358.9800000000005,0.7433333333333346,3.0,0,1,0,90,0,0,0,0,0,1,1,1,1,1,1
P-702632,2025-08,Urban Public Transport,Delhi,Ministry of Housing & Urban Affairs,73,7,12,0.00020041164551698148,63.27139289822716,69.0,-5.7286071017728375,1.0,3.3299999999999983,6.990000000000002,362.3299999999999,-279.64000000000124,1216.0599999999995,1.1099999999999994,4.428571428571429,0,0,0,90,0,0,1,0,0,1,1,1,1,1,1
P-702632,2025-09,Urban Public Transport,Delhi,Ministry of Housing & Urban Affairs,74,6,12,0.00020041164551698148,69.66358968603575,70.0,-0.3364103139642509,1.0,2.8100000000000023,6.719999999999999,1594.7700000000004,1010.4099999999999,1886.1299999999992,0.9366666666666674,5.0,0,0,0,82,0,0,1,0,0,1,1,1,1,1,1
P-702632,2025-10,Urban Public Transport,Delhi,Ministry of Housing & Urban Affairs,75,5,12,0.00020041164551698148,71.49939676215594,71.0,0.4993967621559392,1.0,3.0,6.420000000000002,458.0099999999984,2415.1099999999988,2093.869999999999,1.0,5.8,0,0,0,90,0,0,1,0,0,1,1,1,1,1,1
P-702633,2025-01,Urban Public Transport,"Multi-States (Delhi, Uttar Pradesh)",Ministry of Housing & Urban Affairs,70,5,0,0.0,78.41117790843629,82.5,-4.0888220915637135,,,,,,,,3.5,0,0,0,92,0,0,0,0,0,1,1,1,1,1,1
P-702633,2025-02,Urban Public Transport,"Multi-States (Delhi, Uttar Pradesh)",Ministry of Housing & Urban Affairs,71,4,0,0.0,79.87722137808021,83.4,-3.522778621919798,0.9000000000000057,,,443.8299999999981,,,,4.149999999999999,0,0,0,92,0,0,,0,0,1,1,1,0,1,1
P-702633,2025-03,Urban Public Transport,"Multi-States (Delhi, Uttar Pradesh)",Ministry of Housing & Urban Affairs,72,3,0,0.0,82.55671533328929,85.0,-2.44328466671071,1.5999999999999943,,,811.1900000000023,,,,5.0,0,0,0,92,0,0,,0,0,1,1,1,0,1,1
P-702633,2025-04,Urban Public Transport,"Multi-States (Delhi, Uttar Pradesh)",Ministry of Housing & Urban Affairs,73,2,0,0.0,83.2553015789126,85.5,-2.2446984210874064,0.5,3.0,,211.48999999999796,1466.5099999999984,,1.0,7.25,0,0,0,92,0,0,,0,0,1,1,1,0,1,1
P-702633,2025-05,Urban Public Transport,"Multi-States (Delhi, Uttar Pradesh)",Ministry of Housing & Urban Affairs,74,1,0,0.0,84.80290017837088,86.3,-1.4970998216291207,0.7999999999999972,2.8999999999999915,,468.52000000000044,1491.2000000000007,,0.9666666666666638,13.700000000000003,0,0,0,92,0,,,0,0,1,1,0,0,1,1
P-702633,2025-06,Urban Public Transport,"Multi-States (Delhi, Uttar Pradesh)",Ministry of Housing & Urban Affairs,75,0,0,0.0,85.26220519257448,86.8,-1.537794807425513,0.5,1.7999999999999972,,139.04999999999927,819.0599999999977,,0.5999999999999991,13.200000000000003,0,0,0,92,0,,,0,0,1,1,0,0,1,1
P-702633,2025-07,Urban Public Transport,"Multi-States (Delhi, Uttar Pradesh)",Ministry of Housing & Urban Affairs,76,-1,0,0.0,85.26213912928586,86.0,-0.7378608707141439,-0.7999999999999972,0.5,3.5,-0.020000000000436557,607.5499999999993,2074.0599999999977,0.16666666666666666,14.0,0,0,0,62,0,,,0,0,1,1,0,0,1,1
P-702633,2025-08,Urban Public Transport,"Multi-States (Delhi, Uttar Pradesh)",Ministry of Housing & Urban Affairs,77,0,2,0.0,86.95821496994121,95.0,-8.04178503005879,9.0,8.700000000000003,11.599999999999994,513.4700000000012,652.5,2143.7000000000007,2.900000000000001,5.0,0,1,0,82,0,,,0,0,1,1,0,0,1,1
P-702635,2025-08,Urban Public Transport,Karnataka,Ministry of Housing & Urban Affairs,138,13,66,16.246685304452082,96.03477427993394,94.0,2.0347742799339414,0.0,,5.0,0.0,8541.68,8541.68,,0.46153846153846156,4,1,1,86,0,0,0,0,0,1,1,1,1,1,1
P-702635,2025-09,Urban Public Transport,Karnataka,Ministry of Housing & Urban Affairs,139,12,66,16.246685304452082,96.3279806874713,94.0,2.327980687471296,0.0,,5.0,90.0,8631.68,8631.68,,0.5,5,1,1,82,0,0,0,0,0,1,1,1,1,1,1
P-702635,2025-10,Urban Public Transport,Karnataka,Ministry of Housing & Urban Affairs,140,11,66,16.246685304452082,96.49087313610316,94.0,2.4908731361031613,0.0,0.0,5.0,50.0,140.0,8681.68,0.0,0.5454545454545454,6,1,1,90,0,0,0,0,0,1,1,1,1,1,1
P-702637,2025-08,Urban Public Transport,Maharashtra,Ministry of Housing & Urban Affairs,145,0,29,61.11687413554633,73.82516900955038,91.9,-18.074830990449627,0.0,-2.8699999999999903,4.700000000000003,0.0,-1096.7099999999991,3831.739999999998,-0.9566666666666634,8.099999999999994,1,3,2,86,0,0,0,0,0,1,1,1,1,1,1
P-702637,2025-09,Urban Public Transport,Maharashtra,Ministry of Housing & Urban Affairs,146,-1,29,61.11687413554633,85.26647172443396,96.0,-10.733528275566044,4.099999999999994,1.230000000000004,1.230000000000004,4264.860000000001,3168.1500000000015,-531.3899999999994,0.4100000000000013,4.0,0,3,2,82,0,0,0,0,0,1,1,1,1,1,1
P-702637,2025-10,Urban Public Transport,Maharashtra,Ministry of Housing & Urban Affairs,147,-2,29,61.11687413554633,85.26647172443396,96.0,-10.733528275566044,0.0,4.099999999999994,1.0,0.0,4264.860000000001,3168.1500000000015,1.3666666666666647,4.0,1,3,2,86,0,0,0,0,0,1,1,1,1,1,1
P-702639,2025-08,Urban Public Transport,Gujarat,Ministry of Housing & Urban Affairs,129,2,91,19.971224357189268,94.1963712329297,99.0,-4.803628767070293,-0.3400000000000034,-0.8900000000000006,-0.8700000000000045,316.5,-310.47999999999956,-249.0599999999995,-0.29666666666666686,0.5,1,2,0,90,0,1,1,0,0,1,1,1,1,1,1
P-702639,2025-09,Urban Public Transport,Gujarat,Ministry of Housing & Urban Affairs,130,1,91,19.971224357189268,94.40311037177453,99.0,-4.596889628225469,0.0,-0.9000000000000057,-0.8799999999999955,26.719999999999345,-285.15000000000146,-260.9400000000005,-0.3000000000000019,1.0,2,2,0,82,0,1,1,0,0,1,1,1,1,1,1
P-702639,2025-10,Urban Public Transport,Gujarat,Ministry of Housing & Urban Affairs,131,0,91,19.971224357189268,94.49433246934117,99.0,-4.505667530658826,0.0,-0.3400000000000034,-0.8799999999999955,11.790000000000873,355.0100000000002,-249.14999999999964,-0.11333333333333447,1.0,3,2,0,90,0,1,1,0,0,1,1,1,1,1,1
P-702658,2025-01,Urban Public Transport,Maharashtra,Ministry of Housing & Urban Affairs,25,35,0,0.0,8.182617769827072,17.13,-8.947382230172927,,,,,,,,2.367714285714286,0,0,0,92,0,0,0,0,0,1,1,1,1,1,1
P-702658,2025-02,Urban Public Transport,Maharashtra,Ministry of Housing & Urban Affairs,26,34,0,0.0,8.939475253428741,18.36,-9.420524746571258,1.2300000000000004,,,50.76999999999998,,,,2.4011764705882355,0,0,0,92,0,0,0,0,0,1,1,1,1,1,1
P-702658,2025-03,Urban Public Transport,Maharashtra,Ministry of Housing & Urban Affairs,27,33,0,0.0,11.028771615980919,19.34,-8.311228384019081,0.9800000000000004,,,140.14999999999998,,,,2.4442424242424243,0,0,0,92,0,0,0,0,0,1,1,1,1,1,1
P-702658,2025-04,Urban Public Transport,Maharashtra,Ministry of Housing & Urban Affairs,28,32,0,0.0,11.454084675014908,21.6,-10.145915324985094,2.2600000000000016,4.470000000000002,,28.530000000000086,219.45000000000005,,1.4900000000000009,2.45,0,0,0,92,0,0,0,0,0,1,1,1,1,1,1
P-702658,2025-05,Urban Public Transport,Maharashtra,Ministry of Housing & Urban Affairs,29,31,0,0.0,12.064997018485391,22.68,-10.615002981514609,1.0799999999999983,4.32,,40.98000000000002,209.66000000000008,,1.4400000000000002,2.4941935483870967,0,0,0,92,0,0,0,0,0,1,1,1,1,1,1
P-702658,2025-06,Urban Public Transport,Maharashtra,Ministry of Housing & Urban Affairs,30,30,0,0.0,13.347942754919499,23.82,-10.472057245080501,1.1400000000000006,4.48,,86.05999999999995,155.57000000000005,,1.4933333333333334,2.5393333333333334,0,0,0,92,0,0,0,0,0,1,1,1,1,1,1
P-702658,2025-07,Urban Public Transport,Maharashtra,Ministry of Housing & Urban Affairs,31,29,0,0.0,14.57036374478235,24.0,-9.42963625521765,0.17999999999999972,2.3999999999999986,6.870000000000001,82.0,209.03999999999996,428.49,0.7999999999999995,2.6206896551724137,1,0,0,74,0,0,0,0,0,1,1,1,1,1,1
P-702658,2025-08,Urban Public Transport,Maharashtra,Ministry of Housing & Urban Affairs,32,28,0,0.0,15.583184257602863,25.0,-9.416815742397137,1.0,2.3200000000000003,6.640000000000001,67.93999999999994,235.9999999999999,445.65999999999997,0.7733333333333334,2.6785714285714284,0,0,0,90,0,0,0,0,0,1,1,1,1,1,1
P-702658,2025-09,Urban Public Transport,Maharashtra,Ministry of Housing & Urban Affairs,33,27,0,0.0,17.112104949314254,27.0,-9.887895050685746,2.0,3.1799999999999997,7.66,102.56000000000017,252.5000000000001,408.07000000000016,1.0599999999999998,2.7037037037037037,0,0,0,82,0,0,0,0,0,1,1,1,1,1,1
P-702658,2025-10,Urban Public Transport,Maharashtra,Ministry of Housing & Urban Affairs,34,26,0,0.0,18.772957662492548,28.0,-9.227042337507452,1.0,4.0,6.399999999999999,111.40999999999985,281.90999999999997,490.94999999999993,1.3333333333333333,2.769230769230769,0,0,0,90,0,0,0,0,0,1,1,1,1,1,1
P-702664,2025-01,Urban Public Transport,Kerala,Ministry of Housing & Urban Affairs,78,22,0,0.0,0.14358345468945607,,,,,,,,,,,0,0,0,80,1,0,0,0,0,1,1,1,1,1,1
P-702664,2025-02,Urban Public Transport,Kerala,Ministry of Housing & Urban Affairs,79,21,0,0.0,0.14358345468945607,,,,,,0.0,,,,,0,0,0,80,1,0,0,0,0,1,1,1,1,1,1
P-702664,2025-03,Urban Public Transport,Kerala,Ministry of Housing & Urban Affairs,80,20,0,0.0,0.14358345468945607,,,,,,0.0,,,,,0,0,0,80,1,0,0,0,0,1,1,1,1,1,1
P-702664,2025-04,Urban Public Transport,Kerala,Ministry of Housing & Urban Affairs,81,19,0,0.0,12.508622671878593,7.4,5.108622671878592,,,,241.99,241.99,,,4.873684210526315,0,0,0,92,0,0,0,0,0,1,1,1,1,1,1
P-702664,2025-05,Urban Public Transport,Kerala,Ministry of Housing & Urban Affairs,82,18,0,0.0,12.806520017373087,7.4,5.4065200173730865,0.0,,,5.829999999999984,247.82,,,5.144444444444444,1,0,0,92,0,0,0,0,0,1,1,1,1,1,1
P-702664,2025-06,Urban Public Transport,Kerala,Ministry of Housing & Urban Affairs,83,17,0,0.0,12.806520017373087,7.4,5.4065200173730865,0.0,,,0.0,247.82,,,5.447058823529411,2,0,0,88,0,0,0,0,0,1,1,1,1,1,1
P-702664,2025-07,Urban Public Transport,Kerala,Ministry of Housing & Urban Affairs,32,16,0,0.0,15.658772131524488,10.0,5.658772131524488,2.5999999999999996,2.5999999999999996,,55.81999999999999,61.64999999999998,303.64,0.8666666666666666,5.625,0,0,0,82,0,0,0,0,0,1,1,1,1,1,1
P-702664,2025-08,Urban Public Transport,Kerala,Ministry of Housing & Urban Affairs,33,15,0,0.0,16.859048057024605,12.0,4.859048057024605,2.0,4.6,,23.49000000000001,79.31,327.13,1.5333333333333332,5.866666666666666,0,0,0,90,0,0,0,0,0,1,1,1,1,1,1
P-702664,2025-09,Urban Public Transport,Kerala,Ministry of Housing & Urban Affairs,34,14,0,0.0,18.575917835517743,14.0,4.575917835517743,2.0,6.6,,33.60000000000002,112.91000000000003,360.73,2.1999999999999997,6.142857142857143,0,0,0,82,0,0,0,0,0,1,1,1,1,1,1
P-702664,2025-10,Urban Public Transport,Kerala,Ministry of Housing & Urban Affairs,35,13,0,0.0,21.745995247949722,19.0,2.745995247949722,5.0,9.0,11.6,62.039999999999964,119.13,180.77999999999997,3.0,6.230769230769231,0,0,0,90,0,0,0,0,0,1,1,1,1,1,1
P-702665,2025-01,Urban Public Transport,Karnataka,Ministry of Housing & Urban Affairs,43,17,0,0.0,16.391828564859583,30.0,-13.608171435140417,,,,,,,,4.117647058823529,0,0,0,92,0,0,0,0,0,1,1,1,1,1,1
P-702665,2025-02,Urban Public Transport,Karnataka,Ministry of Housing & Urban Affairs,44,16,0,0.0,16.391828564859583,30.0,-13.608171435140417,0.0,,,0.0,,,,4.375,1,0,0,88,0,0,0,0,0,1,1,1,1,1,1
P-702665,2025-03,Urban Public Transport,Karnataka,Ministry of Housing & Urban Affairs,45,15,0,0.0,16.391828564859583,30.0,-13.608171435140417,0.0,,,0.0,,,,4.666666666666667,2,0,0,88,0,0,0,0,0,1,1,1,1,1,1
P-702665,2025-04,Urban Public Transport,Karnataka,Ministry of Housing & Urban Affairs,46,14,0,0.0,16.391828564859583,30.0,-13.608171435140417,0.0,0.0,,0.0,0.0,,0.0,5.0,3,0,0,88,0,0,0,0,0,1,1,1,1,1,1
P-702665,2025-05,Urban Public Transport,Karnataka,Ministry of Housing & Urban Affairs,47,13,0,0.0,16.391828564859583,,,,,,0.0,0.0,,,,3,0,0,80,1,0,0,0,0,1,1,1,1,1,1
P-702665,2025-06,Urban Public Transport,Karnataka,Ministry of Housing & Urban Affairs,48,12,0,0.0,16.391828564859583,,,,,,0.0,0.0,,,,3,0,0,80,1,0,0,0,0,1,1,1,1,1,1
P-702665,2025-07,Urban Public Transport,Karnataka,Ministry of Housing & Urban Affairs,78,11,0,0.0,56.968373219007184,53.0,3.9683732190071836,,23.0,23.0,6000.500000000001,6000.500000000001,6000.500000000001,7.666666666666667,4.2727272727272725,3,0,0,82,0,0,0,0,0,1,1,1,1,1,1
P-702665,2025-08,Urban Public Transport,Karnataka,Ministry of Housing & Urban Affairs,50,10,0,0.0,56.968373219007184,53.0,3.9683732190071836,0.0,,23.0,0.0,6000.500000000001,6000.500000000001,,4.7,4,0,0,86,0,0,0,0,0,1,1,1,1,1,1
P-702665,2025-09,Urban Public Transport,Karnataka,Ministry of Housing & Urban Affairs,51,9,0,0.0,59.62814695599841,56.0,3.6281469559984103,3.0,,26.0,393.3299999999999,6393.830000000001,6393.830000000001,,4.888888888888889,0,0,0,82,0,0,0,0,0,1,1,1,1,1,1
P-702665,2025-10,Urban Public Transport,Karnataka,Ministry of Housing & Urban Affairs,52,8,0,0.0,60.28921903422346,57.0,3.289219034223457,1.0,4.0,27.0,97.7599999999984,491.0899999999983,6491.589999999999,1.3333333333333333,5.375,0,0,0,90,0,0,0,0,0,1,1,1,1,1,1
P-702668,2025-07,Urban Public Transport,Tamil Nadu,Ministry of Housing & Urban Affairs,56,49,0,0.0,74.57029693577459,0.0,74.57029693577459,,,,,,,,2.0408163265306123,0,0,0,90,0,0,0,0,0,1,1,1,1,1,1
P-702668,2025-08,Urban Public Transport,Tamil Nadu,Ministry of Housing & Urban Affairs,10,48,0,0.0,41.757818676279925,45.0,-3.242181323720075,45.0,,,-20752.58,,,,1.1458333333333333,0,0,0,70,0,0,0,0,0,1,1,1,1,1,1
P-702668,2025-09,Urban Public Transport,Tamil Nadu,Ministry of Housing & Urban Affairs,11,47,0,0.0,43.41213673592006,46.0,-2.5878632640799424,1.0,,,1046.2899999999972,,,,1.148936170212766,0,0,0,82,0,0,0,0,0,1,1,1,1,1,1
P-702668,2025-10,Urban Public Transport,Tamil Nadu,Ministry of Housing & Urban Affairs,12,46,0,0.0,45.503241311703505,47.0,-1.4967586882964952,1.0,47.0,,1322.5400000000009,-18383.750000000004,,15.666666666666666,1.1521739130434783,0,0,0,90,0,0,0,0,0,1,1,1,1,1,1
P-702674,2025-08,Urban Public Transport,Andhra Pradesh,Ministry of Housing & Urban Affairs,85,4,33,0.0,361.17756358146556,82.0,279.17756358146556,,,,,,,,4.5,0,0,0,90,0,1,1,0,0,1,1,1,1,1,1
P-702674,2025-09,Urban Public Transport,Andhra Pradesh,Ministry of Housing & Urban Affairs,86,3,33,0.0,412.62338868888634,82.0,330.62338868888634,0.0,,,88.60000000000002,,,,6.0,1,0,0,82,0,1,1,0,0,1,1,1,1,1,1
P-702674,2025-10,Urban Public Transport,Andhra Pradesh,Ministry of Housing & Urban Affairs,104,2,33,0.0,464.37115317617,82.0,382.37115317617,0.0,,,89.12,,,,9.0,2,0,0,90,0,1,1,0,0,1,1,1,1,1,1
P-702699,2025-08,Urban Public Transport,Bihar,Ministry of Housing & Urban Affairs,78,-17,5,0.0,30.61468698828568,51.0,-20.38531301171432,,,,,,,,49.0,0,0,0,98,0,,,0,0,1,1,0,0,1,1
P-702699,2025-09,Urban Public Transport,Bihar,Ministry of Housing & Urban Affairs,79,3,26,0.0,320.8842423479028,83.0,237.88424234790278,32.0,,,460.89,,,,5.666666666666667,0,1,0,82,0,,,0,0,1,1,0,0,1,1
P-702699,2025-10,Urban Public Transport,Bihar,Ministry of Housing & Urban Affairs,107,2,26,0.0,379.4558508628291,83.0,296.4558508628291,0.0,,,93.0,,,,8.5,1,1,0,90,0,1,1,0,0,1,1,1,1,1,1
P-702734,2025-08,Urban Public Transport,Haryana,Ministry of Housing & Urban Affairs,93,7,30,0.0,556.8684579691378,88.0,468.8684579691378,,,,,,,,1.7142857142857142,0,0,0,90,0,0,0,0,0,1,1,1,1,1,1
P-702734,2025-09,Urban Public Transport,Haryana,Ministry of Housing & Urban Affairs,94,6,30,0.0,639.0561490593864,88.0,551.0561490593864,0.0,,,228.49,,,,2.0,1,0,0,82,0,0,1,0,0,1,1,1,1,1,1
P-702734,2025-10,Urban Public Transport,Haryana,Ministry of Housing & Urban Affairs,103,5,30,0.0,721.2438401496349,88.0,633.2438401496349,0.0,,,228.49,,,,2.4,2,0,0,90,0,0,1,0,0,1,1,1,1,1,1
P-702735,2025-08,Urban Public Transport,Haryana,Ministry of Housing & Urban Affairs,82,4,33,0.0,501.77775693043765,91.0,410.77775693043765,,,,,,,,2.25,0,0,0,90,0,1,1,0,0,1,1,1,1,1,1
P-702735,2025-09,Urban Public Transport,Haryana,Ministry of Housing & Urban Affairs,83,3,33,0.0,586.3595853464046,91.0,495.35958534640463,0.0,,,180.31999999999994,,,,3.0,1,0,0,82,0,1,1,0,0,1,1,1,1,1,1
P-702741,2025-08,Urban Public Transport,Jharkhand,Ministry of Housing & Urban Affairs,80,7,36,0.0,321.62549064881085,72.0,249.62549064881085,,,,,,,,4.0,0,0,0,90,0,0,0,0,0,1,1,1,1,1,1
P-702741,2025-09,Urban Public Transport,Jharkhand,Ministry of Housing & Urban Affairs,81,6,36,0.0,381.2699145693835,72.0,309.2699145693835,0.0,,,129.15999999999997,,,,4.666666666666667,1,0,0,82,0,0,1,0,0,1,1,1,1,1,1
P-702741,2025-10,Urban Public Transport,Jharkhand,Ministry of Housing & Urban Affairs,104,5,36,0.0,488.4784114523205,72.0,416.4784114523205,0.0,,,232.15999999999997,,,,5.6,2,0,0,90,0,0,1,0,0,1,1,1,1,1,1
P-702742,2025-08,Urban Public Transport,Jharkhand,Ministry of Housing & Urban Affairs,80,7,29,0.0,384.4705291569895,65.0,319.4705291569895,,,,,,,,5.0,0,0,0,90,0,0,0,0,0,1,1,1,1,1,1
P-702742,2025-09,Urban Public Transport,Jharkhand,Ministry of Housing & Urban Affairs,81,6,29,0.0,439.39489046513086,65.0,374.39489046513086,0.0,,,87.5,,,,5.833333333333333,1,0,0,82,0,0,1,0,0,1,1,1,1,1,1
P-702742,2025-10,Urban Public Transport,Jharkhand,Ministry of Housing & Urban Affairs,104,5,29,0.0,494.31925177327224,65.0,429.31925177327224,0.0,,,87.5,,,,7.0,2,0,0,90,0,0,1,0,0,1,1,1,1,1,1
P-702746,2025-08,Urban Public Transport,Jharkhand,Ministry of Housing & Urban Affairs,80,7,36,0.0,439.66508552537016,78.0,361.66508552537016,,,,,,,,3.142857142857143,0,0,0,90,0,0,0,0,0,1,1,1,1,1,1
P-702746,2025-09,Urban Public Transport,Jharkhand,Ministry of Housing & Urban Affairs,81,6,36,0.0,506.68391548081075,78.0,428.68391548081075,0.0,,,186.5,,,,3.6666666666666665,1,0,0,82,0,0,1,0,0,1,1,1,1,1,1
P-702746,2025-10,Urban Public Transport,Jharkhand,Ministry of Housing & Urban Affairs,104,5,36,0.0,506.68391548081075,78.0,428.68391548081075,0.0,,,0.0,,,,4.4,2,0,0,86,0,0,1,0,0,1,1,1,1,1,1
P-702760,2025-08,Urban Public Transport,Karnataka,Ministry of Housing & Urban Affairs,106,4,29,0.0,345.7936459165489,80.0,265.7936459165489,,,,,,,,5.0,0,0,0,90,0,0,1,0,0,1,1,1,1,1,1
P-702760,2025-09,Urban Public Transport,Karnataka,Ministry of Housing & Urban Affairs,107,3,29,0.0,394.6475757389541,80.0,314.6475757389541,0.0,,,79.5,,,,6.666666666666667,1,0,0,82,0,1,1,0,0,1,1,1,1,1,1
P-702760,2025-10,Urban Public Transport,Karnataka,Ministry of Housing & Urban Affairs,118,2,29,0.0,443.50150556135935,80.0,363.50150556135935,0.0,,,79.5,,,,10.0,2,0,0,90,0,1,1,0,0,1,1,1,1,1,1
P-702764,2025-08,Urban Public Transport,Karnataka,Ministry of Housing & Urban Affairs,91,4,33,0.0,408.98491083676265,65.0,343.98491083676265,,,,,,,,8.75,0,0,0,90,0,0,1,0,0,1,1,1,1,1,1
P-702764,2025-09,Urban Public Transport,Karnataka,Ministry of Housing & Urban Affairs,92,3,33,0.0,468.2727480566987,65.0,403.2727480566987,0.0,,,103.73000000000002,,,,11.666666666666666,1,0,0,82,0,1,1,0,0,1,1,1,1,1,1
P-702793,2025-08,Urban Public Transport,Madhya Pradesh,Ministry of Housing & Urban Affairs,93,4,33,0.0,614.966744437093,99.0,515.966744437093,,,,,,,,0.25,0,0,0,90,0,0,1,0,0,1,1,1,1,1,1
P-702793,2025-09,Urban Public Transport,Madhya Pradesh,Ministry of Housing & Urban Affairs,94,3,33,0.0,702.8937563115924,99.0,603.8937563115924,0.0,,,252.5,,,,0.3333333333333333,1,0,0,82,0,1,1,0,0,1,1,1,1,1,1
P-702793,2025-10,Urban Public Transport,Madhya Pradesh,Ministry of Housing & Urban Affairs,106,2,33,0.0,790.8207681860919,99.0,691.8207681860919,0.0,,,252.5,,,,0.5,2,0,0,90,0,1,1,0,0,1,1,1,1,1,1
P-702798,2025-08,Urban Public Transport,Madhya Pradesh,Ministry of Housing & Urban Affairs,92,4,33,0.0,624.9289282658495,93.0,531.9289282658495,,,,,,,,1.75,0,0,0,90,0,0,1,0,0,1,1,1,1,1,1
P-702798,2025-09,Urban Public Transport,Madhya Pradesh,Ministry of Housing & Urban Affairs,93,3,33,0.0,716.9468135022495,93.0,623.9468135022495,0.0,,,333.3900000000003,,,,2.3333333333333335,1,0,0,82,0,1,1,0,0,1,1,1,1,1,1
P-702808,2025-08,Urban Public Transport,Madhya Pradesh,Ministry of Housing & Urban Affairs,104,4,21,0.0,261.9074963457924,86.0,175.90749634579242,,,,,,,,3.5,0,0,0,90,0,0,1,1,1,1,1,1,1,1,1
P-702808,2025-09,Urban Public Transport,Madhya Pradesh,Ministry of Housing & Urban Affairs,105,3,21,0.0,681.4836082689496,86.0,595.4836082689496,0.0,,,803.74,,,,4.666666666666667,1,0,0,82,0,1,1,1,1,1,1,1,1,1,1
P-702808,2025-10,Urban Public Transport,Madhya Pradesh,Ministry of Housing & Urban Affairs,119,2,21,0.0,767.2426393819169,86.0,681.2426393819169,0.0,,,164.27999999999997,,,,7.0,2,0,0,90,0,1,1,1,1,1,1,1,1,1,1
P-702810,2025-08,Urban Public Transport,Madhya Pradesh,Ministry of Housing & Urban Affairs,93,4,33,0.0,603.146687893336,90.0,513.146687893336,,,,,,,,2.5,0,0,0,90,0,0,1,0,1,1,1,1,1,1,1
P-702810,2025-09,Urban Public Transport,Madhya Pradesh,Ministry of Housing & Urban Affairs,94,3,33,0.0,696.579687072461,90.0,606.579687072461,0.0,,,375.6100000000001,,,,3.3333333333333335,1,0,0,82,0,1,1,0,1,1,1,1,1,1,1
P-702810,2025-10,Urban Public Transport,Madhya Pradesh,Ministry of Housing & Urban Affairs,113,2,33,0.0,790.0126862515858,90.0,700.0126862515858,0.0,,,375.6099999999997,,,,5.0,2,0,0,90,0,1,1,1,1,1,1,1,1,1,1
P-702833,2025-08,Urban Public Transport,Maharashtra,Ministry of Housing & Urban Affairs,71,4,26,0.0,193.26467559217303,70.0,123.26467559217303,,,,,,,,7.5,0,0,0,90,0,0,1,0,0,1,1,1,1,1,1
P-702833,2025-09,Urban Public Transport,Maharashtra,Ministry of Housing & Urban Affairs,72,3,26,0.0,473.26467559217303,70.0,403.26467559217303,0.0,,,543.76,,,,10.0,1,0,0,82,0,1,1,0,0,1,1,1,1,1,1
P-702833,2025-10,Urban Public Transport,Maharashtra,Ministry of Housing & Urban Affairs,111,2,26,0.0,543.264675592173,70.0,473.26467559217303,0.0,,,135.93999999999994,,,,15.0,2,0,0,90,0,1,1,0,0,1,1,1,1,1,1
P-702840,2025-08,Urban Public Transport,Maharashtra,Ministry of Housing & Urban Affairs,84,4,33,0.0,284.0821315081887,99.0,185.0821315081887,,,,,,,,0.25,0,0,0,90,0,0,1,0,0,1,1,1,1,1,1
P-702840,2025-09,Urban Public Transport,Maharashtra,Ministry of Housing & Urban Affairs,85,3,33,0.0,766.8002933268149,99.0,667.8002933268149,0.0,,,987.4,,,,0.3333333333333333,1,0,0,82,0,1,1,0,0,1,1,1,1,1,1
P-702840,2025-10,Urban Public Transport,Maharashtra,Ministry of Housing & Urban Affairs,107,2,33,0.0,863.3439256905401,99.0,764.3439256905401,0.0,,,197.48000000000002,,,,0.5,2,0,0,90,0,1,1,0,0,1,1,1,1,1,1
P-702851,2025-08,Urban Public Transport,Maharashtra,Ministry of Housing & Urban Affairs,97,2,31,0.0,260.2500529773257,92.0,168.2500529773257,,,,,,,,4.0,0,0,0,90,0,0,1,0,0,1,1,1,1,1,1
P-702851,2025-09,Urban Public Transport,Maharashtra,Ministry of Housing & Urban Affairs,98,1,31,0.0,714.8802712439076,92.0,622.8802712439076,0.0,,,1072.7,,,,8.0,1,0,0,82,0,1,1,0,0,1,1,1,1,1,1
P-702851,2025-10,Urban Public Transport,Maharashtra,Ministry of Housing & Urban Affairs,103,0,31,0.0,805.8063148972241,92.0,713.8063148972241,0.0,,,214.53999999999996,,,,8.0,2,0,0,90,0,1,1,0,0,1,1,1,1,1,1
P-702854,2025-08,Urban Public Transport,Maharashtra,Ministry of Housing & Urban Affairs,88,4,33,0.0,264.5528184642699,91.0,173.55281846426988,,,,,,,,2.25,0,0,0,90,0,0,1,0,0,1,1,1,1,1,1
P-702854,2025-09,Urban Public Transport,Maharashtra,Ministry of Housing & Urban Affairs,89,3,33,0.0,710.9298712827342,91.0,619.9298712827342,0.0,,,804.5500000000002,,,,3.0,1,0,0,82,0,1,1,0,0,1,1,1,1,1,1
P-702854,2025-10,Urban Public Transport,Maharashtra,Ministry of Housing & Urban Affairs,103,2,33,0.0,800.2052818464269,91.0,709.2052818464269,0.0,,,160.90999999999985,,,,4.5,2,0,0,90,0,1,1,0,0,1,1,1,1,1,1
P-702949,2025-08,Urban Public Transport,Uttar Pradesh,Ministry of Housing & Urban Affairs,74,1,26,0.0,93.13027379214583,100.0,-6.869726207854171,,,,,,,,0.0,0,0,0,98,0,1,1,0,0,1,1,1,1,1,1
P-702949,2025-09,Urban Public Transport,Uttar Pradesh,Ministry of Housing & Urban Affairs,75,0,26,0.0,555.9992167194788,91.0,464.9992167194788,-9.0,,,2600.12,,,,9.0,0,0,0,70,0,1,1,0,0,1,1,1,1,1,1
P-702949,2025-10,Urban Public Transport,Uttar Pradesh,Ministry of Housing & Urban Affairs,103,2,29,0.0,720.1463310428312,91.0,629.1463310428312,0.0,,,922.0799999999999,,,,4.5,1,1,0,90,0,1,1,0,0,1,1,1,1,1,1
P-703021,2025-08,Urban Public Transport,Punjab,Ministry of Housing & Urban Affairs,60,7,31,0.0,62.282907206126964,58.0,4.282907206126964,,,,,,,,6.0,0,0,0,98,0,0,0,0,1,1,1,1,1,1,1
P-703021,2025-09,Urban Public Transport,Punjab,Ministry of Housing & Urban Affairs,61,6,31,0.0,475.65466290179097,58.0,417.65466290179097,0.0,,,1068.69,,,,7.0,1,0,0,82,0,0,1,0,1,1,1,1,1,1,1
P-703021,2025-10,Urban Public Transport,Punjab,Ministry of Housing & Urban Affairs,107,5,31,0.0,537.9375701079178,58.0,479.93757010791785,0.0,,,161.01999999999998,,,,8.4,2,0,0,90,0,0,1,1,1,1,1,1,1,1,1
P-703057,2025-08,Urban Public Transport,Punjab,Ministry of Housing & Urban Affairs,60,4,26,0.0,157.47038327526133,74.0,83.47038327526133,,,,,,,,6.5,0,0,0,90,0,0,1,0,0,1,1,1,1,1,1
P-703057,2025-09,Urban Public Transport,Punjab,Ministry of Housing & Urban Affairs,61,3,26,0.0,213.47735191637628,74.0,139.47735191637628,0.0,,,160.73999999999995,,,,8.666666666666666,1,0,0,82,0,1,1,0,0,1,1,1,1,1,1
P-703057,2025-10,Urban Public Transport,Punjab,Ministry of Housing & Urban Affairs,107,2,26,0.0,493.5121951219512,74.0,419.5121951219512,0.0,,,803.7000000000002,,,,13.0,2,0,0,90,0,1,1,0,0,1,1,1,1,1,1
P-703585,2025-08,Railways,Karnataka,Ministry of Railways,70,0,17,117.62814390321553,22.10600231139459,52.0,-29.89399768860541,-7.0,,,7.110000000000014,79.36000000000001,79.36000000000001,,48.0,0,2,2,78,0,,,0,0,1,1,0,0,1,1
P-703585,2025-09,Railways,Karnataka,Ministry of Railways,77,6,24,117.62814390321553,22.281551267609753,53.0,-30.718448732390247,1.0,,,1.1999999999999886,80.56,80.56,,7.833333333333333,0,3,2,82,0,,,0,0,1,1,0,0,1,1
P-703585,2025-10,Railways,Karnataka,Ministry of Railways,78,5,24,117.62814390321553,22.281551267609753,53.0,-30.718448732390247,0.0,-6.0,,0.0,8.310000000000002,80.56,-2.0,9.4,1,3,2,86,0,0,0,0,0,1,1,1,1,1,1
P-703586,2025-10,Railways,"Multi-States (Karnataka, Tamil Nadu)",Ministry of Railways,78,3,22,50.13033888109085,84.20061439829037,86.0,-1.7993856017096306,0.0,-11.0,,0.0,35.40999999999997,630.41,-3.6666666666666665,4.666666666666667,1,1,2,86,0,0,0,0,0,1,1,1,1,1,1
P-704495,2025-07,Telecommunication,"Multi-States (Bihar, Madhya Pradesh, Rajasthan, Uttar Pradesh)",Department of Telecommunications,52,5,45,-45.70378275821178,55.23281209050406,96.0,-40.76718790949594,,,,,,,,0.8,0,0,0,98,0,0,1,0,0,1,1,1,1,1,1
P-704495,2025-08,Telecommunication,"Multi-States (Bihar, Madhya Pradesh, Rajasthan, Uttar Pradesh)",Department of Telecommunications,53,4,45,-45.70378275821178,58.56556302961476,96.0,-37.43443697038524,0.0,,,7.63000000000001,,,,1.0,1,0,0,98,0,0,1,0,0,1,1,1,1,1,1
P-704495,2025-09,Telecommunication,"Multi-States (Bihar, Madhya Pradesh, Rajasthan, Uttar Pradesh)",Department of Telecommunications,54,3,45,-45.70378275821178,58.75338516641915,96.0,-37.24661483358085,0.0,,,0.4299999999999784,,,,1.3333333333333333,2,0,0,90,0,0,1,0,0,1,1,1,1,1,1
P-704495,2025-10,Telecommunication,"Multi-States (Bihar, Madhya Pradesh, Rajasthan, Uttar Pradesh)",Department of Telecommunications,55,2,45,-45.70378275821178,62.029352668821524,96.0,-33.970647331178476,0.0,0.0,,7.5,15.559999999999988,,0.0,2.0,3,0,0,98,0,1,1,0,0,1,1,1,1,1,1
P-705237,2025-08,Railways,"Multi-States (Gujarat, Haryana, Maharashtra, Rajasthan, Uttar Pradesh)",Ministry of Railways,210,4,45,142.6664840218391,100.49836700133059,96.0,4.4983670013305925,0.0,13.0,13.0,0.0,77147.0,77147.0,4.333333333333333,1.0,1,1,1,86,0,0,0,0,0,1,1,1,1,1,1
P-705237,2025-09,Railways,"Multi-States (Gujarat, Haryana, Maharashtra, Rajasthan, Uttar Pradesh)",Ministry of Railways,211,3,45,142.6664840218391,100.49836700133059,96.0,4.4983670013305925,0.0,13.0,13.0,0.0,77147.0,77147.0,4.333333333333333,1.3333333333333333,2,1,1,78,0,0,0,0,0,1,1,1,1,1,1
P-705237,2025-10,Railways,"Multi-States (Gujarat, Haryana, Maharashtra, Rajasthan, Uttar Pradesh)",Ministry of Railways,212,2,45,142.6664840218391,100.49836700133059,96.0,4.4983670013305925,0.0,0.0,13.0,0.0,0.0,77147.0,0.0,2.0,3,1,1,86,0,0,0,0,0,1,1,1,1,1,1
P-705244,2025-07,Railways,Tamil Nadu,Ministry of Railways,84,-43,0,0.0,36.97115384615385,0.0,36.97115384615385,,,,,,,,100.0,0,0,0,98,0,0,0,0,0,1,1,1,1,1,1
P-705244,2025-08,Railways,Tamil Nadu,Ministry of Railways,85,-44,0,0.0,36.97115384615385,0.0,36.97115384615385,0.0,,,0.0,,,,100.0,1,0,0,94,0,0,0,0,0,1,1,1,1,1,1
P-705244,2025-09,Railways,Tamil Nadu,Ministry of Railways,93,-45,0,0.0,36.97115384615385,0.0,36.97115384615385,0.0,,,0.0,,,,100.0,2,0,0,86,0,0,0,0,0,1,1,1,1,1,1
P-705244,2025-10,Railways,Tamil Nadu,Ministry of Railways,94,-46,0,0.0,36.97115384615385,0.0,36.97115384615385,0.0,0.0,,0.0,0.0,,0.0,100.0,3,0,0,94,0,0,0,0,0,1,1,1,1,1,1
P-705252,2025-08,Railways,Telangana,Ministry of Railways,97,-20,0,0.0,0.0,0.0,0.0,,,,,,,,100.0,0,0,0,98,0,0,0,0,0,1,1,1,1,1,1
P-705252,2025-09,Railways,Telangana,Ministry of Railways,96,-21,0,0.0,0.0,0.0,0.0,0.0,,,0.0,,,,100.0,1,0,0,86,0,0,0,0,0,1,1,1,1,1,1
P-705252,2025-10,Railways,Telangana,Ministry of Railways,97,-22,0,0.0,0.0,0.0,0.0,0.0,,,0.0,,,,100.0,2,0,0,94,0,0,0,0,0,1,1,1,1,1,1
P-705253,2025-08,Railways,Andhra Pradesh,Ministry of Railways,133,-56,0,0.0,21.314387211367674,0.0,21.314387211367674,,,,,,,,100.0,0,0,0,90,0,0,0,0,0,1,1,1,1,1,1
P-705253,2025-09,Railways,Andhra Pradesh,Ministry of Railways,112,-57,0,0.0,21.314387211367674,0.0,21.314387211367674,0.0,,,0.0,,,,100.0,1,0,0,78,0,0,0,0,0,1,1,1,1,1,1
P-705253,2025-10,Railways,Andhra Pradesh,Ministry of Railways,113,-58,0,0.0,21.314387211367674,0.0,21.314387211367674,0.0,,,0.0,,,,100.0,2,0,0,86,0,0,,0,0,1,1,1,0,1,1
P-705298,2025-07,Railways,PAN India,Ministry of Railways,27,-16,0,0.0,0.0,0.0,0.0,,,,,,,,100.0,0,0,0,90,0,0,0,0,0,1,1,1,1,1,1
P-705298,2025-08,Railways,PAN India,Ministry of Railways,28,-17,0,0.0,0.0,0.0,0.0,0.0,,,0.0,,,,100.0,1,0,0,86,0,0,0,0,0,1,1,1,1,1,1
P-705298,2025-09,Railways,PAN India,Ministry of Railways,63,-18,0,0.0,0.0,0.0,0.0,0.0,,,0.0,,,,100.0,2,0,0,78,0,0,0,0,0,1,1,1,1,1,1
P-705298,2025-10,Railways,PAN India,Ministry of Railways,64,-19,0,0.0,0.0,0.0,0.0,0.0,0.0,,0.0,0.0,,0.0,100.0,3,0,0,86,0,0,0,0,0,1,1,1,1,1,1
P-705356,2025-07,Railways,Maharashtra,Ministry of Railways,273,8,0,95.23434423001181,95.3266088359895,92.0,3.3266088359895036,,,,,,,,1.0,0,0,0,90,0,0,0,0,0,1,1,1,1,1,1
P-705356,2025-08,Railways,Maharashtra,Ministry of Railways,319,7,0,95.27035810089536,100.37258410375064,98.0,2.37258410375064,6.0,,,250.39999999999964,,,,0.2857142857142857,0,0,0,90,0,0,0,0,0,1,1,1,1,1,1
P-705356,2025-09,Railways,Maharashtra,Ministry of Railways,320,6,0,95.27035810089536,101.16556088330874,98.0,3.1655608833087427,0.0,,,39.3100000000004,,,,0.3333333333333333,1,0,0,82,0,0,0,0,0,1,1,1,1,1,1
P-705356,2025-10,Railways,Maharashtra,Ministry of Railways,321,5,0,95.27035810089536,102.71661620206281,98.0,4.716616202062809,0.0,6.0,,76.88999999999942,366.59999999999945,,2.0,0.4,2,0,0,90,0,0,0,0,0,1,1,1,1,1,1
P-705357,2025-08,Railways,Maharashtra,Ministry of Railways,113,19,0,1231.5280184864241,39.87906068658821,51.0,-11.120939313411789,1.0,1.0,1.0,23.33000000000004,42.81000000000006,95.85000000000002,0.3333333333333333,2.5789473684210527,0,1,0,90,0,0,0,0,0,1,1,1,1,1,1
P-705357,2025-09,Railways,Maharashtra,Ministry of Railways,114,18,0,1231.5280184864241,40.61391615597375,51.0,-10.386083844026253,0.0,1.0,1.0,13.549999999999955,36.82000000000005,93.02999999999997,0.3333333333333333,2.7222222222222223,1,1,0,82,0,0,0,0,0,1,1,1,1,1,1
P-705357,2025-10,Railways,Maharashtra,Ministry of Railways,115,17,0,1231.5280184864241,45.857150604696564,51.0,-5.142849395303436,0.0,1.0,1.0,96.67999999999995,133.55999999999995,182.02999999999997,0.3333333333333333,2.8823529411764706,2,1,0,90,0,0,0,0,0,1,1,1,1,1,1
P-705358,2025-07,Railways,Odisha,Ministry of Railways,292,17,0,34.20358649789029,97.92591864806445,89.0,8.925918648064453,,,,,,,,0.6470588235294118,0,0,0,98,0,0,0,0,0,1,1,1,1,1,1
P-705358,2025-08,Railways,Odisha,Ministry of Railways,377,16,0,34.20358649789029,98.793869129495,89.0,9.793869129494993,0.0,,,44.17000000000007,,,,0.6875,1,0,0,98,0,0,0,0,0,1,1,1,1,1,1
P-705358,2025-09,Railways,Odisha,Ministry of Railways,378,15,0,34.20358649789029,98.793869129495,89.0,9.793869129494993,0.0,,,0.0,,,,0.7333333333333333,2,0,0,86,0,0,0,0,0,1,1,1,1,1,1
P-705358,2025-10,Railways,Odisha,Ministry of Railways,379,14,0,34.20358649789029,101.1572018078208,89.0,12.157201807820798,0.0,0.0,,120.27000000000044,164.4400000000005,,0.0,0.7857142857142857,3,0,0,98,0,0,0,0,0,1,1,1,1,1,1
P-705359,2025-07,Railways,Odisha,Ministry of Railways,247,20,24,0.0,98.69865145228216,47.0,51.698651452282164,,,,,,,,2.65,0,0,0,98,0,0,0,0,0,1,1,1,1,1,1
P-705359,2025-08,Railways,Odisha,Ministry of Railways,257,19,24,0.0,100.32572614107883,48.0,52.32572614107883,1.0,,,31.36999999999989,,,,2.736842105263158,0,0,0,98,0,0,1,0,0,1,1,1,1,1,1
P-705359,2025-09,Railways,Odisha,Ministry of Railways,258,18,24,0.0,101.28786307053942,48.0,53.287863070539416,0.0,,,18.549999999999955,,,,2.888888888888889,1,0,0,90,0,0,1,0,0,1,1,1,1,1,1
P-705359,2025-10,Railways,Odisha,Ministry of Railways,259,17,24,0.0,101.44709543568464,48.0,53.447095435684645,0.0,1.0,,3.0700000000001637,52.99000000000001,,0.3333333333333333,3.0588235294117645,2,0,0,98,0,0,1,0,0,1,1,1,1,1,1
P-705362,2025-08,Railways,Offshore,Ministry of Railways,120,7,48,0.0,70.8913308913309,75.0,-4.108669108669105,0.0,0.0,-3.0,-7.720000000000027,36.29000000000008,36.29000000000008,0.0,3.5714285714285716,5,0,1,78,0,0,0,0,0,1,1,1,1,1,1
P-705362,2025-09,Railways,Offshore,Ministry of Railways,121,6,48,0.0,70.88034188034187,75.0,-4.119658119658126,0.0,0.0,0.0,-0.09000000000003183,13.889999999999986,36.200000000000045,0.0,4.166666666666667,6,0,1,70,0,0,0,0,0,1,1,1,1,1,1
P-705362,2025-10,Railways,Offshore,Ministry of Railways,122,5,48,0.0,70.88034188034187,75.0,-4.119658119658126,0.0,0.0,0.0,0.0,-7.810000000000059,36.200000000000045,0.0,5.0,7,0,1,86,0,0,0,0,0,1,1,1,1,1,1
P-705364,2025-07,Railways,Bihar,Ministry of Railways,319,20,27,125.4071661237785,34.6257225433526,55.0,-20.3742774566474,,,,,,,,2.25,0,0,0,98,0,0,0,0,0,1,1,1,1,1,1
P-705364,2025-08,Railways,Bihar,Ministry of Railways,76,19,27,125.4071661237785,34.99205202312139,55.0,-20.00794797687861,0.0,,,5.069999999999993,,,,2.3684210526315788,1,0,0,98,0,0,0,0,0,1,1,1,1,1,1
P-705364,2025-09,Railways,Bihar,Ministry of Railways,77,18,27,125.4071661237785,35.09465317919075,55.0,-19.90534682080925,0.0,,,1.419999999999959,,,,2.5,2,0,0,90,0,0,0,0,0,1,1,1,1,1,1
P-705364,2025-10,Railways,Bihar,Ministry of Railways,78,17,27,125.4071661237785,35.259393063583815,55.0,-19.740606936416185,0.0,0.0,,2.2800000000000296,8.769999999999982,,0.0,2.6470588235294117,3,0,0,98,0,0,0,0,0,1,1,1,1,1,1
P-705366,2025-07,Railways,Bihar,Ministry of Railways,249,17,81,0.9675858732462506,91.44657402970772,74.0,17.44657402970772,,,,,,,,1.5294117647058822,0,0,0,98,0,0,0,0,0,1,1,1,1,1,1
P-705366,2025-08,Railways,Bihar,Ministry of Railways,214,16,81,0.9675858732462506,94.31959750838524,74.0,20.319597508385243,0.0,,,59.960000000000036,,,,1.625,1,0,0,98,0,0,0,0,0,1,1,1,1,1,1
P-705366,2025-09,Railways,Bihar,Ministry of Railways,215,15,81,0.9675858732462506,95.70004791566842,74.0,21.70004791566842,0.0,,,28.809999999999945,,,,1.7333333333333334,2,0,0,90,0,0,0,0,0,1,1,1,1,1,1
P-705366,2025-10,Railways,Bihar,Ministry of Railways,216,14,81,0.9675858732462506,96.49353138476282,74.0,22.493531384762818,0.0,0.0,,16.559999999999945,105.32999999999993,,0.0,1.8571428571428572,3,0,0,98,0,0,1,0,0,1,1,1,1,1,1
P-705368,2025-08,Railways,Bihar,Ministry of Railways,86,17,34,56.63551401869159,59.27605409705648,35.0,24.27605409705648,2.0,-30.0,4.0,178.80999999999995,-207.37999999999988,-44.1099999999999,-10.0,3.823529411764706,0,2,1,90,0,0,0,0,0,1,1,1,1,1,1
P-705368,2025-09,Railways,Bihar,Ministry of Railways,87,16,34,56.63551401869159,60.795942720763726,35.0,25.795942720763726,0.0,-30.0,3.0,38.210000000000036,-221.51,-85.84999999999991,-10.0,4.0625,1,2,1,82,0,0,0,0,0,1,1,1,1,1,1
P-705368,2025-10,Railways,Bihar,Ministry of Railways,88,15,34,56.63551401869159,61.573587907716785,35.0,26.573587907716785,0.0,2.0,-30.0,19.549999999999955,236.56999999999994,-106.18000000000006,0.6666666666666666,4.333333333333333,2,2,1,90,0,0,0,0,0,1,1,1,1,1,1
P-705373,2025-08,Railways,Bihar,Ministry of Railways,276,0,29,95.6551255940258,87.52290076335878,94.0,-6.477099236641223,3.0,4.0,4.0,-302.3900000000003,-263.8800000000001,-216.20000000000027,1.3333333333333333,6.0,0,2,1,78,0,0,0,0,0,1,1,1,1,1,1
P-705373,2025-09,Railways,Bihar,Ministry of Railways,277,-1,29,95.6551255940258,87.52290076335878,94.0,-6.477099236641223,0.0,4.0,4.0,0.0,-271.6400000000003,-229.96000000000004,1.3333333333333333,6.0,1,2,1,78,0,0,0,0,0,1,1,1,1,1,1
P-705373,2025-10,Railways,Bihar,Ministry of Railways,278,-2,29,95.6551255940258,87.98507980569049,94.0,-6.014920194309511,0.0,3.0,4.0,13.320000000000164,-289.07000000000016,-229.25,1.0,6.0,2,2,1,90,0,0,0,0,0,1,1,1,1,1,1
P-705375,2025-07,Railways,"Multi-States (Bihar, Jharkhand)",Ministry of Railways,280,7,12,24.231242312423124,102.02821782178216,92.0,10.028217821782164,,,,,,,,1.1428571428571428,0,0,0,90,0,0,0,1,1,1,1,1,1,1,1
P-705375,2025-08,Railways,"Multi-States (Bihar, Jharkhand)",Ministry of Railways,249,6,12,24.231242312423124,99.02970297029702,95.0,4.0297029702970235,3.0,,,-60.56999999999971,,,,0.8333333333333334,0,0,0,78,0,0,0,1,1,1,1,1,1,1,1
P-705375,2025-09,Railways,"Multi-States (Bihar, Jharkhand)",Ministry of Railways,250,5,12,24.231242312423124,99.02970297029702,95.0,4.0297029702970235,0.0,,,0.0,,,,1.0,1,0,0,78,0,0,0,1,1,1,1,1,1,1,1
P-705375,2025-10,Railways,"Multi-States (Bihar, Jharkhand)",Ministry of Railways,251,4,12,52.928659286592854,85.00776153976082,93.0,-7.992238460239179,-2.0,1.0,,113.42000000000007,52.850000000000364,,0.3333333333333333,1.75,0,0,1,78,0,0,0,0,0,1,1,1,1,1,1
P-705385,2025-08,Railways,"Multi-States (Bihar, Jharkhand)",Ministry of Railways,137,31,0,0.0,30.02113502935421,48.0,-17.97886497064579,0.0,3.0,3.0,3.9599999999999227,-362.72,-90.36000000000001,1.0,1.6774193548387097,1,0,1,90,0,0,0,0,0,1,1,1,1,1,1
P-705385,2025-09,Railways,"Multi-States (Bihar, Jharkhand)",Ministry of Railways,138,30,0,0.0,30.26027397260274,48.0,-17.73972602739726,0.0,3.0,3.0,6.110000000000014,-366.9,-347.9599999999999,1.0,1.7333333333333334,2,0,1,82,0,0,0,0,0,1,1,1,1,1,1
P-705385,2025-10,Railways,"Multi-States (Bihar, Jharkhand)",Ministry of Railways,139,29,0,0.0,30.53542074363992,49.0,-18.46457925636008,1.0,1.0,4.0,7.029999999999973,17.09999999999991,-344.6,0.3333333333333333,1.7586206896551724,0,0,1,90,0,0,0,0,0,1,1,1,1,1,1
P-705391,2025-08,Railways,Manipur,Ministry of Railways,149,46,30,52.80248551281157,71.27013282524365,69.0,2.2701328252436497,,,,,,,,0.6739130434782609,0,0,0,98,0,0,0,0,0,1,1,1,1,1,1
P-705391,2025-09,Railways,Manipur,Ministry of Railways,150,45,30,52.80248551281157,71.27013282524365,69.0,2.2701328252436497,0.0,,,0.0,,,,0.6888888888888889,1,0,0,86,0,0,0,0,0,1,1,1,1,1,1
P-705391,2025-10,Railways,Manipur,Ministry of Railways,151,44,30,52.80248551281157,71.27013282524365,69.0,2.2701328252436497,0.0,,,0.0,,,,0.7045454545454546,2,0,0,94,0,0,0,0,0,1,1,1,1,1,1
P-705392,2025-08,RAILWAYS,"Multi-States (Assam, Nagaland)",Ministry of Railways,120,4,9,0.0,79.72775026264445,80.0,-0.27224973735555125,1.0,7.0,14.0,109.97000000000025,523.1100000000006,1062.0500000000002,2.3333333333333335,5.0,0,1,0,90,0,0,1,0,0,1,1,1,1,1,1
P-705392,2025-09,RAILWAYS,"Multi-States (Assam, Nagaland)",Ministry of Railways,121,3,9,0.0,82.82035119315624,81.0,1.8203511931562417,1.0,7.0,15.0,206.0599999999995,575.6099999999997,986.9399999999996,2.3333333333333335,6.333333333333333,0,1,0,82,0,0,1,0,0,1,1,1,1,1,1
P-705392,2025-10,RAILWAYS,"Multi-States (Assam, Nagaland)",Ministry of Railways,122,2,9,0.0,83.62329281104607,81.0,2.6232928110460705,0.0,2.0,10.0,53.5,369.52999999999975,960.5799999999999,0.6666666666666666,9.5,1,1,0,90,0,1,1,0,0,1,1,1,1,1,1
P-705401,2025-08,Railways,"Multi-States (Arunachal Pradesh, Assam)",Ministry of Railways,161,4,9,187.35632183908046,72.08,56.0,16.08,0.0,2.5,13.0,0.0,105.32000000000005,213.37,0.8333333333333334,11.0,1,3,1,86,0,,,0,0,1,1,0,0,1,1
P-705401,2025-09,Railways,"Multi-States (Arunachal Pradesh, Assam)",Ministry of Railways,175,8,14,187.35632183908046,43.2216,60.0,-16.778399999999998,4.0,6.0,8.5,-360.73,-263.61,-169.12,2.0,5.0,0,4,1,70,0,,,0,0,1,1,0,0,1,1
P-705401,2025-10,Railways,"Multi-States (Arunachal Pradesh, Assam)",Ministry of Railways,176,7,14,187.35632183908046,43.36560000000001,61.0,-17.634399999999992,1.0,5.0,8.0,1.8000000000000682,-358.92999999999995,-210.75,1.6666666666666667,5.571428571428571,0,4,1,90,0,0,1,0,0,1,1,1,1,1,1
P-705410,2025-07,Railways,"Multi-States (Himachal Pradesh, Punjab)",Ministry of Railways,482,18,13,0.0,91.57581764122894,74.0,17.575817641228937,,,,,,,,1.4444444444444444,0,0,0,98,0,0,1,0,0,1,1,1,1,1,1
P-705419,2025-08,Railways,"Multi-States (Madhya Pradesh, Rajasthan)",Ministry of Railways,173,6,11,0.0,72.00514933058703,78.0,-5.994850669412969,-5.0,,,-653.4899999999998,1073.1900000000003,1073.1900000000003,,3.6666666666666665,0,1,1,66,0,0,0,0,0,1,1,1,1,1,1
P-705419,2025-09,Railways,"Multi-States (Madhya Pradesh, Rajasthan)",Ministry of Railways,174,5,11,0.0,72.00514933058703,78.0,-5.994850669412969,0.0,,,0.0,1073.1900000000003,1073.1900000000003,,4.4,1,1,1,78,0,0,0,0,0,1,1,1,1,1,1
P-705419,2025-10,Railways,"Multi-States (Madhya Pradesh, Rajasthan)",Ministry of Railways,175,4,11,0.0,72.42911088225198,84.0,-11.570889117748024,6.0,1.0,,12.349999999999909,-641.1399999999999,1085.5400000000002,0.3333333333333333,4.0,0,1,1,90,0,0,0,0,0,1,1,1,1,1,1
P-705424,2025-08,Railways,"Multi-States (Haryana, Himachal Pradesh)",Ministry of Railways,90,16,0,0.008441558441565529,32.901768032568675,31.0,1.9017680325686754,0.0,2.0,8.0,0.0,-434.46000000000004,-426.03999999999996,0.6666666666666666,4.3125,1,1,0,86,0,0,0,0,0,1,1,1,1,1,1
P-705424,2025-09,Railways,"Multi-States (Haryana, Himachal Pradesh)",Ministry of Railways,91,15,0,0.008441558441565529,33.91337094920558,31.0,2.9133709492055786,0.0,1.0,6.0,15.579999999999927,-433.82000000000005,-414.5400000000001,0.3333333333333333,4.6,2,1,0,82,0,0,0,0,0,1,1,1,1,1,1
P-705424,2025-10,Railways,"Multi-States (Haryana, Himachal Pradesh)",Ministry of Railways,92,14,0,0.008441558441565529,34.260744222890274,34.0,0.2607442228902741,3.0,3.0,6.0,5.350000000000023,20.92999999999995,-413.5300000000001,1.0,4.714285714285714,0,1,0,90,0,0,0,0,0,1,1,1,1,1,1
P-705428,2025-08,RAILWAYS,"Multi-States (Himachal Pradesh, Punjab)",Ministry of Railways,197,28,12,0.0,50.6121067896185,60.0,-9.387893210381499,1.0,,,414.66000000000076,1436.2400000000007,1436.2400000000007,,1.4285714285714286,0,1,1,90,0,0,0,0,0,1,1,1,1,1,1
P-705428,2025-09,RAILWAYS,"Multi-States (Himachal Pradesh, Punjab)",Ministry of Railways,198,27,12,0.0,51.333457276716,60.0,-8.666542723284003,0.0,,,97.0,1533.2400000000007,1533.2400000000007,,1.4814814814814814,1,1,1,82,0,0,0,0,0,1,1,1,1,1,1
P-705428,2025-10,RAILWAYS,"Multi-States (Himachal Pradesh, Punjab)",Ministry of Railways,199,26,12,0.0,51.52680895366996,61.0,-9.473191046330037,1.0,2.0,,26.0,537.6600000000008,1559.2400000000007,0.6666666666666666,1.5,0,1,1,90,0,0,0,0,0,1,1,1,1,1,1
P-705429,2025-08,RAILWAYS,Uttarakhand,Ministry of Railways,105,19,15,0.0,63.26893949118168,65.0,-1.7310605088183166,0.0,,,0.0,5825.110000000001,5825.110000000001,,1.8421052631578947,1,1,1,86,0,0,1,0,0,1,1,1,1,1,1
P-705429,2025-09,RAILWAYS,Uttarakhand,Ministry of Railways,106,18,15,0.0,63.26893949118168,65.0,-1.7310605088183166,0.0,,,0.0,5825.110000000001,5825.110000000001,,1.9444444444444444,2,1,1,78,0,1,1,0,0,1,1,1,1,1,1
P-705429,2025-10,RAILWAYS,Uttarakhand,Ministry of Railways,107,17,15,0.0,63.26893949118168,65.0,-1.7310605088183166,0.0,0.0,,0.0,0.0,5825.110000000001,0.0,2.0588235294117645,3,1,1,86,0,1,1,0,0,1,1,1,1,1,1
P-705432,2025-08,RAILWAYS,"Multi-States (Sikkim, West Bengal)",Ministry of Railways,190,28,151,54.03072235622699,74.50679963735267,84.0,-9.493200362647329,4.0,4.0,11.5,156.3099999999995,470.65999999999985,971.5299999999997,1.3333333333333333,0.5714285714285714,0,0,2,90,0,0,0,0,0,1,1,1,1,1,1
P-705432,2025-09,RAILWAYS,"Multi-States (Sikkim, West Bengal)",Ministry of Railways,191,27,151,54.03072235622699,74.50679963735267,84.0,-9.493200362647329,0.0,4.5,10.5,0.0,296.34000000000015,601.9899999999998,1.5,0.5925925925925926,1,0,2,78,0,0,0,0,0,1,1,1,1,1,1
P-705432,2025-10,RAILWAYS,"Multi-States (Sikkim, West Bengal)",Ministry of Railways,192,26,151,54.03072235622699,74.50679963735267,84.0,-9.493200362647329,0.0,4.0,7.5,0.0,156.3099999999995,470.65999999999985,1.3333333333333333,0.6153846153846154,2,0,2,86,0,0,0,0,0,1,1,1,1,1,1
P-705433,2025-07,Railways,Chhattisgarh,Ministry of Railways,187,5,3,0.0,88.50429975429975,82.0,6.504299754299751,,,,,,,,3.6,0,0,0,90,0,0,0,0,0,1,1,1,1,1,1
P-705433,2025-08,Railways,Chhattisgarh,Ministry of Railways,193,4,3,0.0,88.50429975429975,82.0,6.504299754299751,0.0,,,0.0,,,,4.5,1,0,0,86,0,0,0,0,0,1,1,1,1,1,1
P-705433,2025-09,Railways,Chhattisgarh,Ministry of Railways,194,3,3,0.0,88.50429975429975,82.0,6.504299754299751,0.0,,,0.0,,,,6.0,2,0,0,78,0,0,0,0,0,1,1,1,1,1,1
P-705433,2025-10,Railways,Chhattisgarh,Ministry of Railways,195,2,3,0.0,88.50429975429975,82.0,6.504299754299751,0.0,0.0,,0.0,0.0,,0.0,9.0,3,0,0,86,0,0,0,0,0,1,1,1,1,1,1
P-705434,2025-07,Railways,Karnataka,Ministry of Railways,194,20,96,18.32280701754386,67.99286980474336,66.0,1.9928698047433642,,,,,,,,1.7,0,0,0,98,0,0,0,0,0,1,1,1,1,1,1
P-705434,2025-08,Railways,Karnataka,Ministry of Railways,209,19,96,18.32280701754386,68.33587041759748,66.0,2.3358704175974765,0.0,,,10.409999999999854,,,,1.7894736842105263,1,0,0,98,0,0,0,0,0,1,1,1,1,1,1
P-705434,2025-09,Railways,Karnataka,Ministry of Railways,210,18,96,18.32280701754386,69.07294282005154,66.0,3.072942820051537,0.0,,,22.36999999999989,,,,1.8888888888888888,2,0,0,90,0,0,0,0,0,1,1,1,1,1,1
P-705434,2025-10,Railways,Karnataka,Ministry of Railways,211,17,96,18.32280701754386,69.37838140613776,66.0,3.3783814061377626,0.0,0.0,,9.269999999999982,42.04999999999973,,0.0,2.0,3,0,0,98,0,0,0,0,0,1,1,1,1,1,1
P-705436,2025-07,Railways,Andhra Pradesh,Ministry of Railways,142,32,0,0.0,50.54698120751699,29.0,21.546981207516993,,,,,,,,2.21875,0,0,0,98,0,0,0,0,0,1,1,1,1,1,1
P-705436,2025-08,Railways,Andhra Pradesh,Ministry of Railways,197,31,0,0.0,52.11555377848861,29.0,23.11555377848861,0.0,,,39.23000000000002,,,,2.2903225806451615,1,0,0,98,0,0,0,0,0,1,1,1,1,1,1
P-705436,2025-09,Railways,Andhra Pradesh,Ministry of Railways,198,30,0,0.0,52.11555377848861,29.0,23.11555377848861,0.0,,,0.0,,,,2.3666666666666667,2,0,0,86,0,0,0,0,0,1,1,1,1,1,1
P-705436,2025-10,Railways,Andhra Pradesh,Ministry of Railways,199,29,0,0.0,52.734106357457016,29.0,23.734106357457016,0.0,0.0,,15.470000000000027,54.700000000000045,,0.0,2.4482758620689653,3,0,0,98,0,0,0,0,0,1,1,1,1,1,1
P-705437,2025-08,RAILWAYS,Telangana,Ministry of Railways,109,28,9,139.74137931034483,63.69363538295577,71.0,-7.306364617044231,0.0,,,57.93999999999983,235.66999999999985,306.53999999999996,,1.0357142857142858,1,1,1,90,0,0,0,0,0,1,1,1,1,1,1
P-705437,2025-09,RAILWAYS,Telangana,Ministry of Railways,110,27,9,139.74137931034483,68.42538655160014,71.0,-2.574613448399859,0.0,,,131.59000000000015,334.34000000000015,412.48,,1.0740740740740742,2,1,1,82,0,0,0,0,0,1,1,1,1,1,1
P-705437,2025-10,RAILWAYS,Telangana,Ministry of Railways,111,26,9,139.74137931034483,71.403451995685,71.0,0.40345199568500334,0.0,0.0,,82.81999999999994,272.3499999999999,475.53,0.0,1.1153846153846154,3,1,1,90,0,0,0,0,0,1,1,1,1,1,1
P-705444,2025-07,Railways,Chhattisgarh,Ministry of Railways,135,5,45,0.0,85.94668008048289,72.0,13.946680080482892,,,,,,,,5.6,0,0,0,98,0,0,0,0,1,1,1,1,1,1,1
P-705444,2025-08,Railways,Chhattisgarh,Ministry of Railways,136,4,45,0.0,87.45573440643864,73.0,14.455734406438637,1.0,,,75.0,,,,6.75,0,0,0,98,0,0,0,1,1,1,1,1,1,1,1
P-705444,2025-09,Railways,Chhattisgarh,Ministry of Railways,137,3,45,0.0,89.53702213279678,73.0,16.53702213279678,0.0,,,103.4399999999996,,,,9.0,1,0,0,90,0,0,0,1,1,1,1,1,1,1,1
P-705444,2025-10,Railways,Chhattisgarh,Ministry of Railways,138,2,45,0.0,89.53702213279678,73.0,16.53702213279678,0.0,1.0,,0.0,178.4399999999996,,0.3333333333333333,13.5,2,0,0,94,0,0,1,1,1,1,1,1,1,1,1
P-705450,2025-08,Railways,Bihar,Ministry of Railways,182,16,57,20.895522388059703,75.62551440329219,86.0,-10.374485596707814,0.0,0.0,-0.20999999999999375,6.5400000000000205,6.210000000000036,2.400000000000034,0.0,0.875,7,0,0,90,0,0,0,0,0,1,1,1,1,1,1
P-705450,2025-09,Railways,Bihar,Ministry of Railways,183,15,57,20.895522388059703,75.62551440329219,86.0,-10.374485596707814,0.0,0.0,-0.20999999999999375,0.0,6.210000000000036,1.9300000000000068,0.0,0.9333333333333333,8,0,0,78,0,0,0,0,0,1,1,1,1,1,1
P-705450,2025-10,Railways,Bihar,Ministry of Railways,184,14,57,20.895522388059703,75.62551440329219,86.0,-10.374485596707814,0.0,0.0,0.0,0.0,6.5400000000000205,6.210000000000036,0.0,1.0,9,0,0,86,0,0,0,0,0,1,1,1,1,1,1
P-705453,2025-10,Railways,"Multi-States (Gujarat, Madhya Pradesh)",Ministry of Railways,160,16,0,671.103120135067,103.31269886856406,49.0,54.312698868564055,1.0,-18.0,-10.0,102.26999999999998,220.28999999999996,720.1100000000001,-6.0,3.1875,0,0,3,90,0,0,0,0,0,1,1,1,1,1,1
P-705454,2025-08,Railways,"Multi-States (Gujarat, Madhya Pradesh)",Ministry of Railways,201,4,0,0.0,100.56020066889631,80.0,20.560200668896314,0.0,21.0,22.0,3.2000000000000455,177.62999999999988,217.47000000000003,7.0,5.0,1,1,0,90,0,0,0,0,0,1,1,1,1,1,1
P-705454,2025-09,Railways,"Multi-States (Gujarat, Madhya Pradesh)",Ministry of Railways,202,3,0,0.0,101.03455964325529,80.0,21.034559643255292,0.0,21.0,21.0,8.509999999999991,170.72000000000003,197.21000000000004,7.0,6.666666666666667,2,1,0,82,0,0,0,0,0,1,1,1,1,1,1
P-705454,2025-10,Railways,"Multi-States (Gujarat, Madhya Pradesh)",Ministry of Railways,203,2,0,0.0,101.22296544035675,80.0,21.222965440356745,0.0,0.0,21.0,3.380000000000109,15.090000000000146,196.59000000000015,0.0,10.0,3,1,0,90,0,0,0,0,0,1,1,1,1,1,1
P-705457,2025-10,Railways,"Multi-States (Madhya Pradesh, Maharashtra)",Ministry of Railways,210,35,18,292.44437735849056,68.39870397208556,81.0,-12.601296027914444,1.0,-6.0,1.0,12.36999999999989,131.8199999999997,174.42000000000007,-2.0,0.5428571428571428,0,1,3,90,0,0,0,0,0,1,1,1,1,1,1
P-705458,2025-10,Railways,Gujarat,Ministry of Railways,105,14,69,114.74952467553942,59.812535486416515,41.0,18.812535486416515,0.0,-27.0,0.0,0.15999999999996817,-71.47000000000003,23.909999999999968,-9.0,4.214285714285714,2,1,3,90,0,0,0,0,0,1,1,1,1,1,1
P-705479,2025-08,Railways,Maharashtra,Ministry of Railways,99,19,0,0.0,49.060445387062565,50.0,-0.9395546129374353,1.0,25.0,28.0,219.0,146.61,250.64999999999998,8.333333333333334,2.6315789473684212,0,1,2,90,0,0,0,0,0,1,1,1,1,1,1
P-705479,2025-09,Railways,Maharashtra,Ministry of Railways,100,18,0,0.0,38.56203605514316,52.0,-13.43796394485684,2.0,27.0,29.0,-198.0,-80.59000000000003,52.35000000000002,9.0,2.6666666666666665,0,1,2,70,0,0,0,0,0,1,1,1,1,1,1
P-705479,2025-10,Railways,Maharashtra,Ministry of Railways,101,17,0,0.0,38.59437963944857,53.0,-14.405620360551431,1.0,4.0,28.0,0.6100000000000136,21.610000000000014,-12.779999999999973,1.3333333333333333,2.764705882352941,0,1,2,90,0,0,0,0,0,1,1,1,1,1,1
P-705480,2025-07,Railways,Madhya Pradesh,Ministry of Railways,328,29,9,0.0,55.773502355844734,70.0,-14.226497644155266,,,,,,,,1.0344827586206897,0,0,0,98,0,0,0,0,0,1,1,1,1,1,1
P-705480,2025-08,Railways,Madhya Pradesh,Ministry of Railways,223,28,9,0.0,56.24287637424276,72.0,-15.757123625757238,2.0,,,41.840000000000146,,,,1.0,0,0,0,98,0,0,0,0,0,1,1,1,1,1,1
P-705480,2025-09,Railways,Madhya Pradesh,Ministry of Railways,224,27,9,0.0,56.24287637424276,72.0,-15.757123625757238,0.0,,,0.0,,,,1.037037037037037,1,0,0,86,0,0,0,0,0,1,1,1,1,1,1
P-705480,2025-10,Railways,Madhya Pradesh,Ministry of Railways,225,26,9,0.0,56.24287637424276,72.0,-15.757123625757238,0.0,2.0,,0.0,41.840000000000146,,0.6666666666666666,1.0769230769230769,2,0,0,94,0,0,0,0,0,1,1,1,1,1,1
P-705481,2025-07,Railways,"Multi-States (Madhya Pradesh, Rajasthan)",Ministry of Railways,249,29,24,67.31530343007915,70.82436428149025,70.0,0.8243642814902472,,,,,,,,1.0344827586206897,0,0,0,90,0,0,0,0,0,1,1,1,1,1,1
P-705481,2025-08,Railways,"Multi-States (Madhya Pradesh, Rajasthan)",Ministry of Railways,293,28,24,67.31530343007915,71.39345554898482,70.0,1.393455548984818,0.0,,,28.86999999999989,,,,1.0714285714285714,1,0,0,90,0,0,0,0,0,1,1,1,1,1,1
P-705481,2025-09,Railways,"Multi-States (Madhya Pradesh, Rajasthan)",Ministry of Railways,294,27,24,67.31530343007915,72.3297851369998,70.0,2.329785136999803,0.0,,,47.5,,,,1.1111111111111112,2,0,0,82,0,0,0,0,0,1,1,1,1,1,1
P-705481,2025-10,Railways,"Multi-States (Madhya Pradesh, Rajasthan)",Ministry of Railways,295,26,24,67.31530343007915,73.40055194165188,70.0,3.4005519416518837,0.0,0.0,,54.320000000000164,130.69000000000005,,0.0,1.1538461538461537,3,0,0,90,0,0,0,0,0,1,1,1,1,1,1
P-705482,2025-08,Railways,Rajasthan,Ministry of Railways,41,18,96,0.0,47.54082998661312,43.0,4.540829986613119,4.0,4.0,12.0,-36.870000000000005,-36.75999999999999,202.66,1.3333333333333333,3.1666666666666665,0,1,0,78,0,0,0,0,0,1,1,1,1,1,1
P-705482,2025-09,Railways,Rajasthan,Ministry of Railways,42,17,96,0.0,47.54082998661312,43.0,4.540829986613119,0.0,4.0,12.0,0.0,-36.75999999999999,202.66,1.3333333333333333,3.3529411764705883,1,1,0,78,0,0,0,0,0,1,1,1,1,1,1
P-705482,2025-10,Railways,Rajasthan,Ministry of Railways,43,16,96,0.0,50.6091030789826,44.0,6.609103078982599,1.0,5.0,14.0,22.920000000000016,-13.949999999999989,-11.829999999999984,1.6666666666666667,3.5,0,1,0,90,0,0,0,0,0,1,1,1,1,1,1
P-705490,2025-08,Railways,Karnataka,Ministry of Railways,148,28,9,135.74947220267418,25.898805970149255,30.0,-4.101194029850745,0.0,1.0,2.0,14.079999999999927,428.48,490.8900000000001,0.3333333333333333,2.5,1,2,1,90,0,0,0,0,0,1,1,1,1,1,1
P-705490,2025-09,Railways,Karnataka,Ministry of Railways,149,27,9,135.74947220267418,20.653283582089554,30.0,-9.346716417910446,0.0,1.0,2.0,-351.45000000000005,30.829999999999927,107.96000000000004,0.3333333333333333,2.5925925925925926,2,2,1,70,0,0,0,0,0,1,1,1,1,1,1
P-705490,2025-10,Railways,Karnataka,Ministry of Railways,150,26,9,135.74947220267418,20.89955223880597,30.0,-9.10044776119403,0.0,0.0,2.0,16.5,-320.8700000000001,100.16000000000008,0.0,2.6923076923076925,3,2,1,90,0,0,0,0,0,1,1,1,1,1,1
P-705491,2025-08,Railways,"Multi-States (Andhra Pradesh, Karnataka)",Ministry of Railways,160,10,0,0.0,41.54208754208754,15.0,26.542087542087543,0.0,1.0,1.0,0.20999999999999375,2.259999999999991,10.179999999999993,0.3333333333333333,8.5,1,1,0,90,0,0,0,0,0,1,1,1,1,1,1
P-705491,2025-09,Railways,"Multi-States (Andhra Pradesh, Karnataka)",Ministry of Railways,161,9,0,0.0,44.15151515151515,15.0,29.15151515151515,0.0,1.0,1.0,7.75,10.009999999999991,10.549999999999997,0.3333333333333333,9.444444444444445,2,1,0,82,0,0,0,0,0,1,1,1,1,1,1
P-705491,2025-10,Railways,"Multi-States (Andhra Pradesh, Karnataka)",Ministry of Railways,162,8,0,0.0,45.22222222222222,15.0,30.22222222222222,0.0,0.0,1.0,3.180000000000007,11.14,13.370000000000005,0.0,10.625,3,1,0,90,0,0,0,0,0,1,1,1,1,1,1
P-705492,2025-08,Railways,Karnataka,Ministry of Railways,139,4,6,0.0,95.53090909090909,83.0,12.530909090909091,0.0,0.0,17.0,17.950000000000045,101.08000000000004,140.23000000000002,0.0,4.25,3,1,0,90,0,0,0,0,0,1,1,1,1,1,1
P-705492,2025-09,Railways,Karnataka,Ministry of Railways,140,3,6,0.0,96.94060606060606,83.0,13.940606060606058,0.0,0.0,17.0,11.629999999999995,107.51999999999998,117.78999999999996,0.0,5.666666666666667,4,1,0,82,0,0,0,0,0,1,1,1,1,1,1
P-705492,2025-10,Railways,Karnataka,Ministry of Railways,141,2,6,0.0,84.74181818181818,83.0,1.741818181818175,0.0,0.0,17.0,-100.63999999999999,-71.05999999999995,16.75999999999999,0.0,8.5,5,1,0,78,0,0,0,0,0,1,1,1,1,1,1
P-705494,2025-08,Railways,"Multi-States (Andhra Pradesh, Karnataka)",Ministry of Railways,209,30,149,0.0,68.36177884615384,68.0,0.3617788461538396,1.0,3.0,8.0,14.429999999999836,52.460000000000036,108.30999999999995,1.0,1.0666666666666667,0,0,0,90,0,0,0,0,0,1,1,1,1,1,1
P-705494,2025-09,Railways,"Multi-States (Andhra Pradesh, Karnataka)",Ministry of Railways,210,29,149,0.0,69.31971153846153,68.0,1.319711538461533,0.0,3.0,8.0,23.910000000000082,54.88000000000011,100.6400000000001,1.0,1.103448275862069,1,0,0,82,0,0,0,0,0,1,1,1,1,1,1
P-705494,2025-10,Railways,"Multi-States (Andhra Pradesh, Karnataka)",Ministry of Railways,211,28,149,0.0,69.69270833333333,69.0,0.6927083333333286,1.0,2.0,9.0,9.309999999999945,47.649999999999864,94.41000000000008,0.6666666666666666,1.1071428571428572,0,0,0,90,0,0,0,0,0,1,1,1,1,1,1
P-705495,2025-08,Railways,Karnataka,Ministry of Railways,45,17,-2,19.666182873730044,41.44815039417829,35.0,6.448150394178292,0.0,1.0,1.0,12.740000000000009,39.49000000000001,81.76999999999998,0.3333333333333333,3.823529411764706,1,2,1,90,0,0,0,0,0,1,1,1,1,1,1
P-705495,2025-09,Railways,Karnataka,Ministry of Railways,143,16,-2,19.666182873730044,42.46452395391146,35.0,7.46452395391146,0.0,1.0,1.0,16.75999999999999,53.289999999999964,98.51999999999998,0.3333333333333333,4.0625,2,2,1,82,0,0,0,0,0,1,1,1,1,1,1
P-705495,2025-10,Railways,Karnataka,Ministry of Railways,144,15,-2,19.666182873730044,43.459672528805335,35.0,8.459672528805335,0.0,0.0,1.0,16.409999999999968,45.90999999999997,89.61000000000001,0.0,4.333333333333333,3,2,1,90,0,0,0,0,0,1,1,1,1,1,1
P-705496,2025-08,Railways,Karnataka,Ministry of Railways,142,28,105,0.0,27.882196162046913,13.0,14.882196162046913,0.0,1.0,1.0,6.900000000000091,25.040000000000077,34.12000000000006,0.3333333333333333,3.107142857142857,1,0,1,90,0,0,0,0,0,1,1,1,1,1,1
P-705496,2025-09,Railways,Karnataka,Ministry of Railways,143,27,105,0.0,28.284648187633262,13.0,15.284648187633262,0.0,1.0,1.0,7.5499999999999545,26.629999999999995,41.629999999999995,0.3333333333333333,3.2222222222222223,2,0,1,82,0,0,0,0,0,1,1,1,1,1,1
P-705496,2025-10,Railways,Karnataka,Ministry of Railways,144,26,105,0.0,23.260660980810236,13.0,10.260660980810236,0.0,0.0,1.0,-94.25,-79.79999999999995,-57.65999999999997,0.0,3.3461538461538463,3,0,1,78,0,0,0,0,0,1,1,1,1,1,1
P-705498,2025-08,Railways,Maharashtra,Ministry of Railways,119,16,0,76.03829030508646,64.44164236740484,51.0,13.441642367404839,1.0,1.0,1.0,5.310000000000059,22.700000000000045,68.23000000000002,0.3333333333333333,3.0625,0,1,3,90,0,0,0,0,0,1,1,1,1,1,1
P-705498,2025-09,Railways,Maharashtra,Ministry of Railways,120,15,0,76.03829030508646,65.34650627959793,51.0,14.346506279597932,0.0,1.0,1.0,12.629999999999995,30.06000000000006,49.73000000000002,0.3333333333333333,3.2666666666666666,1,1,3,82,0,0,0,0,0,1,1,1,1,1,1
P-705498,2025-10,Railways,Maharashtra,Ministry of Railways,121,14,0,76.03829030508646,66.77007286196348,51.0,15.770072861963484,0.0,1.0,1.0,19.870000000000005,37.81000000000006,63.360000000000014,0.3333333333333333,3.5,2,1,3,90,0,0,0,0,0,1,1,1,1,1,1
P-705500,2025-08,Railways,Maharashtra,Ministry of Railways,119,4,0,74.85278323025074,79.881174277726,81.0,-1.1188257222739963,1.0,1.0,9.0,29.519999999999982,20.319999999999936,61.90999999999997,0.3333333333333333,4.75,0,2,2,90,0,0,1,0,0,1,1,1,1,1,1
P-705500,2025-09,Railways,Maharashtra,Ministry of Railways,120,3,0,74.85278323025074,80.98470727781073,81.0,-0.015292722189272467,0.0,1.0,9.0,10.420000000000073,27.15000000000009,54.020000000000095,0.3333333333333333,6.333333333333333,1,2,2,82,0,1,1,0,0,1,1,1,1,1,1
P-705500,2025-10,Railways,Maharashtra,Ministry of Railways,121,2,0,74.85278323025074,82.50762518003897,83.0,-0.4923748199610287,2.0,3.0,3.0,14.379999999999995,54.32000000000005,49.25,1.0,8.5,0,2,2,90,0,1,1,0,0,1,1,1,1,1,1
P-705502,2025-08,Railways,Maharashtra,Ministry of Railways,113,6,2,46.85929285342884,81.42644289163499,68.0,13.426442891634991,-9.0,1.0,1.0,553.4000000000001,75.63000000000011,255.7900000000002,0.3333333333333333,5.333333333333333,0,2,1,78,0,0,0,0,0,1,1,1,1,1,1
P-705502,2025-09,Railways,Maharashtra,Ministry of Railways,114,5,2,46.85929285342884,81.42644289163499,68.0,13.426442891634991,0.0,1.0,1.0,0.0,65.43000000000006,222.22000000000003,0.3333333333333333,6.4,1,2,1,78,0,0,0,0,0,1,1,1,1,1,1
P-705502,2025-10,Railways,Maharashtra,Ministry of Railways,115,4,2,46.85929285342884,83.86154534591536,80.0,3.86154534591536,12.0,3.0,13.0,49.51999999999998,602.9200000000001,187.8800000000001,1.0,5.0,0,2,1,90,0,0,0,0,0,1,1,1,1,1,1
P-705503,2025-08,Railways,Maharashtra,Ministry of Railways,110,0,6,20.98035272238817,99.18974165318971,85.0,14.189741653189714,1.0,1.0,1.0,-1714.96,208.1800000000003,417.4499999999998,0.3333333333333333,15.0,0,2,3,78,0,0,0,0,0,1,1,1,1,1,1
P-705503,2025-09,Railways,Maharashtra,Ministry of Railways,111,-1,6,20.98035272238817,99.18974165318971,85.0,14.189741653189714,0.0,1.0,1.0,0.0,90.97000000000025,289.22999999999956,0.3333333333333333,15.0,1,2,3,78,0,0,0,0,0,1,1,1,1,1,1
P-705504,2025-08,Railways,Maharashtra,Ministry of Railways,94,7,3,56.97434739365868,86.20778314447853,88.0,-1.792216855521474,0.0,0.0,1.0,47.460000000000036,93.40999999999985,260.40999999999985,0.0,1.7142857142857142,4,3,2,90,0,0,0,0,0,1,1,1,1,1,1
P-705504,2025-09,Railways,Maharashtra,Ministry of Railways,95,6,3,56.97434739365868,86.61916218251272,88.0,-1.3808378174872757,0.0,0.0,1.0,13.440000000000055,61.40000000000009,200.5,0.0,2.0,5,3,2,82,0,0,0,0,0,1,1,1,1,1,1
P-705504,2025-10,Railways,Maharashtra,Ministry of Railways,96,5,3,56.97434739365868,87.59465696987506,92.0,-4.405343030124939,4.0,4.0,4.0,31.86999999999989,92.76999999999998,191.38999999999987,1.3333333333333333,1.6,0,3,2,90,0,0,0,0,0,1,1,1,1,1,1
P-705505,2025-08,Railways,Maharashtra,Ministry of Railways,100,6,2,110.24845207304647,73.30013121794107,81.0,-7.699868782058928,1.0,1.0,11.0,14.159999999999968,20.18999999999994,82.26999999999998,0.3333333333333333,3.1666666666666665,0,1,2,90,0,0,1,0,0,1,1,1,1,1,1
P-705505,2025-09,Railways,Maharashtra,Ministry of Railways,101,5,2,110.24845207304647,73.72584396993916,81.0,-7.274156030060837,0.0,1.0,11.0,5.710000000000036,20.220000000000027,63.51999999999998,0.3333333333333333,3.8,1,1,2,82,0,1,1,0,0,1,1,1,1,1,1
P-705505,2025-10,Railways,Maharashtra,Ministry of Railways,102,4,2,110.24845207304647,75.32357151377788,83.0,-7.676428486222122,2.0,3.0,3.0,21.42999999999995,41.299999999999955,69.02999999999997,1.0,4.25,0,1,2,90,0,1,1,0,0,1,1,1,1,1,1
P-705506,2025-08,Railways,Maharashtra,Ministry of Railways,88,0,8,50.58058657598824,110.79005613472333,95.0,15.79005613472333,-2.0,15.0,15.0,34.940000000000055,51.37000000000012,174.59000000000015,5.0,5.0,0,2,1,78,0,0,0,0,1,1,1,1,1,1,1
P-705506,2025-09,Railways,Maharashtra,Ministry of Railways,100,-1,8,50.58058657598824,110.79005613472333,95.0,15.79005613472333,0.0,-2.0,15.0,0.0,34.789999999999964,112.11000000000013,-0.6666666666666666,5.0,1,2,1,78,0,0,0,0,1,1,1,1,1,1,1
P-705506,2025-10,Railways,Maharashtra,Ministry of Railways,101,-2,8,50.58058657598824,110.79005613472333,95.0,15.79005613472333,0.0,-2.0,15.0,0.0,34.940000000000055,90.77999999999997,-0.6666666666666666,5.0,2,2,1,86,0,0,0,1,1,1,1,1,1,1,1
P-705507,2025-08,Railways,"Multi-States (Madhya Pradesh, Maharashtra)",Ministry of Railways,107,19,0,2.3172279798033393,73.5538640751911,51.0,22.5538640751911,-1.0,1.0,3.0,28.269999999999982,111.36999999999989,234.8900000000001,0.3333333333333333,2.5789473684210527,0,0,1,90,0,1,1,0,0,1,1,1,1,1,1
P-705507,2025-09,Railways,"Multi-States (Madhya Pradesh, Maharashtra)",Ministry of Railways,108,18,0,2.3172279798033393,73.83192110680262,51.0,22.831921106802625,0.0,1.0,3.0,6.970000000000027,88.74000000000001,181.70000000000005,0.3333333333333333,2.7222222222222223,1,0,1,82,0,1,1,0,0,1,1,1,1,1,1
P-705507,2025-10,Railways,"Multi-States (Madhya Pradesh, Maharashtra)",Ministry of Railways,109,17,0,2.3172279798033393,73.83192110680262,51.0,22.831921106802625,0.0,-1.0,1.0,0.0,35.24000000000001,145.92000000000007,-0.3333333333333333,2.8823529411764706,2,0,1,86,0,1,1,0,0,1,1,1,1,1,1
P-705510,2025-08,Railways,Odisha,Ministry of Railways,118,5,14,0.0,101.09034267912773,80.0,21.09034267912773,0.0,0.0,5.0,0.0,9.029999999999973,97.43000000000006,0.0,4.0,4,3,0,86,0,0,0,0,0,1,1,1,1,1,1
P-705510,2025-09,Railways,Odisha,Ministry of Railways,119,4,14,0.0,101.09034267912773,80.0,21.09034267912773,0.0,0.0,5.0,0.0,0.20000000000004547,60.77999999999997,0.0,5.0,5,3,0,78,0,0,0,0,0,1,1,1,1,1,1
P-705510,2025-10,Railways,Odisha,Ministry of Railways,120,3,14,0.0,101.09034267912773,80.0,21.09034267912773,0.0,0.0,0.0,0.0,0.0,40.76999999999998,0.0,6.666666666666667,6,3,0,86,0,0,0,0,0,1,1,1,1,1,1
P-705511,2025-08,Railways,"Multi-States (Chhattisgarh, Odisha)",Ministry of Railways,116,16,33,0.0,85.52359405300582,90.0,-4.476405946994177,0.0,-3.5999999999999943,-2.0,14.849999999999909,31.75,76.78999999999996,-1.1999999999999982,0.625,1,1,0,90,0,0,0,0,0,1,1,1,1,1,1
P-705511,2025-09,Railways,"Multi-States (Chhattisgarh, Odisha)",Ministry of Railways,117,15,33,0.0,85.52359405300582,90.0,-4.476405946994177,0.0,-3.700000000000003,-3.0,0.0,18.450000000000045,60.919999999999845,-1.2333333333333343,0.6666666666666666,2,1,0,78,0,0,0,0,0,1,1,1,1,1,1
P-705511,2025-10,Railways,"Multi-States (Chhattisgarh, Odisha)",Ministry of Railways,118,14,33,0.0,85.95539754363284,90.0,-4.0446024563671585,0.0,0.0,-3.5,6.680000000000064,21.529999999999973,56.37000000000012,0.0,0.7142857142857143,3,1,0,90,0,0,0,0,0,1,1,1,1,1,1
P-705512,2025-08,Railways,"Multi-States (Andhra Pradesh, Odisha)",Ministry of Railways,116,31,72,0.0,79.4868,70.0,9.486800000000002,0.0,0.0,0.5,-46.13999999999987,37.00999999999999,115.19000000000005,0.0,0.967741935483871,3,1,0,78,0,0,0,0,0,1,1,1,1,1,1
P-705512,2025-09,Railways,"Multi-States (Andhra Pradesh, Odisha)",Ministry of Railways,117,30,72,0.0,79.996,70.0,9.995999999999995,0.0,0.0,0.5,12.730000000000018,34.79000000000019,99.51999999999998,0.0,1.0,4,1,0,82,0,0,0,0,0,1,1,1,1,1,1
P-705512,2025-10,Railways,"Multi-States (Andhra Pradesh, Odisha)",Ministry of Railways,118,29,72,0.0,80.9588,71.0,9.958799999999997,1.0,1.0,1.5,24.069999999999936,-9.339999999999918,104.69000000000005,0.3333333333333333,1.0,0,1,0,90,0,0,0,0,0,1,1,1,1,1,1
P-705513,2025-08,Railways,Odisha,Ministry of Railways,116,31,3,0.0,76.1519898391194,68.0,8.151989839119395,0.0,-11.0,-7.0,11.220000000000027,4.069999999999936,107.76999999999998,-3.6666666666666665,1.032258064516129,1,1,0,90,0,0,0,0,0,1,1,1,1,1,1
P-705513,2025-09,Railways,Odisha,Ministry of Railways,117,30,3,0.0,76.1519898391194,68.0,8.151989839119395,0.0,-12.0,-9.0,0.0,-17.539999999999964,61.72000000000003,-4.0,1.0666666666666667,2,1,0,78,0,0,0,0,0,1,1,1,1,1,1
P-705513,2025-10,Railways,Odisha,Ministry of Railways,118,29,3,0.0,77.28281117696866,70.0,7.282811176968664,2.0,2.0,-8.0,26.710000000000036,37.930000000000064,73.16000000000008,0.6666666666666666,1.0344827586206897,0,1,0,90,0,0,0,0,0,1,1,1,1,1,1
P-705514,2025-01,Railways,Odisha,Ministry of Railways,117,19,93,15.45160416755747,67.71684649761734,,,,,,,,,,,0,0,0,80,1,0,,0,0,1,1,1,0,1,1
P-705514,2025-02,Railways,Odisha,Ministry of Railways,118,18,93,15.45160416755747,67.7365990963186,,,,,,0.15999999999996817,,,,,0,0,0,80,1,0,,0,0,1,1,1,0,1,1
P-705514,2025-03,Railways,Odisha,Ministry of Railways,119,17,93,15.45160416755747,70.58961507123281,,,,,,23.110000000000014,,,,,0,0,0,80,1,0,,0,0,1,1,1,0,1,1
P-705514,2025-04,Railways,Odisha,Ministry of Railways,120,16,-7,-1.2905034060028553,70.85627515369993,,,,,,2.160000000000082,25.430000000000064,,,,0,0,0,80,1,,,0,0,1,1,0,0,1,1
P-705514,2025-05,Railways,Odisha,Ministry of Railways,121,15,-7,-1.2905034060028553,71.67600799980248,,,,,,6.639999999999986,31.910000000000082,,,,0,0,0,80,1,,,0,0,1,1,0,0,1,1
P-705514,2025-06,Railways,Odisha,Ministry of Railways,122,14,-7,-1.2905034060028553,71.67600799980248,,,,,,0.0,8.800000000000068,,,,0,0,0,80,1,,,0,0,1,1,0,0,1,1
P-705514,2025-07,Railways,Odisha,Ministry of Railways,115,8,88,-18.998,49.580257277598086,36.0,13.580257277598086,,,,-178.98000000000002,-172.34000000000003,-146.90999999999997,,8.0,0,1,0,70,0,,,0,0,1,1,0,0,1,1
P-705514,2025-08,Railways,Odisha,Ministry of Railways,116,7,88,-18.998,49.580257277598086,36.0,13.580257277598086,0.0,,,0.0,-178.98000000000002,-147.06999999999994,,9.142857142857142,1,1,0,86,0,0,1,0,0,1,1,1,1,1,1
P-705514,2025-09,Railways,Odisha,Ministry of Railways,118,6,88,-18.998,50.2160440482951,37.0,13.216044048295103,1.0,,,5.149999999999977,-173.83000000000004,-165.02999999999997,,10.5,0,1,0,82,0,0,1,0,0,1,1,1,1,1,1
P-705514,2025-10,Railways,Odisha,Ministry of Railways,119,5,88,-18.998,51.290091602676476,58.0,-6.709908397323524,21.0,22.0,,8.699999999999989,13.849999999999966,-158.49000000000007,7.333333333333333,8.4,0,1,0,90,0,0,1,0,0,1,1,1,1,1,1
P-705515,2025-08,Railways,Odisha,Ministry of Railways,145,7,0,78.3461210571185,94.21606118546845,80.0,14.216061185468448,0.0,0.0,5.0,0.0,21.680000000000064,133.54999999999995,0.0,2.857142857142857,4,2,1,86,0,0,0,0,0,1,1,1,1,1,1
P-705515,2025-09,Railways,Odisha,Ministry of Railways,146,6,0,78.3461210571185,94.21606118546845,80.0,14.216061185468448,0.0,0.0,5.0,0.0,-0.32999999999992724,83.50999999999999,0.0,3.3333333333333335,5,2,1,78,0,0,0,0,0,1,1,1,1,1,1
P-705515,2025-10,Railways,Odisha,Ministry of Railways,147,5,0,78.3461210571185,94.21606118546845,80.0,14.216061185468448,0.0,0.0,0.0,0.0,0.0,64.56999999999994,0.0,4.0,6,2,1,86,0,0,0,0,0,1,1,1,1,1,1
P-705526,2025-08,Railways,Bihar,Ministry of Railways,116,2,7,0.0,66.32562620423892,84.0,-17.674373795761085,2.0,4.0,20.0,7.2000000000000455,-296.44999999999993,-270.90999999999997,1.3333333333333333,8.0,0,1,0,90,0,0,0,0,0,1,1,1,1,1,1
P-705526,2025-09,Railways,Bihar,Ministry of Railways,118,1,7,0.0,68.39691714836223,84.0,-15.603082851637765,0.0,4.0,14.0,10.75,-296.96000000000004,-271.17999999999995,1.3333333333333333,16.0,1,1,0,82,0,0,0,0,0,1,1,1,1,1,1
P-705526,2025-10,Railways,Bihar,Ministry of Railways,119,0,7,0.0,70.82273603082852,84.0,-13.177263969171477,0.0,2.0,4.0,12.589999999999975,30.54000000000002,-259.14000000000004,0.6666666666666666,16.0,2,1,0,90,0,0,0,0,0,1,1,1,1,1,1
P-705527,2025-08,Railways,Bihar,Ministry of Railways,89,4,0,82.73026315789474,92.01350135013502,91.0,1.0135013501350159,0.0,0.0,6.0,5.539999999999964,467.28,538.49,0.0,2.25,3,2,1,90,0,0,0,0,0,1,1,1,1,1,1
P-705527,2025-09,Railways,Bihar,Ministry of Railways,90,3,0,82.73026315789474,92.8114311431143,91.0,1.811431143114305,0.0,0.0,1.0,17.730000000000018,466.53,528.5699999999999,0.0,3.0,4,2,1,82,0,0,0,0,0,1,1,1,1,1,1
P-705527,2025-10,Railways,Bihar,Ministry of Railways,91,2,0,82.73026315789474,93.26597659765977,91.0,2.2659765976597726,0.0,0.0,1.0,10.099999999999909,33.36999999999989,516.3299999999999,0.0,4.5,5,2,1,90,0,0,0,0,0,1,1,1,1,1,1
P-705528,2025-08,Railways,Bihar,Ministry of Railways,89,0,14,0.0,92.27301387137453,99.0,-6.7269861286254695,0.0,3.0,19.0,-123.36999999999989,-14.460000000000036,11.539999999999964,1.0,1.0,1,2,1,78,0,,,0,0,1,1,0,0,1,1
P-705528,2025-09,Railways,Bihar,Ministry of Railways,90,5,20,0.0,92.41109709962168,99.0,-6.588902900378315,0.0,3.0,3.0,2.1900000000000546,-21.899999999999864,2.4300000000000637,1.0,0.2,2,3,1,82,0,,,0,0,1,1,0,0,1,1
P-705528,2025-10,Railways,Bihar,Ministry of Railways,91,4,20,0.0,92.71122320302648,99.0,-6.288776796973522,0.0,0.0,3.0,4.759999999999991,-116.41999999999985,0.0500000000001819,0.0,0.25,3,3,1,90,0,0,1,0,0,1,1,1,1,1,1
P-705562,2025-08,Railways,"Multi-States (Bihar, Uttar Pradesh)",Ministry of Railways,149,-5,1,8.61889927310488,87.1567877629063,95.0,-7.843212237093695,-0.4000000000000057,-0.5,0.0,5.659999999999968,-92.92000000000007,-88.12,-0.16666666666666666,5.0,5,3,1,90,0,,,0,0,1,1,0,0,1,1
P-705562,2025-09,Railways,"Multi-States (Bihar, Uttar Pradesh)",Ministry of Railways,150,6,13,8.61889927310488,87.1567877629063,95.0,-7.843212237093695,0.0,-0.5,-0.5,0.0,-92.93000000000006,-89.86000000000001,-0.16666666666666666,0.8333333333333334,6,4,1,78,0,,,0,0,1,1,0,0,1,1
P-705562,2025-10,Railways,"Multi-States (Bihar, Uttar Pradesh)",Ministry of Railways,151,5,13,8.61889927310488,87.1567877629063,95.0,-7.843212237093695,0.0,-0.4000000000000057,-0.5,0.0,5.659999999999968,-89.86000000000001,-0.13333333333333522,1.0,7,4,1,86,0,0,1,0,0,1,1,1,1,1,1
P-705567,2025-08,Railways,Uttar Pradesh,Ministry of Railways,93,1,6,10.039370078740157,122.88014311270125,73.0,49.88014311270125,3.0,23.0,23.0,260.04999999999995,195.77999999999997,361.16999999999996,7.666666666666667,27.0,0,0,4,90,0,,,0,0,1,1,0,0,1,1
P-705567,2025-09,Railways,Uttar Pradesh,Ministry of Railways,94,2,8,10.039370078740157,122.88014311270125,73.0,49.88014311270125,0.0,21.0,25.0,0.0,96.23000000000002,281.69000000000005,7.0,13.5,1,1,4,78,0,,,0,0,1,1,0,0,1,1
P-705567,2025-10,Railways,Uttar Pradesh,Ministry of Railways,95,3,10,10.039370078740157,126.12522361359571,88.0,38.12522361359571,15.0,18.0,40.0,36.27999999999997,296.3299999999999,317.97,6.0,4.0,0,2,4,90,0,0,1,0,0,1,1,1,1,1,1
P-705572,2025-08,RAILWAYS,Assam,Ministry of Railways,107,7,0,22.192118226600986,74.25418262447087,93.0,-18.74581737552913,0.0,0.6899999999999977,0.7000000000000028,0.0,30.809999999999945,113.7199999999998,0.22999999999999923,1.0,1,1,1,86,0,0,0,0,0,1,1,1,1,1,1
P-705572,2025-09,RAILWAYS,Assam,Ministry of Railways,108,6,0,22.192118226600986,74.73795605724652,93.0,-18.26204394275348,0.0,0.6899999999999977,0.7000000000000028,24.0,39.659999999999854,101.55999999999995,0.22999999999999923,1.1666666666666667,2,1,1,82,0,0,0,0,0,1,1,1,1,1,1
P-705572,2025-10,RAILWAYS,Assam,Ministry of Railways,109,5,0,22.192118226600986,75.14170530135054,93.0,-17.85829469864946,0.0,0.0,0.6899999999999977,20.0300000000002,44.0300000000002,101.58000000000038,0.0,1.4,3,1,1,90,0,0,0,0,0,1,1,1,1,1,1
P-705583,2025-09,RAILWAYS,Delhi,Ministry of Railways,150,27,57,0.0,42.79460269865068,62.0,-19.205397301349322,0.0,17.0,17.0,0.0,106.9,115.44999999999999,5.666666666666667,1.4074074074074074,4,1,2,78,0,0,0,0,0,1,1,1,1,1,1
P-705583,2025-10,RAILWAYS,Delhi,Ministry of Railways,151,26,57,0.0,43.06746626686657,62.0,-18.932533733133432,0.0,,17.0,1.8199999999999932,,117.26999999999998,,1.4615384615384615,5,1,2,90,0,0,0,0,0,1,1,1,1,1,1
P-705588,2025-08,Railways,Uttar Pradesh,Ministry of Railways,93,7,12,65.37396121883657,129.81574539363484,70.0,59.81574539363484,0.0,0.0,10.0,450.0,1491.02,1528.2,0.0,4.285714285714286,4,2,1,90,0,0,0,0,0,1,1,1,1,1,1
P-705588,2025-09,Railways,Uttar Pradesh,Ministry of Railways,94,6,12,65.37396121883657,131.2395309882747,70.0,61.23953098827471,0.0,0.0,10.0,17.0,1508.02,1545.2,0.0,5.0,5,2,1,82,0,0,0,0,0,1,1,1,1,1,1
P-705588,2025-10,Railways,Uttar Pradesh,Ministry of Railways,95,5,12,65.37396121883657,131.2395309882747,70.0,61.23953098827471,0.0,0.0,0.0,0.0,467.0,1527.78,0.0,6.0,6,2,1,86,0,0,0,0,0,1,1,1,1,1,1
P-705598,2025-08,Railways,"Multi-States (Madhya Pradesh, Uttar Pradesh)",Ministry of Railways,107,7,48,0.0,89.7032967032967,93.0,-3.296703296703299,0.0,3.0,8.0,-88.98000000000002,70.67999999999984,96.54999999999995,1.0,1.0,1,2,0,78,0,0,0,0,0,1,1,1,1,1,1
P-705598,2025-09,Railways,"Multi-States (Madhya Pradesh, Uttar Pradesh)",Ministry of Railways,108,6,48,0.0,90.25274725274726,93.0,-2.7472527472527446,0.0,3.0,8.0,11.0,61.37999999999988,107.54999999999995,1.0,1.1666666666666667,2,2,0,82,0,0,0,0,0,1,1,1,1,1,1
P-705598,2025-10,Railways,"Multi-States (Madhya Pradesh, Uttar Pradesh)",Ministry of Railways,109,5,48,0.0,90.25274725274726,93.0,-2.7472527472527446,0.0,0.0,3.0,0.0,-77.98000000000002,89.65999999999985,0.0,1.4,3,2,0,86,0,0,0,0,0,1,1,1,1,1,1
P-705608,2025-08,Railways,"Multi-States (Madhya Pradesh, Uttar Pradesh)",Ministry of Railways,89,7,0,0.0,50.45173210161663,55.0,-4.548267898383372,2.0,5.0,20.0,195.55999999999995,175.81999999999994,481.6299999999999,1.6666666666666667,6.428571428571429,0,1,0,90,0,0,0,0,0,1,1,1,1,1,1
P-705608,2025-09,Railways,"Multi-States (Madhya Pradesh, Uttar Pradesh)",Ministry of Railways,90,6,0,0.0,54.570669745958426,60.0,-5.429330254041574,5.0,10.0,25.0,178.3499999999999,237.25,659.9799999999998,3.3333333333333335,6.666666666666667,0,1,0,82,0,0,0,0,0,1,1,1,1,1,1
P-705608,2025-10,Railways,"Multi-States (Madhya Pradesh, Uttar Pradesh)",Ministry of Railways,91,5,0,0.0,55.82240184757506,60.0,-4.177598152424942,0.0,7.0,15.0,54.20000000000027,428.1100000000001,453.7500000000002,2.3333333333333335,8.0,1,1,0,90,0,0,0,0,0,1,1,1,1,1,1
P-705610,2025-08,Railways,"Multi-States (Andhra Pradesh, Karnataka)",Ministry of Railways,112,4,0,79.80132450331126,70.1657458563536,50.0,20.165745856353595,0.0,0.0,0.0,0.0,161.92,186.72,0.0,12.5,7,0,1,86,0,0,1,0,0,1,1,1,1,1,1
P-705610,2025-09,Railways,"Multi-States (Andhra Pradesh, Karnataka)",Ministry of Railways,113,3,0,79.80132450331126,70.1657458563536,50.0,20.165745856353595,0.0,0.0,0.0,0.0,154.33,177.23,0.0,16.666666666666668,8,0,1,78,0,0,1,0,0,1,1,1,1,1,1
P-705610,2025-10,Railways,"Multi-States (Andhra Pradesh, Karnataka)",Ministry of Railways,114,2,0,79.80132450331126,70.1657458563536,50.0,20.165745856353595,0.0,0.0,0.0,0.0,0.0,171.17,0.0,25.0,9,0,1,86,0,1,1,0,0,1,1,1,1,1,1
P-705612,2025-08,Railways,"Multi-States (Andhra Pradesh, Telangana)",Ministry of Railways,149,4,10,72.19662058371736,91.39875111507583,91.0,0.39875111507582517,1.0,,,158.25,1275.3599999999997,1472.2499999999998,,2.25,0,1,1,90,0,0,0,0,0,1,1,1,1,1,1
P-705612,2025-09,Railways,"Multi-States (Andhra Pradesh, Telangana)",Ministry of Railways,150,3,10,72.19662058371736,96.52334225393993,92.0,4.52334225393993,1.0,,,172.34000000000015,1309.8,1557.6599999999999,,2.6666666666666665,0,1,1,82,0,0,0,0,0,1,1,1,1,1,1
P-705612,2025-10,Railways,"Multi-States (Andhra Pradesh, Telangana)",Ministry of Railways,151,2,10,72.19662058371736,102.17514124293785,94.0,8.175141242937855,2.0,4.0,,190.07000000000016,520.6600000000003,1680.16,1.3333333333333333,3.0,0,1,1,90,0,0,0,0,0,1,1,1,1,1,1
P-705613,2025-08,Railways,"Multi-States (Maharashtra, Telangana)",Ministry of Railways,107,3,10,18.34296724470135,104.97134483881472,93.0,11.971344838814716,1.0,18.0,,81.32000000000016,426.1199999999999,479.96000000000004,6.0,2.3333333333333335,0,1,1,90,0,0,0,0,0,1,1,1,1,1,1
P-705613,2025-09,Railways,"Multi-States (Maharashtra, Telangana)",Ministry of Railways,108,2,10,18.34296724470135,107.2302181699772,94.0,13.230218169977206,1.0,,,69.36999999999989,430.44000000000005,518.02,,3.0,0,1,1,82,0,0,0,0,0,1,1,1,1,1,1
P-705613,2025-10,Railways,"Multi-States (Maharashtra, Telangana)",Ministry of Railways,109,1,10,18.34296724470135,110.59296646043634,94.0,16.592966460436344,0.0,2.0,,103.26999999999998,253.96000000000004,598.7599999999998,0.6666666666666666,6.0,1,1,1,90,0,0,0,0,0,1,1,1,1,1,1
P-705616,2025-08,Railways,"Multi-States (Chhattisgarh, Odisha)",Ministry of Railways,107,4,14,39.205607476635514,71.95837529372272,89.0,-17.041624706277275,1.0,1.0,1.0,19.48999999999978,-137.1600000000003,-52.690000000000055,0.3333333333333333,2.75,0,0,1,90,0,1,1,0,0,1,1,1,1,1,1
P-705616,2025-09,Railways,"Multi-States (Chhattisgarh, Odisha)",Ministry of Railways,108,3,14,39.205607476635514,72.50990265189662,92.0,-19.490097348103376,3.0,4.0,4.0,16.43000000000029,-146.73000000000002,-62.440000000000055,1.3333333333333333,2.6666666666666665,0,0,1,82,0,1,1,0,0,1,1,1,1,1,1
P-705616,2025-10,Railways,"Multi-States (Chhattisgarh, Odisha)",Ministry of Railways,109,2,14,39.205607476635514,73.74085263511245,93.0,-19.259147364887554,1.0,5.0,5.0,36.66999999999962,72.58999999999969,-67.42000000000007,1.6666666666666667,3.5,0,0,1,90,0,1,1,0,0,1,1,1,1,1,1
P-705617,2025-08,Railways,"Multi-States (Chhattisgarh, Maharashtra)",Ministry of Railways,107,10,18,0.0,96.70691114245416,95.0,1.7069111424541603,0.0,0.0,5.0,265.1800000000003,387.1400000000003,448.4100000000003,0.0,0.5,4,2,0,90,0,0,0,0,0,1,1,1,1,1,1
P-705617,2025-09,Railways,"Multi-States (Chhattisgarh, Maharashtra)",Ministry of Railways,108,9,18,0.0,97.78645980253879,96.0,1.7864598025387863,1.0,1.0,6.0,38.26999999999998,385.4100000000003,453.6800000000003,0.3333333333333333,0.4444444444444444,0,2,0,82,0,0,0,0,0,1,1,1,1,1,1
P-705617,2025-10,Railways,"Multi-States (Chhattisgarh, Maharashtra)",Ministry of Railways,109,8,18,0.0,98.92919605077574,96.0,2.9291960507757437,0.0,1.0,1.0,40.50999999999976,343.96000000000004,483.9200000000001,0.3333333333333333,0.5,1,2,0,90,0,0,0,0,0,1,1,1,1,1,1
P-705628,2025-08,Railways,"Multi-States (Jharkhand, Odisha)",Ministry of Railways,113,10,12,0.0,81.54902608121492,85.0,-3.450973918785081,0.0,1.0,3.0,11.9699999999998,79.90999999999985,168.78999999999996,0.3333333333333333,1.5,1,0,0,90,0,0,0,0,0,1,1,1,1,1,1
P-705628,2025-09,Railways,"Multi-States (Jharkhand, Odisha)",Ministry of Railways,114,9,12,0.0,82.11654011224827,86.0,-3.8834598877517266,1.0,1.5,3.0,17.190000000000055,50.40000000000009,160.40999999999985,0.5,1.5555555555555556,0,0,0,82,0,0,0,0,0,1,1,1,1,1,1
P-705628,2025-10,Railways,"Multi-States (Jharkhand, Odisha)",Ministry of Railways,115,8,12,0.0013205678441717934,82.5703853366083,86.0,-3.4296146633917033,0.0,1.0,3.0,13.7800000000002,42.940000000000055,151.7800000000002,0.3333333333333333,1.75,1,0,0,90,0,0,0,0,0,1,1,1,1,1,1
P-705629,2025-08,Railways,"Multi-States (Odisha, West Bengal)",Ministry of Railways,77,10,6,0.0,93.20416666666667,65.0,28.204166666666666,0.0,5.0,7.0,48.90000000000009,188.59000000000015,416.9200000000001,1.6666666666666667,3.5,1,0,1,90,0,0,0,1,1,1,1,1,1,1,1
P-705629,2025-09,Railways,"Multi-States (Odisha, West Bengal)",Ministry of Railways,78,9,6,0.0,94.95000000000002,65.0,29.950000000000017,0.0,4.0,7.0,41.90000000000009,166.60000000000036,350.2000000000003,1.3333333333333333,3.888888888888889,2,0,1,82,0,0,1,1,1,1,1,1,1,1,1
P-705629,2025-10,Railways,"Multi-States (Odisha, West Bengal)",Ministry of Railways,79,8,6,0.0,96.33124999999998,66.0,30.331249999999983,1.0,1.0,8.0,33.149999999999636,123.94999999999982,332.3699999999999,0.3333333333333333,4.25,0,0,1,90,0,0,1,1,1,1,1,1,1,1,1
P-705632,2025-08,Railways,"Multi-States (Andhra Pradesh, Telangana)",Ministry of Railways,112,4,11,39.72179289026275,98.33075221238938,91.0,7.330752212389385,0.0,,,18.909999999999968,646.27,684.68,,2.25,1,0,1,90,0,0,0,0,0,1,1,1,1,1,1
P-705632,2025-09,Railways,"Multi-States (Andhra Pradesh, Telangana)",Ministry of Railways,113,3,11,39.72179289026275,99.679203539823,92.0,7.679203539823007,1.0,,,12.190000000000055,640.03,673.04,,2.6666666666666665,0,0,1,82,0,0,0,0,0,1,1,1,1,1,1
P-705632,2025-10,Railways,"Multi-States (Andhra Pradesh, Telangana)",Ministry of Railways,114,2,11,39.72179289026275,104.59181415929204,92.0,12.591814159292042,0.0,1.0,,44.40999999999997,75.50999999999999,710.03,0.3333333333333333,4.0,1,0,1,90,0,0,0,0,0,1,1,1,1,1,1
P-705633,2025-08,Railways,Andhra Pradesh,Ministry of Railways,101,16,12,15.054915617465845,98.09103608847497,92.0,6.091036088474965,0.0,,,100.42000000000007,678.6200000000003,853.7900000000004,,0.5,1,1,1,90,0,0,0,0,0,1,1,1,1,1,1
P-705633,2025-09,Railways,Andhra Pradesh,Ministry of Railways,102,15,12,15.054915617465845,101.46076833527357,93.0,8.46076833527357,1.0,,,144.72999999999956,750.8899999999999,908.2799999999997,,0.4666666666666667,0,1,1,82,0,0,0,0,0,1,1,1,1,1,1
P-705633,2025-10,Railways,Andhra Pradesh,Ministry of Railways,103,14,12,15.054915617465845,104.2104772991851,93.0,11.2104772991851,0.0,1.0,,118.10000000000036,363.25,997.6100000000001,0.3333333333333333,0.5,1,1,1,90,0,0,0,0,0,1,1,1,1,1,1
P-705638,2025-10,Railways,Kerala,Ministry of Railways,30,17,0,-1.254612546125467,8.308420528151471,18.0,-9.691579471848529,1.0,3.0,11.0,0.010000000000005116,-225.45,-201.62,1.0,4.823529411764706,0,1,2,90,0,0,0,0,0,1,1,1,1,1,1
P-705639,2025-10,Railways,Kerala,Ministry of Railways,30,16,-13,-0.93344425956739,48.62695040225734,19.0,29.626950402257343,1.0,2.0,11.0,0.0,6.519999999999982,7.21999999999997,0.6666666666666666,5.0625,0,2,2,90,0,0,0,0,0,1,1,1,1,1,1
P-705648,2025-08,Railways,Andhra Pradesh,Ministry of Railways,108,4,13,0.0,88.99909828674481,90.0,-1.000901713255189,0.0,,,0.0,38.10999999999967,38.10999999999967,,2.5,1,1,1,86,0,0,1,0,0,1,1,1,1,1,1
P-705648,2025-09,Railways,Andhra Pradesh,Ministry of Railways,109,3,13,0.0,88.99909828674481,90.0,-1.000901713255189,0.0,,,0.0,38.10999999999967,38.10999999999967,,3.3333333333333335,2,1,1,78,0,1,1,0,0,1,1,1,1,1,1
P-705648,2025-10,Railways,Andhra Pradesh,Ministry of Railways,110,2,13,0.0,88.99909828674481,90.0,-1.000901713255189,0.0,0.0,,0.0,0.0,38.10999999999967,0.0,5.0,3,1,1,86,0,1,1,0,0,1,1,1,1,1,1
P-705650,2025-08,Railways,"Multi-States (Goa, Karnataka)",Ministry of Railways,185,28,9,0.0,98.96877470355732,86.0,12.968774703557315,0.0,,,0.0,1502.33,1502.33,,0.5,1,1,1,86,0,0,0,0,0,1,1,1,1,1,1
P-705650,2025-09,Railways,"Multi-States (Goa, Karnataka)",Ministry of Railways,186,27,9,0.0,98.96877470355732,86.0,12.968774703557315,0.0,,,0.0,1502.33,1502.33,,0.5185185185185185,2,1,1,78,0,0,0,0,0,1,1,1,1,1,1
P-705650,2025-10,Railways,"Multi-States (Goa, Karnataka)",Ministry of Railways,187,26,9,0.0,103.69387351778656,86.0,17.693873517786557,0.0,0.0,,239.09000000000015,239.09000000000015,1741.42,0.0,0.5384615384615384,3,1,1,90,0,0,0,0,0,1,1,1,1,1,1
P-705651,2025-07,Railways,Madhya Pradesh,Ministry of Railways,102,5,45,66.53942531564864,79.84750062390515,90.0,-10.152499376094852,,,,,,,,2.0,0,0,0,98,0,0,0,0,0,1,1,1,1,1,1
P-705651,2025-08,Railways,Madhya Pradesh,Ministry of Railways,110,4,45,66.53942531564864,80.00256830852655,90.0,-9.997431691473452,0.0,,,6.400000000000091,,,,2.5,1,0,0,98,0,0,0,0,0,1,1,1,1,1,1
P-705659,2025-08,Railways,Madhya Pradesh,Ministry of Railways,117,7,0,16.8,96.12671232876713,80.0,16.126712328767127,0.0,0.0,0.0,0.12000000000000455,559.97,559.97,0.0,2.857142857142857,7,0,1,90,0,0,0,0,0,1,1,1,1,1,1
P-705659,2025-09,Railways,Madhya Pradesh,Ministry of Railways,118,6,0,16.8,96.12671232876713,80.0,16.126712328767127,0.0,0.0,0.0,0.0,559.97,559.97,0.0,3.3333333333333335,8,0,1,78,0,0,0,0,0,1,1,1,1,1,1
P-705659,2025-10,Railways,Madhya Pradesh,Ministry of Railways,119,5,0,16.8,96.85102739726027,80.0,16.851027397260268,0.0,0.0,0.0,4.230000000000018,4.350000000000023,564.2,0.0,4.0,9,0,1,90,0,0,0,0,0,1,1,1,1,1,1
P-705660,2025-08,Railways,Madhya Pradesh,Ministry of Railways,113,4,0,79.01840490797547,73.1475896732922,100.0,-26.852410326707798,0.0,9.0,14.0,79.67000000000007,102.43000000000029,148.82999999999993,3.0,0.0,1,1,1,90,0,0,0,0,0,1,1,1,1,1,1
P-705660,2025-09,Railways,Madhya Pradesh,Ministry of Railways,114,3,0,79.01840490797547,73.54055289010738,100.0,-26.459447109892622,0.0,8.0,12.0,17.199999999999818,96.83999999999969,152.69999999999982,2.6666666666666665,0.0,2,1,1,82,0,0,0,0,0,1,1,1,1,1,1
P-705660,2025-10,Railways,Madhya Pradesh,Ministry of Railways,115,2,0,79.01840490797547,73.90632853552661,100.0,-26.09367146447339,0.0,0.0,10.0,16.01000000000022,112.88000000000011,142.1800000000003,0.0,0.0,3,1,1,90,0,0,0,0,0,1,1,1,1,1,1
P-705661,2025-08,Railways,Madhya Pradesh,Ministry of Railways,113,7,18,0.0,127.18028846153847,94.0,33.18028846153847,2.0,5.0,,49.440000000000055,159.6300000000001,247.80999999999995,1.6666666666666667,0.8571428571428571,0,1,2,90,0,0,0,0,0,1,1,1,1,1,1
P-705661,2025-09,Railways,Madhya Pradesh,Ministry of Railways,114,6,18,0.0,129.46314102564102,94.0,35.46314102564102,0.0,5.0,5.0,28.49000000000001,161.8900000000001,240.47000000000003,1.6666666666666667,1.0,1,1,2,82,0,0,1,0,0,1,1,1,1,1,1
P-705661,2025-10,Railways,Madhya Pradesh,Ministry of Railways,115,5,18,0.0,132.31891025641025,95.0,37.31891025641025,1.0,3.0,6.0,35.63999999999987,113.56999999999994,246.81999999999994,1.0,1.0,0,1,2,90,0,0,1,0,0,1,1,1,1,1,1
P-705662,2025-08,Railways,"Multi-States (Karnataka, Maharashtra)",Ministry of Railways,136,7,15,30.93716719914803,107.44367629117528,92.0,15.44367629117528,3.0,3.0,3.0,13.239999999999782,103.0,164.8499999999999,1.0,1.1428571428571428,0,1,0,90,0,0,0,0,0,1,1,1,1,1,1
P-705663,2025-08,Railways,Karnataka,Ministry of Railways,90,6,0,0.0,51.206896551724135,82.0,-30.793103448275865,0.0,7.0,36.0,0.0,0.9299999999999784,41.78999999999999,2.3333333333333335,3.0,1,1,0,86,0,0,0,0,0,1,1,1,1,1,1
P-705663,2025-09,Railways,Karnataka,Ministry of Railways,91,5,0,0.0,51.206896551724135,82.0,-30.793103448275865,0.0,7.0,7.0,0.0,-1.9000000000000057,21.789999999999992,2.3333333333333335,3.6,2,1,0,78,0,0,0,0,0,1,1,1,1,1,1
P-705663,2025-10,Railways,Karnataka,Ministry of Railways,92,4,0,0.0,51.206896551724135,82.0,-30.793103448275865,0.0,0.0,7.0,0.0,0.0,11.269999999999982,0.0,4.5,3,1,0,86,0,0,0,0,0,1,1,1,1,1,1
P-705667,2025-08,Railways,"Multi-States (Madhya Pradesh, Rajasthan, Uttar Pradesh)",Ministry of Railways,116,16,24,0.0,82.68109377621205,94.0,-11.318906223787948,0.0,,,0.0,-117.44999999999982,-117.44999999999982,,0.375,1,1,1,86,0,0,0,0,0,1,1,1,1,1,1
P-705667,2025-09,Railways,"Multi-States (Madhya Pradesh, Rajasthan, Uttar Pradesh)",Ministry of Railways,117,15,24,0.0,82.68109377621205,94.0,-11.318906223787948,0.0,,,0.0,-117.44999999999982,-117.44999999999982,,0.4,2,1,1,78,0,0,0,0,0,1,1,1,1,1,1
P-705667,2025-10,Railways,"Multi-States (Madhya Pradesh, Rajasthan, Uttar Pradesh)",Ministry of Railways,118,14,24,0.0,83.2778057372924,94.0,-10.722194262707603,0.0,0.0,,35.56999999999971,35.56999999999971,-81.88000000000011,0.0,0.42857142857142855,3,1,1,90,0,0,0,0,0,1,1,1,1,1,1
P-705668,2025-08,Railways,"Multi-States (Jharkhand, West Bengal)",Ministry of Railways,107,4,9,0.0,97.73723076923076,97.0,0.7372307692307629,0.0,,,0.0,277.0100000000002,277.0100000000002,,0.75,1,1,1,86,0,0,1,0,0,1,1,1,1,1,1
P-705668,2025-09,Railways,"Multi-States (Jharkhand, West Bengal)",Ministry of Railways,108,3,9,0.0,97.73723076923076,97.0,0.7372307692307629,0.0,,,0.0,277.0100000000002,277.0100000000002,,1.0,2,1,1,78,0,1,1,0,0,1,1,1,1,1,1
P-705668,2025-10,Railways,"Multi-States (Jharkhand, West Bengal)",Ministry of Railways,109,2,9,0.0,97.73723076923076,97.0,0.7372307692307629,0.0,0.0,,0.0,0.0,277.0100000000002,0.0,1.5,3,1,1,86,0,1,1,0,0,1,1,1,1,1,1
P-705728,2025-01,Railways,"Multi-States (Dadra & Nagar Haveli and Daman & Diu, Gujarat, Maharashtra)",Ministry of Railways,109,31,44,0.0,64.86203703703704,49.0,15.862037037037041,,,,,,,,1.6451612903225807,0,0,0,92,0,0,,0,0,1,1,1,0,1,1
P-705728,2025-02,Railways,"Multi-States (Dadra & Nagar Haveli and Daman & Diu, Gujarat, Maharashtra)",Ministry of Railways,110,30,44,0.0,66.90462962962962,49.8,17.104629629629628,0.7999999999999972,,,2206.0,,,,1.6733333333333333,0,0,0,92,0,0,,0,0,1,1,1,0,1,1
P-705728,2025-03,Railways,"Multi-States (Dadra & Nagar Haveli and Daman & Diu, Gujarat, Maharashtra)",Ministry of Railways,111,29,44,0.0,66.90462962962962,50.0,16.904629629629625,0.20000000000000284,,,0.0,,,,1.7241379310344827,1,0,0,92,0,0,,0,0,1,1,1,0,1,1
P-705728,2025-04,Railways,"Multi-States (Dadra & Nagar Haveli and Daman & Diu, Gujarat, Maharashtra)",Ministry of Railways,112,28,0,0.0,70.7787037037037,51.5,19.278703703703698,1.5,2.5,,4184.0,6390.0,,0.8333333333333334,1.7321428571428572,0,0,0,92,0,,,0,0,1,1,0,0,1,1
P-705728,2025-05,Railways,"Multi-States (Dadra & Nagar Haveli and Daman & Diu, Gujarat, Maharashtra)",Ministry of Railways,113,27,0,0.0,70.7787037037037,52.0,18.778703703703698,0.5,2.200000000000003,,0.0,4184.0,,0.7333333333333343,1.7777777777777777,0,0,0,92,0,,,0,0,1,1,0,0,1,1
P-705728,2025-06,Railways,"Multi-States (Dadra & Nagar Haveli and Daman & Diu, Gujarat, Maharashtra)",Ministry of Railways,114,26,0,0.0,72.99907407407407,52.89,20.109074074074073,0.8900000000000006,2.8900000000000006,,2398.0,6582.0,,0.9633333333333335,1.811923076923077,0,0,0,92,0,,,0,0,1,1,0,0,1,1
P-705728,2025-07,Railways,"Multi-States (Dadra & Nagar Haveli and Daman & Diu, Gujarat, Maharashtra)",Ministry of Railways,94,53,28,0.0,72.86193518518519,53.0,19.86193518518519,0.10999999999999943,1.5,4.0,-148.11000000000058,2249.8899999999994,8639.89,0.5,0.8867924528301887,1,1,0,70,0,,,0,0,1,1,0,0,1,1
P-705728,2025-08,Railways,"Multi-States (Dadra & Nagar Haveli and Daman & Diu, Gujarat, Maharashtra)",Ministry of Railways,125,52,28,0.0,73.99897222222222,53.0,20.99897222222222,0.0,1.0,3.200000000000003,1228.0,3477.8899999999994,7661.889999999999,0.3333333333333333,0.9038461538461539,2,1,0,90,0,0,0,0,0,1,1,1,1,1,1
P-705728,2025-09,Railways,"Multi-States (Dadra & Nagar Haveli and Daman & Diu, Gujarat, Maharashtra)",Ministry of Railways,126,51,28,0.0,75.22489814814814,54.0,21.224898148148142,1.0,1.1099999999999994,4.0,1324.0,2403.8899999999994,8985.89,0.36999999999999983,0.9019607843137255,0,1,0,82,0,0,0,0,0,1,1,1,1,1,1
P-705728,2025-10,Railways,"Multi-States (Dadra & Nagar Haveli and Daman & Diu, Gujarat, Maharashtra)",Ministry of Railways,127,50,28,0.0,76.82212037037037,55.0,21.82212037037037,1.0,2.0,3.5,1725.0,4277.0,6526.889999999999,0.6666666666666666,0.9,0,1,0,90,0,0,0,0,0,1,1,1,1,1,1
P-705730,2025-08,Railways,West Bengal,Ministry of Railways,185,40,24,114.31230610134436,42.20459370777842,60.0,-17.79540629222158,1.0,,,12.010000000000218,454.37999999999965,454.37999999999965,,1.0,0,1,1,90,0,1,1,0,0,1,1,1,1,1,1
P-705730,2025-09,Railways,West Bengal,Ministry of Railways,186,39,24,114.31230610134436,43.28508010036673,59.0,-15.714919899633273,-1.0,,,111.96000000000004,566.3399999999997,566.3399999999997,,1.0512820512820513,0,1,1,82,0,1,1,0,0,1,1,1,1,1,1
P-705730,2025-10,Railways,West Bengal,Ministry of Railways,187,50,36,114.31230610134436,44.72765875313646,59.0,-14.27234124686354,0.0,0.0,,149.48000000000047,273.4500000000007,715.8200000000002,0.0,0.82,1,2,1,90,0,0,0,0,0,1,1,1,1,1,1
P-705735,2025-08,Railways,Maharashtra,Ministry of Railways,20,31,12,264.2023604296512,34.19990654602609,12.0,22.199906546026092,2.0,2.0,7.0,-22.8599999999999,-12.779999999999973,33.80000000000018,0.6666666666666666,2.838709677419355,0,2,2,78,0,0,0,0,0,1,1,1,1,1,1
P-705735,2025-09,Railways,Maharashtra,Ministry of Railways,85,30,12,264.2023604296512,34.425652508996464,12.0,22.425652508996464,0.0,2.0,5.0,7.439999999999827,-15.529999999999973,4.569999999999936,0.6666666666666666,2.933333333333333,1,2,2,82,0,0,0,0,0,1,1,1,1,1,1
P-705735,2025-10,Railways,Maharashtra,Ministry of Railways,86,29,12,264.2023604296512,35.005795360070884,12.0,23.005795360070884,0.0,2.0,5.0,19.12000000000012,3.7000000000000455,23.690000000000055,0.6666666666666666,3.0344827586206895,2,2,2,90,0,0,0,0,0,1,1,1,1,1,1
P-705741,2025-08,Railways,Odisha,Ministry of Railways,97,52,17,0.0,1.411764705882353,1.0,0.41176470588235303,0.0,,,0.13000000000000078,10.56,10.56,,1.9038461538461537,1,1,0,90,0,0,0,0,0,1,1,1,1,1,1
P-705741,2025-09,Railways,Odisha,Ministry of Railways,98,51,17,0.0,1.411764705882353,1.0,0.41176470588235303,0.0,,,0.0,10.56,10.56,,1.9411764705882353,2,1,0,78,0,0,0,0,0,1,1,1,1,1,1
P-705741,2025-10,Railways,Odisha,Ministry of Railways,99,50,17,0.0,1.6122994652406417,1.0,0.6122994652406417,0.0,0.0,,1.5,1.6300000000000008,12.06,0.0,1.98,3,1,0,90,0,0,0,0,0,1,1,1,1,1,1
P-705742,2025-10,Railways,Odisha,Ministry of Railways,92,93,0,0.0,20.886092150170647,20.0,0.8860921501706471,,12.0,-70.0,,292.82,268.78999999999996,4.0,0.8602150537634409,1,0,1,82,0,0,0,0,0,1,1,1,1,1,1
P-705752,2025-08,Railways,Rajasthan,Ministry of Railways,76,15,0,18.008981305217933,48.704320311045855,98.0,-49.295679688954145,0.0,3.0,25.0,0.0,116.80000000000001,131.41000000000003,1.0,0.13333333333333333,2,2,1,86,0,0,0,0,0,1,1,1,1,1,1
P-705752,2025-09,Railways,Rajasthan,Ministry of Railways,77,14,0,18.008981305217933,39.04514714702294,99.0,-59.95485285297706,1.0,1.0,24.0,-93.41000000000003,20.109999999999957,29.539999999999964,0.3333333333333333,0.07142857142857142,0,2,1,70,0,0,0,0,0,1,1,1,1,1,1
P-705752,2025-10,Railways,Rajasthan,Ministry of Railways,78,13,0,18.008981305217933,39.73693462660021,99.0,-59.26306537339979,0.0,1.0,19.0,6.689999999999998,-86.72000000000003,33.21999999999997,0.3333333333333333,0.07692307692307693,1,2,1,90,0,0,0,0,0,1,1,1,1,1,1
P-705761,2025-08,Railways,Karnataka,Ministry of Railways,30,34,6,0.0,4.801925722145804,11.0,-6.198074277854196,0.0,4.0,4.0,0.23999999999999488,-10.420000000000002,2.4099999999999966,1.3333333333333333,2.6176470588235294,1,2,1,90,0,0,0,0,0,1,1,1,1,1,1
P-705761,2025-09,Railways,Karnataka,Ministry of Railways,72,33,6,0.0,4.810866574965612,11.0,-6.189133425034388,0.0,4.0,4.0,0.13000000000000966,-17.379999999999995,-0.8599999999999994,1.3333333333333333,2.696969696969697,2,2,1,82,0,0,0,0,0,1,1,1,1,1,1
P-705761,2025-10,Railways,Karnataka,Ministry of Railways,73,32,6,0.0,4.944291609353508,11.0,-6.055708390646492,0.0,0.0,4.0,1.9399999999999977,2.3100000000000023,0.6400000000000006,0.0,2.78125,3,2,1,90,0,0,0,0,0,1,1,1,1,1,1
P-705763,2025-08,Railways,Madhya Pradesh,Ministry of Railways,72,61,0,0.0,22.54816697886005,23.0,-0.45183302113995083,1.0,,,27.220000000000027,680.39,680.39,,1.2622950819672132,0,0,1,90,0,0,0,0,0,1,1,1,1,1,1
P-705763,2025-09,Railways,Madhya Pradesh,Ministry of Railways,73,60,0,0.0,22.731335295691732,23.0,-0.26866470430826794,0.0,,,13.690000000000055,694.08,694.08,,1.2833333333333334,1,0,1,82,0,0,0,0,0,1,1,1,1,1,1
P-705763,2025-10,Railways,Madhya Pradesh,Ministry of Railways,74,59,0,0.0,23.823922932833824,25.0,-1.176077067166176,2.0,3.0,,81.65999999999985,122.56999999999994,775.7399999999999,1.0,1.271186440677966,0,0,1,90,0,0,0,0,0,1,1,1,1,1,1
P-705764,2025-08,Railways,"Multi-States (Madhya Pradesh, Rajasthan)",Ministry of Railways,100,10,3,66.66666666666667,9.642424242424243,53.0,-43.35757575757576,7.0,8.0,36.0,-226.45,-210.09999999999997,-159.7,2.6666666666666665,4.7,0,3,1,78,0,0,0,0,0,1,1,1,1,1,1
P-705764,2025-09,Railways,"Multi-States (Madhya Pradesh, Rajasthan)",Ministry of Railways,101,9,3,66.66666666666667,13.07030303030303,55.0,-41.92969696969697,2.0,9.0,37.0,28.28,-198.49,-157.98000000000002,3.0,5.0,0,3,1,82,0,0,0,0,0,1,1,1,1,1,1
P-705764,2025-10,Railways,"Multi-States (Madhya Pradesh, Rajasthan)",Ministry of Railways,102,8,3,66.66666666666667,15.002424242424242,57.0,-41.99757575757576,2.0,11.0,37.0,15.939999999999998,-182.23000000000002,-152.25,3.6666666666666665,5.375,0,3,1,90,0,0,0,0,0,1,1,1,1,1,1
P-705765,2025-08,Railways,Jharkhand,Ministry of Railways,91,7,0,0.0,78.52186588921283,59.0,19.521865889212833,0.0,14.0,43.0,2.6200000000000045,139.20999999999998,184.88,4.666666666666667,5.857142857142857,1,1,1,90,0,0,0,0,0,1,1,1,1,1,1
P-705765,2025-09,Railways,Jharkhand,Ministry of Railways,92,6,0,0.0,79.59912536443147,59.0,20.599125364431472,0.0,14.0,14.0,7.389999999999986,126.58999999999997,170.40999999999997,4.666666666666667,6.833333333333333,2,1,1,82,0,0,0,0,0,1,1,1,1,1,1
P-705765,2025-10,Railways,Jharkhand,Ministry of Railways,93,5,0,0.0,83.6938775510204,59.0,24.693877551020407,0.0,0.0,14.0,28.090000000000032,38.10000000000002,188.57999999999998,0.0,8.2,3,1,1,90,0,0,0,0,0,1,1,1,1,1,1
P-705766,2025-01,Railways,Uttar Pradesh,Ministry of Railways,94,5,6,36.92307692307692,47.89325842696629,52.0,-4.106741573033709,,,,,,,,9.6,0,0,0,92,0,0,1,0,0,1,1,1,1,1,1
P-705766,2025-02,Railways,Uttar Pradesh,Ministry of Railways,95,4,6,36.92307692307692,50.9747191011236,55.0,-4.025280898876403,3.0,,,10.969999999999999,,,,11.25,0,0,0,92,0,1,1,0,0,1,1,1,1,1,1
P-705766,2025-03,Railways,Uttar Pradesh,Ministry of Railways,96,3,6,36.92307692307692,50.9747191011236,55.0,-4.025280898876403,0.0,,,0.0,,,,15.0,1,0,0,88,0,1,,0,0,1,1,1,0,1,1
P-705766,2025-04,Railways,Uttar Pradesh,Ministry of Railways,97,2,6,-0.025274509253271644,55.098314606741575,65.0,-9.901685393258425,10.0,13.0,,14.680000000000007,25.650000000000006,,4.333333333333333,17.5,0,0,0,84,0,1,,0,0,1,1,1,0,1,1
P-705766,2025-05,Railways,Uttar Pradesh,Ministry of Railways,98,6,11,-0.025274509253271644,55.28932584269663,65.0,-9.710674157303373,0.0,10.0,,0.6800000000000068,15.360000000000014,,3.3333333333333335,5.833333333333333,1,1,0,92,0,0,,0,0,1,1,1,0,1,1
P-705766,2025-06,Railways,Uttar Pradesh,Ministry of Railways,99,5,11,-0.025274509253271644,60.103932584269664,65.0,-4.896067415730336,0.0,10.0,,17.139999999999986,32.5,,3.3333333333333335,7.0,2,1,0,92,0,,,0,0,1,1,0,0,1,1
P-705766,2025-07,Railways,Uttar Pradesh,Ministry of Railways,100,4,11,16.93601366443306,60.1123595505618,65.0,-4.8876404494382015,0.0,0.0,13.0,0.030000000000001137,17.849999999999994,43.5,0.0,8.75,3,1,0,82,0,,,0,0,1,1,0,0,1,1
P-705766,2025-08,Railways,Uttar Pradesh,Ministry of Railways,101,3,11,16.93601366443306,62.02247191011236,72.0,-9.977528089887642,7.0,7.0,17.0,6.800000000000011,23.97,39.33000000000001,2.3333333333333335,9.333333333333334,0,1,0,90,0,,,0,0,1,1,0,0,1,1
P-705766,2025-09,Railways,Uttar Pradesh,Ministry of Railways,102,4,13,16.93601366443306,63.146067415730336,75.0,-11.853932584269664,3.0,10.0,20.0,4.0,10.830000000000013,43.33000000000001,3.3333333333333335,6.25,0,2,0,82,0,,,0,0,1,1,0,0,1,1
P-705766,2025-10,Railways,Uttar Pradesh,Ministry of Railways,103,3,13,16.93601366443306,64.99157303370787,78.0,-13.008426966292134,3.0,13.0,13.0,6.569999999999993,17.370000000000005,35.22,4.333333333333333,7.333333333333333,0,2,0,90,0,0,0,0,0,1,1,1,1,1,1
P-705771,2025-09,Railways,Uttar Pradesh,Ministry of Railways,77,6,0,0.0,67.4089068825911,70.0,-2.591093117408903,0.0,28.0,28.0,0.0,290.39,290.39,9.333333333333334,5.0,6,0,0,78,0,0,0,0,0,1,1,1,1,1,1
P-705771,2025-10,Railways,Uttar Pradesh,Ministry of Railways,78,5,0,0.0,67.4089068825911,70.0,-2.591093117408903,0.0,,28.0,0.0,,290.39,,6.0,7,0,0,86,0,0,0,0,0,1,1,1,1,1,1
P-705772,2025-08,Railways,Uttar Pradesh,Ministry of Railways,116,19,3,0.016610041525105874,58.95170300138897,62.0,-3.048296998611029,0.0,7.0,7.0,162.8900000000001,1478.7900000000002,1478.7900000000002,2.3333333333333335,2.0,1,1,1,90,0,0,0,0,0,1,1,1,1,1,1
P-705772,2025-09,Railways,Uttar Pradesh,Ministry of Railways,117,18,3,0.016610041525105874,58.95170300138897,62.0,-3.048296998611029,0.0,7.0,7.0,0.0,1478.7900000000002,1478.7900000000002,2.3333333333333335,2.111111111111111,2,1,1,78,0,0,0,0,0,1,1,1,1,1,1
P-705772,2025-10,Railways,Uttar Pradesh,Ministry of Railways,118,17,3,0.016610041525105874,58.95170300138897,62.0,-3.048296998611029,0.0,0.0,7.0,0.0,162.8900000000001,1478.7900000000002,0.0,2.235294117647059,3,1,1,86,0,0,0,0,0,1,1,1,1,1,1
P-705774,2025-01,Railways,Uttar Pradesh,Ministry of Railways,69,11,0,72.45735525122237,9.331742549615774,32.0,-22.668257450384225,,,,,,,,6.181818181818182,0,0,0,92,0,0,,0,0,1,1,1,0,1,1
P-705774,2025-02,Railways,Uttar Pradesh,Ministry of Railways,70,10,0,72.45735525122237,12.259297745962103,37.0,-24.7407022540379,5.0,,,22.820000000000007,,,,6.3,0,0,0,92,0,0,,0,0,1,1,1,0,1,1
P-705774,2025-03,Railways,Uttar Pradesh,Ministry of Railways,71,9,0,72.45735525122237,12.790414245211613,38.0,-25.209585754788385,1.0,,,4.140000000000001,,,,6.888888888888889,0,0,0,92,0,0,,0,0,1,1,1,0,1,1
P-705774,2025-04,Railways,Uttar Pradesh,Ministry of Railways,72,8,0,72.45735525122237,12.790414245211613,38.1,-25.309585754788387,0.10000000000000142,6.100000000000001,,0.0,26.960000000000008,,2.0333333333333337,7.7375,1,0,0,92,0,,,0,0,1,1,0,0,1,1
P-705774,2025-05,Railways,Uttar Pradesh,Ministry of Railways,73,7,0,72.45735525122237,15.661522277386496,43.0,-27.338477722613504,4.899999999999999,6.0,,22.379999999999995,26.519999999999996,,2.0,8.142857142857142,0,0,0,92,0,,,0,0,1,1,0,0,1,1
P-705774,2025-06,Railways,Uttar Pradesh,Ministry of Railways,74,6,0,72.45735525122237,15.661522277386496,44.0,-28.338477722613504,1.0,6.0,,0.0,22.379999999999995,,2.0,9.333333333333334,0,0,0,92,0,,,0,0,1,1,0,0,1,1
P-705774,2025-07,Railways,Uttar Pradesh,Ministry of Railways,58,20,26,2.8350923482849617,40.45850491988352,55.0,-14.541495080116484,11.0,16.9,23.0,193.29000000000002,215.67000000000002,242.63,5.633333333333333,2.25,0,1,0,74,0,,,0,0,1,1,0,0,1,1
P-705774,2025-08,Railways,Uttar Pradesh,Ministry of Railways,76,19,26,2.8350923482849617,40.45850491988352,55.0,-14.541495080116484,0.0,12.0,18.0,0.0,193.29000000000002,219.81,4.0,2.3684210526315788,1,1,0,86,0,0,0,0,0,1,1,1,1,1,1
P-705774,2025-09,Railways,Uttar Pradesh,Ministry of Railways,77,18,26,2.8350923482849617,40.94215448562522,55.0,-14.057845514374783,0.0,11.0,17.0,3.769999999999982,197.06,219.44,3.6666666666666665,2.5,2,1,0,82,0,0,0,0,0,1,1,1,1,1,1
P-705774,2025-10,Railways,Uttar Pradesh,Ministry of Railways,78,17,26,2.8350923482849617,49.74149764589667,69.0,-19.258502354103328,14.0,14.0,30.9,68.59000000000003,72.36000000000001,288.03000000000003,4.666666666666667,1.8235294117647058,0,1,0,90,0,0,0,0,0,1,1,1,1,1,1
P-705777,2025-08,Railways,Uttar Pradesh,Ministry of Railways,61,18,12,0.0,45.543208889599484,3.0,42.543208889599484,-12.0,-5.0,-5.0,-4.060000000000002,112.64999999999999,111.22,-1.6666666666666667,5.388888888888889,0,1,0,66,0,0,0,0,0,1,1,1,1,1,1
P-705777,2025-09,Railways,Uttar Pradesh,Ministry of Railways,62,17,12,0.0,45.543208889599484,3.0,42.543208889599484,0.0,-5.0,-5.0,0.0,112.64999999999999,111.22,-1.6666666666666667,5.705882352941177,1,1,0,78,0,0,0,0,0,1,1,1,1,1,1
P-705777,2025-10,Railways,Uttar Pradesh,Ministry of Railways,63,16,12,0.0,45.98688943960349,8.0,37.98688943960349,5.0,-7.0,0.0,1.1099999999999994,-2.950000000000003,113.75999999999999,-2.3333333333333335,5.75,0,1,0,90,0,0,0,0,0,1,1,1,1,1,1
P-705780,2025-01,Railways,Uttar Pradesh,Ministry of Railways,80,1,11,114.73224897280043,64.69088263898223,,,,,,,,,,,0,0,0,80,1,0,,0,0,1,1,1,0,1,1
P-705780,2025-02,Railways,Uttar Pradesh,Ministry of Railways,81,0,11,114.73224897280043,64.69088263898223,,,,,,0.0,,,,,0,0,0,80,1,0,,0,0,1,1,1,0,1,1
P-705780,2025-03,Railways,Uttar Pradesh,Ministry of Railways,82,-1,11,114.73224897280043,64.69088263898223,,,,,,0.0,,,,,0,0,0,80,1,0,,0,0,1,1,1,0,1,1
P-705780,2025-04,Railways,Uttar Pradesh,Ministry of Railways,83,-2,2,0.0,64.69088263898223,,,,,,0.0,0.0,,,,0,0,0,80,1,,,0,0,1,1,0,0,1,1
P-705780,2025-05,Railways,Uttar Pradesh,Ministry of Railways,84,-3,2,0.0,64.69088263898223,,,,,,0.0,0.0,,,,0,0,0,80,1,,,0,0,1,1,0,0,1,1
P-705780,2025-06,Railways,Uttar Pradesh,Ministry of Railways,85,-4,2,0.0,64.69088263898223,,,,,,0.0,0.0,,,,0,0,0,80,1,,,0,0,1,1,0,0,1,1
P-705780,2025-07,Railways,Uttar Pradesh,Ministry of Railways,100,3,10,0.01818900751285237,81.11177879863686,94.0,-12.888221201363137,,,,415.3600000000001,415.3600000000001,415.3600000000001,,2.0,0,1,0,82,0,,,0,0,1,1,0,0,1,1
P-705780,2025-08,Railways,Uttar Pradesh,Ministry of Railways,89,2,10,0.01818900751285237,81.11177879863686,94.0,-12.888221201363137,0.0,,,0.0,415.3600000000001,415.3600000000001,,3.0,1,1,0,86,0,1,1,0,0,1,1,1,1,1,1
P-705780,2025-09,Railways,Uttar Pradesh,Ministry of Railways,90,1,10,0.01818900751285237,81.11177879863686,94.0,-12.888221201363137,0.0,,,0.0,415.3600000000001,415.3600000000001,,6.0,2,1,0,78,0,1,1,0,0,1,1,1,1,1,1
P-705780,2025-10,Railways,Uttar Pradesh,Ministry of Railways,91,0,10,0.01818900751285237,81.11177879863686,94.0,-12.888221201363137,0.0,0.0,,0.0,0.0,415.3600000000001,0.0,6.0,3,1,0,86,0,1,1,0,0,1,1,1,1,1,1
P-705782,2025-01,Railways,Uttar Pradesh,Ministry of Railways,72,2,0,0.0,0.0,,,,,,,,,,,0,0,0,80,1,1,,1,1,1,1,1,0,1,1
P-705782,2025-02,Railways,Uttar Pradesh,Ministry of Railways,73,10,9,25.675467037208577,0.8845208845208845,55.0,-54.11547911547912,,,,3.6,,,,4.5,0,1,1,92,0,0,,0,0,1,1,1,0,1,1
P-705782,2025-03,Railways,Uttar Pradesh,Ministry of Railways,74,9,9,25.675467037208577,1.2702702702702702,56.0,-54.729729729729726,1.0,,,1.5699999999999998,,,,4.888888888888889,0,1,1,92,0,1,,0,0,1,1,1,0,1,1
P-705782,2025-04,Railways,Uttar Pradesh,Ministry of Railways,75,8,9,25.675467037208577,1.2702702702702702,58.0,-56.729729729729726,2.0,,,0.0,5.17,,,5.25,0,1,1,84,0,,,0,0,1,1,0,0,1,1
P-705782,2025-05,Railways,Uttar Pradesh,Ministry of Railways,76,7,9,25.675467037208577,1.2702702702702702,58.0,-56.729729729729726,0.0,3.0,,0.0,1.5699999999999998,,1.0,6.0,1,1,1,80,0,,,0,0,1,1,0,0,1,1
P-705782,2025-06,Railways,Uttar Pradesh,Ministry of Railways,77,7,10,25.675467037208577,4.646191646191646,59.0,-54.353808353808354,1.0,3.0,,13.74,13.74,,1.0,5.857142857142857,0,2,1,92,0,,,0,0,1,1,0,0,1,1
P-705782,2025-07,Railways,Uttar Pradesh,Ministry of Railways,99,8,12,0.0,77.88697788697789,75.0,2.8869778869778884,16.0,17.0,,298.09,311.83,317.0,5.666666666666667,3.125,0,3,1,82,0,,,0,0,1,1,0,0,1,1
P-705782,2025-08,Railways,Uttar Pradesh,Ministry of Railways,79,7,12,0.0,77.88697788697789,75.0,2.8869778869778884,0.0,17.0,20.0,0.0,311.83,313.4,5.666666666666667,3.5714285714285716,1,3,1,86,0,0,1,0,0,1,1,1,1,1,1
P-705782,2025-09,Railways,Uttar Pradesh,Ministry of Railways,80,6,12,0.0,77.88697788697789,75.0,2.8869778869778884,0.0,16.0,19.0,0.0,298.09,311.83,5.333333333333333,4.166666666666667,2,3,1,78,0,0,1,0,0,1,1,1,1,1,1
P-705782,2025-10,Railways,Uttar Pradesh,Ministry of Railways,81,5,12,0.0,77.88697788697789,75.0,2.8869778869778884,0.0,0.0,17.0,0.0,0.0,311.83,0.0,5.0,3,3,1,86,0,1,1,0,0,1,1,1,1,1,1
P-705783,2025-10,RAILWAYS,Punjab,Ministry of Railways,79,5,12,0.15148964820737826,56.50420168067226,50.0,6.50420168067226,0.0,-5.0,-5.0,0.0,16.47999999999999,80.19999999999999,-1.6666666666666667,10.0,1,4,1,86,0,0,1,0,0,1,1,1,1,1,1
P-705785,2025-08,Railways,Jharkhand,Ministry of Railways,48,21,11,0.0,60.11416490486257,4.0,56.11416490486257,0.0,0.0,2.0,0.07999999999998408,8.479999999999961,8.869999999999948,0.0,4.571428571428571,3,1,0,90,0,0,0,0,0,1,1,1,1,1,1
P-705785,2025-09,Railways,Jharkhand,Ministry of Railways,49,20,11,0.0,60.756871035940804,5.0,55.756871035940804,1.0,1.0,3.0,3.0400000000000205,11.409999999999968,11.819999999999993,0.3333333333333333,4.75,0,1,0,82,0,0,0,0,0,1,1,1,1,1,1
P-705785,2025-10,Railways,Jharkhand,Ministry of Railways,50,19,11,0.0,61.01268498942917,5.0,56.01268498942917,0.0,1.0,3.0,1.2099999999999795,4.329999999999984,12.92999999999995,0.3333333333333333,5.0,1,1,0,90,0,0,0,0,0,1,1,1,1,1,1
P-705789,2025-07,Railways,Andhra Pradesh,Ministry of Railways,79,8,0,0.0,87.05389065851914,60.0,27.053890658519137,,,,,,,,5.0,0,0,0,98,0,0,0,0,0,1,1,1,1,1,1
P-705793,2025-07,Railways,"Multi-States (Delhi, Gujarat, Madhya Pradesh, Maharashtra, Rajasthan)",Ministry of Railways,70,-16,0,0.0,1.9929654856283168,0.0,1.9929654856283168,,,,,,,,100.0,0,0,0,90,0,0,,0,1,1,1,1,0,1,1
P-705793,2025-08,Railways,"Multi-States (Delhi, Gujarat, Madhya Pradesh, Maharashtra, Rajasthan)",Ministry of Railways,71,-17,0,0.0,1.9929654856283168,0.0,1.9929654856283168,0.0,,,0.0,,,,100.0,1,0,0,86,0,0,,0,1,1,1,1,0,1,1
P-705793,2025-09,Railways,"Multi-States (Delhi, Gujarat, Madhya Pradesh, Maharashtra, Rajasthan)",Ministry of Railways,72,-18,0,0.0,1.9929654856283168,0.0,1.9929654856283168,0.0,,,0.0,,,,100.0,2,0,0,78,0,0,,0,1,1,1,1,0,1,1
P-705793,2025-10,Railways,"Multi-States (Delhi, Gujarat, Madhya Pradesh, Maharashtra, Rajasthan)",Ministry of Railways,73,-19,0,0.0,1.9929654856283168,0.0,1.9929654856283168,0.0,0.0,,0.0,0.0,,0.0,100.0,3,0,0,86,0,,,1,1,1,1,0,0,1,1
P-705794,2025-07,Railways,"Multi-States (Bihar, Delhi, Jharkhand, Uttar Pradesh, West Bengal)",Ministry of Railways,70,-16,0,0.0,1.9002783923552051,0.0,1.9002783923552051,,,,,,,,100.0,0,0,0,98,0,0,0,0,0,1,1,1,1,1,1
P-705794,2025-08,Railways,"Multi-States (Bihar, Delhi, Jharkhand, Uttar Pradesh, West Bengal)",Ministry of Railways,71,-17,0,0.0,1.9002783923552051,0.0,1.9002783923552051,0.0,,,0.0,,,,100.0,1,0,0,94,0,0,0,0,0,1,1,1,1,1,1
P-705794,2025-09,Railways,"Multi-States (Bihar, Delhi, Jharkhand, Uttar Pradesh, West Bengal)",Ministry of Railways,72,-18,0,0.0,1.9002783923552051,0.0,1.9002783923552051,0.0,,,0.0,,,,100.0,2,0,0,86,0,0,0,0,0,1,1,1,1,1,1
P-705794,2025-10,Railways,"Multi-States (Bihar, Delhi, Jharkhand, Uttar Pradesh, West Bengal)",Ministry of Railways,73,-19,0,0.0,1.9002783923552051,0.0,1.9002783923552051,0.0,0.0,,0.0,0.0,,0.0,100.0,3,0,0,94,0,0,0,0,0,1,1,1,1,1,1
P-705799,2025-08,Railways,Maharashtra,Ministry of Railways,70,4,0,0.0,105.14285714285714,80.0,25.14285714285714,0.0,-6.0,2.0,0.0,-302.9000000000001,1465.19,-2.0,5.0,1,2,2,94,0,0,0,0,0,1,1,1,1,1,1
P-705799,2025-09,Railways,Maharashtra,Ministry of Railways,71,3,0,0.0,105.14285714285714,80.0,25.14285714285714,0.0,-7.0,-5.0,0.0,-319.72,-210.8599999999999,-2.3333333333333335,6.666666666666667,2,2,2,86,0,0,0,0,0,1,1,1,1,1,1
P-705799,2025-10,Railways,Maharashtra,Ministry of Railways,72,2,0,0.0,105.14285714285714,80.0,25.14285714285714,0.0,0.0,-5.0,0.0,0.0,-267.70000000000005,0.0,10.0,3,2,2,94,0,0,0,0,0,1,1,1,1,1,1
P-705912,2025-07,Railways,Rajasthan,Ministry of Railways,27,20,0,0.0,2.9113955593949608,9.0,-6.088604440605039,,,,,,,,4.55,0,0,0,98,0,0,0,0,0,1,1,1,1,1,1
P-705912,2025-08,Railways,Rajasthan,Ministry of Railways,28,19,0,0.0,3.826761581207585,7.0,-3.173238418792415,-2.0,,,11.020000000000003,,,,4.894736842105263,0,0,0,86,0,0,0,0,0,1,1,1,1,1,1
P-705912,2025-09,Railways,Rajasthan,Ministry of Railways,19,18,0,0.0,6.066168836023224,7.0,-0.9338311639767758,0.0,,,26.96,,,,5.166666666666667,1,0,0,90,0,0,0,0,0,1,1,1,1,1,1
P-705912,2025-10,Railways,Rajasthan,Ministry of Railways,20,17,0,0.0,7.871151018780785,12.0,-4.128848981219215,5.0,3.0,,21.730000000000004,59.71000000000001,,1.0,5.176470588235294,0,0,0,98,0,0,0,0,0,1,1,1,1,1,1
P-705919,2025-08,RAILWAYS,Rajasthan,Ministry of Railways,38,22,0,0.0,8.848920863309353,25.0,-16.151079136690647,0.0,13.0,13.0,0.0,80.53999999999999,80.53999999999999,4.333333333333333,3.409090909090909,1,1,1,86,0,0,0,0,0,1,1,1,1,1,1
P-705919,2025-09,RAILWAYS,Rajasthan,Ministry of Railways,39,21,0,0.0,8.848920863309353,25.0,-16.151079136690647,0.0,13.0,13.0,0.0,80.53999999999999,80.53999999999999,4.333333333333333,3.5714285714285716,2,1,1,78,0,0,0,0,0,1,1,1,1,1,1
P-705919,2025-10,RAILWAYS,Rajasthan,Ministry of Railways,40,20,0,0.0,8.848920863309353,25.0,-16.151079136690647,0.0,0.0,13.0,0.0,0.0,80.53999999999999,0.0,3.75,3,1,1,86,0,0,0,0,0,1,1,1,1,1,1
P-705933,2025-01,Railways,Madhya Pradesh,Ministry of Railways,,5,0,20.42637362637364,83.22261561484834,71.0,12.222615614848337,,,,,,,,5.8,0,0,0,92,0,0,,0,0,1,1,1,0,1,1
P-705933,2025-02,Railways,Madhya Pradesh,Ministry of Railways,40,4,-28,20.42637362637364,86.41000839507974,71.0,15.410008395079743,0.0,,,34.930000000000064,,,,7.25,1,0,0,84,0,,,0,0,1,1,0,0,1,1
P-705933,2025-03,Railways,Madhya Pradesh,Ministry of Railways,,3,0,20.42637362637364,91.36858050151476,72.0,19.368580501514757,1.0,,,54.33999999999992,,,,9.333333333333334,0,0,0,84,0,,,0,0,1,1,0,0,1,1
P-705933,2025-04,Railways,Madhya Pradesh,Ministry of Railways,42,2,-28,0.0,94.80052560499325,72.0,22.800525604993254,0.0,1.0,,37.61000000000013,126.88000000000011,,0.3333333333333333,14.0,1,0,0,84,0,,,0,0,1,1,0,0,1,1
P-705933,2025-05,Railways,Madhya Pradesh,Ministry of Railways,43,7,-22,0.0,95.68565901376061,72.0,23.685659013760613,0.0,1.0,,9.699999999999818,101.64999999999986,,0.3333333333333333,4.0,2,1,0,84,0,,,0,0,1,1,0,0,1,1
P-705933,2025-06,Railways,Madhya Pradesh,Ministry of Railways,44,6,-22,0.0,109.24006278059642,72.0,37.24006278059642,0.0,0.0,,148.5400000000002,195.85000000000014,,0.0,4.666666666666667,3,1,0,92,0,,,0,0,1,1,0,0,1,1
P-705933,2025-07,Railways,Madhya Pradesh,Ministry of Railways,45,27,0,0.0,96.37734058473555,89.0,7.377340584735549,17.0,17.0,18.0,-140.96000000000004,17.279999999999973,144.16000000000008,5.666666666666667,0.4074074074074074,0,2,0,62,0,,,0,0,1,1,0,0,1,1
P-705933,2025-08,Railways,Madhya Pradesh,Ministry of Railways,46,26,0,0.0,97.40938788918494,89.0,8.409387889184941,0.0,17.0,18.0,11.309999999999945,18.8900000000001,120.53999999999996,5.666666666666667,0.4230769230769231,1,2,0,90,0,0,0,0,0,1,1,1,1,1,1
P-705933,2025-09,Railways,Madhya Pradesh,Ministry of Railways,47,25,0,0.0,97.40938788918494,89.0,8.409387889184941,0.0,17.0,17.0,0.0,-129.6500000000001,66.20000000000005,5.666666666666667,0.44,2,2,0,78,0,0,0,0,0,1,1,1,1,1,1
P-705933,2025-10,Railways,Madhya Pradesh,Ministry of Railways,48,24,0,0.0,97.40938788918494,89.0,8.409387889184941,0.0,0.0,17.0,0.0,11.309999999999945,28.589999999999918,0.0,0.4583333333333333,3,2,0,86,0,0,0,0,0,1,1,1,1,1,1
P-706718,2025-01,CIVIL AVIATION,Manipur,Ministry of Civil Aviation,38,14,20,0.0,26.76352705410822,38.12,-11.356472945891777,,,,,,,,4.42,0,0,0,92,0,0,,0,0,1,1,1,0,1,1
P-706718,2025-02,CIVIL AVIATION,Manipur,Ministry of Civil Aviation,39,13,20,0.0,26.969939879759522,38.16,-11.190060120240474,0.03999999999999915,,,1.0300000000000011,,,,4.756923076923077,1,0,0,92,0,0,,0,0,1,1,1,0,1,1
P-706718,2025-03,CIVIL AVIATION,Manipur,Ministry of Civil Aviation,40,12,20,0.0,30.955911823647295,38.36,-7.404088176352705,0.20000000000000284,,,19.889999999999986,,,,5.136666666666667,2,0,0,92,0,0,,0,0,1,1,1,0,1,1
P-706718,2025-04,CIVIL AVIATION,Manipur,Ministry of Civil Aviation,41,11,20,0.0,30.955911823647295,39.4,-8.444088176352704,1.0399999999999991,1.2800000000000011,,0.0,20.919999999999987,,0.426666666666667,5.509090909090909,0,0,0,84,0,,,0,0,1,1,0,0,1,1
P-706718,2025-05,CIVIL AVIATION,Manipur,Ministry of Civil Aviation,42,10,20,0.0,30.955911823647295,40.36,-9.404088176352705,0.9600000000000009,2.200000000000003,,0.0,19.889999999999986,,0.7333333333333343,5.964,0,0,0,84,0,,,0,0,1,1,0,0,1,1
P-706718,2025-06,CIVIL AVIATION,Manipur,Ministry of Civil Aviation,43,6,17,0.0,30.955911823647295,40.82,-9.864088176352706,0.46000000000000085,2.460000000000001,,0.0,0.0,,0.8200000000000003,9.863333333333333,1,1,0,92,0,,,0,0,1,1,0,0,1,1
P-706718,2025-07,CIVIL AVIATION,Manipur,Ministry of Civil Aviation,36,17,29,0.0,32.16032064128256,41.0,-8.83967935871744,0.17999999999999972,1.6000000000000014,2.8800000000000026,6.009999999999991,6.009999999999991,26.92999999999998,0.5333333333333338,3.4705882352941178,2,2,0,82,0,,,0,0,1,1,0,0,1,1
P-706718,2025-08,CIVIL AVIATION,Manipur,Ministry of Civil Aviation,45,16,29,0.0,30.947895791583168,41.0,-10.052104208416832,0.0,0.6400000000000006,2.8400000000000034,-6.049999999999983,-0.03999999999999204,19.849999999999994,0.2133333333333335,3.6875,3,2,0,78,0,0,0,0,0,1,1,1,1,1,1
P-706718,2025-09,CIVIL AVIATION,Manipur,Ministry of Civil Aviation,46,15,29,0.0,30.947895791583168,41.0,-10.052104208416832,0.0,0.17999999999999972,2.6400000000000006,0.0,-0.03999999999999204,-0.03999999999999204,0.05999999999999991,3.933333333333333,4,2,0,78,0,0,0,0,0,1,1,1,1,1,1
P-706718,2025-10,CIVIL AVIATION,Manipur,Ministry of Civil Aviation,47,14,29,0.0,31.206412825651302,41.0,-9.793587174348698,0.0,0.0,1.6000000000000014,1.289999999999992,-4.759999999999991,1.25,0.0,4.214285714285714,5,2,0,90,0,0,0,0,0,1,1,1,1,1,1
P-706724,2025-08,CIVIL AVIATION,Assam,Ministry of Civil Aviation,104,3,8,0.0,136.4158878504673,91.0,45.4158878504673,-3.0999999999999943,3.069999999999993,10.39,2335.44,451.30999999999995,688.01,1.023333333333331,3.0,0,5,1,70,0,,,0,1,1,1,0,0,1,1
P-706724,2025-09,CIVIL AVIATION,Assam,Ministry of Civil Aviation,105,2,8,0.0,140.03329439252337,91.0,49.03329439252337,0.0,1.3400000000000034,7.1299999999999955,61.929999999999836,448.91999999999985,647.1299999999999,0.4466666666666678,4.5,1,5,1,82,0,1,1,1,1,1,1,1,1,1,1
P-706724,2025-10,CIVIL AVIATION,Assam,Ministry of Civil Aviation,106,1,8,0.0,140.03329439252337,91.0,49.03329439252337,0.0,-3.0999999999999943,4.049999999999997,0.0,2397.37,546.4399999999998,-1.0333333333333314,9.0,2,5,1,86,0,1,1,1,1,1,1,1,1,1,1
P-706757,2025-08,Railways,Gujarat,Ministry of Railways,155,19,24,0.0,77.48091603053435,58.0,19.480916030534345,0.0,3.0,13.0,0.0,11.129999999999995,-429.45000000000005,1.0,2.210526315789474,2,3,0,86,0,0,0,0,0,1,1,1,1,1,1
P-706757,2025-09,Railways,Gujarat,Ministry of Railways,156,18,24,0.0,77.48091603053435,58.0,19.480916030534345,0.0,0.0,13.0,0.0,0.30000000000001137,-445.4,0.0,2.3333333333333335,3,3,0,78,0,0,0,0,0,1,1,1,1,1,1
P-706757,2025-10,Railways,Gujarat,Ministry of Railways,157,17,24,0.0,128.79770992366412,62.0,66.79770992366412,4.0,4.0,7.0,134.45,134.45,-312.15000000000003,1.3333333333333333,2.235294117647059,0,3,0,90,0,0,0,0,0,1,1,1,1,1,1
P-706759,2025-08,Railways,Bihar,Ministry of Railways,113,4,12,-28.369929728181184,82.5148214369736,95.0,-12.485178563026395,10.0,18.0,18.0,-374.04999999999995,-360.26,-277.47,6.0,1.25,0,1,2,78,0,0,0,0,0,1,1,1,1,1,1
P-706759,2025-09,Railways,Bihar,Ministry of Railways,114,3,12,-28.369929728181184,83.1717875123512,96.0,-12.828212487648798,1.0,19.0,19.0,11.169999999999845,-362.58000000000015,-266.3000000000002,6.333333333333333,1.3333333333333333,0,1,2,82,0,0,0,0,0,1,1,1,1,1,1
P-706759,2025-10,Railways,Bihar,Ministry of Railways,115,2,12,-28.369929728181184,83.97520350068226,97.0,-13.024796499317745,1.0,12.0,20.0,13.660000000000082,-349.22,-335.43000000000006,4.0,1.5,0,1,2,90,0,0,0,0,0,1,1,1,1,1,1
P-706763,2025-01,Railways,Gujarat,Ministry of Railways,,11,0,6.806230972996471,118.58631475688982,55.0,63.58631475688982,,,,,,,,4.090909090909091,0,0,0,92,0,,,0,0,1,1,0,0,1,1
P-706763,2025-02,Railways,Gujarat,Ministry of Railways,40,13,-7,6.806230972996471,120.32519572822004,65.0,55.32519572822004,10.0,,,18.789999999999964,,,,2.6923076923076925,0,1,0,84,0,,,0,0,1,1,0,0,1,1
P-706763,2025-03,Railways,Gujarat,Ministry of Railways,,12,0,6.806230972996471,123.22456458568547,65.0,58.22456458568547,0.0,,,31.329999999999927,,,,2.9166666666666665,1,1,0,84,0,,,0,0,1,1,0,0,1,1
P-706763,2025-04,Railways,Gujarat,Ministry of Railways,42,11,-7,0.0,123.80943567343465,65.0,58.80943567343465,0.0,10.0,,6.319999999999936,56.43999999999983,,3.3333333333333335,3.1818181818181817,2,1,0,84,0,,,0,0,1,1,0,0,1,1
P-706763,2025-05,Railways,Gujarat,Ministry of Railways,43,13,-4,0.0,28.186714542190305,70.0,-41.8132854578097,5.0,5.0,,-1033.28,-995.6300000000001,,1.6666666666666667,2.3076923076923075,0,2,0,72,0,,,0,0,1,1,0,0,1,1
P-706763,2025-06,Railways,Gujarat,Ministry of Railways,44,12,-4,0.0,29.21579151936923,72.0,-42.78420848063077,2.0,7.0,,11.120000000000005,-1015.8399999999999,,2.3333333333333335,2.3333333333333335,0,2,0,92,0,,,0,0,1,1,0,0,1,1
P-706763,2025-07,Railways,Gujarat,Ministry of Railways,43,15,0,0.0,67.64885524440578,72.0,-4.35114475559422,0.0,7.0,17.0,415.3,-606.8599999999999,-550.4200000000001,2.3333333333333335,1.8666666666666667,1,3,0,74,0,,,0,0,1,1,0,0,1,1
P-706763,2025-08,Railways,Gujarat,Ministry of Railways,46,14,0,0.0,72.8951118843584,76.0,-3.1048881156416,4.0,6.0,11.0,56.690000000000055,483.11000000000007,-512.52,2.0,1.7142857142857142,0,3,0,90,0,0,0,0,0,1,1,1,1,1,1
P-706763,2025-09,Railways,Gujarat,Ministry of Railways,47,13,0,0.0,72.8951118843584,76.0,-3.1048881156416,0.0,4.0,11.0,0.0,471.99000000000007,-543.8499999999999,1.3333333333333333,1.8461538461538463,1,3,0,78,0,0,0,0,0,1,1,1,1,1,1
P-706763,2025-10,Railways,Gujarat,Ministry of Railways,48,12,0,0.0,76.14151659294083,77.0,-0.8584834070591683,1.0,5.0,12.0,35.07999999999993,91.76999999999998,-515.0899999999999,1.6666666666666667,1.9166666666666667,0,3,0,90,0,0,0,0,0,1,1,1,1,1,1
P-706775,2025-07,Telecommunication,PAN India,Department of Telecommunications,165,20,43,207.64699144152252,22.067095744680852,80.52,-58.45290425531914,,,,,,,,0.9740000000000002,0,0,0,98,0,0,0,0,0,1,1,1,1,1,1
P-706775,2025-08,Telecommunication,PAN India,Department of Telecommunications,97,19,43,207.64699144152252,22.067095744680852,81.0,-58.932904255319144,0.480000000000004,,,0.0,,,,1.0,1,0,0,98,0,0,0,0,0,1,1,1,1,1,1
P-706775,2025-09,Telecommunication,PAN India,Department of Telecommunications,98,18,43,207.64699144152252,22.067095744680852,81.0,-58.932904255319144,0.0,,,0.0,,,,1.0555555555555556,2,0,0,86,0,0,0,0,0,1,1,1,1,1,1
P-706775,2025-10,Telecommunication,PAN India,Department of Telecommunications,99,17,43,207.64699144152252,24.69762765957447,81.0,-56.302372340425535,0.0,0.480000000000004,,4945.4000000000015,4945.4000000000015,,0.16000000000000134,1.1176470588235294,3,0,0,98,0,0,0,0,0,1,1,1,1,1,1
P-706776,2025-08,Railways,West Bengal,Ministry of Railways,177,43,31,0.0,57.22836438923395,32.0,25.228364389233953,0.0,15.0,15.0,0.0,2566.9300000000003,2566.9300000000003,5.0,1.5813953488372092,1,1,1,86,0,0,0,0,0,1,1,1,1,1,1
P-706776,2025-09,Railways,West Bengal,Ministry of Railways,178,42,31,0.0,57.22836438923395,32.0,25.228364389233953,0.0,15.0,15.0,0.0,2566.9300000000003,2566.9300000000003,5.0,1.619047619047619,2,1,1,78,0,0,0,0,0,1,1,1,1,1,1
P-706776,2025-10,Railways,West Bengal,Ministry of Railways,179,41,31,0.0,57.22836438923395,32.0,25.228364389233953,0.0,0.0,15.0,0.0,0.0,2566.9300000000003,0.0,1.6585365853658536,3,1,1,86,0,0,0,0,0,1,1,1,1,1,1
P-706777,2025-08,Railways,West Bengal,Ministry of Railways,185,4,-12,18.97302001740644,14.37454279444038,17.0,-2.62545720555962,0.0,,,0.0,0.01999999999998181,0.01999999999998181,,20.75,1,0,0,86,0,0,1,0,0,1,1,1,1,1,1
P-706777,2025-09,Railways,West Bengal,Ministry of Railways,186,3,-12,18.97302001740644,14.37454279444038,17.0,-2.62545720555962,0.0,,,0.0,0.01999999999998181,0.01999999999998181,,27.666666666666668,2,0,0,78,0,1,1,0,0,1,1,1,1,1,1
P-706777,2025-10,Railways,West Bengal,Ministry of Railways,187,2,-12,18.97302001740644,14.374908558888077,17.0,-2.6250914411119233,0.0,0.0,,0.009999999999990905,0.009999999999990905,0.029999999999972715,0.0,41.5,3,0,0,86,0,1,1,0,0,1,1,1,1,1,1
P-706779,2025-08,Railways,Maharashtra,Ministry of Railways,207,28,165,0.0,91.05972548534686,87.0,4.05972548534686,0.0,9.700000000000003,9.700000000000003,0.0,253.46000000000004,228.22999999999956,3.2333333333333343,0.4642857142857143,3,1,1,86,0,0,0,0,0,1,1,1,1,1,1
P-706779,2025-09,Railways,Maharashtra,Ministry of Railways,208,27,165,0.0,91.05972548534686,87.0,4.05972548534686,0.0,,,0.0,14.710000000000036,59.35999999999967,,0.48148148148148145,4,1,1,78,0,0,0,0,0,1,1,1,1,1,1
P-706779,2025-10,Railways,Maharashtra,Ministry of Railways,209,26,165,0.0,91.05972548534686,87.0,4.05972548534686,0.0,0.0,9.700000000000003,0.0,0.0,253.46000000000004,0.0,0.5,5,1,1,86,0,0,0,0,0,1,1,1,1,1,1
P-706780,2025-01,Railways,Maharashtra,Ministry of Railways,69,35,33,0.0,2.513594538438706,,,,,,,,,,,0,0,0,80,1,0,0,0,0,1,1,1,1,1,1
P-706780,2025-02,Railways,Maharashtra,Ministry of Railways,70,34,33,0.0,2.513594538438706,,,,,,0.0,,,,,0,0,0,80,1,0,0,0,0,1,1,1,1,1,1
P-706780,2025-03,Railways,Maharashtra,Ministry of Railways,71,33,33,0.0,3.29557732264767,,,,,,263.44999999999993,,,,,0,0,0,80,1,0,0,0,0,1,1,1,1,1,1
P-706780,2025-04,Railways,Maharashtra,Ministry of Railways,72,32,0,0.0,2.410388839418225,,,,,,-298.22,-34.770000000000095,,,,0,0,0,68,1,0,0,0,0,1,1,1,1,1,1
P-706780,2025-05,Railways,Maharashtra,Ministry of Railways,73,31,0,0.0,2.410388839418225,,,,,,0.0,-34.770000000000095,,,,0,0,0,80,1,0,0,0,0,1,1,1,1,1,1
P-706780,2025-06,Railways,Maharashtra,Ministry of Railways,74,30,0,0.0,6.401365390323538,,,,,,1344.56,1046.34,,,,0,0,0,80,1,0,0,0,0,1,1,1,1,1,1
P-706780,2025-07,Railways,Maharashtra,Ministry of Railways,75,29,0,0.0,6.667111902641733,16.0,-9.332888097358268,,,,89.5300000000002,1434.0900000000001,1399.3200000000002,,2.896551724137931,0,0,0,82,0,0,0,0,0,1,1,1,1,1,1
P-706780,2025-08,Railways,Maharashtra,Ministry of Railways,76,28,0,0.0,6.837043633125557,16.0,-9.162956366874443,0.0,,,57.25,1491.3400000000001,1456.5700000000002,,3.0,1,0,0,90,0,0,0,0,0,1,1,1,1,1,1
P-706780,2025-09,Railways,Maharashtra,Ministry of Railways,77,27,0,0.0,7.009349955476401,16.0,-8.990650044523598,0.0,,,58.04999999999973,204.82999999999993,1251.1699999999998,,3.111111111111111,2,0,0,82,0,0,0,0,0,1,1,1,1,1,1
P-706780,2025-10,Railways,Maharashtra,Ministry of Railways,78,26,0,0.0,7.231285247848025,16.0,-8.768714752151975,0.0,0.0,,74.76999999999998,190.0699999999997,1624.1599999999999,0.0,3.230769230769231,3,0,0,90,0,0,0,0,0,1,1,1,1,1,1
P-706781,2025-07,Railways,Maharashtra,Ministry of Railways,103,17,57,0.0,46.201425047958345,60.0,-13.798574952041655,,,,,,,,2.3529411764705883,0,0,0,98,0,0,0,0,0,1,1,1,1,1,1
P-706781,2025-08,Railways,Maharashtra,Ministry of Railways,105,16,57,0.0,47.069516762583355,60.0,-12.930483237416645,0.0,,,95.02999999999975,,,,2.5,1,0,0,98,0,0,0,0,0,1,1,1,1,1,1
P-706781,2025-09,Railways,Maharashtra,Ministry of Railways,106,15,57,0.0,48.449438202247194,65.0,-16.550561797752806,5.0,,,151.0600000000004,,,,2.3333333333333335,0,0,0,90,0,0,0,0,0,1,1,1,1,1,1
P-706781,2025-10,Railways,Maharashtra,Ministry of Railways,107,14,57,0.0,49.88115465424317,65.0,-15.118845345756831,0.0,5.0,,156.72999999999956,402.8199999999997,,1.6666666666666667,2.5,1,0,0,98,0,0,0,0,0,1,1,1,1,1,1
P-706811,2025-08,STEEL,Chhattisgarh,Ministry of Steel,117,4,30,86.687306501548,55.995024875621894,85.0,-29.004975124378106,1.0,5.799999999999997,13.799999999999997,26.829999999999927,111.98000000000002,494.48,1.9333333333333325,3.75,0,0,0,90,0,0,1,0,0,1,1,1,1,1,1
P-706811,2025-09,STEEL,Chhattisgarh,Ministry of Steel,118,3,30,86.687306501548,57.259074995393405,87.0,-29.740925004606595,2.0,6.299999999999997,13.200000000000003,68.59999999999991,151.88999999999987,252.13999999999987,2.099999999999999,4.333333333333333,0,0,0,82,0,1,1,0,0,1,1,1,1,1,1
P-706811,2025-10,STEEL,Chhattisgarh,Ministry of Steel,119,2,30,86.687306501548,58.59461949511701,88.0,-29.40538050488299,1.0,4.0,12.799999999999997,72.48000000000002,167.90999999999985,314.28999999999996,1.3333333333333333,6.0,0,0,0,90,0,1,1,0,0,1,1,1,1,1,1
P-706835,2025-10,Railways,Karnataka,Ministry of Railways,61,41,15,0.0,0.023884349465744813,0.0,0.023884349465744813,,0.0,,,-0.37,-0.33999999999999997,0.0,2.4390243902439024,1,1,1,70,0,0,0,0,0,1,1,1,1,1,1
P-706837,2025-08,Railways,Jharkhand,Ministry of Railways,33,27,0,0.0,25.954985396025425,60.0,-34.04501460397458,,58.0,,,26.540000000000006,47.75,19.333333333333332,1.4814814814814814,3,2,0,66,0,,,0,0,1,1,0,0,1,1
P-706837,2025-09,Railways,Jharkhand,Ministry of Railways,34,26,0,0.0,28.910142603516405,62.0,-33.089857396483595,2.0,60.0,60.0,10.319999999999993,24.019999999999996,45.529999999999994,20.0,1.4615384615384615,0,2,0,82,0,0,0,0,0,1,1,1,1,1,1
P-706837,2025-10,Railways,Jharkhand,Ministry of Railways,35,25,0,0.0,30.38485768283603,62.0,-31.61514231716397,0.0,,60.0,5.150000000000006,,48.35,,1.52,1,2,0,90,0,0,0,0,0,1,1,1,1,1,1
P-706854,2025-08,Railways,Chhattisgarh,Ministry of Railways,38,58,0,14.551598837209303,13.830468903649848,18.0,-4.169531096350152,0.0,6.0,8.0,0.0,24.210000000000008,83.94,2.0,1.4137931034482758,1,1,1,86,0,0,0,0,0,1,1,1,1,1,1
P-706854,2025-09,Railways,Chhattisgarh,Ministry of Railways,39,57,0,14.551598837209303,13.830468903649848,18.0,-4.169531096350152,0.0,6.0,8.0,0.0,0.21000000000000796,63.370000000000005,2.0,1.4385964912280702,2,1,1,78,0,0,0,0,0,1,1,1,1,1,1
P-706854,2025-10,Railways,Chhattisgarh,Ministry of Railways,40,56,0,14.551598837209303,8.849596822798704,21.0,-12.150403177201296,3.0,3.0,9.0,-78.50999999999999,-78.50999999999999,-19.389999999999986,1.0,1.4107142857142858,0,1,1,78,0,0,0,0,0,1,1,1,1,1,1
P-706860,2025-09,Railways,Bihar,Ministry of Railways,35,13,14,0.0,1.1798449612403101,55.0,-53.82015503875969,0.0,22.0,22.0,6.84,-127.7,-116.3,7.333333333333333,3.4615384615384617,4,2,1,82,0,0,0,0,0,1,1,1,1,1,1
P-706860,2025-10,Railways,Bihar,Ministry of Railways,36,12,14,0.0,1.2341085271317829,55.0,-53.76589147286822,0.0,,22.0,0.34999999999999964,,-115.95,,3.75,5,2,1,90,0,0,0,0,0,1,1,1,1,1,1
P-706866,2025-08,Railways,Rajasthan,Ministry of Railways,32,21,14,0.0,14.167763157894736,44.0,-29.832236842105264,9.0,14.0,23.0,-90.93,-81.53,-53.6,4.666666666666667,2.6666666666666665,0,2,1,78,0,0,0,0,0,1,1,1,1,1,1
P-706866,2025-09,Railways,Rajasthan,Ministry of Railways,33,20,14,0.0,15.013157894736842,45.0,-29.986842105263158,1.0,10.0,20.0,2.5700000000000003,-88.08999999999999,-54.17999999999999,3.3333333333333335,2.75,0,2,1,82,0,0,0,0,0,1,1,1,1,1,1
P-706866,2025-10,Railways,Rajasthan,Ministry of Railways,34,19,14,0.0,16.986842105263158,45.0,-28.013157894736842,0.0,10.0,20.0,6.0,-82.36,-65.48,3.3333333333333335,2.8947368421052633,1,2,1,90,0,0,0,0,0,1,1,1,1,1,1
P-706898,2025-07,Railways,Odisha,Ministry of Railways,70,-52,0,0.0,0.0,0.0,0.0,,,,,,,,100.0,0,0,0,90,0,0,0,0,0,1,1,1,1,1,1
P-706898,2025-08,Railways,Odisha,Ministry of Railways,71,-53,0,0.0,0.0,0.0,0.0,0.0,,,0.0,,,,100.0,1,0,0,86,0,0,0,0,0,1,1,1,1,1,1
P-706898,2025-09,Railways,Odisha,Ministry of Railways,84,-54,0,0.0,0.0,0.0,0.0,0.0,,,0.0,,,,100.0,2,0,0,78,0,0,0,0,0,1,1,1,1,1,1
P-706898,2025-10,Railways,Odisha,Ministry of Railways,85,-55,0,0.0,0.0,0.0,0.0,0.0,0.0,,0.0,0.0,,0.0,100.0,3,0,0,86,0,0,0,0,0,1,1,1,1,1,1
P-706922,2025-07,Railways,Assam,Ministry of Railways,82,-13,45,-0.11231412013118289,44.04628047135019,89.0,-44.95371952864981,,,,,,,,11.0,0,0,0,98,0,0,0,0,0,1,1,1,1,1,1
P-706922,2025-08,Railways,Assam,Ministry of Railways,59,-14,45,-0.11231412013118289,44.04628047135019,89.0,-44.95371952864981,0.0,,,0.0,,,,11.0,1,0,0,94,0,0,0,0,0,1,1,1,1,1,1
P-706922,2025-09,Railways,Assam,Ministry of Railways,60,-15,45,-0.11231412013118289,44.04628047135019,89.0,-44.95371952864981,0.0,,,0.0,,,,11.0,2,0,0,86,0,0,0,0,0,1,1,1,1,1,1
P-706922,2025-10,Railways,Assam,Ministry of Railways,61,-16,45,-0.11231412013118289,44.04628047135019,89.0,-44.95371952864981,0.0,0.0,,0.0,0.0,,0.0,11.0,3,0,0,94,0,0,0,0,0,1,1,1,1,1,1
P-706940,2025-08,Railways,Assam,Ministry of Railways,43,-15,0,0.0,0.0,0.0,0.0,,,,,,,,100.0,0,0,0,98,0,0,0,0,0,1,1,1,1,1,1
P-706940,2025-09,Railways,Assam,Ministry of Railways,84,-16,0,0.0,0.0,0.0,0.0,0.0,,,0.0,,,,100.0,1,0,0,86,0,0,0,0,0,1,1,1,1,1,1
P-706940,2025-10,Railways,Assam,Ministry of Railways,85,-17,0,0.0,0.0,0.0,0.0,0.0,,,0.0,,,,100.0,2,0,0,94,0,0,0,0,0,1,1,1,1,1,1
P-706942,2025-08,Railways,Assam,Ministry of Railways,43,-15,0,0.0,0.0,0.0,0.0,,,,,,,,100.0,0,0,0,98,0,0,0,0,0,1,1,1,1,1,1
P-706942,2025-09,Railways,Assam,Ministry of Railways,84,-16,0,0.0,0.0,0.0,0.0,0.0,,,0.0,,,,100.0,1,0,0,86,0,0,0,0,0,1,1,1,1,1,1
P-706942,2025-10,Railways,Assam,Ministry of Railways,85,-17,0,0.0,0.0,0.0,0.0,0.0,,,0.0,,,,100.0,2,0,0,94,0,0,0,0,0,1,1,1,1,1,1
P-706950,2025-07,Railways,"Multi-States (Goa, Karnataka)",Ministry of Railways,86,-16,12,50.79047401576916,86.32039336551995,95.0,-8.679606634480052,,,,,,,,5.0,0,0,0,98,0,0,1,0,0,1,1,1,1,1,1
P-706950,2025-08,Railways,"Multi-States (Goa, Karnataka)",Ministry of Railways,87,-17,12,50.79047401576916,86.32039336551995,95.0,-8.679606634480052,0.0,,,0.0,,,,5.0,1,0,0,94,0,0,1,0,0,1,1,1,1,1,1
P-706950,2025-09,Railways,"Multi-States (Goa, Karnataka)",Ministry of Railways,122,-18,12,50.79047401576916,86.32039336551995,95.0,-8.679606634480052,0.0,,,0.0,,,,5.0,2,0,0,86,0,1,1,0,0,1,1,1,1,1,1
P-706950,2025-10,Railways,"Multi-States (Goa, Karnataka)",Ministry of Railways,123,-19,12,50.79047401576916,86.32039336551995,95.0,-8.679606634480052,0.0,0.0,,0.0,0.0,,0.0,5.0,3,0,0,94,0,1,1,0,0,1,1,1,1,1,1
P-707215,2025-07,"Tourism, Hospitality & Wellness",Gujarat,"Ministry of Ports, Shipping and Waterways",42,2,18,116.06457242582897,39.36432292718388,66.0,-26.635677072816122,,,,,,,,17.0,0,0,0,98,0,0,1,0,0,1,1,1,1,1,1
P-707215,2025-08,"Tourism, Hospitality & Wellness",Gujarat,"Ministry of Ports, Shipping and Waterways",78,1,18,116.06457242582897,40.1138887767053,66.0,-25.886111223294698,0.0,,,9.279999999999973,,,,34.0,1,0,0,98,0,0,1,0,0,1,1,1,1,1,1
P-707215,2025-09,"Tourism, Hospitality & Wellness",Gujarat,"Ministry of Ports, Shipping and Waterways",79,0,18,116.06457242582897,40.1138887767053,66.0,-25.886111223294698,0.0,,,0.0,,,,34.0,2,0,0,86,0,1,1,0,0,1,1,1,1,1,1
P-707215,2025-10,"Tourism, Hospitality & Wellness",Gujarat,"Ministry of Ports, Shipping and Waterways",80,-1,18,116.06457242582897,40.1138887767053,66.0,-25.886111223294698,0.0,0.0,,0.0,9.279999999999973,,0.0,34.0,3,0,0,94,0,1,1,0,0,1,1,1,1,1,1
P-707229,2025-07,Real Estate,Andaman & Nicobar,Ministry of Housing & Urban Affairs,44,-26,0,0.0,0.0,0.0,0.0,,,,,,,,100.0,0,0,0,90,0,0,0,0,0,1,1,1,1,1,1
P-707229,2025-08,Real Estate,Andaman & Nicobar,Ministry of Housing & Urban Affairs,49,-27,0,0.0,0.0,70.0,-70.0,70.0,,,0.0,,,,30.0,0,0,0,82,0,0,0,0,0,1,1,1,1,1,1
P-707229,2025-09,Real Estate,Andaman & Nicobar,Ministry of Housing & Urban Affairs,50,-28,0,0.0,0.0,70.0,-70.0,0.0,,,0.0,,,,30.0,1,0,0,78,0,0,0,0,0,1,1,1,1,1,1
P-707229,2025-10,Real Estate,Andaman & Nicobar,Ministry of Housing & Urban Affairs,51,-29,0,0.0,0.0,70.0,-70.0,0.0,70.0,,0.0,0.0,,23.333333333333332,30.0,2,0,0,86,0,0,0,0,0,1,1,1,1,1,1
P-707267,2025-07,Urban Public Transport,Gujarat,Ministry of Housing & Urban Affairs,52,-25,0,0.0,50.0,10.0,40.0,,,,,,,,90.0,0,0,0,90,0,0,0,0,0,1,1,1,1,1,1
P-707267,2025-08,Urban Public Transport,Gujarat,Ministry of Housing & Urban Affairs,53,-26,0,0.0,50.0,10.0,40.0,0.0,,,0.0,,,,90.0,1,0,0,86,0,0,0,0,0,1,1,1,1,1,1
P-707267,2025-09,Urban Public Transport,Gujarat,Ministry of Housing & Urban Affairs,54,-27,0,0.0,50.0,10.0,40.0,0.0,,,0.0,,,,90.0,2,0,0,78,0,0,0,0,0,1,1,1,1,1,1
P-708662,2025-07,Healthcare,Maharashtra,"Ministry of Ports, Shipping and Waterways",42,29,18,0.0,8.369408369408369,0.0,8.369408369408369,,,,,,,,3.4482758620689653,0,0,0,98,0,0,0,0,0,1,1,1,1,1,1
P-708662,2025-08,Healthcare,Maharashtra,"Ministry of Ports, Shipping and Waterways",72,28,18,0.0,8.369408369408369,0.0,8.369408369408369,0.0,,,0.0,,,,3.5714285714285716,1,0,0,94,0,0,0,0,0,1,1,1,1,1,1
P-708662,2025-09,Healthcare,Maharashtra,"Ministry of Ports, Shipping and Waterways",73,27,18,0.0,8.369408369408369,0.0,8.369408369408369,0.0,,,0.0,,,,3.7037037037037037,2,0,0,86,0,0,0,0,0,1,1,1,1,1,1
P-709747,2025-01,Electricity Generation,Gujarat,Ministry of Power,,5,0,0.0,93.1044644172683,51.0,42.104464417268304,,,,,,,,9.8,0,0,0,92,0,,,0,0,1,1,0,0,1,1
P-709747,2025-02,Electricity Generation,Gujarat,Ministry of Power,45,10,38,0.0,93.1044644172683,51.22,41.884464417268305,0.21999999999999886,,,0.0,,,,4.878,1,1,0,84,0,,,0,0,1,1,0,0,1,1
P-709747,2025-03,Electricity Generation,Gujarat,Ministry of Power,,9,0,0.0,93.5052305878886,51.22,42.285230587888606,0.0,,,1.3600000000000136,,,,5.42,2,1,0,84,0,0,0,0,0,1,1,1,1,1,1
P-709747,2025-04,Electricity Generation,Gujarat,Ministry of Power,47,8,38,0.0,93.5052305878886,51.22,42.285230587888606,0.0,0.21999999999999886,,0.0,1.3600000000000136,,0.07333333333333296,6.0975,3,1,0,80,0,0,0,0,0,1,1,1,1,1,1
P-709747,2025-05,Electricity Generation,Gujarat,Ministry of Power,48,7,38,0.0,93.58774127007513,51.22,42.36774127007513,0.0,0.0,,0.2799999999999727,1.6399999999999864,,0.0,6.968571428571429,4,1,0,92,0,0,0,0,0,1,1,1,1,1,1
P-709747,2025-06,Electricity Generation,Gujarat,Ministry of Power,49,6,38,0.0,93.58774127007513,51.86,41.72774127007513,0.6400000000000006,0.6400000000000006,,0.0,0.2799999999999727,,0.2133333333333335,8.023333333333333,0,1,0,92,0,0,0,0,0,1,1,1,1,1,1
P-709747,2025-07,Electricity Generation,Gujarat,Ministry of Power,50,5,0,0.0,93.58774127007513,51.0,42.58774127007513,-0.8599999999999994,-0.21999999999999886,0.0,0.0,0.2799999999999727,1.6399999999999864,-0.07333333333333296,9.8,0,1,0,82,0,0,0,0,0,1,1,1,1,1,1
P-709747,2025-08,Electricity Generation,Gujarat,Ministry of Power,53,4,0,0.0,93.58774127007513,51.0,42.58774127007513,0.0,-0.21999999999999886,-0.21999999999999886,0.0,0.0,1.6399999999999864,-0.07333333333333296,12.25,1,1,0,86,0,0,0,0,0,1,1,1,1,1,1
P-709747,2025-09,Electricity Generation,Gujarat,Ministry of Power,54,3,0,0.0,93.58774127007513,51.0,42.58774127007513,0.0,-0.8599999999999994,-0.21999999999999886,0.0,0.0,0.2799999999999727,-0.28666666666666646,16.333333333333332,2,1,0,78,0,0,0,0,0,1,1,1,1,1,1
P-709747,2025-10,Electricity Generation,Gujarat,Ministry of Power,55,2,0,0.0,93.58774127007513,51.0,42.58774127007513,0.0,0.0,-0.21999999999999886,0.0,0.0,0.2799999999999727,0.0,24.5,3,1,0,86,0,0,0,0,0,1,1,1,1,1,1
P-709749,2025-01,Telecommunication,"Multi-States (Maharashtra, Telangana)",Department of Telecommunications,58,2,45,0.0,35.76784708075073,81.0,-45.23215291924927,,,,,,,,9.5,0,0,0,92,0,1,,0,0,1,1,1,0,1,1
P-709749,2025-02,Telecommunication,"Multi-States (Maharashtra, Telangana)",Department of Telecommunications,59,4,48,0.0,35.76784708075073,81.0,-45.23215291924927,0.0,,,0.0,,,,4.75,1,1,0,88,0,,,0,0,1,1,0,0,1,1
P-709749,2025-03,Telecommunication,"Multi-States (Maharashtra, Telangana)",Department of Telecommunications,60,3,48,0.0,35.76784708075073,81.0,-45.23215291924927,0.0,,,0.0,,,,6.333333333333333,2,1,0,88,0,,,0,0,1,1,0,0,1,1
P-709749,2025-04,Telecommunication,"Multi-States (Maharashtra, Telangana)",Department of Telecommunications,61,2,48,0.0,35.980234926964584,81.0,-45.019765073035416,0.0,0.0,,0.9800000000000182,0.9800000000000182,,0.0,9.5,3,1,0,84,0,,,0,0,1,1,0,0,1,1
P-709749,2025-05,Telecommunication,"Multi-States (Maharashtra, Telangana)",Department of Telecommunications,62,7,54,0.0,35.980234926964584,81.0,-45.019765073035416,0.0,0.0,,0.0,0.9800000000000182,,0.0,2.7142857142857144,4,2,0,80,0,,,0,0,1,1,0,0,1,1
P-709749,2025-06,Telecommunication,"Multi-States (Maharashtra, Telangana)",Department of Telecommunications,63,6,54,0.0,35.980234926964584,81.0,-45.019765073035416,0.0,0.0,,0.0,0.9800000000000182,,0.0,3.1666666666666665,5,2,0,88,0,0,0,0,0,1,1,1,1,1,1
P-709749,2025-07,Telecommunication,"Multi-States (Maharashtra, Telangana)",Department of Telecommunications,64,5,54,0.0,35.980234926964584,81.0,-45.019765073035416,0.0,0.0,0.0,0.0,0.0,0.9800000000000182,0.0,3.8,6,2,0,70,0,0,0,0,0,1,1,1,1,1,1
P-709749,2025-08,Telecommunication,"Multi-States (Maharashtra, Telangana)",Department of Telecommunications,65,4,54,0.0,35.980234926964584,81.0,-45.019765073035416,0.0,0.0,0.0,0.0,0.0,0.9800000000000182,0.0,4.75,7,2,0,86,0,0,0,0,0,1,1,1,1,1,1
P-709750,2025-07,Energy Storage,Tamil Nadu,Ministry of Petroleum & Natural Gas,18,5,3,0.0,9.68780487804878,39.0,-29.31219512195122,,,,,,,,12.2,0,0,0,98,0,0,1,0,0,1,1,1,1,1,1
P-709750,2025-08,Energy Storage,Tamil Nadu,Ministry of Petroleum & Natural Gas,19,4,3,0.0,18.60487804878049,42.0,-23.39512195121951,3.0,,,18.28,,,,14.5,0,0,0,98,0,0,1,0,0,1,1,1,1,1,1
P-709750,2025-09,Energy Storage,Tamil Nadu,Ministry of Petroleum & Natural Gas,20,3,3,0.0,25.029268292682925,48.0,-22.970731707317075,6.0,,,13.170000000000002,,,,17.333333333333332,0,0,0,90,0,1,1,0,0,1,1,1,1,1,1
P-709750,2025-10,Energy Storage,Tamil Nadu,Ministry of Petroleum & Natural Gas,21,2,3,0.0,27.42439024390244,51.0,-23.57560975609756,3.0,12.0,,4.909999999999997,36.36,,4.0,24.5,0,0,0,98,0,1,1,0,0,1,1,1,1,1,1
P-709752,2025-01,Energy Storage,Andhra Pradesh,Ministry of Petroleum & Natural Gas,40,14,21,37.5,8.968181818181819,47.0,-38.03181818181818,,,,,,,,3.7857142857142856,0,0,0,92,0,0,0,0,0,1,1,1,1,1,1
P-709752,2025-02,Energy Storage,Andhra Pradesh,Ministry of Petroleum & Natural Gas,41,13,21,37.5,9.6,53.0,-43.4,6.0,,,1.3900000000000006,,,,3.6153846153846154,0,0,0,92,0,0,0,0,0,1,1,1,1,1,1
P-709752,2025-03,Energy Storage,Andhra Pradesh,Ministry of Petroleum & Natural Gas,42,12,21,37.5,22.745454545454546,54.9,-32.154545454545456,1.8999999999999986,,,28.919999999999998,,,,3.7583333333333333,0,0,0,92,0,0,0,0,0,1,1,1,1,1,1
P-709752,2025-04,Energy Storage,Andhra Pradesh,Ministry of Petroleum & Natural Gas,43,11,21,37.5,22.745454545454546,56.0,-33.25454545454545,1.1000000000000014,9.0,,0.0,30.31,,3.0,4.0,0,0,0,84,0,0,0,0,0,1,1,1,1,1,1
P-709752,2025-05,Energy Storage,Andhra Pradesh,Ministry of Petroleum & Natural Gas,44,10,21,37.5,22.745454545454546,58.3,-35.55454545454545,2.299999999999997,5.299999999999997,,0.0,28.919999999999998,,1.7666666666666657,4.17,0,0,0,84,0,0,0,0,0,1,1,1,1,1,1
P-709752,2025-06,Energy Storage,Andhra Pradesh,Ministry of Petroleum & Natural Gas,45,9,21,37.5,34.481818181818184,59.4,-24.918181818181814,1.1000000000000014,4.5,,25.82,25.82,,1.5,4.511111111111111,0,0,0,92,0,0,0,0,0,1,1,1,1,1,1
P-709752,2025-07,Energy Storage,Andhra Pradesh,Ministry of Petroleum & Natural Gas,46,8,21,37.5,35.027272727272724,64.0,-28.972727272727276,4.600000000000001,8.0,17.0,1.2000000000000028,27.020000000000003,57.33,2.6666666666666665,4.5,0,0,0,74,0,0,0,0,0,1,1,1,1,1,1
P-709752,2025-08,Energy Storage,Andhra Pradesh,Ministry of Petroleum & Natural Gas,47,7,21,37.5,36.49545454545455,69.0,-32.50454545454545,5.0,10.700000000000003,16.0,3.230000000000004,30.250000000000007,59.17,3.5666666666666678,4.428571428571429,0,0,0,90,0,0,0,0,0,1,1,1,1,1,1
P-709752,2025-09,Energy Storage,Andhra Pradesh,Ministry of Petroleum & Natural Gas,48,6,21,37.5,40.60909090909091,72.0,-31.39090909090909,3.0,12.600000000000001,17.1,9.049999999999997,13.480000000000004,39.300000000000004,4.2,4.666666666666667,0,0,0,82,0,0,1,0,0,1,1,1,1,1,1
P-709752,2025-10,Energy Storage,Andhra Pradesh,Ministry of Petroleum & Natural Gas,49,5,21,37.5,42.09090909090909,76.0,-33.90909090909091,4.0,12.0,20.0,3.259999999999991,15.539999999999992,42.559999999999995,4.0,4.8,0,0,0,90,0,0,1,0,0,1,1,1,1,1,1
P-709753,2025-01,Energy Storage,West Bengal,Ministry of Petroleum & Natural Gas,,10,0,0.0,34.14158415841584,66.59,-32.448415841584165,,,,,,,,3.3409999999999997,0,0,0,92,0,0,0,0,0,1,1,1,1,1,1
P-709753,2025-02,Energy Storage,West Bengal,Ministry of Petroleum & Natural Gas,27,9,0,0.0,37.91980198019802,70.8,-32.88019801980198,4.209999999999994,,,38.160000000000025,,,,3.244444444444445,0,0,0,84,0,0,0,0,0,1,1,1,1,1,1
P-709753,2025-03,Energy Storage,West Bengal,Ministry of Petroleum & Natural Gas,28,8,0,0.0,50.41485148514852,74.78,-24.365148514851484,3.980000000000004,,,126.19999999999999,,,,3.1525,0,0,0,92,0,0,0,0,0,1,1,1,1,1,1
P-709753,2025-04,Energy Storage,West Bengal,Ministry of Petroleum & Natural Gas,29,7,0,0.0,52.13366336633663,76.78,-24.646336633663374,2.0,10.189999999999998,,17.359999999999957,181.71999999999997,,3.396666666666666,3.317142857142857,0,0,0,92,0,0,1,0,0,1,1,1,1,1,1
P-709753,2025-05,Energy Storage,West Bengal,Ministry of Petroleum & Natural Gas,30,6,0,0.0,54.118811881188115,79.09,-24.971188118811888,2.3100000000000023,8.290000000000006,,20.050000000000068,163.61,,2.7633333333333354,3.4849999999999994,0,0,0,92,0,0,1,0,0,1,1,1,1,1,1
P-709753,2025-06,Energy Storage,West Bengal,Ministry of Petroleum & Natural Gas,31,5,0,0.0,56.75049504950494,80.09,-23.339504950495062,1.0,5.310000000000002,,26.579999999999927,63.98999999999995,,1.7700000000000007,3.9819999999999993,0,0,0,92,0,0,1,0,1,1,1,1,1,1,1
P-709753,2025-07,Energy Storage,West Bengal,Ministry of Petroleum & Natural Gas,32,4,0,0.0,62.09108910891089,81.0,-18.908910891089107,0.9099999999999966,4.219999999999999,14.409999999999997,53.940000000000055,100.57000000000005,282.29,1.4066666666666663,4.75,0,0,0,82,0,1,1,0,1,1,1,1,1,1,1
P-709753,2025-08,Energy Storage,West Bengal,Ministry of Petroleum & Natural Gas,33,3,0,0.0,63.868316831683174,82.0,-18.131683168316826,1.0,2.9099999999999966,11.200000000000003,17.950000000000045,98.47000000000003,262.08000000000004,0.9699999999999989,6.0,0,0,0,90,0,1,1,0,1,1,1,1,1,1,1
P-709753,2025-09,Energy Storage,West Bengal,Ministry of Petroleum & Natural Gas,34,2,0,0.0,66.25247524752476,82.0,-15.747524752475243,0.0,1.9099999999999966,7.219999999999999,24.079999999999927,95.97000000000003,159.95999999999998,0.6366666666666655,9.0,1,0,0,82,0,1,1,1,1,1,1,1,1,1,1
P-709753,2025-10,Energy Storage,West Bengal,Ministry of Petroleum & Natural Gas,35,7,6,0.0,68.57623762376238,84.0,-15.423762376237619,2.0,3.0,7.219999999999999,23.470000000000027,65.5,166.07000000000005,1.0,2.2857142857142856,0,1,0,90,0,0,0,1,1,1,1,1,1,1,1
P-709754,2025-01,Energy Storage,Assam,Ministry of Petroleum & Natural Gas,22,30,0,0.0,11.320030698388333,20.0,-8.679969301611667,,,,,,,,2.6666666666666665,0,0,0,92,0,0,0,0,0,1,1,1,1,1,1
P-709754,2025-02,Energy Storage,Assam,Ministry of Petroleum & Natural Gas,23,29,0,0.0,21.207469941161417,23.0,-1.792530058838583,3.0,,,15.459999999999997,,,,2.6551724137931036,0,0,0,92,0,0,0,0,0,1,1,1,1,1,1
P-709754,2025-03,Energy Storage,Assam,Ministry of Petroleum & Natural Gas,24,28,0,0.0,23.356357124584292,26.5,-3.1436428754157077,3.5,,,3.3600000000000065,,,,2.625,0,0,0,92,0,0,0,0,0,1,1,1,1,1,1
P-709754,2025-04,Energy Storage,Assam,Ministry of Petroleum & Natural Gas,25,27,0,0.0,24.891276541314912,28.5,-3.6087234586850876,2.0,8.5,,2.3999999999999986,21.220000000000002,,2.8333333333333335,2.6481481481481484,0,0,0,84,0,0,0,0,0,1,1,1,1,1,1
P-709754,2025-05,Energy Storage,Assam,Ministry of Petroleum & Natural Gas,26,26,0,0.0,26.234331030954205,31.5,-5.2656689690457945,3.0,8.5,,2.1000000000000014,7.8600000000000065,,2.8333333333333335,2.6346153846153846,0,0,0,84,0,0,0,0,0,1,1,1,1,1,1
P-709754,2025-06,Energy Storage,Assam,Ministry of Petroleum & Natural Gas,27,25,0,0.0,28.35124072652852,35.4,-7.048759273471479,3.8999999999999986,8.899999999999999,,3.309999999999995,7.809999999999995,,2.9666666666666663,2.5839999999999996,0,0,0,92,0,0,0,0,0,1,1,1,1,1,1
P-709754,2025-07,Energy Storage,Assam,Ministry of Petroleum & Natural Gas,28,24,0,0.0,31.836786902020975,39.0,-7.163213097979025,3.6000000000000014,10.5,19.0,5.450000000000003,10.86,32.08,3.5,2.5416666666666665,0,0,0,74,0,0,0,0,0,1,1,1,1,1,1
P-709754,2025-08,Energy Storage,Assam,Ministry of Petroleum & Natural Gas,29,23,0,0.0,34.631619339984645,46.0,-11.368380660015355,7.0,14.5,23.0,4.369999999999997,13.129999999999995,20.990000000000002,4.833333333333333,2.347826086956522,0,0,0,90,0,0,0,0,0,1,1,1,1,1,1
P-709754,2025-09,Energy Storage,Assam,Ministry of Petroleum & Natural Gas,30,22,0,0.0,37.26656433870555,48.0,-10.73343566129445,2.0,12.600000000000001,21.5,4.1200000000000045,13.940000000000005,21.75,4.2,2.3636363636363638,0,0,0,82,0,0,0,0,0,1,1,1,1,1,1
P-709754,2025-10,Energy Storage,Assam,Ministry of Petroleum & Natural Gas,31,21,0,0.0,40.48989511383985,50.0,-9.51010488616015,2.0,11.0,21.5,5.039999999999999,13.530000000000001,24.39,3.6666666666666665,2.380952380952381,0,0,0,90,0,0,0,0,0,1,1,1,1,1,1
P-709755,2025-01,Energy Storage,Assam,Ministry of Petroleum & Natural Gas,22,30,0,0.0,14.037600249973961,16.6,-2.5623997500260405,,,,,,,,2.7800000000000002,0,0,0,92,0,0,0,0,0,1,1,1,1,1,1
P-709755,2025-02,Energy Storage,Assam,Ministry of Petroleum & Natural Gas,23,29,0,0.0,17.370586397250282,21.2,-3.8294136027497174,4.599999999999998,,,12.799999999999997,,,,2.717241379310345,0,0,0,92,0,0,0,0,0,1,1,1,1,1,1
P-709755,2025-03,Energy Storage,Assam,Ministry of Petroleum & Natural Gas,24,28,0,0.0,21.146234767211745,26.2,-5.053765232788255,5.0,,,14.5,,,,2.6357142857142857,0,0,0,92,0,0,0,0,0,1,1,1,1,1,1
P-709755,2025-04,Energy Storage,Assam,Ministry of Petroleum & Natural Gas,25,27,0,0.0,22.867409644828662,30.7,-7.832590355171337,4.5,14.099999999999998,,6.609999999999999,33.91,,4.699999999999999,2.5666666666666664,0,0,0,84,0,0,0,0,0,1,1,1,1,1,1
P-709755,2025-05,Energy Storage,Assam,Ministry of Petroleum & Natural Gas,26,26,0,0.0,24.476617019060512,34.4,-9.923382980939486,3.6999999999999993,13.2,,6.180000000000007,27.290000000000006,,4.3999999999999995,2.523076923076923,0,0,0,84,0,0,0,0,0,1,1,1,1,1,1
P-709755,2025-06,Energy Storage,Assam,Ministry of Petroleum & Natural Gas,27,25,0,0.0,25.39839600041662,44.0,-18.60160399958338,9.600000000000001,17.8,,3.5400000000000063,16.330000000000013,,5.933333333333334,2.24,0,0,0,92,0,0,0,0,0,1,1,1,1,1,1
P-709755,2025-07,Energy Storage,Assam,Ministry of Petroleum & Natural Gas,28,24,0,0.0,28.757421101968543,48.0,-19.242578898031457,4.0,17.3,31.4,12.899999999999991,22.620000000000005,56.53,5.766666666666667,2.1666666666666665,0,0,0,82,0,0,0,0,0,1,1,1,1,1,1
P-709755,2025-08,Energy Storage,Assam,Ministry of Petroleum & Natural Gas,29,23,0,0.0,31.350900947817934,52.0,-20.649099052182066,4.0,17.6,30.8,9.960000000000008,26.400000000000006,53.69000000000001,5.866666666666667,2.0869565217391304,0,0,0,90,0,0,0,0,0,1,1,1,1,1,1
P-709755,2025-09,Energy Storage,Assam,Ministry of Petroleum & Natural Gas,30,22,0,0.0,33.8428288719925,55.0,-21.157171128007498,3.0,11.0,28.8,9.569999999999993,32.42999999999999,48.760000000000005,3.6666666666666665,2.0454545454545454,0,0,0,82,0,0,0,0,0,1,1,1,1,1,1
P-709755,2025-10,Energy Storage,Assam,Ministry of Petroleum & Natural Gas,31,21,0,0.0,37.0482241433184,57.0,-19.9517758566816,2.0,9.0,26.3,12.310000000000002,31.840000000000003,54.46000000000001,3.0,2.0476190476190474,0,0,0,90,0,0,0,0,0,1,1,1,1,1,1
P-709757,2025-01,Energy Storage,"Multi-States (Bihar, Jharkhand)",Ministry of Petroleum & Natural Gas,,65,0,0.0,13.998547567175018,19.0,-5.001452432824982,,,,,,,,1.2461538461538462,0,0,0,92,0,0,0,0,0,1,1,1,1,1,1
P-709757,2025-02,Energy Storage,"Multi-States (Bihar, Jharkhand)",Ministry of Petroleum & Natural Gas,32,64,0,0.0,15.267973856209151,20.9,-5.632026143790847,1.8999999999999986,,,17.480000000000018,,,,1.2359375,0,0,0,84,0,0,0,0,0,1,1,1,1,1,1
P-709757,2025-03,Energy Storage,"Multi-States (Bihar, Jharkhand)",Ministry of Petroleum & Natural Gas,33,63,0,0.0,17.32389251997095,21.5,-4.176107480029049,0.6000000000000014,,,28.310000000000002,,,,1.246031746031746,0,0,0,92,0,0,0,0,0,1,1,1,1,1,1
P-709757,2025-04,Energy Storage,"Multi-States (Bihar, Jharkhand)",Ministry of Petroleum & Natural Gas,34,62,0,0.0,19.92156862745098,22.0,-2.0784313725490193,0.5,3.0,,35.76999999999998,81.56,,1.0,1.2580645161290323,0,0,0,92,0,0,0,0,0,1,1,1,1,1,1
P-709757,2025-05,Energy Storage,"Multi-States (Bihar, Jharkhand)",Ministry of Petroleum & Natural Gas,35,61,0,0.0,20.175018155410314,22.6,-2.424981844589688,0.6000000000000014,1.7000000000000028,,3.490000000000009,67.57,,0.5666666666666677,1.2688524590163934,0,0,0,92,0,0,0,0,0,1,1,1,1,1,1
P-709757,2025-06,Energy Storage,"Multi-States (Bihar, Jharkhand)",Ministry of Petroleum & Natural Gas,36,60,0,0.0,20.54320987654321,24.15,-3.60679012345679,1.5499999999999972,2.6499999999999986,,5.069999999999993,44.329999999999984,,0.8833333333333329,1.2641666666666667,0,0,0,92,0,0,0,0,0,1,1,1,1,1,1
P-709757,2025-07,Energy Storage,"Multi-States (Bihar, Jharkhand)",Ministry of Petroleum & Natural Gas,37,59,0,0.0,23.923747276688452,26.0,-2.0762527233115478,1.8500000000000014,4.0,7.0,46.55000000000001,55.110000000000014,136.67000000000002,1.3333333333333333,1.2542372881355932,0,0,0,82,0,0,0,0,0,1,1,1,1,1,1
P-709757,2025-08,Energy Storage,"Multi-States (Bihar, Jharkhand)",Ministry of Petroleum & Natural Gas,38,58,0,0.0,24.091503267973856,27.0,-2.908496732026144,1.0,4.399999999999999,6.100000000000001,2.3100000000000023,53.93000000000001,121.5,1.4666666666666661,1.2586206896551724,0,0,0,90,0,0,0,0,0,1,1,1,1,1,1
P-709757,2025-09,Energy Storage,"Multi-States (Bihar, Jharkhand)",Ministry of Petroleum & Natural Gas,39,57,0,0.0,24.38562091503268,27.0,-2.6143790849673216,0.0,2.8500000000000014,5.5,4.050000000000011,52.910000000000025,97.24000000000001,0.9500000000000005,1.280701754385965,1,0,0,82,0,0,0,0,0,1,1,1,1,1,1
P-709757,2025-10,Energy Storage,"Multi-States (Bihar, Jharkhand)",Ministry of Petroleum & Natural Gas,40,56,0,0.0,25.0559186637618,29.0,-3.944081336238199,2.0,3.0,7.0,9.229999999999961,15.589999999999975,70.69999999999999,1.0,1.2678571428571428,0,0,0,90,0,0,0,0,0,1,1,1,1,1,1
P-709758,2025-01,Energy Storage,West Bengal,Ministry of Petroleum & Natural Gas,31,65,0,0.0,6.7591324200913245,19.9,-13.140867579908674,,,,,,,,1.2323076923076923,0,0,0,92,0,0,0,0,0,1,1,1,1,1,1
P-709758,2025-02,Energy Storage,West Bengal,Ministry of Petroleum & Natural Gas,32,64,0,0.0,6.89117199391172,20.5,-13.608828006088281,0.6000000000000014,,,3.469999999999999,,,,1.2421875,0,0,0,92,0,0,0,0,0,1,1,1,1,1,1
P-709758,2025-03,Energy Storage,West Bengal,Ministry of Petroleum & Natural Gas,33,63,0,0.0,8.339421613394217,21.2,-12.860578386605782,0.6999999999999993,,,38.06,,,,1.2507936507936508,0,0,0,92,0,0,0,0,0,1,1,1,1,1,1
P-709758,2025-04,Energy Storage,West Bengal,Ministry of Petroleum & Natural Gas,34,62,0,0.0,11.732115677321156,21.7,-9.967884322678843,0.5,1.8000000000000007,,89.16,130.69,,0.6000000000000002,1.2629032258064516,0,0,0,92,0,0,0,0,0,1,1,1,1,1,1
P-709758,2025-05,Energy Storage,West Bengal,Ministry of Petroleum & Natural Gas,35,61,0,0.0,11.834474885844749,22.0,-10.165525114155251,0.3000000000000007,1.5,,2.6899999999999977,129.91,,0.5,1.278688524590164,1,0,0,92,0,0,0,0,0,1,1,1,1,1,1
P-709758,2025-06,Energy Storage,West Bengal,Ministry of Petroleum & Natural Gas,36,60,0,0.0,12.20814307458143,24.1,-11.89185692541857,2.1000000000000014,2.900000000000002,,9.819999999999993,101.66999999999999,,0.9666666666666673,1.2650000000000001,0,0,0,92,0,0,0,0,0,1,1,1,1,1,1
P-709758,2025-07,Energy Storage,West Bengal,Ministry of Petroleum & Natural Gas,37,59,0,0.0,12.65296803652968,26.0,-13.34703196347032,1.8999999999999986,4.300000000000001,6.100000000000001,11.689999999999998,24.19999999999999,154.89,1.4333333333333336,1.2542372881355932,0,0,0,82,0,0,0,0,0,1,1,1,1,1,1
P-709758,2025-08,Energy Storage,West Bengal,Ministry of Petroleum & Natural Gas,38,58,0,0.0,12.78386605783866,27.0,-14.21613394216134,1.0,5.0,6.5,3.4399999999999977,24.94999999999999,154.85999999999999,1.6666666666666667,1.2586206896551724,0,0,0,90,0,0,0,0,0,1,1,1,1,1,1
P-709758,2025-09,Energy Storage,West Bengal,Ministry of Petroleum & Natural Gas,39,57,0,0.0,12.963850837138509,28.0,-15.036149162861491,1.0,3.8999999999999986,6.800000000000001,4.730000000000018,19.860000000000014,121.53,1.2999999999999996,1.263157894736842,0,0,0,82,0,0,0,0,0,1,1,1,1,1,1
P-709758,2025-10,Energy Storage,West Bengal,Ministry of Petroleum & Natural Gas,40,56,0,0.0,13.276636225266362,29.0,-15.723363774733638,1.0,3.0,7.300000000000001,8.220000000000027,16.390000000000043,40.59000000000003,1.0,1.2678571428571428,0,0,0,90,0,0,0,0,0,1,1,1,1,1,1
P-709759,2025-01,Energy Storage,Rajasthan,Ministry of Petroleum & Natural Gas,13,23,0,0.0,10.463073419368833,30.8,-20.336926580631168,,,,,,,,3.008695652173913,0,0,0,92,0,0,0,0,0,1,1,1,1,1,1
P-709759,2025-02,Energy Storage,Rajasthan,Ministry of Petroleum & Natural Gas,14,22,0,0.0,12.93569027220475,34.3,-21.364309727795245,3.4999999999999964,,,11.399999999999999,,,,2.9863636363636363,0,0,0,92,0,0,0,0,0,1,1,1,1,1,1
P-709759,2025-03,Energy Storage,Rajasthan,Ministry of Petroleum & Natural Gas,15,21,0,0.0,14.631818674764123,37.5,-22.868181325235877,3.200000000000003,,,7.819999999999993,,,,2.9761904761904763,0,0,0,92,0,0,0,0,0,1,1,1,1,1,1
P-709759,2025-04,Energy Storage,Rajasthan,Ministry of Petroleum & Natural Gas,16,20,0,0.0,16.887539312438996,40.6,-23.712460687561006,3.1000000000000014,9.8,,10.400000000000006,29.619999999999997,,3.266666666666667,2.9699999999999998,0,0,0,92,0,0,0,0,0,1,1,1,1,1,1
P-709759,2025-05,Energy Storage,Rajasthan,Ministry of Petroleum & Natural Gas,17,19,0,0.0,19.72237284459386,44.3,-24.577627155406137,3.6999999999999957,10.0,,13.070000000000007,31.290000000000006,,3.3333333333333335,2.931578947368421,0,0,0,92,0,0,0,0,0,1,1,1,1,1,1
P-709759,2025-06,Energy Storage,Rajasthan,Ministry of Petroleum & Natural Gas,18,18,0,0.0,21.407656436395186,47.5,-26.092343563604814,3.200000000000003,10.0,,7.769999999999996,31.24000000000001,,3.3333333333333335,2.9166666666666665,0,0,0,92,0,0,0,0,0,1,1,1,1,1,1
P-709759,2025-07,Energy Storage,Rajasthan,Ministry of Petroleum & Natural Gas,19,17,0,0.0,24.19911072551784,51.0,-26.80088927448216,3.5,10.399999999999999,20.2,12.86999999999999,33.709999999999994,63.32999999999999,3.4666666666666663,2.8823529411764706,0,0,0,82,0,0,0,0,0,1,1,1,1,1,1
P-709759,2025-08,Energy Storage,Rajasthan,Ministry of Petroleum & Natural Gas,20,16,0,0.0,25.26407114195857,54.0,-28.73592885804143,3.0,9.700000000000003,19.700000000000003,4.910000000000011,25.549999999999997,56.84,3.2333333333333343,2.875,0,0,0,90,0,0,0,0,0,1,1,1,1,1,1
P-709759,2025-09,Energy Storage,Rajasthan,Ministry of Petroleum & Natural Gas,21,15,0,0.0,27.72801214618805,60.0,-32.27198785381195,6.0,12.5,22.5,11.36,29.14,60.38000000000001,4.166666666666667,2.6666666666666665,0,0,0,82,0,0,0,0,0,1,1,1,1,1,1
P-709759,2025-10,Energy Storage,Rajasthan,Ministry of Petroleum & Natural Gas,22,14,0,0.0,31.475978744170913,64.0,-32.52402125582908,4.0,13.0,23.4,17.28,33.55000000000001,67.26,4.333333333333333,2.5714285714285716,0,0,0,90,0,0,0,0,0,1,1,1,1,1,1
P-709760,2025-01,Energy Storage,Maharashtra,Ministry of Petroleum & Natural Gas,,15,0,0.0,6.729166666666666,17.2,-10.470833333333333,,,,,,,,5.52,0,0,0,92,0,0,0,0,0,1,1,1,1,1,1
P-709760,2025-02,Energy Storage,Maharashtra,Ministry of Petroleum & Natural Gas,8,14,0,0.0,8.295833333333333,19.8,-11.504166666666668,2.6000000000000014,,,3.7600000000000016,,,,5.728571428571429,0,0,0,84,0,0,0,0,0,1,1,1,1,1,1
P-709760,2025-03,Energy Storage,Maharashtra,Ministry of Petroleum & Natural Gas,9,13,0,0.0,9.225,22.6,-13.375000000000002,2.8000000000000007,,,2.2300000000000004,,,,5.953846153846154,0,0,0,92,0,0,0,0,0,1,1,1,1,1,1
P-709760,2025-04,Energy Storage,Maharashtra,Ministry of Petroleum & Natural Gas,10,12,0,0.0,10.1,25.7,-15.6,3.099999999999998,8.5,,2.099999999999998,8.09,,2.8333333333333335,6.191666666666666,0,0,0,92,0,0,0,0,0,1,1,1,1,1,1
P-709760,2025-05,Energy Storage,Maharashtra,Ministry of Petroleum & Natural Gas,11,11,0,0.0,11.054166666666667,26.3,-15.245833333333334,0.6000000000000014,6.5,,2.2900000000000027,6.620000000000001,,2.1666666666666665,6.7,0,0,0,92,0,0,0,0,0,1,1,1,1,1,1
P-709760,2025-06,Energy Storage,Maharashtra,Ministry of Petroleum & Natural Gas,12,10,0,0.0,11.625,33.6,-21.975,7.300000000000001,11.0,,1.3699999999999974,5.759999999999998,,3.6666666666666665,6.640000000000001,0,0,0,92,0,0,0,0,0,1,1,1,1,1,1
P-709760,2025-07,Energy Storage,Maharashtra,Ministry of Petroleum & Natural Gas,13,9,0,0.0,14.333333333333334,37.0,-22.666666666666664,3.3999999999999986,11.3,19.8,6.5,10.16,18.25,3.766666666666667,7.0,0,0,0,82,0,0,0,0,0,1,1,1,1,1,1
P-709760,2025-08,Energy Storage,Maharashtra,Ministry of Petroleum & Natural Gas,14,8,0,0.0,14.341666666666667,40.0,-25.65833333333333,3.0,13.7,20.2,0.020000000000003126,7.890000000000001,14.510000000000002,4.566666666666666,7.5,0,0,0,90,0,0,0,0,0,1,1,1,1,1,1
P-709760,2025-09,Energy Storage,Maharashtra,Ministry of Petroleum & Natural Gas,15,7,0,0.0,18.0375,45.0,-26.9625,5.0,11.399999999999999,22.4,8.869999999999997,15.39,21.15,3.7999999999999994,7.857142857142857,0,0,0,82,0,0,1,0,0,1,1,1,1,1,1
P-709760,2025-10,Energy Storage,Maharashtra,Ministry of Petroleum & Natural Gas,16,6,0,0.0,18.695833333333333,54.0,-35.30416666666667,9.0,17.0,28.3,1.5799999999999983,10.469999999999999,20.63,5.666666666666667,7.666666666666667,0,0,0,90,0,0,1,0,0,1,1,1,1,1,1
P-709766,2025-01,Energy Storage,Andhra Pradesh,Ministry of Petroleum & Natural Gas,34,62,0,0.0,9.294366197183097,5.1,4.194366197183097,,,,,,,,1.5306451612903227,0,0,0,92,0,0,0,0,0,1,1,1,1,1,1
P-709766,2025-02,Energy Storage,Andhra Pradesh,Ministry of Petroleum & Natural Gas,35,61,0,0.0,9.602816901408453,5.1,4.502816901408453,0.0,,,4.380000000000024,,,,1.555737704918033,1,0,0,92,0,0,0,0,0,1,1,1,1,1,1
P-709766,2025-03,Energy Storage,Andhra Pradesh,Ministry of Petroleum & Natural Gas,36,60,0,0.0,10.088732394366197,6.1,3.988732394366197,1.0,,,6.899999999999977,,,,1.5650000000000002,0,0,0,92,0,0,0,0,0,1,1,1,1,1,1
P-709766,2025-04,Energy Storage,Andhra Pradesh,Ministry of Petroleum & Natural Gas,37,59,0,0.0,10.169718309859155,6.1,4.069718309859155,0.0,1.0,,1.1500000000000057,12.430000000000007,,0.3333333333333333,1.5915254237288137,1,0,0,92,0,0,0,0,0,1,1,1,1,1,1
P-709766,2025-05,Energy Storage,Andhra Pradesh,Ministry of Petroleum & Natural Gas,38,58,0,0.0,10.764788732394367,6.1,4.664788732394367,0.0,1.0,,8.450000000000017,16.5,,0.3333333333333333,1.6189655172413795,2,0,0,92,0,0,0,0,0,1,1,1,1,1,1
P-709766,2025-06,Energy Storage,Andhra Pradesh,Ministry of Petroleum & Natural Gas,39,57,0,0.0,10.835211267605635,6.2,4.6352112676056345,0.10000000000000053,0.10000000000000053,,1.0,10.600000000000023,,0.03333333333333351,1.6456140350877193,3,0,0,92,0,0,0,0,0,1,1,1,1,1,1
P-709766,2025-07,Energy Storage,Andhra Pradesh,Ministry of Petroleum & Natural Gas,40,56,0,0.0,11.441549295774648,6.0,5.441549295774648,-0.20000000000000018,-0.09999999999999964,0.9000000000000004,8.609999999999985,18.060000000000002,30.49000000000001,-0.033333333333333215,1.6785714285714286,4,0,0,82,0,0,0,0,0,1,1,1,1,1,1
P-709766,2025-08,Energy Storage,Andhra Pradesh,Ministry of Petroleum & Natural Gas,41,55,0,0.0,11.665492957746478,6.0,5.665492957746478,0.0,-0.09999999999999964,0.9000000000000004,3.180000000000007,12.789999999999992,29.289999999999992,-0.033333333333333215,1.709090909090909,5,0,0,90,0,0,0,0,0,1,1,1,1,1,1
P-709770,2025-01,Energy Storage,Punjab,Ministry of Petroleum & Natural Gas,34,104,42,0.0,5.152317880794702,1.5,3.652317880794702,,,,,,,,0.9471153846153846,0,0,0,92,0,0,0,0,0,1,1,1,1,1,1
P-709770,2025-02,Energy Storage,Punjab,Ministry of Petroleum & Natural Gas,35,103,42,0.0,5.185430463576159,1.5,3.685430463576159,0.0,,,0.04999999999999982,,,,0.9563106796116505,1,0,0,92,0,0,0,0,0,1,1,1,1,1,1
P-709770,2025-03,Energy Storage,Punjab,Ministry of Petroleum & Natural Gas,36,102,42,0.0,5.569536423841059,2.0,3.5695364238410594,0.5,,,0.5800000000000001,,,,0.9607843137254902,0,0,0,92,0,0,0,0,0,1,1,1,1,1,1
P-709770,2025-04,Energy Storage,Punjab,Ministry of Petroleum & Natural Gas,37,101,42,0.0,5.582781456953643,2.0,3.5827814569536427,0.0,0.5,,0.019999999999999574,0.6499999999999995,,0.16666666666666666,0.9702970297029703,1,0,0,84,0,0,0,0,0,1,1,1,1,1,1
P-709770,2025-05,Energy Storage,Punjab,Ministry of Petroleum & Natural Gas,38,100,42,0.0,5.781456953642384,2.0,3.781456953642384,0.0,0.5,,0.3000000000000007,0.9000000000000004,,0.16666666666666666,0.98,2,0,0,84,0,0,0,0,0,1,1,1,1,1,1
P-709770,2025-06,Energy Storage,Punjab,Ministry of Petroleum & Natural Gas,39,99,42,0.0,5.781456953642384,2.0,3.781456953642384,0.0,0.0,,0.0,0.3200000000000003,,0.0,0.98989898989899,3,0,0,88,0,0,0,0,0,1,1,1,1,1,1
P-709770,2025-07,Energy Storage,Punjab,Ministry of Petroleum & Natural Gas,40,98,0,0.0,5.80794701986755,2.0,3.80794701986755,0.0,0.0,0.5,0.03999999999999915,0.33999999999999986,0.9899999999999993,0.0,1.0,4,0,0,82,0,0,0,0,0,1,1,1,1,1,1
P-709770,2025-08,Energy Storage,Punjab,Ministry of Petroleum & Natural Gas,41,97,0,0.0,5.781456953642384,2.0,3.781456953642384,0.0,0.0,0.5,-0.03999999999999915,0.0,0.9000000000000004,0.0,1.0103092783505154,5,0,0,78,0,0,0,0,0,1,1,1,1,1,1
P-709770,2025-09,Energy Storage,Punjab,Ministry of Petroleum & Natural Gas,42,96,0,0.0,5.788079470198675,2.0,3.7880794701986753,0.0,0.0,0.0,0.009999999999999787,0.009999999999999787,0.33000000000000007,0.0,1.0208333333333333,6,0,0,78,0,0,0,0,0,1,1,1,1,1,1
P-709770,2025-10,Energy Storage,Punjab,Ministry of Petroleum & Natural Gas,43,95,0,0.0,5.7947019867549665,2.0,3.7947019867549665,0.0,0.0,0.0,0.009999999999999787,-0.019999999999999574,0.3200000000000003,0.0,1.0315789473684212,7,0,0,86,0,0,0,0,0,1,1,1,1,1,1
P-709771,2025-01,Energy Storage,Maharashtra,Ministry of Petroleum & Natural Gas,34,80,18,0.0,5.679768786127168,1.9,3.779768786127168,,,,,,,,1.2262499999999998,0,0,0,92,0,0,0,0,0,1,1,1,1,1,1
P-709771,2025-02,Energy Storage,Maharashtra,Ministry of Petroleum & Natural Gas,35,79,18,0.0,6.0658959537572255,1.9,4.165895953757225,0.0,,,3.3399999999999963,,,,1.2417721518987341,1,0,0,92,0,0,0,0,0,1,1,1,1,1,1
P-709771,2025-03,Energy Storage,Maharashtra,Ministry of Petroleum & Natural Gas,36,78,18,0.0,6.336416184971099,2.8,3.536416184971099,0.8999999999999999,,,2.3400000000000034,,,,1.2461538461538462,0,0,0,92,0,0,0,0,0,1,1,1,1,1,1
P-709771,2025-04,Energy Storage,Maharashtra,Ministry of Petroleum & Natural Gas,37,77,18,0.0,6.357225433526011,2.8,3.5572254335260114,0.0,0.8999999999999999,,0.17999999999999972,5.859999999999999,,0.3,1.2623376623376623,1,0,0,92,0,0,0,0,0,1,1,1,1,1,1
P-709771,2025-05,Energy Storage,Maharashtra,Ministry of Petroleum & Natural Gas,38,76,18,0.0,7.376878612716763,2.8,4.576878612716763,0.0,0.8999999999999999,,8.82,11.340000000000003,,0.3,1.2789473684210526,2,0,0,92,0,0,0,0,0,1,1,1,1,1,1
P-709771,2025-06,Energy Storage,Maharashtra,Ministry of Petroleum & Natural Gas,39,75,18,0.0,7.636994219653179,2.8,4.836994219653179,0.0,0.0,,2.25,11.25,,0.0,1.296,3,0,0,92,0,0,0,0,0,1,1,1,1,1,1
P-709771,2025-07,Energy Storage,Maharashtra,Ministry of Petroleum & Natural Gas,40,74,0,0.0,7.862427745664741,2.0,5.862427745664741,-0.7999999999999998,-0.7999999999999998,0.10000000000000009,1.9500000000000028,13.020000000000003,18.880000000000003,-0.2666666666666666,1.3243243243243243,0,0,0,82,0,0,0,0,0,1,1,1,1,1,1
P-709771,2025-08,Energy Storage,Maharashtra,Ministry of Petroleum & Natural Gas,41,73,0,0.0,7.994219653179192,2.0,5.994219653179192,0.0,-0.7999999999999998,0.10000000000000009,1.1400000000000006,5.340000000000003,16.680000000000007,-0.2666666666666666,1.3424657534246576,1,0,0,90,0,0,0,0,0,1,1,1,1,1,1
P-709771,2025-09,Energy Storage,Maharashtra,Ministry of Petroleum & Natural Gas,42,72,0,0.0,7.994219653179192,2.0,5.994219653179192,0.0,-0.7999999999999998,-0.7999999999999998,0.0,3.0900000000000034,14.340000000000003,-0.2666666666666666,1.3611111111111112,2,0,0,78,0,0,0,0,0,1,1,1,1,1,1
P-709771,2025-10,Energy Storage,Maharashtra,Ministry of Petroleum & Natural Gas,43,71,0,0.0,8.257803468208094,3.0,5.257803468208094,1.0,1.0,0.20000000000000018,2.280000000000001,3.4200000000000017,16.440000000000005,0.3333333333333333,1.3661971830985915,0,0,0,90,0,0,0,0,0,1,1,1,1,1,1
P-709772,2025-01,Energy Storage,West Bengal,Ministry of Petroleum & Natural Gas,34,77,15,0.0,9.51888341543514,1.5,8.01888341543514,,,,,,,,1.2792207792207793,0,0,0,92,0,0,0,0,0,1,1,1,1,1,1
P-709772,2025-02,Energy Storage,West Bengal,Ministry of Petroleum & Natural Gas,35,76,15,0.0,9.656814449917897,1.6,8.056814449917898,0.10000000000000009,,,0.8400000000000034,,,,1.2947368421052632,1,0,0,92,0,0,0,0,0,1,1,1,1,1,1
P-709772,2025-03,Energy Storage,West Bengal,Ministry of Petroleum & Natural Gas,36,75,15,0.0,9.825944170771757,2.0,7.825944170771757,0.3999999999999999,,,1.0300000000000011,,,,1.3066666666666666,2,0,0,92,0,0,0,0,0,1,1,1,1,1,1
P-709772,2025-04,Energy Storage,West Bengal,Ministry of Petroleum & Natural Gas,37,74,15,0.0,9.922824302134647,2.1,7.822824302134647,0.10000000000000009,0.6000000000000001,,0.5899999999999963,2.460000000000001,,0.20000000000000004,1.3229729729729731,3,0,0,92,0,0,0,0,0,1,1,1,1,1,1
P-709772,2025-05,Energy Storage,West Bengal,Ministry of Petroleum & Natural Gas,38,73,15,0.0,9.078817733990148,2.1,6.978817733990148,0.0,0.5,,-5.140000000000001,-3.520000000000003,,0.16666666666666666,1.341095890410959,4,0,0,80,0,0,0,0,0,1,1,1,1,1,1
P-709772,2025-06,Energy Storage,West Bengal,Ministry of Petroleum & Natural Gas,39,72,15,0.0,9.195402298850574,2.1,7.0954022988505745,0.0,0.10000000000000009,,0.7100000000000009,-3.8400000000000034,,0.03333333333333336,1.3597222222222223,5,0,0,92,0,0,0,0,0,1,1,1,1,1,1
P-709772,2025-07,Energy Storage,West Bengal,Ministry of Petroleum & Natural Gas,40,71,0,0.0,9.548440065681445,2.0,7.548440065681445,-0.10000000000000009,-0.10000000000000009,0.5,2.1499999999999986,-2.280000000000001,0.17999999999999972,-0.03333333333333336,1.380281690140845,6,0,0,82,0,0,0,0,0,1,1,1,1,1,1
P-709772,2025-08,Energy Storage,West Bengal,Ministry of Petroleum & Natural Gas,41,70,0,0.0,9.25287356321839,2.0,7.25287356321839,0.0,-0.10000000000000009,0.3999999999999999,-1.7999999999999972,1.0600000000000023,-2.460000000000001,-0.03333333333333336,1.4,7,0,0,78,0,0,0,0,0,1,1,1,1,1,1
P-709772,2025-09,Energy Storage,West Bengal,Ministry of Petroleum & Natural Gas,42,69,0,0.0,9.29064039408867,2.0,7.290640394088671,0.0,-0.10000000000000009,0.0,0.22999999999999687,0.5799999999999983,-3.260000000000005,-0.03333333333333336,1.4202898550724639,8,0,0,82,0,0,0,0,0,1,1,1,1,1,1
P-709772,2025-10,Energy Storage,West Bengal,Ministry of Petroleum & Natural Gas,43,68,0,0.0,9.538587848932677,2.0,7.538587848932677,0.0,0.0,-0.10000000000000009,1.5100000000000051,-0.05999999999999517,-2.3399999999999963,0.0,1.4411764705882353,9,0,0,90,0,0,0,0,0,1,1,1,1,1,1
P-709773,2025-01,Energy Storage,Jammu and Kashmir,Ministry of Petroleum & Natural Gas,,116,0,0.0,0.5762081784386617,0.4,0.17620817843866166,,,,,,,,0.8586206896551724,0,0,0,92,0,0,,0,0,1,1,1,0,1,1
P-709773,2025-02,Energy Storage,Jammu and Kashmir,Ministry of Petroleum & Natural Gas,35,115,30,0.0,0.5762081784386617,0.4,0.17620817843866166,0.0,,,0.0,,,,0.8660869565217391,1,0,0,80,0,0,,0,0,1,1,1,0,1,1
P-709773,2025-03,Energy Storage,Jammu and Kashmir,Ministry of Petroleum & Natural Gas,36,114,30,0.0,0.7193308550185874,0.6,0.11933085501858742,0.19999999999999996,,,0.77,,,,0.8719298245614036,2,0,0,92,0,0,,0,0,1,1,1,0,1,1
P-709773,2025-04,Energy Storage,Jammu and Kashmir,Ministry of Petroleum & Natural Gas,37,113,30,0.0,0.7193308550185874,0.6,0.11933085501858742,0.0,0.19999999999999996,,0.0,0.77,,0.06666666666666665,0.8796460176991151,3,0,0,80,0,,,0,0,1,1,0,0,1,1
P-709773,2025-05,Energy Storage,Jammu and Kashmir,Ministry of Petroleum & Natural Gas,38,112,30,0.0,0.7602230483271375,0.6,0.16022304832713752,0.0,0.19999999999999996,,0.21999999999999975,0.9899999999999998,,0.06666666666666665,0.8875000000000001,4,0,0,84,0,,,0,0,1,1,0,0,1,1
P-709773,2025-06,Energy Storage,Jammu and Kashmir,Ministry of Petroleum & Natural Gas,39,111,30,0.0,0.7602230483271375,0.6,0.16022304832713752,0.0,0.0,,0.0,0.21999999999999975,,0.0,0.8954954954954956,5,0,0,88,0,,,0,0,1,1,0,0,1,1
P-709773,2025-07,Energy Storage,Jammu and Kashmir,Ministry of Petroleum & Natural Gas,40,80,0,0.0,0.7602230483271375,0.0,0.7602230483271375,-0.6,-0.6,-0.4,0.0,0.21999999999999975,0.9899999999999998,-0.19999999999999998,1.25,0,1,0,82,0,,,0,0,1,1,0,0,1,1
P-709773,2025-08,Energy Storage,Jammu and Kashmir,Ministry of Petroleum & Natural Gas,41,79,0,0.0,0.6914498141263941,0.0,0.6914498141263941,0.0,-0.6,-0.4,-0.36999999999999966,-0.36999999999999966,0.6200000000000001,-0.19999999999999998,1.2658227848101267,1,1,0,78,0,0,0,0,0,1,1,1,1,1,1
P-709773,2025-09,Energy Storage,Jammu and Kashmir,Ministry of Petroleum & Natural Gas,42,78,0,0.0,0.6914498141263941,0.0,0.6914498141263941,0.0,-0.6,-0.6,0.0,-0.36999999999999966,-0.1499999999999999,-0.19999999999999998,1.2820512820512822,2,1,0,78,0,0,1,0,0,1,1,1,1,1,1
P-709773,2025-10,Energy Storage,Jammu and Kashmir,Ministry of Petroleum & Natural Gas,43,77,0,0.0,0.762081784386617,0.0,0.762081784386617,0.0,0.0,-0.6,0.37999999999999945,0.009999999999999787,0.22999999999999954,0.0,1.2987012987012987,3,1,0,90,0,0,1,0,0,1,1,1,1,1,1
P-709774,2025-01,Energy Storage,Karnataka,Ministry of Petroleum & Natural Gas,36,11,5,8.125269978401729,41.33674243937517,64.5,-23.163257560624828,,,,,,,,3.227272727272727,0,0,0,92,0,0,0,0,0,1,1,1,1,1,1
P-709774,2025-02,Energy Storage,Karnataka,Ministry of Petroleum & Natural Gas,37,10,5,8.125269978401729,42.15572689864568,66.0,-23.844273101354318,1.5,,,4.099999999999994,,,,3.4,0,0,0,92,0,0,0,0,0,1,1,1,1,1,1
P-709774,2025-03,Energy Storage,Karnataka,Ministry of Petroleum & Natural Gas,38,9,5,8.125269978401729,46.49434700970796,70.14,-23.645652990292042,4.140000000000001,,,21.72,,,,3.3177777777777777,0,0,0,92,0,0,0,0,0,1,1,1,1,1,1
P-709774,2025-04,Energy Storage,Karnataka,Ministry of Petroleum & Natural Gas,39,8,5,8.125269978401729,46.62218848627702,70.72,-24.09781151372298,0.5799999999999983,6.219999999999999,,0.6400000000000148,26.460000000000008,,2.073333333333333,3.66,0,0,0,84,0,0,0,0,0,1,1,1,1,1,1
P-709774,2025-05,Energy Storage,Karnataka,Ministry of Petroleum & Natural Gas,40,7,5,8.125269978401729,48.27813511246055,71.1,-22.821864887539448,0.37999999999999545,5.099999999999994,,8.289999999999992,30.650000000000006,,1.6999999999999982,4.128571428571429,1,0,0,84,0,0,1,0,0,1,1,1,1,1,1
P-709774,2025-06,Energy Storage,Karnataka,Ministry of Petroleum & Natural Gas,41,6,5,8.125269978401729,48.83144900323599,71.1,-22.268550996764006,0.0,0.9599999999999937,,2.7700000000000102,11.700000000000017,,0.3199999999999979,4.816666666666667,2,0,0,92,0,0,1,0,0,1,1,1,1,1,1
P-709774,2025-07,Energy Storage,Karnataka,Ministry of Petroleum & Natural Gas,42,5,0,8.125269978401729,52.82250009987615,82.0,-29.17749990012385,10.900000000000006,11.280000000000001,17.5,19.97999999999999,31.039999999999992,57.5,3.7600000000000002,3.6,0,0,0,74,0,0,1,0,0,1,1,1,1,1,1
P-709774,2025-08,Energy Storage,Karnataka,Ministry of Petroleum & Natural Gas,43,4,0,8.125269978401729,54.16483560385123,82.0,-27.83516439614877,0.0,10.900000000000006,16.0,6.720000000000027,29.470000000000027,60.12000000000003,3.633333333333335,4.5,1,0,0,90,0,1,1,0,0,1,1,1,1,1,1
P-709774,2025-09,Energy Storage,Karnataka,Ministry of Petroleum & Natural Gas,44,3,0,8.125269978401729,55.47521073868404,82.0,-26.52478926131596,0.0,10.900000000000006,11.86,6.560000000000002,33.26000000000002,44.960000000000036,3.633333333333335,6.0,2,0,0,82,0,1,1,0,0,1,1,1,1,1,1
P-709774,2025-10,Energy Storage,Karnataka,Ministry of Petroleum & Natural Gas,45,2,0,8.125269978401729,57.00131836522712,74.0,-16.99868163477288,-8.0,-8.0,3.280000000000001,7.639999999999986,20.920000000000016,51.96000000000001,-2.6666666666666665,13.0,0,0,0,78,0,1,1,0,0,1,1,1,1,1,1
P-709776,2025-08,Energy Storage,Assam,Ministry of Petroleum & Natural Gas,40,13,0,16.63898916967508,57.31529914265376,68.0,-10.684700857346243,1.0,1.5999999999999943,6.399999999999999,0.0,5.010000000000019,18.340000000000003,0.5333333333333314,2.4615384615384617,0,0,1,90,0,0,0,0,0,1,1,1,1,1,1
P-709776,2025-09,Energy Storage,Assam,Ministry of Petroleum & Natural Gas,41,12,0,16.63898916967508,57.62171531152311,68.0,-10.378284688476889,0.0,0.3299999999999983,2.8900000000000006,0.9899999999999807,4.539999999999992,10.47999999999999,0.10999999999999943,2.6666666666666665,1,0,1,82,0,0,0,0,0,1,1,1,1,1,1
P-709776,2025-10,Energy Storage,Assam,Ministry of Petroleum & Natural Gas,42,11,0,16.63898916967508,58.20050140827634,68.0,-9.799498591723662,0.0,1.0,1.980000000000004,1.8700000000000045,2.859999999999985,12.349999999999994,0.3333333333333333,2.909090909090909,2,0,1,90,0,0,0,0,0,1,1,1,1,1,1
P-709777,2025-08,Energy Storage,Bihar,Ministry of Petroleum & Natural Gas,43,14,18,-12.674971105688973,14.847058823529412,40.0,-25.152941176470588,3.0,6.299999999999997,13.899999999999999,3.539999999999999,13.869999999999997,19.559999999999995,2.099999999999999,4.285714285714286,0,2,1,90,0,0,0,0,0,1,1,1,1,1,1
P-709777,2025-09,Energy Storage,Bihar,Ministry of Petroleum & Natural Gas,44,13,18,-12.674971105688973,16.720588235294116,42.0,-25.279411764705884,2.0,6.600000000000001,13.399999999999999,6.3700000000000045,18.6,24.25,2.2000000000000006,4.461538461538462,0,2,1,82,0,0,0,0,0,1,1,1,1,1,1
P-709777,2025-10,Energy Storage,Bihar,Ministry of Petroleum & Natural Gas,45,12,18,-12.674971105688973,21.75588235294118,47.0,-25.24411764705882,5.0,10.0,16.1,17.119999999999997,27.03,36.42,3.3333333333333335,4.416666666666667,0,2,1,90,0,0,1,0,0,1,1,1,1,1,1
P-709778,2025-08,Energy Storage,Gujarat,Ministry of Petroleum & Natural Gas,43,13,13,-12.57729446525938,52.79790940766551,58.0,-5.202090592334493,3.0,10.600000000000001,21.9,7.3700000000000045,54.519999999999996,109.48,3.5333333333333337,3.230769230769231,0,3,1,90,0,0,0,0,0,1,1,1,1,1,1
P-709778,2025-09,Energy Storage,Gujarat,Ministry of Petroleum & Natural Gas,44,12,13,-12.57729446525938,55.90592334494773,62.0,-6.09407665505227,4.0,10.700000000000003,22.0,8.919999999999987,59.329999999999984,103.23999999999998,3.5666666666666678,3.1666666666666665,0,3,1,82,0,0,1,0,1,1,1,1,1,1,1
P-709778,2025-10,Energy Storage,Gujarat,Ministry of Petroleum & Natural Gas,45,11,13,-12.57729446525938,60.041811846689896,65.0,-4.958188153310104,3.0,10.0,20.5,11.870000000000005,28.159999999999997,98.13,3.3333333333333335,3.1818181818181817,0,3,1,90,0,0,1,0,1,1,1,1,1,1,1
P-709779,2025-08,Energy Storage,Assam,Ministry of Petroleum & Natural Gas,38,7,0,-3.6458333333333335,14.556756756756757,39.0,-24.443243243243245,4.0,5.899999999999999,12.0,8.700000000000003,20.97,27.569999999999993,1.9666666666666661,8.714285714285714,0,0,1,90,0,,,0,0,1,1,0,0,1,1
P-709779,2025-09,Energy Storage,Assam,Ministry of Petroleum & Natural Gas,39,22,16,-3.6458333333333335,15.56891891891892,42.0,-26.431081081081082,3.0,7.399999999999999,13.0,7.489999999999995,14.059999999999988,35.05999999999999,2.4666666666666663,2.6363636363636362,0,1,1,82,0,,,0,0,1,1,0,0,1,1
P-709779,2025-10,Energy Storage,Assam,Ministry of Petroleum & Natural Gas,40,21,16,-3.6458333333333335,16.752702702702702,44.0,-27.247297297297298,2.0,9.0,12.600000000000001,8.760000000000005,24.950000000000003,43.629999999999995,3.0,2.6666666666666665,0,1,1,90,0,0,0,0,0,1,1,1,1,1,1
P-709780,2025-01,Energy Storage,Maharashtra,Ministry of Petroleum & Natural Gas,33,19,22,27.739214480274136,50.95382216719402,37.7,13.253822167194016,,,,,,,,3.2789473684210524,0,0,0,92,0,0,0,0,0,1,1,1,1,1,1
P-709780,2025-02,Energy Storage,Maharashtra,Ministry of Petroleum & Natural Gas,34,18,22,27.739214480274136,52.3203558490393,40.9,11.420355849039304,3.1999999999999957,,,5.960000000000008,,,,3.283333333333333,0,0,0,92,0,0,0,0,0,1,1,1,1,1,1
P-709780,2025-03,Energy Storage,Maharashtra,Ministry of Petroleum & Natural Gas,35,17,22,27.739214480274136,52.59091117531068,45.1,7.4909111753106785,4.200000000000003,,,1.1800000000000068,,,,3.2294117647058824,0,0,0,92,0,0,0,0,0,1,1,1,1,1,1
P-709780,2025-04,Energy Storage,Maharashtra,Ministry of Petroleum & Natural Gas,36,16,22,27.739214480274136,53.23749254826432,45.8,7.4374925482643235,0.6999999999999957,8.099999999999994,,2.819999999999993,9.960000000000008,,2.699999999999998,3.3875,0,0,0,84,0,0,0,0,0,1,1,1,1,1,1
P-709780,2025-05,Energy Storage,Maharashtra,Ministry of Petroleum & Natural Gas,37,15,22,27.739214480274136,54.82872472141973,47.52,7.308724721419729,1.720000000000006,6.6200000000000045,,6.939999999999998,10.939999999999998,,2.2066666666666683,3.4986666666666664,0,0,0,84,0,0,0,0,0,1,1,1,1,1,1
P-709780,2025-06,Energy Storage,Maharashtra,Ministry of Petroleum & Natural Gas,38,14,22,27.739214480274136,56.11959462557894,49.5,6.619594625578941,1.9799999999999969,4.399999999999999,,5.6299999999999955,15.389999999999986,,1.4666666666666661,3.607142857142857,0,0,0,92,0,0,0,0,0,1,1,1,1,1,1
P-709780,2025-07,Energy Storage,Maharashtra,Ministry of Petroleum & Natural Gas,39,13,0,27.739214480274136,64.0138487641583,50.0,14.013848764158297,0.5,4.200000000000003,12.299999999999997,34.43000000000001,47.0,56.96000000000001,1.400000000000001,3.8461538461538463,0,0,0,74,0,0,0,0,0,1,1,1,1,1,1
P-709780,2025-08,Energy Storage,Maharashtra,Ministry of Petroleum & Natural Gas,40,12,0,27.739214480274136,64.87595726142982,51.0,13.875957261429818,1.0,3.479999999999997,10.100000000000001,3.759999999999991,43.81999999999999,54.75999999999999,1.159999999999999,4.083333333333333,0,0,0,90,0,0,0,0,0,1,1,1,1,1,1
P-709780,2025-09,Energy Storage,Maharashtra,Ministry of Petroleum & Natural Gas,41,11,0,27.739214480274136,65.20612647315083,51.0,14.206126473150832,0.0,1.5,5.899999999999999,1.4399999999999977,39.629999999999995,55.01999999999998,0.5,4.454545454545454,1,0,0,82,0,0,0,0,0,1,1,1,1,1,1
P-709780,2025-10,Energy Storage,Maharashtra,Ministry of Petroleum & Natural Gas,42,10,0,27.739214480274136,66.27688356949604,52.0,14.276883569496036,1.0,2.0,6.200000000000003,4.670000000000016,9.870000000000005,56.870000000000005,0.6666666666666666,4.8,0,0,0,90,0,0,0,0,0,1,1,1,1,1,1
P-709781,2025-01,Energy Storage,Uttar Pradesh,Ministry of Petroleum & Natural Gas,33,23,20,0.0,0.39597109026603106,22.8,-22.40402890973397,,,,,,,,3.356521739130435,0,0,0,92,0,0,0,0,0,1,1,1,1,1,1
P-709781,2025-02,Energy Storage,Uttar Pradesh,Ministry of Petroleum & Natural Gas,34,22,20,0.0,0.39597109026603106,22.8,-22.40402890973397,0.0,,,0.0,,,,3.5090909090909093,1,0,0,88,0,0,0,0,0,1,1,1,1,1,1
P-709781,2025-03,Energy Storage,Uttar Pradesh,Ministry of Petroleum & Natural Gas,35,21,20,0.0,0.39597109026603106,25.0,-24.60402890973397,2.1999999999999993,,,0.0,,,,3.5714285714285716,0,0,0,92,0,0,0,0,0,1,1,1,1,1,1
P-709781,2025-04,Energy Storage,Uttar Pradesh,Ministry of Petroleum & Natural Gas,36,20,20,0.0,0.39597109026603106,25.0,-24.60402890973397,0.0,2.1999999999999993,,0.0,0.0,,0.7333333333333331,3.75,1,0,0,80,0,0,0,0,0,1,1,1,1,1,1
P-709781,2025-05,Energy Storage,Uttar Pradesh,Ministry of Petroleum & Natural Gas,37,19,20,0.0,0.39597109026603106,25.0,-24.60402890973397,0.0,2.1999999999999993,,0.0,0.0,,0.7333333333333331,3.9473684210526314,2,0,0,80,0,0,0,0,0,1,1,1,1,1,1
P-709781,2025-06,Energy Storage,Uttar Pradesh,Ministry of Petroleum & Natural Gas,38,18,20,0.0,0.4113486083346148,25.0,-24.588651391665387,0.0,0.0,,0.040000000000000036,0.040000000000000036,,0.0,4.166666666666667,3,0,0,92,0,0,0,0,0,1,1,1,1,1,1
P-709781,2025-07,Energy Storage,Uttar Pradesh,Ministry of Petroleum & Natural Gas,39,17,-6,0.0,0.42672612640319857,25.0,-24.5732738735968,0.0,0.0,2.1999999999999993,0.040000000000000036,0.08000000000000007,0.08000000000000007,0.0,4.411764705882353,4,0,0,82,0,0,0,0,0,1,1,1,1,1,1
P-709781,2025-08,Energy Storage,Uttar Pradesh,Ministry of Petroleum & Natural Gas,40,16,-6,0.0,0.42672612640319857,26.0,-25.5732738735968,1.0,1.0,3.1999999999999993,0.0,0.08000000000000007,0.08000000000000007,0.3333333333333333,4.625,0,0,0,90,0,0,0,0,0,1,1,1,1,1,1
P-709781,2025-09,Energy Storage,Uttar Pradesh,Ministry of Petroleum & Natural Gas,41,15,-6,0.0,0.42672612640319857,28.0,-27.5732738735968,2.0,3.0,3.0,0.0,0.040000000000000036,0.08000000000000007,1.0,4.8,0,0,0,82,0,0,0,0,0,1,1,1,1,1,1
P-709781,2025-10,Energy Storage,Uttar Pradesh,Ministry of Petroleum & Natural Gas,42,14,-6,0.0,3.129324926956789,30.0,-26.87067507304321,2.0,5.0,5.0,7.03,7.03,7.11,1.6666666666666667,5.0,0,0,0,90,0,0,0,0,0,1,1,1,1,1,1
P-709782,2025-01,Energy Storage,Maharashtra,Ministry of Petroleum & Natural Gas,28,14,7,0.0,38.236363636363635,57.62,-19.383636363636363,,,,,,,,3.027142857142857,0,0,0,92,0,0,0,0,0,1,1,1,1,1,1
P-709782,2025-02,Energy Storage,Maharashtra,Ministry of Petroleum & Natural Gas,29,13,7,0.0,37.84848484848485,59.59,-21.741515151515152,1.970000000000006,,,-0.6400000000000006,,,,3.108461538461538,0,0,0,80,0,0,0,0,0,1,1,1,1,1,1
P-709782,2025-03,Energy Storage,Maharashtra,Ministry of Petroleum & Natural Gas,30,12,7,0.0,43.75151515151515,60.58,-16.828484848484848,0.9899999999999949,,,9.739999999999995,,,,3.285,0,0,0,92,0,0,0,0,0,1,1,1,1,1,1
P-709782,2025-04,Energy Storage,Maharashtra,Ministry of Petroleum & Natural Gas,31,11,7,0.0,45.36363636363636,64.01,-18.646363636363645,3.430000000000007,6.390000000000008,,2.6599999999999966,11.759999999999991,,2.1300000000000026,3.2718181818181815,0,0,0,92,0,0,0,0,0,1,1,1,1,1,1
P-709782,2025-05,Energy Storage,Maharashtra,Ministry of Petroleum & Natural Gas,32,10,7,0.0,47.63636363636363,65.93,-18.293636363636374,1.9200000000000017,6.340000000000003,,3.75,16.14999999999999,,2.1133333333333346,3.406999999999999,0,0,0,92,0,0,0,0,0,1,1,1,1,1,1
P-709782,2025-06,Energy Storage,Maharashtra,Ministry of Petroleum & Natural Gas,33,9,7,0.0,47.981818181818184,69.8,-21.818181818181813,3.8699999999999903,9.219999999999999,,0.5700000000000074,6.980000000000004,,3.073333333333333,3.355555555555556,0,0,0,92,0,0,0,0,0,1,1,1,1,1,1
P-709782,2025-07,Energy Storage,Maharashtra,Ministry of Petroleum & Natural Gas,35,8,7,0.0,54.50909090909091,72.0,-17.490909090909092,2.200000000000003,7.989999999999995,14.380000000000003,10.769999999999996,15.090000000000003,26.849999999999994,2.6633333333333318,3.5,0,0,0,82,0,0,0,0,0,1,1,1,1,1,1
P-709782,2025-08,Energy Storage,Maharashtra,Ministry of Petroleum & Natural Gas,36,7,7,0.0,55.0,74.0,-19.0,2.0,8.069999999999993,14.409999999999997,0.8100000000000023,12.150000000000006,28.299999999999997,2.6899999999999977,3.7142857142857144,0,0,0,90,0,0,0,0,0,1,1,1,1,1,1
P-709782,2025-09,Energy Storage,Maharashtra,Ministry of Petroleum & Natural Gas,37,6,7,0.0,57.096969696969694,75.0,-17.903030303030306,1.0,5.200000000000003,14.420000000000002,3.4599999999999937,15.039999999999992,22.019999999999996,1.7333333333333343,4.166666666666667,0,0,0,82,0,0,1,0,0,1,1,1,1,1,1
P-709782,2025-10,Energy Storage,Maharashtra,Ministry of Petroleum & Natural Gas,38,5,7,0.0,57.096969696969694,78.0,-20.903030303030306,3.0,6.0,13.989999999999995,0.0,4.269999999999996,19.36,2.0,4.4,0,0,0,90,0,0,1,0,0,1,1,1,1,1,1
P-709783,2025-07,Energy Storage,Haryana,Ministry of Petroleum & Natural Gas,55,11,36,49.99697208260159,52.19023779724657,70.0,-17.809762202753433,,,,,,,,2.727272727272727,0,0,0,98,0,0,0,0,0,1,1,1,1,1,1
P-709783,2025-08,Energy Storage,Haryana,Ministry of Petroleum & Natural Gas,56,10,36,49.99697208260159,52.72719932173281,72.0,-19.27280067826719,2.0,,,1.329999999999984,,,,2.8,0,0,0,98,0,0,0,0,0,1,1,1,1,1,1
P-709783,2025-09,Energy Storage,Haryana,Ministry of Petroleum & Natural Gas,57,9,36,49.99697208260159,55.85611046065647,74.0,-18.143889539343533,2.0,,,7.75,,,,2.888888888888889,0,0,0,90,0,0,0,0,0,1,1,1,1,1,1
P-709783,2025-10,Energy Storage,Haryana,Ministry of Petroleum & Natural Gas,58,8,36,49.99697208260159,55.88033428882878,76.0,-20.119665711171223,2.0,6.0,,0.060000000000002274,9.139999999999986,,2.0,3.0,0,0,0,98,0,0,0,0,0,1,1,1,1,1,1
P-709785,2025-01,Energy Storage,Jharkhand,Ministry of Petroleum & Natural Gas,22,13,0,0.0,23.308754392042363,37.48,-14.171245607957633,,,,,,,,4.809230769230769,0,0,0,92,0,0,0,0,0,1,1,1,1,1,1
P-709785,2025-02,Energy Storage,Jharkhand,Ministry of Petroleum & Natural Gas,23,12,0,0.0,23.333498292670857,38.68,-15.346501707329143,1.2000000000000028,,,0.04999999999999716,,,,5.11,0,0,0,92,0,0,0,0,0,1,1,1,1,1,1
P-709785,2025-03,Energy Storage,Jharkhand,Ministry of Petroleum & Natural Gas,24,11,0,0.0,23.87291532637205,40.57,-16.697084673627952,1.8900000000000006,,,1.0900000000000034,,,,5.402727272727272,0,0,0,92,0,0,0,0,0,1,1,1,1,1,1
P-709785,2025-04,Energy Storage,Jharkhand,Ministry of Petroleum & Natural Gas,25,10,0,0.0,23.947147028257536,42.06,-18.112852971742466,1.490000000000002,4.580000000000005,,0.14999999999999858,1.2899999999999991,,1.5266666666666684,5.794,0,0,0,92,0,0,0,0,0,1,1,1,1,1,1
P-709785,2025-05,Energy Storage,Jharkhand,Ministry of Petroleum & Natural Gas,26,9,0,0.0,26.19884198545059,42.91,-16.711158014549408,0.8499999999999943,4.229999999999997,,4.549999999999997,5.789999999999999,,1.409999999999999,6.343333333333334,0,0,0,92,0,0,0,0,0,1,1,1,1,1,1
P-709785,2025-06,Energy Storage,Jharkhand,Ministry of Petroleum & Natural Gas,27,8,0,0.0,26.19884198545059,42.95,-16.751158014549414,0.04000000000000625,2.3800000000000026,,0.0,4.699999999999996,,0.7933333333333342,7.13125,1,0,0,92,0,0,1,0,0,1,1,1,1,1,1
P-709785,2025-07,Energy Storage,Jharkhand,Ministry of Petroleum & Natural Gas,29,7,0,0.0,27.44593457712674,45.0,-17.55406542287326,2.049999999999997,2.9399999999999977,7.520000000000003,2.520000000000003,7.07,8.36,0.9799999999999992,7.857142857142857,0,0,0,82,0,0,1,0,0,1,1,1,1,1,1
P-709785,2025-08,Energy Storage,Jharkhand,Ministry of Petroleum & Natural Gas,30,6,0,0.0,25.94150541891424,45.0,-19.05849458108576,0.0,2.0900000000000034,6.32,-3.039999999999999,-0.519999999999996,5.270000000000003,0.6966666666666678,9.166666666666666,1,0,0,78,0,0,1,0,0,1,1,1,1,1,1
P-709785,2025-09,Energy Storage,Jharkhand,Ministry of Petroleum & Natural Gas,31,5,0,0.0,29.80650269708517,47.0,-17.19349730291483,2.0,4.049999999999997,6.43,7.809999999999995,7.289999999999999,11.989999999999995,1.349999999999999,10.6,0,0,0,82,0,1,1,0,0,1,1,1,1,1,1
P-709785,2025-10,Energy Storage,Jharkhand,Ministry of Petroleum & Natural Gas,32,4,0,0.0,29.80650269708517,48.0,-18.19349730291483,1.0,3.0,5.939999999999998,0.0,4.769999999999996,11.839999999999996,1.0,13.0,0,0,0,90,0,1,1,0,0,1,1,1,1,1,1
P-709786,2025-01,Energy Storage,Nagaland,Ministry of Petroleum & Natural Gas,17,34,0,0.0,1.2125472278358669,13.9,-12.687452772164134,,,,,,,,2.5323529411764705,0,0,0,92,0,0,0,0,0,1,1,1,1,1,1
P-709786,2025-02,Energy Storage,Nagaland,Ministry of Petroleum & Natural Gas,18,33,0,0.0,1.2740532466391354,15.5,-14.225946753360864,1.5999999999999996,,,0.14000000000000012,,,,2.5606060606060606,0,0,0,92,0,0,0,0,0,1,1,1,1,1,1
P-709786,2025-03,Energy Storage,Nagaland,Ministry of Petroleum & Natural Gas,19,32,0,0.0,1.8012476935242947,17.0,-15.198752306475706,1.5,,,1.1999999999999997,,,,2.59375,0,0,0,92,0,0,0,0,0,1,1,1,1,1,1
P-709786,2025-04,Energy Storage,Nagaland,Ministry of Petroleum & Natural Gas,20,31,0,0.0,1.9945523240488534,17.5,-15.505447675951146,0.5,3.5999999999999996,,0.4400000000000004,1.7800000000000002,,1.2,2.661290322580645,0,0,0,92,0,0,0,0,0,1,1,1,1,1,1
P-709786,2025-05,Energy Storage,Nagaland,Ministry of Petroleum & Natural Gas,21,30,0,0.0,2.688691679114313,18.0,-15.311308320885686,0.5,2.5,,1.58,3.22,,0.8333333333333334,2.7333333333333334,0,0,0,92,0,0,0,0,0,1,1,1,1,1,1
P-709786,2025-06,Energy Storage,Nagaland,Ministry of Petroleum & Natural Gas,22,29,0,0.0,2.90835603198313,19.0,-16.09164396801687,1.0,2.0,,0.5,2.5200000000000005,,0.6666666666666666,2.793103448275862,0,0,0,92,0,0,0,0,0,1,1,1,1,1,1
P-709786,2025-07,Energy Storage,Nagaland,Ministry of Petroleum & Natural Gas,23,28,0,0.0,3.9583516386960724,20.0,-16.041648361303928,1.0,2.5,6.1,2.3899999999999997,4.47,6.25,0.8333333333333334,2.857142857142857,0,0,0,82,0,0,0,0,0,1,1,1,1,1,1
P-709786,2025-08,Energy Storage,Nagaland,Ministry of Petroleum & Natural Gas,24,27,0,0.0,4.006677796327211,22.0,-17.99332220367279,2.0,4.0,6.5,0.10999999999999943,2.999999999999999,6.219999999999999,1.3333333333333333,2.888888888888889,0,0,0,90,0,0,0,0,0,1,1,1,1,1,1
P-709786,2025-09,Energy Storage,Nagaland,Ministry of Petroleum & Natural Gas,25,26,0,0.0,4.103330111589491,23.0,-18.896669888410507,1.0,4.0,6.0,0.22000000000000064,2.7199999999999998,5.24,1.3333333333333333,2.9615384615384617,0,0,0,82,0,0,0,0,0,1,1,1,1,1,1
P-709786,2025-10,Energy Storage,Nagaland,Ministry of Petroleum & Natural Gas,26,25,0,0.0,4.744750021966436,25.0,-20.255249978033564,2.0,5.0,7.5,1.4600000000000009,1.790000000000001,6.260000000000001,1.6666666666666667,3.0,0,0,0,90,0,0,0,0,0,1,1,1,1,1,1
P-709789,2025-07,Energy Storage,Maharashtra,Ministry of Petroleum & Natural Gas,28,5,5,-15.308641975308642,58.68221574344023,84.0,-25.31778425655977,,,,,,,,3.2,0,0,0,98,0,0,1,0,0,1,1,1,1,1,1
P-709790,2025-07,Energy Storage,Kerala,Ministry of Petroleum & Natural Gas,28,8,0,0.0,30.980751604032996,83.0,-52.019248395967004,,,,,,,,2.125,0,0,0,98,0,0,0,0,0,1,1,1,1,1,1
P-709791,2025-01,Energy Storage,West Bengal,Ministry of Petroleum & Natural Gas,25,62,0,0.0,12.04031465093412,22.9,-10.85968534906588,,,,,,,,1.243548387096774,0,0,0,92,0,0,0,0,0,1,1,1,1,1,1
P-709791,2025-02,Energy Storage,West Bengal,Ministry of Petroleum & Natural Gas,26,61,0,0.0,13.217305801376597,25.2,-11.982694198623403,2.3000000000000007,,,11.969999999999985,,,,1.2262295081967212,0,0,0,92,0,0,0,0,0,1,1,1,1,1,1
P-709791,2025-03,Energy Storage,West Bengal,Ministry of Petroleum & Natural Gas,27,60,0,0.0,14.551622418879056,27.8,-13.248377581120945,2.6000000000000014,,,13.570000000000022,,,,1.2033333333333334,0,0,0,92,0,0,0,0,0,1,1,1,1,1,1
P-709791,2025-04,Energy Storage,West Bengal,Ministry of Petroleum & Natural Gas,28,59,0,0.0,15.612586037364798,29.8,-14.187413962635203,2.0,6.900000000000002,,10.789999999999992,36.33,,2.3000000000000007,1.1898305084745764,0,0,0,92,0,0,0,0,0,1,1,1,1,1,1
P-709791,2025-05,Energy Storage,West Bengal,Ministry of Petroleum & Natural Gas,29,58,0,0.0,15.811209439528026,30.6,-14.788790560471975,0.8000000000000007,5.400000000000002,,2.0200000000000102,26.380000000000024,,1.8000000000000007,1.196551724137931,0,0,0,92,0,0,0,0,0,1,1,1,1,1,1
P-709791,2025-06,Energy Storage,West Bengal,Ministry of Petroleum & Natural Gas,30,57,0,0.0,16.55260570304818,31.9,-15.34739429695182,1.2999999999999972,4.099999999999998,,7.539999999999992,20.349999999999994,,1.366666666666666,1.194736842105263,0,0,0,92,0,0,0,0,0,1,1,1,1,1,1
P-709791,2025-07,Energy Storage,West Bengal,Ministry of Petroleum & Natural Gas,31,56,0,0.0,17.32055063913471,32.0,-14.679449360865291,0.10000000000000142,2.1999999999999993,9.100000000000001,7.810000000000002,17.370000000000005,53.7,0.7333333333333331,1.2142857142857142,1,0,0,82,0,0,0,0,0,1,1,1,1,1,1
P-709791,2025-08,Energy Storage,West Bengal,Ministry of Petroleum & Natural Gas,32,55,0,0.0,18.105211406096362,39.0,-20.894788593903638,7.0,8.399999999999999,13.8,7.97999999999999,23.329999999999984,49.71000000000001,2.7999999999999994,1.1090909090909091,0,0,0,90,0,0,0,0,0,1,1,1,1,1,1
P-709791,2025-09,Energy Storage,West Bengal,Ministry of Petroleum & Natural Gas,33,54,0,0.0,19.108161258603737,39.0,-19.891838741396263,0.0,7.100000000000001,11.2,10.200000000000017,25.99000000000001,46.34,2.366666666666667,1.1296296296296295,1,0,0,82,0,0,0,0,0,1,1,1,1,1,1
P-709791,2025-10,Energy Storage,West Bengal,Ministry of Petroleum & Natural Gas,34,53,0,0.0,19.13274336283186,40.0,-20.86725663716814,1.0,8.0,10.2,0.25,18.430000000000007,35.80000000000001,2.6666666666666665,1.1320754716981132,0,0,0,90,0,0,0,0,0,1,1,1,1,1,1
P-709792,2025-01,Energy Storage,Bihar,Ministry of Petroleum & Natural Gas,25,62,0,0.0,7.144859813084112,14.7,-7.555140186915887,,,,,,,,1.3758064516129032,0,0,0,92,0,0,0,0,0,1,1,1,1,1,1
P-709792,2025-02,Energy Storage,Bihar,Ministry of Petroleum & Natural Gas,26,61,0,0.0,8.711654755360088,17.2,-8.48834524463991,2.5,,,57.0,,,,1.3573770491803279,0,0,0,92,0,0,0,0,0,1,1,1,1,1,1
P-709792,2025-03,Energy Storage,Bihar,Ministry of Petroleum & Natural Gas,27,60,0,0.0,9.793293018141837,18.2,-8.406706981858163,1.0,,,39.349999999999966,,,,1.3633333333333333,0,0,0,92,0,0,0,0,0,1,1,1,1,1,1
P-709792,2025-04,Energy Storage,Bihar,Ministry of Petroleum & Natural Gas,28,59,0,0.0,10.352116547553601,19.0,-8.647883452446399,0.8000000000000007,4.300000000000001,,20.33000000000004,116.68,,1.4333333333333336,1.3728813559322033,0,0,0,92,0,0,0,0,0,1,1,1,1,1,1
P-709792,2025-05,Energy Storage,Bihar,Ministry of Petroleum & Natural Gas,29,58,0,0.0,10.477460142935678,19.7,-9.222539857064321,0.6999999999999993,2.5,,4.560000000000002,64.24000000000001,,0.8333333333333334,1.3844827586206896,0,0,0,92,0,0,0,0,0,1,1,1,1,1,1
P-709792,2025-06,Energy Storage,Bihar,Ministry of Petroleum & Natural Gas,30,57,0,0.0,10.729521715228147,20.8,-10.070478284771854,1.1000000000000014,2.6000000000000014,,9.169999999999959,34.06,,0.8666666666666671,1.3894736842105264,0,0,0,92,0,0,0,0,0,1,1,1,1,1,1
P-709792,2025-07,Energy Storage,Bihar,Ministry of Petroleum & Natural Gas,31,56,0,0.0,10.896646509070917,21.0,-10.103353490929083,0.1999999999999993,2.0,6.300000000000001,6.080000000000041,19.810000000000002,136.49,0.6666666666666666,1.4107142857142858,1,0,0,82,0,0,0,0,0,1,1,1,1,1,1
P-709792,2025-08,Energy Storage,Bihar,Ministry of Petroleum & Natural Gas,32,55,0,0.0,11.192413413963717,29.0,-17.807586586036283,8.0,9.3,11.8,10.759999999999991,26.00999999999999,90.25,3.1,1.290909090909091,0,0,0,90,0,0,0,0,0,1,1,1,1,1,1
P-709792,2025-09,Energy Storage,Bihar,Ministry of Petroleum & Natural Gas,33,54,0,0.0,11.383727322704782,29.0,-17.616272677295218,0.0,8.2,10.8,6.9599999999999795,23.80000000000001,57.860000000000014,2.733333333333333,1.3148148148148149,1,0,0,82,0,0,0,0,0,1,1,1,1,1,1
P-709792,2025-10,Energy Storage,Bihar,Ministry of Petroleum & Natural Gas,34,53,0,0.0,11.609950522264981,29.0,-17.39004947773502,0.0,8.0,10.0,8.230000000000018,25.94999999999999,45.75999999999999,2.6666666666666665,1.3396226415094339,2,0,0,90,0,0,0,0,0,1,1,1,1,1,1
P-709793,2025-01,Energy Storage,Bihar,Ministry of Petroleum & Natural Gas,25,65,0,0.0,5.84843072212299,12.7,-6.851569277877009,,,,,,,,1.343076923076923,0,0,0,92,0,0,0,0,0,1,1,1,1,1,1
P-709793,2025-02,Energy Storage,Bihar,Ministry of Petroleum & Natural Gas,26,64,0,0.0,6.884154120949223,12.8,-5.915845879050778,0.10000000000000142,,,40.59000000000003,,,,1.3625,1,0,0,92,0,0,0,0,0,1,1,1,1,1,1
P-709793,2025-03,Energy Storage,Bihar,Ministry of Petroleum & Natural Gas,27,63,0,0.0,9.09441183975504,12.9,-3.8055881602449606,0.09999999999999964,,,86.62,,,,1.3825396825396825,2,0,0,92,0,0,0,0,0,1,1,1,1,1,1
P-709793,2025-04,Energy Storage,Bihar,Ministry of Petroleum & Natural Gas,28,62,0,0.0,9.61878030109722,13.0,-3.3812196989027807,0.09999999999999964,0.3000000000000007,,20.549999999999955,147.76,,0.10000000000000024,1.403225806451613,3,0,0,92,0,0,0,0,0,1,1,1,1,1,1
P-709793,2025-05,Energy Storage,Bihar,Ministry of Petroleum & Natural Gas,29,61,0,0.0,9.61878030109722,13.3,-3.6812196989027814,0.3000000000000007,0.5,,0.0,107.16999999999996,,0.16666666666666666,1.4213114754098362,4,0,0,92,0,0,0,0,0,1,1,1,1,1,1
P-709793,2025-06,Energy Storage,Bihar,Ministry of Petroleum & Natural Gas,30,60,0,0.0,9.772646083184485,13.6,-3.8273539168155146,0.29999999999999893,0.6999999999999993,,6.03000000000003,26.579999999999984,,0.2333333333333331,1.4400000000000002,5,0,0,92,0,0,0,0,0,1,1,1,1,1,1
P-709793,2025-07,Energy Storage,Bihar,Ministry of Petroleum & Natural Gas,31,59,0,0.0,10.017606532278643,14.0,-3.982393467721357,0.40000000000000036,1.0,1.3000000000000007,9.599999999999966,15.629999999999995,163.39,0.3333333333333333,1.4576271186440677,6,0,0,82,0,0,0,0,0,1,1,1,1,1,1
P-709793,2025-08,Energy Storage,Bihar,Ministry of Petroleum & Natural Gas,32,58,0,0.0,10.230160755294719,18.0,-7.769839244705281,4.0,4.699999999999999,5.199999999999999,8.330000000000041,23.960000000000036,131.13,1.5666666666666664,1.4137931034482758,0,0,0,90,0,0,0,0,0,1,1,1,1,1,1
P-709793,2025-09,Energy Storage,Bihar,Ministry of Petroleum & Natural Gas,33,57,0,0.0,10.534064812452156,19.0,-8.465935187547844,1.0,5.4,6.1,11.909999999999968,29.839999999999975,56.41999999999996,1.8,1.4210526315789473,0,0,0,82,0,0,0,0,0,1,1,1,1,1,1
P-709793,2025-10,Energy Storage,Bihar,Ministry of Petroleum & Natural Gas,34,56,0,0.0,10.767542740495024,20.0,-9.232457259504976,1.0,6.0,7.0,9.150000000000034,29.390000000000043,45.02000000000004,2.0,1.4285714285714286,0,0,0,90,0,0,0,0,0,1,1,1,1,1,1
P-709794,2025-01,Energy Storage,"Multi-States (Punjab, Rajasthan)",Ministry of Petroleum & Natural Gas,25,65,0,0.0,6.646710321172435,17.1,-10.453289678827566,,,,,,,,1.2753846153846156,0,0,0,92,0,0,0,0,0,1,1,1,1,1,1
P-709794,2025-02,Energy Storage,"Multi-States (Punjab, Rajasthan)",Ministry of Petroleum & Natural Gas,26,64,0,0.0,7.5562831306517,17.9,-10.343716869348299,0.7999999999999972,,,29.170000000000016,,,,1.2828125,0,0,0,92,0,0,0,0,0,1,1,1,1,1,1
P-709794,2025-03,Energy Storage,"Multi-States (Punjab, Rajasthan)",Ministry of Petroleum & Natural Gas,27,63,0,0.0,8.971312753352041,19.7,-10.728687246647958,1.8000000000000007,,,45.37999999999997,,,,1.2746031746031745,0,0,0,92,0,0,0,0,0,1,1,1,1,1,1
P-709794,2025-04,Energy Storage,"Multi-States (Punjab, Rajasthan)",Ministry of Petroleum & Natural Gas,28,62,0,0.0,9.31711880261927,19.8,-10.482881197380731,0.10000000000000142,2.6999999999999993,,11.090000000000032,85.64000000000001,,0.8999999999999998,1.2935483870967743,1,0,0,92,0,0,0,0,0,1,1,1,1,1,1
P-709794,2025-05,Energy Storage,"Multi-States (Punjab, Rajasthan)",Ministry of Petroleum & Natural Gas,29,61,0,0.0,9.873713751169316,20.6,-10.726286248830686,0.8000000000000007,2.700000000000003,,17.849999999999966,74.31999999999996,,0.9000000000000009,1.301639344262295,0,0,0,92,0,0,0,0,0,1,1,1,1,1,1
P-709794,2025-06,Energy Storage,"Multi-States (Punjab, Rajasthan)",Ministry of Petroleum & Natural Gas,30,60,0,0.0,10.123168069847209,21.9,-11.77683193015279,1.2999999999999972,2.1999999999999993,,8.0,36.94,,0.7333333333333331,1.3016666666666665,0,0,0,92,0,0,0,0,0,1,1,1,1,1,1
P-709794,2025-07,Energy Storage,"Multi-States (Punjab, Rajasthan)",Ministry of Petroleum & Natural Gas,31,59,0,0.0,10.44028687246648,22.0,-11.55971312753352,0.10000000000000142,2.1999999999999993,4.899999999999999,10.170000000000016,36.01999999999998,121.66,0.7333333333333331,1.3220338983050848,1,0,0,82,0,0,0,0,0,1,1,1,1,1,1
P-709794,2025-08,Energy Storage,"Multi-States (Punjab, Rajasthan)",Ministry of Petroleum & Natural Gas,32,58,0,0.0,10.588400374181479,24.0,-13.411599625818521,2.0,3.3999999999999986,6.100000000000001,4.75,22.920000000000016,97.23999999999998,1.1333333333333329,1.3103448275862069,0,0,0,90,0,0,0,0,0,1,1,1,1,1,1
P-709794,2025-09,Energy Storage,"Multi-States (Punjab, Rajasthan)",Ministry of Petroleum & Natural Gas,33,57,0,0.0,10.760835671967572,24.0,-13.239164328032428,0.0,2.1000000000000014,4.300000000000001,5.53000000000003,20.450000000000045,57.39000000000004,0.7000000000000005,1.3333333333333333,1,0,0,82,0,0,0,0,0,1,1,1,1,1,1
P-709794,2025-10,Energy Storage,"Multi-States (Punjab, Rajasthan)",Ministry of Petroleum & Natural Gas,34,56,0,0.0,10.864047396320549,25.0,-14.135952603679451,1.0,3.0,5.199999999999999,3.3100000000000023,13.590000000000032,49.610000000000014,1.0,1.3392857142857142,0,0,0,90,0,0,0,0,0,1,1,1,1,1,1
P-709795,2025-01,Energy Storage,Uttar Pradesh,Ministry of Petroleum & Natural Gas,25,65,0,0.0,2.1006965293623154,6.4,-4.299303470637685,,,,,,,,1.44,0,0,0,92,0,0,0,0,0,1,1,1,1,1,1
P-709795,2025-02,Energy Storage,Uttar Pradesh,Ministry of Petroleum & Natural Gas,26,64,0,0.0,2.487090188543293,7.2,-4.712909811456708,0.7999999999999998,,,64.34999999999997,,,,1.45,0,0,0,92,0,0,0,0,0,1,1,1,1,1,1
P-709795,2025-03,Energy Storage,Uttar Pradesh,Ministry of Petroleum & Natural Gas,27,63,0,0.0,2.8654377326768343,9.3,-6.434562267323166,2.1000000000000005,,,63.00999999999999,,,,1.4396825396825397,0,0,0,92,0,0,0,0,0,1,1,1,1,1,1
P-709795,2025-04,Energy Storage,Uttar Pradesh,Ministry of Petroleum & Natural Gas,28,62,0,0.0,3.165545814819263,9.4,-6.234454185180738,0.09999999999999964,3.0,,49.980000000000075,177.34000000000003,,1.0,1.461290322580645,1,0,0,92,0,0,0,0,0,1,1,1,1,1,1
P-709795,2025-05,Energy Storage,Uttar Pradesh,Ministry of Petroleum & Natural Gas,29,61,0,0.0,3.26654257235499,9.5,-6.2334574276450105,0.09999999999999964,2.3,,16.819999999999936,129.81,,0.7666666666666666,1.4836065573770492,2,0,0,92,0,0,0,0,0,1,1,1,1,1,1
P-709795,2025-06,Energy Storage,Uttar Pradesh,Ministry of Petroleum & Natural Gas,30,60,0,0.0,3.3046715503782873,9.7,-6.3953284496217115,0.1999999999999993,0.3999999999999986,,6.350000000000023,73.15000000000003,,0.13333333333333286,1.505,3,0,0,92,0,0,0,0,0,1,1,1,1,1,1
P-709795,2025-07,Energy Storage,Uttar Pradesh,Ministry of Petroleum & Natural Gas,31,59,0,0.0,3.6220127296745526,9.0,-5.377987270325447,-0.6999999999999993,-0.40000000000000036,2.5999999999999996,52.85000000000002,76.01999999999998,253.36,-0.13333333333333344,1.5423728813559323,0,0,0,82,0,0,0,0,0,1,1,1,1,1,1
P-709795,2025-08,Energy Storage,Uttar Pradesh,Ministry of Petroleum & Natural Gas,32,58,0,0.0,3.3525279212201275,11.0,-7.647472078779872,2.0,1.5,3.8,-44.879999999999995,14.32000000000005,144.13000000000005,0.5,1.5344827586206897,0,0,0,78,0,0,0,0,0,1,1,1,1,1,1
P-709795,2025-09,Energy Storage,Uttar Pradesh,Ministry of Petroleum & Natural Gas,33,57,0,0.0,3.5467155037828744,11.0,-7.453284496217126,0.0,1.3000000000000007,1.6999999999999993,32.33999999999992,40.309999999999945,113.45999999999998,0.43333333333333357,1.5614035087719298,1,0,0,82,0,0,0,0,0,1,1,1,1,1,1
P-709795,2025-10,Energy Storage,Uttar Pradesh,Ministry of Petroleum & Natural Gas,34,56,0,0.0,3.578299507625795,12.0,-8.421700492374205,1.0,3.0,2.5999999999999996,5.259999999999991,-7.280000000000086,68.7399999999999,1.0,1.5714285714285714,0,0,0,90,0,0,0,0,0,1,1,1,1,1,1
P-709796,2025-01,Energy Storage,Tamil Nadu,Ministry of Petroleum & Natural Gas,25,62,0,0.0,4.12483039348711,7.2,-3.0751696065128904,,,,,,,,1.4967741935483871,0,0,0,92,0,0,0,0,0,1,1,1,1,1,1
P-709796,2025-02,Energy Storage,Tamil Nadu,Ministry of Petroleum & Natural Gas,26,61,0,0.0,4.465943012211669,8.2,-3.73405698778833,0.9999999999999991,,,12.569999999999993,,,,1.5049180327868852,0,0,0,92,0,0,0,0,0,1,1,1,1,1,1
P-709796,2025-03,Energy Storage,Tamil Nadu,Ministry of Petroleum & Natural Gas,27,60,0,0.0,5.122388059701493,10.0,-4.877611940298507,1.8000000000000007,,,24.189999999999998,,,,1.5,0,0,0,92,0,0,0,0,0,1,1,1,1,1,1
P-709796,2025-04,Energy Storage,Tamil Nadu,Ministry of Petroleum & Natural Gas,28,59,0,0.0,5.248846675712348,10.4,-5.151153324287653,0.40000000000000036,3.2,,4.659999999999997,41.41999999999999,,1.0666666666666667,1.51864406779661,1,0,0,92,0,0,0,0,0,1,1,1,1,1,1
P-709796,2025-05,Energy Storage,Tamil Nadu,Ministry of Petroleum & Natural Gas,29,58,0,0.0,5.566892808683853,10.8,-5.233107191316147,0.40000000000000036,2.6000000000000014,,11.719999999999999,40.56999999999999,,0.8666666666666671,1.5379310344827586,2,0,0,92,0,0,0,0,0,1,1,1,1,1,1
P-709796,2025-06,Energy Storage,Tamil Nadu,Ministry of Petroleum & Natural Gas,30,57,0,0.0,5.804341926729986,11.2,-5.395658073270013,0.3999999999999986,1.1999999999999993,,8.75,25.129999999999995,,0.39999999999999974,1.5578947368421052,3,0,0,92,0,0,0,0,0,1,1,1,1,1,1
P-709796,2025-07,Energy Storage,Tamil Nadu,Ministry of Petroleum & Natural Gas,31,56,0,0.0,6.3533242876526455,11.0,-4.6466757123473545,-0.1999999999999993,0.5999999999999996,3.8,20.230000000000018,40.70000000000002,82.12,0.19999999999999987,1.5892857142857142,4,0,0,82,0,0,0,0,0,1,1,1,1,1,1
P-709796,2025-08,Energy Storage,Tamil Nadu,Ministry of Petroleum & Natural Gas,32,55,0,0.0,6.156580732700136,17.0,-10.843419267299865,6.0,6.199999999999999,8.8,-7.25,21.730000000000018,62.30000000000001,2.0666666666666664,1.509090909090909,0,0,0,78,0,0,0,0,0,1,1,1,1,1,1
P-709796,2025-09,Energy Storage,Tamil Nadu,Ministry of Petroleum & Natural Gas,33,54,0,0.0,6.459972862957938,18.0,-11.540027137042063,1.0,6.800000000000001,8.0,11.180000000000007,24.160000000000025,49.29000000000002,2.266666666666667,1.5185185185185186,0,0,0,82,0,0,0,0,0,1,1,1,1,1,1
P-709796,2025-10,Energy Storage,Tamil Nadu,Ministry of Petroleum & Natural Gas,34,53,0,0.0,6.633649932157395,20.0,-13.366350067842605,2.0,9.0,9.6,6.399999999999977,10.329999999999984,51.03,3.0,1.509433962264151,0,0,0,90,0,0,0,0,0,1,1,1,1,1,1
P-709797,2025-01,Energy Storage,Maharashtra,Ministry of Petroleum & Natural Gas,20,16,0,0.0,11.598839458413927,45.8,-34.20116054158607,,,,,,,,3.3875,0,0,0,92,0,0,0,0,0,1,1,1,1,1,1
P-709797,2025-02,Energy Storage,Maharashtra,Ministry of Petroleum & Natural Gas,21,15,0,0.0,13.141972920696325,48.0,-34.858027079303675,2.200000000000003,,,39.89000000000004,,,,3.466666666666667,0,0,0,92,0,0,0,0,0,1,1,1,1,1,1
P-709797,2025-03,Energy Storage,Maharashtra,Ministry of Petroleum & Natural Gas,22,14,0,0.0,15.583365570599613,51.0,-35.41663442940039,3.0,,,63.10999999999996,,,,3.5,0,0,0,92,0,0,0,0,0,1,1,1,1,1,1
P-709797,2025-04,Energy Storage,Maharashtra,Ministry of Petroleum & Natural Gas,23,13,0,0.0,16.965183752417794,53.0,-36.03481624758221,2.0,7.200000000000003,,35.72000000000003,138.72000000000003,,2.400000000000001,3.6153846153846154,0,0,0,92,0,0,0,0,0,1,1,1,1,1,1
P-709797,2025-05,Energy Storage,Maharashtra,Ministry of Petroleum & Natural Gas,24,12,0,0.0,17.915667311411994,53.8,-35.884332688588,0.7999999999999972,5.799999999999997,,24.569999999999993,123.39999999999998,,1.9333333333333325,3.85,0,0,0,92,0,0,0,0,0,1,1,1,1,1,1
P-709797,2025-06,Energy Storage,Maharashtra,Ministry of Petroleum & Natural Gas,25,11,0,0.0,20.338104448742747,56.5,-36.16189555125725,2.700000000000003,5.5,,62.620000000000005,122.91000000000003,,1.8333333333333333,3.9545454545454546,0,0,0,92,0,0,0,0,0,1,1,1,1,1,1
P-709797,2025-07,Energy Storage,Maharashtra,Ministry of Petroleum & Natural Gas,26,10,0,0.0,21.840618955512575,58.0,-36.159381044487425,1.5,5.0,12.200000000000003,38.84000000000003,126.03000000000003,264.75000000000006,1.6666666666666667,4.2,0,0,0,82,0,0,0,0,0,1,1,1,1,1,1
P-709797,2025-08,Energy Storage,Maharashtra,Ministry of Petroleum & Natural Gas,27,9,0,0.0,23.702127659574472,61.0,-37.29787234042553,3.0,7.200000000000003,13.0,48.120000000000005,149.58000000000004,272.98,2.400000000000001,4.333333333333333,0,0,0,90,0,0,0,0,0,1,1,1,1,1,1
P-709797,2025-09,Energy Storage,Maharashtra,Ministry of Petroleum & Natural Gas,28,8,0,0.0,26.25880077369439,63.0,-36.74119922630561,2.0,6.5,12.0,66.08999999999992,153.04999999999995,275.96,2.1666666666666665,4.625,0,0,0,82,0,0,0,0,0,1,1,1,1,1,1
P-709797,2025-10,Energy Storage,Maharashtra,Ministry of Petroleum & Natural Gas,29,7,0,0.0,27.540038684719537,65.0,-37.45996131528047,2.0,7.0,12.0,33.120000000000005,147.32999999999993,273.35999999999996,2.3333333333333335,5.0,0,0,0,90,0,0,0,0,0,1,1,1,1,1,1
P-709798,2025-01,Energy Storage,Madhya Pradesh,Ministry of Petroleum & Natural Gas,20,40,0,0.0,2.61281619664722,8.9,-6.2871838033527805,,,,,,,,2.2775,0,0,0,92,0,0,0,0,0,1,1,1,1,1,1
P-709798,2025-02,Energy Storage,Madhya Pradesh,Ministry of Petroleum & Natural Gas,21,39,0,0.0,2.942329420988309,9.9,-6.957670579011691,1.0,,,142.9000000000001,,,,2.31025641025641,0,0,0,92,0,0,0,0,0,1,1,1,1,1,1
P-709798,2025-03,Energy Storage,Madhya Pradesh,Ministry of Petroleum & Natural Gas,22,38,0,0.0,3.5580049346277125,11.0,-7.4419950653722875,1.0999999999999996,,,267.0,,,,2.3421052631578947,0,0,0,92,0,0,0,0,0,1,1,1,1,1,1
P-709798,2025-04,Energy Storage,Madhya Pradesh,Ministry of Petroleum & Natural Gas,23,37,0,0.0,3.63640556183273,11.5,-7.86359443816727,0.5,2.5999999999999996,,34.0,443.9000000000001,,0.8666666666666666,2.391891891891892,0,0,0,92,0,0,0,0,0,1,1,1,1,1,1
P-709798,2025-05,Energy Storage,Madhya Pradesh,Ministry of Petroleum & Natural Gas,24,36,0,0.0,3.6776811861553718,12.2,-8.522318813844628,0.6999999999999993,2.299999999999999,,17.90000000000009,318.9000000000001,,0.7666666666666663,2.4388888888888887,0,0,0,92,0,0,0,0,0,1,1,1,1,1,1
P-709798,2025-06,Energy Storage,Madhya Pradesh,Ministry of Petroleum & Natural Gas,25,35,0,0.0,3.8900546498489637,13.0,-9.109945350151037,0.8000000000000007,2.0,,92.09999999999991,144.0,,0.6666666666666666,2.4857142857142858,0,0,0,92,0,0,0,0,0,1,1,1,1,1,1
P-709798,2025-07,Energy Storage,Madhya Pradesh,Ministry of Petroleum & Natural Gas,26,34,0,0.0,4.124334171143957,13.0,-8.875665828856043,0.0,1.5,4.1,101.59999999999991,211.5999999999999,655.5,0.5,2.5588235294117645,1,0,0,82,0,0,0,0,0,1,1,1,1,1,1
P-709798,2025-08,Energy Storage,Madhya Pradesh,Ministry of Petroleum & Natural Gas,27,33,0,0.0,4.2785989346738305,14.0,-9.72140106532617,1.0,1.8000000000000007,4.1,66.90000000000009,260.5999999999999,579.5,0.6000000000000002,2.606060606060606,0,0,0,90,0,0,0,0,0,1,1,1,1,1,1
P-709798,2025-09,Energy Storage,Madhya Pradesh,Ministry of Petroleum & Natural Gas,28,32,0,0.0,4.412571771162405,15.0,-10.587428228837595,1.0,2.0,4.0,58.09999999999991,226.5999999999999,370.5999999999999,0.6666666666666666,2.65625,0,0,0,82,0,0,0,0,0,1,1,1,1,1,1
P-709798,2025-10,Energy Storage,Madhya Pradesh,Ministry of Petroleum & Natural Gas,29,31,0,0.0,4.508036064288515,16.0,-11.491963935711485,1.0,3.0,4.5,41.40000000000009,166.4000000000001,378.0,1.0,2.7096774193548385,0,0,0,90,0,0,0,0,0,1,1,1,1,1,1
P-709799,2025-01,Energy Storage,Kerala,Ministry of Petroleum & Natural Gas,13,33,0,0.0,2.0437219730941703,6.9,-4.85627802690583,,,,,,,,2.821212121212121,0,0,0,92,0,0,0,0,0,1,1,1,1,1,1
P-709799,2025-02,Energy Storage,Kerala,Ministry of Petroleum & Natural Gas,14,32,0,0.0,2.255829596412556,8.2,-5.944170403587443,1.299999999999999,,,9.459999999999994,,,,2.86875,0,0,0,92,0,0,0,0,0,1,1,1,1,1,1
P-709799,2025-03,Energy Storage,Kerala,Ministry of Petroleum & Natural Gas,15,31,0,0.0,2.8340807174887894,8.7,-5.86591928251121,0.5,,,25.790000000000006,,,,2.9451612903225803,0,0,0,92,0,0,0,0,0,1,1,1,1,1,1
P-709799,2025-04,Energy Storage,Kerala,Ministry of Petroleum & Natural Gas,16,30,0,0.0,4.807174887892376,9.6,-4.792825112107623,0.9000000000000004,2.6999999999999993,,88.0,123.25,,0.8999999999999998,3.0133333333333336,0,0,0,92,0,0,0,0,0,1,1,1,1,1,1
P-709799,2025-05,Energy Storage,Kerala,Ministry of Petroleum & Natural Gas,17,29,0,0.0,5.011210762331839,10.1,-5.088789237668161,0.5,1.9000000000000004,,9.099999999999994,122.89,,0.6333333333333334,3.1,0,0,0,92,0,0,0,0,0,1,1,1,1,1,1
P-709799,2025-06,Energy Storage,Kerala,Ministry of Petroleum & Natural Gas,18,28,0,0.0,5.396860986547085,11.1,-5.7031390134529145,1.0,2.4000000000000004,,17.19999999999999,114.29999999999998,,0.8000000000000002,3.1750000000000003,0,0,0,92,0,0,0,0,0,1,1,1,1,1,1
P-709799,2025-07,Energy Storage,Kerala,Ministry of Petroleum & Natural Gas,19,27,0,0.0,5.7318385650224215,12.0,-6.2681614349775785,0.9000000000000004,2.4000000000000004,5.1,14.939999999999998,41.23999999999998,164.48999999999998,0.8000000000000002,3.259259259259259,0,0,0,82,0,0,0,0,0,1,1,1,1,1,1
P-709799,2025-08,Energy Storage,Kerala,Ministry of Petroleum & Natural Gas,20,26,0,0.0,5.961659192825112,13.0,-7.038340807174888,1.0,2.9000000000000004,4.800000000000001,10.25,42.389999999999986,165.27999999999997,0.9666666666666668,3.3461538461538463,0,0,0,90,0,0,0,0,0,1,1,1,1,1,1
P-709799,2025-09,Energy Storage,Kerala,Ministry of Petroleum & Natural Gas,21,25,0,0.0,6.452914798206278,15.0,-8.547085201793722,2.0,3.9000000000000004,6.300000000000001,21.910000000000025,47.10000000000002,161.4,1.3,3.4,0,0,0,82,0,0,0,0,0,1,1,1,1,1,1
P-709799,2025-10,Energy Storage,Kerala,Ministry of Petroleum & Natural Gas,22,24,0,0.0,6.919058295964125,17.0,-10.080941704035876,2.0,5.0,7.4,20.789999999999964,52.94999999999999,94.18999999999997,1.6666666666666667,3.4583333333333335,0,0,0,90,0,0,0,0,1,1,1,1,1,1,1
P-709800,2025-07,Energy Storage,Odisha,Ministry of Petroleum & Natural Gas,51,8,0,0.0,25.509478070844132,43.0,-17.490521929155868,,,,,,,,7.125,0,0,0,98,0,0,0,0,0,1,1,1,1,1,1
P-709800,2025-08,Energy Storage,Odisha,Ministry of Petroleum & Natural Gas,52,7,0,0.0,26.566549778929712,44.0,-17.433450221070288,1.0,,,4.159999999999997,,,,8.0,0,0,0,98,0,0,0,0,0,1,1,1,1,1,1
P-709800,2025-09,Energy Storage,Odisha,Ministry of Petroleum & Natural Gas,53,6,0,0.0,27.40509223967068,45.0,-17.59490776032932,1.0,,,3.299999999999997,,,,9.166666666666666,0,0,0,90,0,0,1,0,0,1,1,1,1,1,1
P-709800,2025-10,Energy Storage,Odisha,Ministry of Petroleum & Natural Gas,54,5,0,0.0,28.172485643136657,48.0,-19.827514356863343,3.0,5.0,,3.0200000000000102,10.480000000000004,,1.6666666666666667,10.4,0,0,0,98,0,0,1,0,0,1,1,1,1,1,1
P-709812,2025-01,Railways,Gujarat,Ministry of Railways,,11,0,37.743782429772786,15.788790024030657,7.0,8.788790024030657,,,,,,,,8.454545454545455,0,0,0,92,0,0,,0,0,1,1,1,0,1,1
P-709812,2025-02,Railways,Gujarat,Ministry of Railways,33,10,-54,37.743782429772786,15.840748197700849,7.0,8.840748197700849,0.0,,,0.23999999999999488,,,,9.3,1,0,0,84,0,0,,0,0,1,1,1,0,1,1
P-709812,2025-03,Railways,Gujarat,Ministry of Railways,,9,0,37.743782429772786,15.8537377411184,7.0,8.8537377411184,0.0,,,0.060000000000002274,,,,10.333333333333334,2,0,0,84,0,0,,0,0,1,1,1,0,1,1
P-709812,2025-04,Railways,Gujarat,Ministry of Railways,35,8,-54,37.743782429772786,15.86672728453595,7.0,8.86672728453595,0.0,0.0,,0.060000000000002274,0.35999999999999943,,0.0,11.625,3,0,0,84,0,,,0,0,1,1,0,0,1,1
P-709812,2025-05,Railways,Gujarat,Ministry of Railways,36,7,-54,37.743782429772786,16.044251044575784,7.0,9.044251044575784,0.0,0.0,,0.8199999999999932,0.9399999999999977,,0.0,13.285714285714286,4,0,0,92,0,,,0,0,1,1,0,0,1,1
P-709812,2025-06,Railways,Gujarat,Ministry of Railways,37,6,-54,37.743782429772786,16.096209218245974,7.0,9.096209218245974,0.0,0.0,,0.23999999999999488,1.1199999999999903,,0.0,15.5,5,0,0,92,0,,,0,0,1,1,0,0,1,1
P-709812,2025-07,Railways,Gujarat,Ministry of Railways,,59,0,0.0,16.23692927193609,7.0,9.236929271936091,0.0,0.0,0.0,0.6500000000000057,1.7099999999999937,2.069999999999993,0.0,1.576271186440678,6,1,0,74,0,,,0,0,1,1,0,0,1,1
P-709812,2025-08,Railways,Gujarat,Ministry of Railways,,58,0,0.0,16.23692927193609,7.0,9.236929271936091,0.0,0.0,0.0,0.0,0.8900000000000006,1.8299999999999983,0.0,1.603448275862069,7,1,0,86,0,0,0,0,0,1,1,1,1,1,1
P-709812,2025-09,Railways,Gujarat,Ministry of Railways,40,57,0,0.0,16.23692927193609,7.0,9.236929271936091,0.0,0.0,0.0,0.0,0.6500000000000057,1.769999999999996,0.0,1.631578947368421,8,1,0,78,0,0,0,0,0,1,1,1,1,1,1
P-709812,2025-10,Railways,Gujarat,Ministry of Railways,41,56,0,0.0,20.107813210365656,7.0,13.107813210365656,0.0,0.0,0.0,17.879999999999995,17.879999999999995,19.58999999999999,0.0,1.6607142857142858,9,1,0,90,0,0,0,0,0,1,1,1,1,1,1
P-709813,2025-01,Railways,Gujarat,Ministry of Railways,27,33,0,0.0,0.0,,,,,,,,,,,0,0,0,80,1,0,0,0,0,1,1,1,1,1,1
P-709813,2025-02,Railways,Gujarat,Ministry of Railways,28,32,0,0.0,0.0,,,,,,0.0,,,,,0,0,0,80,1,0,0,0,0,1,1,1,1,1,1
P-709813,2025-03,Railways,Gujarat,Ministry of Railways,29,31,0,0.0,0.022872303927174584,,,,,,0.1,,,,,0,0,0,80,1,0,0,0,0,1,1,1,1,1,1
P-709813,2025-04,Railways,Gujarat,Ministry of Railways,30,30,0,0.0,5.432172182703964,,,,,,23.65,23.75,,,,0,0,0,72,1,0,0,0,0,1,1,1,1,1,1
P-709813,2025-05,Railways,Gujarat,Ministry of Railways,31,29,0,0.0,6.873127330115963,,,,,,6.300000000000001,30.05,,,,0,0,0,72,1,0,0,0,0,1,1,1,1,1,1
P-709813,2025-06,Railways,Gujarat,Ministry of Railways,32,28,0,0.0,9.894558678895725,9.0,0.8945586788957254,,,,13.209999999999997,43.16,,,3.25,0,0,0,92,0,0,0,0,0,1,1,1,1,1,1
P-709813,2025-07,Railways,Gujarat,Ministry of Railways,,27,0,0.0,9.83509068868507,15.0,-5.164909311314929,6.0,,,-0.259999999999998,19.25,43.0,,3.1481481481481484,0,0,0,70,0,0,0,0,0,1,1,1,1,1,1
P-709813,2025-08,Railways,Gujarat,Ministry of Railways,,26,0,0.0,9.83509068868507,15.0,-5.164909311314929,0.0,,,0.0,12.95,43.0,,3.269230769230769,1,0,0,86,0,0,0,0,0,1,1,1,1,1,1
P-709813,2025-09,Railways,Gujarat,Ministry of Railways,35,25,0,0.0,9.83509068868507,15.0,-5.164909311314929,0.0,6.0,,0.0,-0.259999999999998,42.9,2.0,3.4,2,0,0,78,0,0,0,0,0,1,1,1,1,1,1
P-709813,2025-10,Railways,Gujarat,Ministry of Railways,36,24,-8,0.0,4.3594611285194755,17.0,-12.640538871480524,2.0,2.0,,-23.94,-23.94,-4.690000000000001,0.6666666666666666,3.4583333333333335,0,0,0,78,0,0,0,0,0,1,1,1,1,1,1
P-709815,2025-01,Railways,Chhattisgarh,Ministry of Railways,25,23,0,0.0,0.11862396204033214,,,,,,,,,,,0,0,0,80,1,0,,0,0,1,1,1,0,1,1
P-709815,2025-02,Railways,Chhattisgarh,Ministry of Railways,26,22,0,0.0,0.11862396204033214,,,,,,0.0,,,,,0,0,0,80,1,0,,0,0,1,1,1,0,1,1
P-709815,2025-03,Railways,Chhattisgarh,Ministry of Railways,27,21,0,0.0,0.11862396204033214,,,,,,0.0,,,,,0,0,0,80,1,0,,0,0,1,1,1,0,1,1
P-709815,2025-04,Railways,Chhattisgarh,Ministry of Railways,28,20,0,0.0,3.5191775405298538,2.0,1.5191775405298538,,,,6.0200000000000005,6.0200000000000005,,,4.9,0,0,0,92,0,,,0,0,1,1,0,0,1,1
P-709815,2025-05,Railways,Chhattisgarh,Ministry of Railways,29,19,0,0.0,3.5191775405298538,2.0,1.5191775405298538,0.0,,,0.0,6.0200000000000005,,,5.157894736842105,1,0,0,88,0,,,0,0,1,1,0,0,1,1
P-709815,2025-06,Railways,Chhattisgarh,Ministry of Railways,30,18,0,0.0,8.201999661074394,2.0,6.201999661074394,0.0,,,8.29,14.309999999999999,,,5.444444444444445,2,0,0,92,0,,,0,0,1,1,0,0,1,1
P-709815,2025-07,Railways,Chhattisgarh,Ministry of Railways,14,29,11,0.0,0.0,0.0,0.0,-2.0,-2.0,,-14.52,-6.23,-0.21,-0.6666666666666666,3.4482758620689653,0,1,0,58,0,,,0,0,1,1,0,0,1,1
P-709815,2025-08,Railways,Chhattisgarh,Ministry of Railways,15,28,11,0.0,0.0,2.0,-2.0,2.0,0.0,,0.0,-6.23,-0.21,0.0,3.5,0,1,0,90,0,0,0,0,0,1,1,1,1,1,1
P-709815,2025-09,Railways,Chhattisgarh,Ministry of Railways,36,27,11,0.0,0.0,2.0,-2.0,0.0,0.0,,0.0,-14.52,-0.21,0.0,3.6296296296296298,1,1,0,78,0,0,0,0,0,1,1,1,1,1,1
P-709815,2025-10,Railways,Chhattisgarh,Ministry of Railways,37,26,11,0.0,0.0,3.0,-3.0,1.0,3.0,1.0,0.0,0.0,-6.23,1.0,3.730769230769231,0,1,0,90,0,0,0,0,0,1,1,1,1,1,1
P-709816,2025-01,Railways,Chhattisgarh,Ministry of Railways,28,20,0,4.897669466461612,0.6597496334724259,,,,,,,,,,,0,0,0,80,1,0,,0,0,1,1,1,0,1,1
P-709816,2025-02,Railways,Chhattisgarh,Ministry of Railways,29,19,0,4.897669466461612,0.6597496334724259,,,,,,0.0,,,,,0,0,0,80,1,0,,0,0,1,1,1,0,1,1
P-709816,2025-03,Railways,Chhattisgarh,Ministry of Railways,30,18,0,4.897669466461612,0.6597496334724259,,,,,,0.0,,,,,0,0,0,80,1,0,,0,0,1,1,1,0,1,1
P-709816,2025-04,Railways,Chhattisgarh,Ministry of Railways,31,17,0,4.897669466461612,0.9698883500620277,2.0,-1.0301116499379723,,,,0.55,0.55,,,5.764705882352941,0,0,0,92,0,,,0,0,1,1,0,0,1,1
P-709816,2025-05,Railways,Chhattisgarh,Ministry of Railways,32,16,0,4.897669466461612,0.9698883500620277,2.0,-1.0301116499379723,0.0,,,0.0,0.55,,,6.125,1,0,0,88,0,,,0,0,1,1,0,0,1,1
P-709816,2025-06,Railways,Chhattisgarh,Ministry of Railways,33,15,0,4.897669466461612,0.9698883500620277,2.0,-1.0301116499379723,0.0,,,0.0,0.55,,,6.533333333333333,2,0,0,88,0,,,0,0,1,1,0,0,1,1
P-709816,2025-07,Railways,Chhattisgarh,Ministry of Railways,14,19,0,0.0,0.42855531746926806,2.0,-1.571444682530732,0.0,0.0,,-0.96,-0.96,-0.4099999999999999,0.0,5.157894736842105,3,1,0,70,0,,,0,0,1,1,0,0,1,1
P-709816,2025-08,Railways,Chhattisgarh,Ministry of Railways,15,18,0,0.0,0.6541107477162512,2.0,-1.3458892522837487,0.0,0.0,,0.3999999999999999,-0.56,-0.010000000000000009,0.0,5.444444444444445,4,1,0,90,0,0,0,0,0,1,1,1,1,1,1
P-709816,2025-09,Railways,Chhattisgarh,Ministry of Railways,36,17,0,0.0,0.924777264012631,4.0,-3.075222735987369,2.0,2.0,,0.48,-0.08000000000000007,0.47,0.6666666666666666,5.647058823529412,0,1,0,82,0,0,0,0,0,1,1,1,1,1,1
P-709816,2025-10,Railways,Chhattisgarh,Ministry of Railways,37,16,0,0.0,0.924777264012631,5.0,-4.075222735987369,1.0,3.0,3.0,0.0,0.8799999999999999,-0.08000000000000007,1.0,5.9375,0,1,0,90,0,0,0,0,0,1,1,1,1,1,1
P-709817,2025-01,Railways,Chhattisgarh,Ministry of Railways,28,20,0,0.0,1.2125872471311958,,,,,,,,,,,0,0,0,80,1,0,,0,0,1,1,1,0,1,1
P-709817,2025-02,Railways,Chhattisgarh,Ministry of Railways,29,19,0,0.0,1.2125872471311958,5.0,-3.7874127528688044,,,,0.0,,,,5.0,0,0,0,92,0,0,,0,0,1,1,1,0,1,1
P-709817,2025-03,Railways,Chhattisgarh,Ministry of Railways,30,18,0,0.0,1.2125872471311958,20.0,-18.787412752868804,15.0,,,0.0,,,,4.444444444444445,0,0,0,92,0,0,,0,0,1,1,1,0,1,1
P-709817,2025-04,Railways,Chhattisgarh,Ministry of Railways,31,17,0,0.0,8.90216491186561,30.0,-21.09783508813439,10.0,,,13.0,13.0,,,4.117647058823529,0,0,0,92,0,,,0,0,1,1,0,0,1,1
P-709817,2025-05,Railways,Chhattisgarh,Ministry of Railways,32,16,0,0.0,9.262983556133916,30.0,-20.737016443866082,0.0,25.0,,0.6099999999999994,13.61,,8.333333333333334,4.375,1,0,0,92,0,,,0,0,1,1,0,0,1,1
P-709817,2025-06,Railways,Chhattisgarh,Ministry of Railways,33,15,0,0.0,10.623447296817698,30.0,-19.376552703182302,0.0,10.0,,2.3000000000000007,15.91,,3.3333333333333335,4.666666666666667,2,0,0,92,0,,,0,0,1,1,0,0,1,1
P-709817,2025-07,Railways,Chhattisgarh,Ministry of Railways,14,16,0,0.0,5.99195551875074,4.0,1.99195551875074,-26.0,-26.0,,-7.83,-4.92,8.080000000000002,-8.666666666666666,6.0,0,1,0,50,0,,,0,0,1,1,0,0,1,1
P-709817,2025-08,Railways,Chhattisgarh,Ministry of Railways,15,15,0,0.0,8.529516148113096,60.0,-51.470483851886904,56.0,30.0,55.0,4.289999999999999,-1.2400000000000002,12.370000000000001,10.0,2.6666666666666665,0,1,0,82,0,0,0,0,0,1,1,1,1,1,1
P-709817,2025-09,Railways,Chhattisgarh,Ministry of Railways,36,14,0,0.0,9.215663078197089,60.0,-50.78433692180291,0.0,30.0,40.0,1.1600000000000001,-2.380000000000001,13.530000000000001,10.0,2.857142857142857,1,1,0,82,0,0,0,0,0,1,1,1,1,1,1
P-709817,2025-10,Railways,Chhattisgarh,Ministry of Railways,37,13,0,0.0,10.552466579912457,60.0,-49.447533420087545,0.0,56.0,30.0,2.26,7.709999999999999,2.789999999999999,18.666666666666668,3.076923076923077,2,1,0,90,0,0,0,0,0,1,1,1,1,1,1
P-709818,2025-01,Railways,Chhattisgarh,Ministry of Railways,28,20,0,0.0,2.4456356216117436,5.0,-2.5543643783882564,,,,,,,,4.75,0,0,0,92,0,0,,0,0,1,1,1,0,1,1
P-709818,2025-02,Railways,Chhattisgarh,Ministry of Railways,29,19,0,0.0,2.7928366936711946,5.0,-2.2071633063288054,0.0,,,1.1400000000000006,,,,5.0,1,0,0,92,0,0,,0,0,1,1,1,0,1,1
P-709818,2025-03,Railways,Chhattisgarh,Ministry of Railways,30,18,0,0.0,3.895352378631906,15.0,-11.104647621368095,10.0,,,3.619999999999999,,,,4.722222222222222,0,0,0,92,0,0,,0,0,1,1,1,0,1,1
P-709818,2025-04,Railways,Chhattisgarh,Ministry of Railways,31,17,0,0.0,4.065907291222514,20.0,-15.934092708777486,5.0,15.0,,0.5600000000000005,5.32,,5.0,4.705882352941177,0,0,0,92,0,,,0,0,1,1,0,0,1,1
P-709818,2025-05,Railways,Chhattisgarh,Ministry of Railways,32,16,0,0.0,11.162209904367424,20.0,-8.837790095632576,0.0,15.0,,23.299999999999997,27.479999999999997,,5.0,5.0,1,0,0,92,0,,,0,0,1,1,0,0,1,1
P-709818,2025-06,Railways,Chhattisgarh,Ministry of Railways,33,15,0,0.0,11.817018943777791,20.0,-8.182981056222209,0.0,5.0,,2.1499999999999986,26.009999999999998,,1.6666666666666667,5.333333333333333,2,0,0,92,0,,,0,0,1,1,0,0,1,1
P-709818,2025-07,Railways,Chhattisgarh,Ministry of Railways,14,18,0,0.0,14.625083754644576,25.0,-10.374916245355424,5.0,5.0,20.0,9.220000000000006,34.67,39.99,1.6666666666666667,4.166666666666667,0,1,0,82,0,,,0,0,1,1,0,0,1,1
P-709818,2025-08,Railways,Chhattisgarh,Ministry of Railways,15,17,0,0.0,15.404763355058781,25.0,-9.595236644941219,0.0,5.0,20.0,2.559999999999995,13.93,41.41,1.6666666666666667,4.411764705882353,1,1,0,90,0,0,0,0,0,1,1,1,1,1,1
P-709818,2025-09,Railways,Chhattisgarh,Ministry of Railways,36,16,0,0.0,16.40981908996772,25.0,-8.59018091003228,0.0,5.0,10.0,3.3000000000000043,15.080000000000005,41.09,1.6666666666666667,4.6875,2,1,0,82,0,0,0,0,0,1,1,1,1,1,1
P-709818,2025-10,Railways,Chhattisgarh,Ministry of Railways,37,15,0,0.0,17.08594749345191,26.0,-8.914052506548089,1.0,1.0,6.0,2.219999999999999,8.079999999999998,42.75,0.3333333333333333,4.933333333333334,0,1,0,90,0,0,0,0,0,1,1,1,1,1,1
P-709819,2025-08,Railways,Chhattisgarh,Ministry of Railways,35,16,0,0.0,0.0,2.0,-2.0,2.0,,,0.0,0.0,0.0,,6.125,0,1,2,98,0,0,0,0,0,1,1,1,1,1,1
P-709819,2025-09,Railways,Chhattisgarh,Ministry of Railways,36,15,0,0.0,0.023860653781913627,3.0,-2.9761393462180865,1.0,,,0.04,0.04,0.04,,6.466666666666667,0,1,2,90,0,0,0,0,0,1,1,1,1,1,1
P-709819,2025-10,Railways,Chhattisgarh,Ministry of Railways,37,14,0,0.0,0.05368647100930566,4.0,-3.9463135289906943,1.0,4.0,,0.049999999999999996,0.09,0.09,1.3333333333333333,6.857142857142857,0,1,2,98,0,0,0,0,0,1,1,1,1,1,1
P-709826,2025-01,Steel,Chhattisgarh,Ministry of Steel,,12,0,29.90343865416133,50.61533595209721,68.02,-17.404664047902784,,,,,,,,2.6650000000000005,0,0,0,92,0,0,0,0,0,1,1,1,1,1,1
P-709826,2025-02,Steel,Chhattisgarh,Ministry of Steel,47,11,17,29.90343865416133,51.66431272160186,68.92,-17.255687278398142,0.9000000000000057,,,28.519999999999982,,,,2.825454545454545,0,0,0,84,0,0,0,0,0,1,1,1,1,1,1
P-709826,2025-03,Steel,Chhattisgarh,Ministry of Steel,48,10,17,29.90343865416133,54.15802327463182,69.93,-15.771976725368184,1.0100000000000051,,,67.79999999999995,,,,3.0069999999999992,0,0,0,92,0,0,0,0,0,1,1,1,1,1,1
P-709826,2025-04,Steel,Chhattisgarh,Ministry of Steel,49,9,17,29.90343865416133,54.17236762737049,70.31,-16.13763237262951,0.37999999999999545,2.2900000000000063,,0.38999999999987267,96.70999999999981,,0.7633333333333354,3.2988888888888885,1,0,0,92,0,0,0,0,0,1,1,1,1,1,1
P-709826,2025-05,Steel,Chhattisgarh,Ministry of Steel,50,8,17,29.90343865416133,54.84692001000426,70.81,-15.963079989995741,0.5,1.8900000000000006,,18.340000000000146,86.52999999999997,,0.6300000000000002,3.6487499999999997,0,0,0,92,0,0,0,0,0,1,1,1,1,1,1
P-709826,2025-06,Steel,Chhattisgarh,Ministry of Steel,51,7,17,29.90343865416133,55.30005443497962,71.31,-16.00994556502038,0.5,1.3799999999999955,,12.319999999999936,31.049999999999955,,0.45999999999999847,4.098571428571428,0,0,0,92,0,0,0,0,0,1,1,1,1,1,1
P-709826,2025-07,Steel,Chhattisgarh,Ministry of Steel,45,6,0,0.0,48.811625546188814,72.0,-23.188374453811186,0.6899999999999977,1.6899999999999977,3.980000000000004,-176.41000000000008,-145.75,-49.04000000000019,0.5633333333333326,4.666666666666667,0,0,0,54,0,0,,0,0,1,1,1,0,1,1
P-709826,2025-08,Steel,Chhattisgarh,Ministry of Steel,46,5,0,0.0,49.32544761736623,72.0,-22.67455238263377,0.0,1.1899999999999977,3.0799999999999983,13.970000000000027,-150.12000000000012,-63.590000000000146,0.3966666666666659,5.6,1,0,0,90,0,0,,0,0,1,1,1,0,1,1
P-709826,2025-09,Steel,Chhattisgarh,Ministry of Steel,47,4,0,0.0,50.1015138809198,73.0,-22.898486119080196,1.0,1.6899999999999977,3.069999999999993,21.100000000000136,-141.33999999999992,-110.28999999999996,0.5633333333333326,6.75,0,0,0,82,0,0,,0,0,1,1,1,0,1,1
P-709826,2025-10,Steel,Chhattisgarh,Ministry of Steel,48,3,0,0.0,50.93091171234791,77.0,-26.069088287652093,4.0,5.0,6.689999999999998,22.549999999999955,57.62000000000012,-88.12999999999988,1.6666666666666667,7.666666666666667,0,0,0,90,0,,,0,0,1,1,0,0,1,1
P-709827,2025-01,Steel,Chhattisgarh,Ministry of Steel,42,11,13,23.83161025350517,49.91851322373124,63.56,-13.641486776268763,,,,,,,,3.3127272727272725,0,0,0,92,0,0,0,0,0,1,1,1,1,1,1
P-709827,2025-02,Steel,Chhattisgarh,Ministry of Steel,43,10,13,23.83161025350517,53.97855611150822,68.5,-14.521443888491781,4.939999999999998,,,14.199999999999989,,,,3.15,0,0,0,92,0,0,0,0,0,1,1,1,1,1,1
P-709827,2025-03,Steel,Chhattisgarh,Ministry of Steel,44,9,13,23.83161025350517,58.64188706218728,74.0,-15.35811293781272,5.5,,,16.310000000000002,,,,2.888888888888889,0,0,0,92,0,0,0,0,0,1,1,1,1,1,1
P-709827,2025-04,Steel,Chhattisgarh,Ministry of Steel,45,8,13,23.83161025350517,62.48749106504646,78.0,-15.512508934953537,4.0,14.439999999999998,,13.450000000000017,43.96000000000001,,4.813333333333333,2.75,0,0,0,92,0,0,0,0,0,1,1,1,1,1,1
P-709827,2025-05,Steel,Chhattisgarh,Ministry of Steel,46,7,13,23.83161025350517,66.43030736240172,80.66,-14.229692637598276,2.6599999999999966,12.159999999999997,,13.789999999999992,43.55000000000001,,4.053333333333332,2.7628571428571433,0,0,0,92,0,0,0,0,0,1,1,1,1,1,1
P-709827,2025-06,Steel,Chhattisgarh,Ministry of Steel,47,6,13,23.83161025350517,68.33166547533953,81.86,-13.528334524660465,1.2000000000000028,7.859999999999999,,6.650000000000006,33.890000000000015,,2.6199999999999997,3.0233333333333334,0,0,0,92,0,0,0,0,0,1,1,1,1,1,1
P-709827,2025-07,Steel,Chhattisgarh,Ministry of Steel,33,5,0,0.0,70.74195854181558,85.0,-14.258041458184422,3.1400000000000006,7.0,21.439999999999998,8.429999999999978,28.869999999999976,72.82999999999998,2.3333333333333335,3.0,0,0,0,66,0,0,,0,0,1,1,1,0,1,1
P-709827,2025-08,Steel,Chhattisgarh,Ministry of Steel,34,4,0,0.0,80.77769835596855,88.0,-7.222301644031447,3.0,7.340000000000003,19.5,35.099999999999994,50.17999999999998,93.72999999999999,2.4466666666666677,3.0,0,0,0,90,0,0,,0,0,1,1,1,0,1,1
P-709830,2025-01,Urban Public Transport,Odisha,Ministry of Mines,109,22,72,63.66197183098591,22.51118760757315,12.6,9.911187607573149,,,,,,,,3.972727272727273,0,0,0,92,0,1,,0,0,1,1,1,0,1,1
P-709830,2025-02,Urban Public Transport,Odisha,Ministry of Mines,110,30,81,63.66197183098591,22.51118760757315,12.6,9.911187607573149,0.0,,,0.0,,,,2.9133333333333336,1,1,0,88,0,0,,0,0,1,1,1,0,1,1
P-709830,2025-03,Urban Public Transport,Odisha,Ministry of Mines,111,29,81,63.66197183098591,28.14974182444062,12.6,15.549741824440622,0.0,,,32.76000000000002,,,,3.013793103448276,2,1,0,92,0,0,,0,0,1,1,1,0,1,1
P-709830,2025-04,Urban Public Transport,Odisha,Ministry of Mines,112,28,81,63.66197183098591,28.14974182444062,12.6,15.549741824440622,0.0,0.0,,0.0,32.76000000000002,,0.0,3.1214285714285714,3,1,0,80,0,,,0,0,1,1,0,0,1,1
P-709830,2025-05,Urban Public Transport,Odisha,Ministry of Mines,113,27,81,63.66197183098591,28.14974182444062,12.6,15.549741824440622,0.0,0.0,,0.0,32.76000000000002,,0.0,3.2370370370370374,4,1,0,80,0,,,0,0,1,1,0,0,1,1
P-709830,2025-06,Urban Public Transport,Odisha,Ministry of Mines,114,26,81,63.66197183098591,28.14974182444062,12.6,15.549741824440622,0.0,0.0,,0.0,0.0,,0.0,3.3615384615384616,5,1,0,88,0,,,0,0,1,1,0,0,1,1
P-709830,2025-07,Urban Public Transport,Odisha,Ministry of Mines,99,16,0,63.66197183098591,0.0,0.0,0.0,-12.6,-12.6,-12.6,-163.55,-163.55,-130.79,-4.2,6.25,0,2,0,42,0,,,0,0,1,1,0,0,1,1
P-709830,2025-08,Urban Public Transport,Odisha,Ministry of Mines,100,15,0,63.66197183098591,0.0,0.0,0.0,0.0,-12.6,-12.6,0.0,-163.55,-130.79,-4.2,6.666666666666667,1,2,0,86,0,0,0,0,0,1,1,1,1,1,1
P-709831,2025-08,Urban Public Transport,Odisha,Ministry of Mines,93,10,13,0.0,83.36853002070393,90.0,-6.631469979296071,0.0,0.7000000000000028,1.7800000000000011,-0.7699999999999818,17.470000000000027,30.24000000000001,0.23333333333333428,1.0,1,2,2,78,0,0,0,0,0,1,1,1,1,1,1
P-709831,2025-09,Urban Public Transport,Odisha,Ministry of Mines,94,9,13,0.0,84.19047619047619,90.0,-5.80952380952381,0.0,0.5699999999999932,1.4000000000000057,3.9699999999999704,18.889999999999986,23.810000000000002,0.18999999999999773,1.1111111111111112,2,2,2,82,0,0,0,0,0,1,1,1,1,1,1
P-709831,2025-10,Urban Public Transport,Odisha,Ministry of Mines,95,8,13,0.0,85.2567287784679,90.0,-4.743271221532098,0.0,0.0,1.1299999999999955,5.150000000000034,8.350000000000023,28.600000000000023,0.0,1.25,3,2,2,90,0,0,0,0,0,1,1,1,1,1,1
P-709832,2025-08,Urban Public Transport,Tamil Nadu,Ministry of Mines,95,7,12,0.0,81.32530120481928,65.0,16.325301204819283,0.0,0.0,0.0,0.0,-0.6299999999999955,-0.6299999999999955,0.0,5.0,7,2,1,86,0,0,0,0,0,1,1,1,1,1,1
P-709832,2025-09,Urban Public Transport,Tamil Nadu,Ministry of Mines,96,6,12,0.0,81.32530120481928,65.0,16.325301204819283,0.0,0.0,0.0,0.0,-0.6299999999999955,-0.6299999999999955,0.0,5.833333333333333,8,2,1,78,0,0,0,0,0,1,1,1,1,1,1
P-709832,2025-10,Urban Public Transport,Tamil Nadu,Ministry of Mines,97,5,12,0.0,81.32530120481928,65.0,16.325301204819283,0.0,0.0,0.0,0.0,0.0,-0.6299999999999955,0.0,7.0,9,2,1,86,0,0,0,0,0,1,1,1,1,1,1
P-709837,2025-07,Energy Storage,Tripura,Ministry of Petroleum & Natural Gas,40,5,19,-37.17575120622941,50.163485666489244,62.0,-11.836514333510756,,,,,,,,7.6,0,0,0,98,0,0,1,0,0,1,1,1,1,1,1
P-709837,2025-08,Energy Storage,Tripura,Ministry of Petroleum & Natural Gas,41,4,19,-37.17575120622941,52.376245152459894,62.0,-9.623754847540106,0.0,,,2.9099999999999966,,,,9.5,1,0,0,98,0,1,1,0,0,1,1,1,1,1,1
P-709837,2025-09,Energy Storage,Tripura,Ministry of Petroleum & Natural Gas,42,3,19,-37.17575120622941,52.391453121435646,63.0,-10.608546878564354,1.0,,,0.020000000000010232,,,,12.333333333333334,0,0,0,90,0,1,1,0,0,1,1,1,1,1,1
P-709837,2025-10,Energy Storage,Tripura,Ministry of Petroleum & Natural Gas,43,2,19,-37.17575120622941,53.303931259980224,66.0,-12.696068740019776,3.0,4.0,,1.1999999999999886,4.1299999999999955,,1.3333333333333333,17.0,0,0,0,98,0,1,1,0,0,1,1,1,1,1,1
P-709838,2025-01,Energy Storage,Gujarat,Ministry of Petroleum & Natural Gas,36,10,12,0.0,19.810106211779853,21.4,-1.5898937882201452,,,,,,,,7.859999999999999,0,0,0,92,0,0,0,0,0,1,1,1,1,1,1
P-709838,2025-02,Energy Storage,Gujarat,Ministry of Petroleum & Natural Gas,37,9,12,0.0,19.810106211779853,21.4,-1.5898937882201452,0.0,,,0.0,,,,8.733333333333333,1,0,0,88,0,0,0,0,0,1,1,1,1,1,1
P-709838,2025-03,Energy Storage,Gujarat,Ministry of Petroleum & Natural Gas,38,8,12,0.0,20.95268747988413,21.4,-0.44731252011586875,0.0,,,7.099999999999994,,,,9.825,2,0,0,92,0,0,0,0,0,1,1,1,1,1,1
P-709838,2025-04,Energy Storage,Gujarat,Ministry of Petroleum & Natural Gas,39,7,12,0.0,22.158030254264563,21.4,0.7580302542645647,0.0,0.0,,7.490000000000009,14.590000000000003,,0.0,11.228571428571428,3,0,0,92,0,0,1,0,1,1,1,1,1,1,1
P-709838,2025-05,Energy Storage,Gujarat,Ministry of Petroleum & Natural Gas,40,6,12,0.0,22.158030254264563,21.4,0.7580302542645647,0.0,0.0,,0.0,14.590000000000003,,0.0,13.1,4,0,0,88,0,0,1,0,1,1,1,1,1,1,1
P-709838,2025-06,Energy Storage,Gujarat,Ministry of Petroleum & Natural Gas,41,5,12,0.0,22.158030254264563,21.4,0.7580302542645647,0.0,0.0,,0.0,7.490000000000009,,0.0,15.719999999999999,5,0,0,88,0,0,1,0,1,1,1,1,1,1,1
P-709838,2025-07,Energy Storage,Gujarat,Ministry of Petroleum & Natural Gas,42,4,12,0.0,22.161248793047957,21.0,1.1612487930479567,-0.3999999999999986,-0.3999999999999986,-0.3999999999999986,0.020000000000010232,0.020000000000010232,14.610000000000014,-0.13333333333333286,19.75,6,0,0,82,0,1,1,1,1,1,1,1,1,1,1
P-709838,2025-08,Energy Storage,Gujarat,Ministry of Petroleum & Natural Gas,43,3,12,0.0,22.161248793047957,21.0,1.1612487930479567,0.0,-0.3999999999999986,-0.3999999999999986,0.0,0.020000000000010232,14.610000000000014,-0.13333333333333286,26.333333333333332,7,0,0,86,0,1,1,1,1,1,1,1,1,1,1
P-709838,2025-09,Energy Storage,Gujarat,Ministry of Petroleum & Natural Gas,44,2,12,0.0,22.162858062439653,21.0,1.1628580624396534,0.0,-0.3999999999999986,-0.3999999999999986,0.009999999999990905,0.030000000000001137,7.52000000000001,-0.13333333333333286,39.5,8,0,0,78,0,1,1,1,1,1,1,1,1,1,1
P-709838,2025-10,Energy Storage,Gujarat,Ministry of Petroleum & Natural Gas,45,19,30,18.92822658513035,18.63684338718844,24.0,-5.3631566128115615,3.0,3.0,2.6000000000000014,0.009999999999990905,0.01999999999998181,0.03999999999999204,1.0,4.0,0,1,1,90,0,0,0,0,0,1,1,1,1,1,1
P-709839,2025-01,Energy Storage,Offshore,Ministry of Petroleum & Natural Gas,31,13,4,54.59136523654754,22.3457522358707,23.7,-1.3542477641292976,,,,,,,,5.869230769230769,0,0,0,92,0,0,0,0,0,1,1,1,1,1,1
P-709839,2025-02,Energy Storage,Offshore,Ministry of Petroleum & Natural Gas,32,12,4,54.59136523654754,31.79650064773916,58.2,-26.403499352260845,34.5,,,605.5,,,,3.483333333333333,0,0,0,92,0,0,0,0,0,1,1,1,1,1,1
P-709839,2025-03,Energy Storage,Offshore,Ministry of Petroleum & Natural Gas,33,11,4,54.59136523654754,43.42849115797031,69.4,-25.971508842029692,11.200000000000003,,,745.25,,,,2.7818181818181813,0,0,0,92,0,0,0,0,0,1,1,1,1,1,1
P-709839,2025-04,Energy Storage,Offshore,Ministry of Petroleum & Natural Gas,34,10,4,54.59136523654754,43.4337979365996,77.1,-33.66620206340039,7.699999999999989,53.39999999999999,,0.3400000000001455,1351.0900000000001,,17.799999999999997,2.2900000000000005,0,0,0,92,0,0,0,0,0,1,1,1,1,1,1
P-709839,2025-05,Energy Storage,Offshore,Ministry of Petroleum & Natural Gas,35,9,4,54.59136523654754,49.99703444723657,80.5,-30.502965552763428,3.4000000000000057,22.299999999999997,,420.5,1166.0900000000001,,7.433333333333333,2.1666666666666665,0,0,0,92,0,0,0,0,0,1,1,1,1,1,1
P-709839,2025-06,Energy Storage,Offshore,Ministry of Petroleum & Natural Gas,36,8,4,54.59136523654754,49.99703444723657,80.5,-30.502965552763428,0.0,11.099999999999994,,0.0,420.84000000000015,,3.699999999999998,2.4375,1,0,0,88,0,0,0,0,0,1,1,1,1,1,1
P-709839,2025-07,Energy Storage,Offshore,Ministry of Petroleum & Natural Gas,37,7,4,54.59136523654754,58.8451513212318,83.0,-24.154848678768197,2.5,5.900000000000006,59.3,566.8899999999999,987.3899999999999,2338.48,1.9666666666666686,2.4285714285714284,0,0,0,74,0,0,0,0,0,1,1,1,1,1,1
P-709839,2025-08,Energy Storage,Offshore,Ministry of Petroleum & Natural Gas,38,6,4,54.59136523654754,60.786495809205704,85.0,-24.213504190794296,2.0,4.5,26.799999999999997,124.38000000000011,691.27,1857.3600000000001,1.5,2.5,0,0,0,90,0,0,1,0,0,1,1,1,1,1,1
P-709839,2025-09,Energy Storage,Offshore,Ministry of Petroleum & Natural Gas,39,5,4,54.59136523654754,68.70186829824097,87.0,-18.298131701759033,2.0,6.5,17.599999999999994,507.12999999999965,1198.3999999999996,1619.2399999999998,2.1666666666666665,2.6,0,0,0,82,0,0,1,0,0,1,1,1,1,1,1
P-709839,2025-10,Energy Storage,Offshore,Ministry of Petroleum & Natural Gas,40,4,4,54.59136523654754,71.23335778613684,88.0,-16.766642213863165,1.0,5.0,10.900000000000006,162.1900000000005,793.7000000000003,1781.0900000000001,1.6666666666666667,3.0,0,0,0,90,0,0,1,0,0,1,1,1,1,1,1
P-709840,2025-01,Energy Storage,Gujarat,Ministry of Petroleum & Natural Gas,32,8,7,0.0,71.05801226797097,88.2,-17.141987732029037,,,,,,,,1.4749999999999996,0,0,0,92,0,0,,0,0,1,1,1,0,1,1
P-709840,2025-02,Energy Storage,Gujarat,Ministry of Petroleum & Natural Gas,33,7,7,0.0,73.83634687086557,90.2,-16.363653129134434,2.0,,,6.929999999999978,,,,1.3999999999999997,0,0,0,92,0,0,,0,0,1,1,1,0,1,1
P-709840,2025-03,Energy Storage,Gujarat,Ministry of Petroleum & Natural Gas,34,6,7,0.0,83.66275107244518,91.1,-7.437248927554819,0.8999999999999915,,,24.51000000000002,,,,1.4833333333333343,0,0,0,92,0,0,,0,0,1,1,1,0,1,1
P-709840,2025-04,Energy Storage,Gujarat,Ministry of Petroleum & Natural Gas,35,5,7,0.0,83.71486990337971,92.0,-8.285130096620293,0.9000000000000057,3.799999999999997,,0.12999999999999545,31.569999999999993,,1.2666666666666657,1.6,0,0,0,92,0,,,0,0,1,1,0,0,1,1
P-709840,2025-05,Energy Storage,Gujarat,Ministry of Petroleum & Natural Gas,36,4,7,0.0,83.95140921300565,93.0,-9.048590786994353,1.0,2.799999999999997,,0.5900000000000034,25.230000000000018,,0.9333333333333323,1.75,0,0,0,92,0,,,0,0,1,1,0,0,1,1
P-709840,2025-06,Energy Storage,Gujarat,Ministry of Petroleum & Natural Gas,37,3,7,0.0,83.95942749468789,93.7,-9.740572505312116,0.7000000000000028,2.6000000000000085,,0.01999999999998181,0.7399999999999807,,0.8666666666666695,2.099999999999999,0,0,0,92,0,,,0,0,1,1,0,0,1,1
P-709840,2025-07,Energy Storage,Gujarat,Ministry of Petroleum & Natural Gas,38,5,10,0.0,83.95942749468789,93.0,-9.040572505312113,-0.7000000000000028,1.0,4.799999999999997,0.0,0.6099999999999852,32.17999999999998,0.3333333333333333,1.4,0,1,0,82,0,,,0,0,1,1,0,0,1,1
P-709840,2025-08,Energy Storage,Gujarat,Ministry of Petroleum & Natural Gas,39,4,10,0.0,83.97145491721123,94.0,-10.028545082788767,1.0,1.0,3.799999999999997,0.030000000000001137,0.04999999999998295,25.28,0.3333333333333333,1.5,0,1,0,90,0,0,1,0,0,1,1,1,1,1,1
P-709840,2025-09,Energy Storage,Gujarat,Ministry of Petroleum & Natural Gas,40,3,10,0.0,84.14785711422041,94.0,-9.852142885779585,0.0,0.29999999999999716,2.9000000000000057,0.4399999999999977,0.46999999999999886,1.2099999999999795,0.09999999999999905,2.0,1,1,0,82,0,1,1,0,0,1,1,1,1,1,1
P-709840,2025-10,Energy Storage,Gujarat,Ministry of Petroleum & Natural Gas,41,2,10,0.0,84.36034157879966,95.0,-10.639658421200338,1.0,2.0,3.0,0.5300000000000011,1.0,1.6099999999999852,0.6666666666666666,2.5,0,1,0,90,0,1,1,0,0,1,1,1,1,1,1
P-709841,2025-01,Energy Storage,Gujarat,Ministry of Petroleum & Natural Gas,42,6,0,-1.843610934520024,78.90367404616109,81.6,-2.696325953838908,,,,,,,,3.0666666666666678,0,0,0,92,0,0,,0,0,1,1,1,0,1,1
P-709841,2025-02,Energy Storage,Gujarat,Ministry of Petroleum & Natural Gas,43,5,0,-1.843610934520024,80.48162976919454,82.5,-2.018370230805459,0.9000000000000057,,,2.680000000000007,,,,3.5,0,0,0,92,0,0,,0,0,1,1,1,0,1,1
P-709841,2025-03,Energy Storage,Gujarat,Ministry of Petroleum & Natural Gas,44,4,0,-1.843610934520024,81.24705605275554,83.3,-2.052943947244458,0.7999999999999972,,,1.3000000000000114,,,,4.175000000000001,0,0,0,92,0,0,,0,0,1,1,1,0,1,1
P-709841,2025-04,Energy Storage,Gujarat,Ministry of Petroleum & Natural Gas,45,3,0,-1.843610934520024,82.66603862458784,84.0,-1.3339613754121586,0.7000000000000028,2.4000000000000057,,2.4099999999999966,6.390000000000015,,0.8000000000000019,5.333333333333333,0,0,0,92,0,,,0,0,1,1,0,0,1,1
P-709841,2025-05,Energy Storage,Gujarat,Ministry of Petroleum & Natural Gas,46,2,0,-1.843610934520024,82.69547809703249,84.0,-1.3045219029675081,0.0,1.5,,0.04999999999998295,3.759999999999991,,0.5,8.0,1,0,0,92,0,,,0,0,1,1,0,0,1,1
P-709841,2025-06,Energy Storage,Gujarat,Ministry of Petroleum & Natural Gas,47,1,0,-1.843610934520024,84.38530381535563,86.5,-2.114696184644373,2.5,3.200000000000003,,2.8700000000000045,5.329999999999984,,1.0666666666666675,13.5,0,0,0,92,0,,,0,0,1,1,0,0,1,1
P-709841,2025-07,Energy Storage,Gujarat,Ministry of Petroleum & Natural Gas,48,8,8,-1.843610934520024,87.14083843617522,87.0,0.14083843617521552,0.5,3.0,5.400000000000006,4.680000000000007,7.599999999999994,13.990000000000009,1.0,1.625,0,1,0,82,0,,,0,0,1,1,0,0,1,1
P-709841,2025-08,Energy Storage,Gujarat,Ministry of Petroleum & Natural Gas,49,7,8,-1.843610934520024,86.56382477626002,87.0,-0.43617522373997986,0.0,3.0,4.5,-0.9799999999999898,6.570000000000022,10.330000000000013,1.0,1.8571428571428572,1,1,0,78,0,0,0,0,0,1,1,1,1,1,1
P-709841,2025-09,Energy Storage,Gujarat,Ministry of Petroleum & Natural Gas,50,6,8,-1.843610934520024,87.00541686292982,88.0,-0.9945831370701796,1.0,1.5,4.700000000000003,0.75,4.450000000000017,9.780000000000001,0.5,2.0,0,1,0,82,0,0,1,0,0,1,1,1,1,1,1
P-709841,2025-10,Energy Storage,Gujarat,Ministry of Petroleum & Natural Gas,51,5,8,-1.843610934520024,89.72562411681581,89.0,0.7256241168158084,1.0,2.0,5.0,4.619999999999976,4.389999999999986,11.98999999999998,0.6666666666666666,2.2,0,1,0,90,0,0,1,0,0,1,1,1,1,1,1
P-709842,2025-01,Energy Storage,Gujarat,Ministry of Petroleum & Natural Gas,,26,0,0.0,57.777613435434745,56.8,0.9776134354347477,,,,,,,,1.6615384615384616,0,0,0,92,0,0,0,0,0,1,1,1,1,1,1
P-709842,2025-02,Energy Storage,Gujarat,Ministry of Petroleum & Natural Gas,30,25,0,0.0,57.777613435434745,56.8,0.9776134354347477,0.0,,,0.0,,,,1.7280000000000002,1,0,0,80,0,0,0,0,0,1,1,1,1,1,1
P-709842,2025-03,Energy Storage,Gujarat,Ministry of Petroleum & Natural Gas,31,24,0,0.0,61.71801991380991,59.0,2.7180199138099113,2.200000000000003,,,58.610000000000014,,,,1.7083333333333333,0,0,0,92,0,0,0,0,0,1,1,1,1,1,1
P-709842,2025-04,Energy Storage,Gujarat,Ministry of Petroleum & Natural Gas,32,23,0,0.0,62.29217229950047,60.0,2.2921722995004714,1.0,3.200000000000003,,8.539999999999964,67.14999999999998,,1.0666666666666675,1.7391304347826086,0,0,0,92,0,0,0,0,0,1,1,1,1,1,1
P-709842,2025-05,Energy Storage,Gujarat,Ministry of Petroleum & Natural Gas,33,22,0,0.0,64.00387250321027,60.0,4.003872503210275,0.0,3.200000000000003,,25.460000000000036,92.61000000000001,,1.0666666666666675,1.8181818181818181,1,0,0,92,0,0,0,0,0,1,1,1,1,1,1
P-709842,2025-06,Energy Storage,Gujarat,Ministry of Petroleum & Natural Gas,34,21,0,0.0,64.00387250321027,60.0,4.003872503210275,0.0,1.0,,0.0,34.0,,0.3333333333333333,1.9047619047619047,2,0,0,88,0,0,0,0,0,1,1,1,1,1,1
P-709842,2025-07,Energy Storage,Gujarat,Ministry of Petroleum & Natural Gas,35,20,0,0.0,52.21223468982997,61.0,-8.78776531017003,1.0,1.0,4.200000000000003,-175.39,-149.92999999999995,-82.77999999999997,0.3333333333333333,1.95,0,0,0,70,0,0,0,0,0,1,1,1,1,1,1
P-709842,2025-08,Energy Storage,Gujarat,Ministry of Petroleum & Natural Gas,36,19,0,0.0,62.35671401967178,62.0,0.3567140196717773,1.0,2.0,5.200000000000003,150.89,-24.5,68.11000000000001,0.6666666666666666,2.0,0,0,0,90,0,0,0,0,0,1,1,1,1,1,1
P-709842,2025-09,Energy Storage,Gujarat,Ministry of Petroleum & Natural Gas,37,18,0,0.0,62.36007556759736,62.0,0.36007556759736303,0.0,2.0,3.0,0.049999999999954525,-24.450000000000045,9.549999999999955,0.6666666666666666,2.111111111111111,1,0,0,82,0,0,0,0,0,1,1,1,1,1,1
P-709842,2025-10,Energy Storage,Gujarat,Ministry of Petroleum & Natural Gas,38,17,0,0.0,63.02902360478953,62.0,1.0290236047895291,0.0,1.0,2.0,9.950000000000045,160.89,10.960000000000036,0.3333333333333333,2.235294117647059,2,0,0,90,0,0,0,0,0,1,1,1,1,1,1
P-709845,2025-01,Energy Storage,Gujarat,Ministry of Petroleum & Natural Gas,26,19,0,0.0,14.018200492034298,32.9,-18.881799507965702,,,,,,,,3.5315789473684207,0,0,0,92,0,0,0,0,0,1,1,1,1,1,1
P-709845,2025-02,Energy Storage,Gujarat,Ministry of Petroleum & Natural Gas,27,18,0,0.0,14.603386915709269,37.2,-22.596613084290734,4.300000000000004,,,4.900000000000006,,,,3.488888888888889,0,0,0,92,0,0,0,0,0,1,1,1,1,1,1
P-709845,2025-03,Energy Storage,Gujarat,Ministry of Petroleum & Natural Gas,28,17,0,0.0,17.636802254759118,39.5,-21.863197745240882,2.299999999999997,,,25.400000000000006,,,,3.5588235294117645,0,0,0,92,0,0,0,0,0,1,1,1,1,1,1
P-709845,2025-04,Energy Storage,Gujarat,Ministry of Petroleum & Natural Gas,29,16,0,0.0,19.497456230444023,42.1,-22.60254376955598,2.6000000000000014,9.200000000000003,,15.579999999999984,45.879999999999995,,3.0666666666666678,3.61875,0,0,0,92,0,0,0,0,0,1,1,1,1,1,1
P-709845,2025-05,Energy Storage,Gujarat,Ministry of Petroleum & Natural Gas,30,15,0,0.0,21.894332051496406,45.1,-23.205667948503596,3.0,7.899999999999999,,20.07000000000002,61.05000000000001,,2.633333333333333,3.6599999999999997,0,0,0,92,0,0,0,0,0,1,1,1,1,1,1
P-709845,2025-06,Energy Storage,Gujarat,Ministry of Petroleum & Natural Gas,31,14,0,0.0,22.344567320323883,46.7,-24.35543267967612,1.6000000000000014,7.200000000000003,,3.769999999999982,39.41999999999999,,2.400000000000001,3.807142857142857,0,0,0,92,0,0,0,0,0,1,1,1,1,1,1
P-709845,2025-07,Energy Storage,Gujarat,Ministry of Petroleum & Natural Gas,32,13,0,0.0,24.57544127833377,49.0,-24.42455872166623,2.299999999999997,6.899999999999999,16.1,18.680000000000007,42.52000000000001,88.4,2.2999999999999994,3.923076923076923,0,0,0,82,0,0,0,0,0,1,1,1,1,1,1
P-709845,2025-08,Energy Storage,Gujarat,Ministry of Petroleum & Natural Gas,33,12,0,0.0,26.16977571834619,52.0,-25.83022428165381,3.0,6.899999999999999,14.799999999999997,13.349999999999994,35.79999999999998,96.85,2.2999999999999994,4.0,0,0,0,90,0,0,0,0,0,1,1,1,1,1,1
P-709845,2025-09,Energy Storage,Gujarat,Ministry of Petroleum & Natural Gas,34,11,0,0.0,30.699596340793462,54.0,-23.300403659206538,2.0,7.299999999999997,14.5,37.93000000000001,69.96000000000001,109.38,2.4333333333333322,4.181818181818182,0,0,0,82,0,0,0,0,0,1,1,1,1,1,1
P-709845,2025-10,Energy Storage,Gujarat,Ministry of Petroleum & Natural Gas,35,10,0,0.0,34.44240093629827,56.0,-21.55759906370173,2.0,7.0,13.899999999999999,31.339999999999975,82.61999999999998,125.13999999999999,2.3333333333333335,4.4,0,0,0,90,0,0,0,0,0,1,1,1,1,1,1
P-709846,2025-01,Energy Storage,Maharashtra,Ministry of Petroleum & Natural Gas,26,2,10,-6.099321022074991,41.69854161208628,65.4,-23.701458387913725,,,,,,,,17.299999999999997,0,0,0,92,0,0,,0,0,1,1,1,0,1,1
P-709846,2025-02,Energy Storage,Maharashtra,Ministry of Petroleum & Natural Gas,27,1,10,-6.099321022074991,41.69854161208628,65.4,-23.701458387913725,0.0,,,0.0,,,,34.599999999999994,1,0,0,88,0,,,0,0,1,1,0,0,1,1
P-709846,2025-03,Energy Storage,Maharashtra,Ministry of Petroleum & Natural Gas,28,0,10,-6.099321022074991,59.25683346432626,77.6,-18.34316653567373,12.199999999999989,,,201.05999999999995,,,,22.400000000000006,0,0,0,92,0,,,0,0,1,1,0,0,1,1
P-709846,2025-04,Energy Storage,Maharashtra,Ministry of Petroleum & Natural Gas,29,-1,10,-6.099321022074991,59.292638197537336,84.0,-24.707361802462664,6.400000000000006,18.599999999999994,,0.41000000000008185,201.47000000000003,,6.199999999999998,16.0,0,0,0,84,0,,,0,0,1,1,0,0,1,1
P-709846,2025-05,Energy Storage,Maharashtra,Ministry of Petroleum & Natural Gas,30,6,18,-6.099321022074991,59.2943847698891,87.0,-27.7056152301109,3.0,21.599999999999994,,0.01999999999998181,201.49,,7.199999999999998,2.1666666666666665,0,1,0,84,0,,,0,0,1,1,0,0,1,1
P-709846,2025-06,Energy Storage,Maharashtra,Ministry of Petroleum & Natural Gas,31,5,18,-6.099321022074991,100.0,87.0,13.0,0.0,9.400000000000006,,466.1199999999999,466.54999999999995,,3.133333333333335,2.6,1,1,0,92,0,0,1,0,0,1,1,1,1,1,1
P-709846,2025-07,Energy Storage,Maharashtra,Ministry of Petroleum & Natural Gas,32,4,18,-6.099321022074991,65.08077897126888,90.0,-24.919221028731116,3.0,6.0,24.599999999999994,-399.8599999999999,66.27999999999997,267.75,2.0,2.5,0,1,0,70,0,1,1,0,0,1,1,1,1,1,1
P-709846,2025-08,Energy Storage,Maharashtra,Ministry of Petroleum & Natural Gas,33,3,18,-6.099321022074991,65.04322766570606,90.0,-24.956772334293944,0.0,3.0,24.599999999999994,-0.43000000000006366,65.82999999999993,267.31999999999994,1.0,3.3333333333333335,1,1,0,78,0,1,1,0,0,1,1,1,1,1,1
P-709847,2025-01,Energy Storage,Assam,Ministry of Petroleum & Natural Gas,24,15,0,0.0,48.22168758514739,41.6,6.6216875851473915,,,,,,,,3.893333333333333,0,0,0,92,0,0,0,0,0,1,1,1,1,1,1
P-709847,2025-02,Energy Storage,Assam,Ministry of Petroleum & Natural Gas,25,14,0,0.0,48.23328212411954,42.0,6.23328212411954,0.3999999999999986,,,0.03999999999999204,,,,4.142857142857143,1,0,0,92,0,0,0,0,0,1,1,1,1,1,1
P-709847,2025-03,Energy Storage,Assam,Ministry of Petroleum & Natural Gas,26,13,0,0.0,49.236209745210004,42.8,6.436209745210007,0.7999999999999972,,,3.460000000000008,,,,4.4,0,0,0,92,0,0,0,0,0,1,1,1,1,1,1
P-709847,2025-04,Energy Storage,Assam,Ministry of Petroleum & Natural Gas,27,12,0,0.0,49.262297457897326,44.1,5.162297457897324,1.3000000000000043,2.5,,0.08999999999997499,3.589999999999975,,0.8333333333333334,4.658333333333333,0,0,0,92,0,0,0,0,0,1,1,1,1,1,1
P-709847,2025-05,Energy Storage,Assam,Ministry of Petroleum & Natural Gas,28,11,0,0.0,49.868112119191856,45.3,4.568112119191859,1.1999999999999957,3.299999999999997,,2.0900000000000034,5.639999999999986,,1.099999999999999,4.972727272727273,0,0,0,92,0,0,0,0,0,1,1,1,1,1,1
P-709847,2025-06,Energy Storage,Assam,Ministry of Petroleum & Natural Gas,29,10,0,0.0,60.45392620075944,46.3,14.153926200759443,1.0,3.5,,36.52000000000001,38.69999999999999,,1.1666666666666667,5.37,0,0,0,92,0,0,0,0,0,1,1,1,1,1,1
P-709847,2025-07,Energy Storage,Assam,Ministry of Petroleum & Natural Gas,30,9,0,0.0,61.129308095886834,46.0,15.129308095886834,-0.29999999999999716,1.8999999999999986,4.399999999999999,2.329999999999984,40.94,44.52999999999997,0.6333333333333329,6.0,1,0,0,82,0,0,0,0,1,1,1,1,1,1,1
P-709847,2025-08,Energy Storage,Assam,Ministry of Petroleum & Natural Gas,31,8,0,0.0,61.17568625177541,47.0,14.17568625177541,1.0,1.7000000000000028,5.0,0.160000000000025,39.01000000000002,44.650000000000006,0.5666666666666677,6.625,0,0,0,90,0,0,0,0,1,1,1,1,1,1,1
P-709847,2025-09,Energy Storage,Assam,Ministry of Petroleum & Natural Gas,32,7,0,0.0,61.19017942549059,48.0,13.19017942549059,1.0,1.7000000000000028,5.200000000000003,0.04999999999998295,2.539999999999992,41.23999999999998,0.5666666666666677,7.428571428571429,0,0,0,82,0,0,1,0,1,1,1,1,1,1,1
P-709847,2025-10,Energy Storage,Assam,Ministry of Petroleum & Natural Gas,33,6,0,0.0,62.604713180092176,48.0,14.604713180092176,0.0,2.0,3.8999999999999986,4.8799999999999955,5.090000000000003,46.03,0.6666666666666666,8.666666666666666,1,0,0,90,0,0,1,1,1,1,1,1,1,1,1
P-709848,2025-01,Energy Storage,Offshore,Ministry of Petroleum & Natural Gas,,16,0,1.0637704179098157,11.566414496459565,23.4,-11.833585503540434,,,,,,,,4.7875,0,0,0,92,0,0,0,0,0,1,1,1,1,1,1
P-709848,2025-02,Energy Storage,Offshore,Ministry of Petroleum & Natural Gas,12,15,0,1.0637704179098157,11.566414496459565,23.4,-11.833585503540434,0.0,,,0.0,,,,5.1066666666666665,1,0,0,80,0,0,0,0,0,1,1,1,1,1,1
P-709848,2025-03,Energy Storage,Offshore,Ministry of Petroleum & Natural Gas,13,14,0,1.0637704179098157,21.261728888001596,33.4,-12.138271111998403,10.0,,,228.25,,,,4.757142857142857,0,0,0,92,0,0,0,0,0,1,1,1,1,1,1
P-709848,2025-04,Energy Storage,Offshore,Ministry of Petroleum & Natural Gas,14,13,0,1.0637704179098157,21.27914434868301,37.0,-15.720855651316992,3.6000000000000014,13.600000000000001,,0.40999999999996817,228.65999999999997,,4.533333333333334,4.846153846153846,0,0,0,92,0,0,0,0,0,1,1,1,1,1,1
P-709848,2025-05,Energy Storage,Offshore,Ministry of Petroleum & Natural Gas,15,12,0,1.0637704179098157,22.215331552142313,40.5,-18.284668447857687,3.5,17.1,,22.04000000000002,250.7,,5.7,4.958333333333333,0,0,0,92,0,0,0,0,0,1,1,1,1,1,1
P-709848,2025-06,Energy Storage,Offshore,Ministry of Petroleum & Natural Gas,16,11,0,1.0637704179098157,28.544364824167562,45.9,-17.355635175832436,5.399999999999999,12.5,,149.0,171.45,,4.166666666666667,4.918181818181818,0,0,0,92,0,0,0,0,0,1,1,1,1,1,1
P-709848,2025-07,Energy Storage,Offshore,Ministry of Petroleum & Natural Gas,37,10,0,1.0637704179098157,34.84111577883215,48.0,-13.158884221167853,2.1000000000000014,11.0,24.6,148.24,319.28000000000003,547.94,3.6666666666666665,5.2,0,0,0,82,0,0,0,0,0,1,1,1,1,1,1
P-709848,2025-08,Energy Storage,Offshore,Ministry of Petroleum & Natural Gas,38,9,0,1.0637704179098157,34.84111577883215,53.0,-18.158884221167853,5.0,12.5,29.6,0.0,297.24,547.94,4.166666666666667,5.222222222222222,0,0,0,90,0,0,0,0,0,1,1,1,1,1,1
P-709848,2025-09,Energy Storage,Offshore,Ministry of Petroleum & Natural Gas,39,8,0,1.0637704179098157,48.801518967985295,56.0,-7.198481032014705,3.0,10.100000000000001,22.6,328.6600000000001,476.9000000000001,648.3500000000001,3.366666666666667,5.5,0,0,0,82,0,0,0,0,0,1,1,1,1,1,1
P-709848,2025-10,Energy Storage,Offshore,Ministry of Petroleum & Natural Gas,40,7,0,1.0637704179098157,48.801518967985295,59.0,-10.198481032014705,3.0,11.0,22.0,0.0,328.6600000000001,647.94,3.6666666666666665,5.857142857142857,0,0,0,90,0,0,0,0,0,1,1,1,1,1,1
P-709849,2025-08,Energy Storage,Offshore,Ministry of Petroleum & Natural Gas,14,6,0,33.014404329702835,52.93426377257521,62.0,-9.065736227424793,1.0,4.200000000000003,37.6,23.0300000000002,313.0300000000002,1453.0900000000001,1.400000000000001,6.333333333333333,0,0,1,90,0,1,1,0,0,1,1,1,1,1,1
P-709849,2025-09,Energy Storage,Offshore,Ministry of Petroleum & Natural Gas,15,5,0,33.014404329702835,57.07796166834621,63.0,-5.922038331653788,1.0,5.200000000000003,27.189999999999998,131.16999999999985,160.71000000000004,1547.24,1.7333333333333343,7.4,0,0,1,82,0,1,1,0,0,1,1,1,1,1,1
P-709849,2025-10,Energy Storage,Offshore,Ministry of Petroleum & Natural Gas,16,4,0,33.014404329702835,57.07985708554333,64.0,-6.920142914456669,1.0,3.0,16.1,0.060000000000172804,154.26000000000022,1333.48,1.0,9.0,0,0,1,90,0,1,1,0,0,1,1,1,1,1,1
P-709850,2025-01,Energy Storage,Assam,Ministry of Petroleum & Natural Gas,,16,0,0.0,9.813789632611979,6.4,3.4137896326119783,,,,,,,,5.85,0,0,0,92,0,0,0,0,0,1,1,1,1,1,1
P-709850,2025-02,Energy Storage,Assam,Ministry of Petroleum & Natural Gas,,15,0,0.0,50.07549068948163,11.1,38.97549068948163,4.699999999999999,,,80.0,,,,5.926666666666667,0,0,0,92,0,0,0,0,0,1,1,1,1,1,1
P-709850,2025-03,Energy Storage,Assam,Ministry of Petroleum & Natural Gas,,14,0,0.0,50.07549068948163,14.98,35.095490689481636,3.880000000000001,,,0.0,,,,6.072857142857143,0,0,0,92,0,0,0,0,0,1,1,1,1,1,1
P-709850,2025-04,Energy Storage,Assam,Ministry of Petroleum & Natural Gas,19,13,0,0.0,50.08555611474585,20.1,29.985556114745847,5.120000000000001,13.700000000000001,,0.01999999999999602,80.02,,4.566666666666667,6.1461538461538465,0,0,0,84,0,0,0,0,0,1,1,1,1,1,1
P-709850,2025-05,Energy Storage,Assam,Ministry of Petroleum & Natural Gas,20,12,0,0.0,50.08555611474585,23.8,26.285556114745848,3.6999999999999993,12.700000000000001,,0.0,0.01999999999999602,,4.233333333333333,6.3500000000000005,0,0,0,92,0,0,0,0,0,1,1,1,1,1,1
P-709850,2025-06,Energy Storage,Assam,Ministry of Petroleum & Natural Gas,21,11,0,0.0,50.08555611474585,27.3,22.785556114745848,3.5,12.32,,0.0,0.01999999999999602,,4.1066666666666665,6.609090909090909,0,0,0,92,0,0,0,0,0,1,1,1,1,1,1
P-709850,2025-07,Energy Storage,Assam,Ministry of Petroleum & Natural Gas,22,10,0,0.0,18.510317060895822,29.0,-10.489682939104178,1.6999999999999993,8.899999999999999,22.6,-62.739999999999995,-62.739999999999995,17.28,2.9666666666666663,7.1,0,0,0,70,0,0,0,0,0,1,1,1,1,1,1
P-709850,2025-08,Energy Storage,Assam,Ministry of Petroleum & Natural Gas,23,9,0,0.0,18.520382486160038,30.0,-11.479617513839962,1.0,6.199999999999999,18.9,0.01999999999999602,-62.72,-62.7,2.0666666666666664,7.777777777777778,0,0,0,90,0,0,0,0,0,1,1,1,1,1,1
P-709850,2025-09,Energy Storage,Assam,Ministry of Petroleum & Natural Gas,24,8,0,0.0,19.854051333668853,36.0,-16.145948666331147,6.0,8.7,21.02,2.6500000000000057,-60.06999999999999,-60.05,2.9,8.0,0,0,0,82,0,0,1,0,0,1,1,1,1,1,1
P-709850,2025-10,Energy Storage,Assam,Ministry of Petroleum & Natural Gas,25,7,0,0.0,25.29441368897836,40.0,-14.70558631102164,4.0,11.0,19.9,10.809999999999995,13.479999999999997,-49.26,3.6666666666666665,8.571428571428571,0,0,0,90,0,0,1,0,0,1,1,1,1,1,1
P-709851,2025-01,Energy Storage,Offshore,Ministry of Petroleum & Natural Gas,20,27,0,0.0,0.0,3.6,-3.6,,,,,,,,3.5703703703703704,0,0,0,92,0,0,0,0,0,1,1,1,1,1,1
P-709851,2025-02,Energy Storage,Offshore,Ministry of Petroleum & Natural Gas,21,26,0,0.0,0.0,8.6,-8.6,5.0,,,0.0,,,,3.5153846153846158,0,0,0,92,0,0,0,0,0,1,1,1,1,1,1
P-709851,2025-03,Energy Storage,Offshore,Ministry of Petroleum & Natural Gas,22,25,0,0.0,0.0,10.0,-10.0,1.4000000000000004,,,0.0,,,,3.6,0,0,0,92,0,0,0,0,0,1,1,1,1,1,1
P-709851,2025-04,Energy Storage,Offshore,Ministry of Petroleum & Natural Gas,23,24,0,0.0,0.0,11.2,-11.2,1.1999999999999993,7.6,,0.0,0.0,,2.533333333333333,3.6999999999999997,0,0,0,92,0,0,0,0,0,1,1,1,1,1,1
P-709851,2025-05,Energy Storage,Offshore,Ministry of Petroleum & Natural Gas,24,23,0,0.0,0.0,12.6,-12.6,1.4000000000000004,4.0,,0.0,0.0,,1.3333333333333333,3.8000000000000003,0,0,0,92,0,0,0,0,0,1,1,1,1,1,1
P-709851,2025-06,Energy Storage,Offshore,Ministry of Petroleum & Natural Gas,25,22,0,0.0,0.0,12.6,-12.6,0.0,2.5999999999999996,,0.0,0.0,,0.8666666666666666,3.972727272727273,1,0,0,88,0,0,0,0,0,1,1,1,1,1,1
P-709851,2025-07,Energy Storage,Offshore,Ministry of Petroleum & Natural Gas,26,21,0,0.0,5.821672469472605,17.0,-11.178327530527394,4.4,5.800000000000001,13.4,360.0,360.0,360.0,1.9333333333333336,3.9523809523809526,0,0,0,82,0,0,0,0,0,1,1,1,1,1,1
P-709851,2025-08,Energy Storage,Offshore,Ministry of Petroleum & Natural Gas,27,20,0,0.0,7.665202084805596,20.0,-12.334797915194404,3.0,7.4,11.4,114.0,474.0,474.0,2.466666666666667,4.0,0,0,0,90,0,0,0,0,0,1,1,1,1,1,1
P-709851,2025-09,Energy Storage,Offshore,Ministry of Petroleum & Natural Gas,28,19,0,0.0,9.610287542106056,21.0,-11.389712457893944,1.0,8.4,11.0,120.27999999999997,594.28,594.28,2.8000000000000003,4.157894736842105,0,0,0,82,0,0,0,0,0,1,1,1,1,1,1
P-709851,2025-10,Energy Storage,Offshore,Ministry of Petroleum & Natural Gas,29,18,0,0.0,9.610287542106056,23.0,-13.389712457893944,2.0,6.0,11.8,0.0,234.27999999999997,594.28,2.0,4.277777777777778,0,0,0,90,0,0,0,0,0,1,1,1,1,1,1
P-709856,2025-01,Telecommunication,PAN India,Department of Telecommunications,20,2,7,0.0,51.21448390246927,85.63,-34.41551609753073,,,,,,,,7.185000000000002,0,0,0,92,0,,,0,0,1,1,0,0,1,1
P-709856,2025-02,Telecommunication,PAN India,Department of Telecommunications,21,1,7,0.0,51.23928510532761,85.63,-34.390714894672385,0.0,,,0.160000000000025,,,,14.370000000000005,1,0,0,92,0,,,0,0,1,1,0,0,1,1
P-709856,2025-03,Telecommunication,PAN India,Department of Telecommunications,22,0,7,0.0,52.828112163439926,85.63,-32.80188783656007,0.0,,,10.25,,,,14.370000000000005,2,0,0,92,0,,,0,0,1,1,0,0,1,1
P-709856,2025-04,Telecommunication,PAN India,Department of Telecommunications,23,2,10,0.0,53.67445321098073,86.89,-33.21554678901927,1.2600000000000051,1.2600000000000051,,5.4599999999999795,15.870000000000005,,0.4200000000000017,6.555,0,1,0,84,0,,,0,0,1,1,0,0,1,1
P-709856,2025-05,Telecommunication,PAN India,Department of Telecommunications,24,1,10,0.0,53.739556368483875,89.15,-35.41044363151613,2.260000000000005,3.5200000000000102,,0.4200000000000159,16.129999999999995,,1.1733333333333367,10.849999999999994,0,1,0,84,0,,,0,0,1,1,0,0,1,1
P-709856,2025-06,Telecommunication,PAN India,Department of Telecommunications,25,0,10,0.0,53.94726644242246,89.15,-35.202733557577545,0.0,3.5200000000000102,,1.339999999999975,7.21999999999997,,1.1733333333333367,10.849999999999994,1,1,0,92,0,,,0,0,1,1,0,0,1,1
P-709856,2025-07,Telecommunication,PAN India,Department of Telecommunications,26,1,12,0.0,81.05033094105065,90.0,-8.949669058949354,0.8499999999999943,3.1099999999999994,4.3700000000000045,174.85000000000002,176.61,192.48000000000002,1.0366666666666664,10.0,0,2,0,82,0,,,0,0,1,1,0,0,1,1
P-709856,2025-08,Telecommunication,PAN India,Department of Telecommunications,27,2,14,0.0,56.47543905879435,91.0,-34.52456094120565,1.0,1.8499999999999943,5.3700000000000045,-158.54000000000002,17.649999999999977,33.77999999999997,0.6166666666666648,4.5,0,3,0,78,0,1,1,0,0,1,1,1,1,1,1
P-709856,2025-09,Telecommunication,PAN India,Department of Telecommunications,28,1,14,0.0,58.394432129958304,92.0,-33.605567870041696,1.0,2.8499999999999943,6.3700000000000045,12.380000000000052,28.690000000000055,35.910000000000025,0.9499999999999981,8.0,0,3,0,82,0,1,1,0,0,1,1,1,1,1,1
P-709856,2025-10,Telecommunication,PAN India,Department of Telecommunications,29,0,14,0.0,58.479686264783844,92.0,-33.520313735216156,0.0,2.0,5.109999999999999,0.5499999999999545,-145.61,31.0,0.6666666666666666,8.0,1,3,0,90,0,1,1,0,0,1,1,1,1,1,1
P-709857,2025-08,Telecommunication,PAN India,Department of Telecommunications,26,7,9,-0.00020371121083610173,34.18757766505735,96.0,-61.81242233494265,0.0,1.9099999999999966,13.079999999999998,57.79999999999927,304.02999999999975,1568.1999999999998,0.6366666666666655,0.5714285714285714,2,1,0,90,0,0,0,0,0,1,1,1,1,1,1
P-709857,2025-09,Telecommunication,PAN India,Department of Telecommunications,28,6,9,-0.00020371121083610173,34.30458962292978,96.0,-61.69541037707022,0.0,0.45999999999999375,8.64,28.719999999999345,208.73999999999978,680.369999999999,0.15333333333333124,0.6666666666666666,3,1,0,82,0,0,1,0,0,1,1,1,1,1,1
P-709857,2025-10,Telecommunication,PAN India,Department of Telecommunications,29,5,9,-0.00020371121083610173,34.419360752918166,97.0,-62.580639247081834,1.0,1.0,4.700000000000003,28.170000000000073,114.68999999999869,507.0599999999995,0.3333333333333333,0.6,0,1,0,90,0,0,1,0,0,1,1,1,1,1,1
P-709859,2025-01,Telecommunication,Delhi,Department of Telecommunications,123,2,84,0.0,93.4891216760677,98.0,-4.510878323932303,,,,,,,,1.0,0,0,0,92,0,1,1,0,0,1,1,1,1,1,1
P-709859,2025-02,Telecommunication,Delhi,Department of Telecommunications,124,1,84,0.0,93.4891216760677,98.0,-4.510878323932303,0.0,,,0.0,,,,2.0,1,0,0,88,0,1,1,0,0,1,1,1,1,1,1
P-709859,2025-03,Telecommunication,Delhi,Department of Telecommunications,125,0,84,0.0,95.19339242546334,98.0,-2.806607574536656,0.0,,,4.230000000000018,,,,2.0,2,0,0,92,0,1,1,0,0,1,1,1,1,1,1
P-709859,2025-04,Telecommunication,Delhi,Department of Telecommunications,126,6,91,0.0,95.19339242546334,98.0,-2.806607574536656,0.0,0.0,,0.0,4.230000000000018,,0.0,0.3333333333333333,3,1,0,88,0,0,0,0,0,1,1,1,1,1,1
P-709859,2025-05,Telecommunication,Delhi,Department of Telecommunications,127,5,91,0.0,95.19339242546334,98.0,-2.806607574536656,0.0,0.0,,0.0,4.230000000000018,,0.0,0.4,4,1,0,88,0,0,0,0,0,1,1,1,1,1,1
P-709859,2025-06,Telecommunication,Delhi,Department of Telecommunications,128,4,91,0.0,95.47542304593071,98.0,-2.524576954069289,0.0,0.0,,0.6999999999999886,0.6999999999999886,,0.0,0.5,5,1,0,92,0,0,1,0,0,1,1,1,1,1,1
P-709859,2025-07,Telecommunication,Delhi,Department of Telecommunications,87,3,68,0.0,95.4512489927478,98.0,-2.548751007252207,0.0,0.0,0.0,-0.060000000000002274,0.6399999999999864,4.8700000000000045,0.0,0.6666666666666666,6,1,0,70,0,0,1,0,0,1,1,1,1,1,1
P-709859,2025-08,Telecommunication,Delhi,Department of Telecommunications,130,2,68,0.0,95.4512489927478,98.0,-2.548751007252207,0.0,0.0,0.0,0.0,0.6399999999999864,4.8700000000000045,0.0,1.0,7,1,0,86,0,0,1,0,0,1,1,1,1,1,1
P-709859,2025-09,Telecommunication,Delhi,Department of Telecommunications,131,1,68,0.0,95.4512489927478,98.0,-2.548751007252207,0.0,0.0,0.0,0.0,-0.060000000000002274,0.6399999999999864,0.0,2.0,8,1,0,78,0,1,1,0,0,1,1,1,1,1,1
P-709859,2025-10,Telecommunication,Delhi,Department of Telecommunications,132,0,68,0.0,95.4512489927478,98.0,-2.548751007252207,0.0,0.0,0.0,0.0,0.0,0.6399999999999864,0.0,2.0,9,1,0,86,0,1,1,0,0,1,1,1,1,1,1
P-709864,2025-01,Energy Storage,Assam,Ministry of Petroleum & Natural Gas,,9,0,0.0,61.66486486486487,42.7,18.964864864864865,,,,,,,,6.366666666666666,0,0,0,100,0,0,0,0,0,1,1,1,1,1,1
P-709864,2025-02,Energy Storage,Assam,Ministry of Petroleum & Natural Gas,,8,0,0.0,62.47837837837838,45.2,17.278378378378378,2.5,,,3.009999999999991,,,,6.85,0,0,0,100,0,0,0,0,0,1,1,1,1,1,1
P-709864,2025-03,Energy Storage,Assam,Ministry of Petroleum & Natural Gas,,7,0,0.0,67.61351351351351,55.2,12.413513513513507,10.0,,,19.0,,,,6.3999999999999995,0,0,0,100,0,0,0,0,0,1,1,1,1,1,1
P-709864,2025-04,Energy Storage,Assam,Ministry of Petroleum & Natural Gas,44,6,7,0.0,67.61351351351351,55.2,12.413513513513507,0.0,12.5,,0.0,22.00999999999999,,4.166666666666667,7.466666666666666,1,0,0,88,0,0,1,0,0,1,1,1,1,1,1
P-709864,2025-05,Energy Storage,Assam,Ministry of Petroleum & Natural Gas,45,5,7,0.0,69.05675675675676,56.1,12.956756756756754,0.8999999999999986,10.899999999999999,,5.340000000000003,24.340000000000003,,3.633333333333333,8.78,0,0,0,100,0,0,1,0,0,1,1,1,1,1,1
P-709864,2025-06,Energy Storage,Assam,Ministry of Petroleum & Natural Gas,46,4,7,0.0,69.05675675675676,55.0,14.056756756756755,-1.1000000000000014,-0.20000000000000284,,0.0,5.340000000000003,,-0.06666666666666761,11.25,0,0,0,88,0,0,1,0,0,1,1,1,1,1,1
P-709864,2025-07,Energy Storage,Assam,Ministry of Petroleum & Natural Gas,47,3,15,0.0,67.40810810810811,57.0,10.40810810810811,2.0,1.7999999999999972,14.299999999999997,-6.099999999999994,-0.7599999999999909,21.25,0.5999999999999991,14.333333333333334,0,0,0,78,0,1,1,0,0,1,1,1,1,1,1
P-709864,2025-08,Energy Storage,Assam,Ministry of Petroleum & Natural Gas,48,2,15,0.0,68.42432432432433,60.0,8.424324324324331,3.0,3.8999999999999986,14.799999999999997,3.759999999999991,-2.3400000000000034,22.0,1.2999999999999996,20.0,0,0,0,98,0,1,1,0,0,1,1,1,1,1,1
P-709864,2025-09,Energy Storage,Assam,Ministry of Petroleum & Natural Gas,49,1,15,0.0,71.71621621621622,61.0,10.716216216216225,1.0,6.0,5.799999999999997,12.180000000000035,9.840000000000032,15.180000000000035,2.0,39.0,0,0,0,90,0,1,1,0,0,1,1,1,1,1,1
P-709864,2025-10,Energy Storage,Assam,Ministry of Petroleum & Natural Gas,50,8,23,0.0,71.9864864864865,64.0,7.986486486486498,3.0,7.0,8.799999999999997,1.0,16.940000000000026,16.180000000000035,2.3333333333333335,4.5,0,1,0,98,0,0,1,0,0,1,1,1,1,1,1
P-709865,2025-01,Energy Storage,Assam,Ministry of Petroleum & Natural Gas,,6,0,0.0,19.19250425894378,87.0,-67.80749574105621,,,,,,,,2.1666666666666665,0,0,0,92,0,0,,0,0,1,1,1,0,1,1
P-709865,2025-02,Energy Storage,Assam,Ministry of Petroleum & Natural Gas,,5,0,0.0,19.19250425894378,88.0,-68.80749574105621,1.0,,,0.0,,,,2.4,0,0,0,92,0,0,,0,0,1,1,1,0,1,1
P-709865,2025-03,Energy Storage,Assam,Ministry of Petroleum & Natural Gas,,4,0,0.0,33.124361158432706,89.0,-55.875638841567294,1.0,,,40.89,,,,2.75,0,0,0,92,0,0,,0,0,1,1,1,0,1,1
P-709865,2025-04,Energy Storage,Assam,Ministry of Petroleum & Natural Gas,25,3,0,0.0,33.124361158432706,90.0,-56.875638841567294,1.0,3.0,,0.0,40.89,,1.0,3.3333333333333335,0,0,0,84,0,,,0,0,1,1,0,0,1,1
P-709865,2025-05,Energy Storage,Assam,Ministry of Petroleum & Natural Gas,26,2,0,0.0,33.124361158432706,91.0,-57.875638841567294,1.0,3.0,,0.0,40.89,,1.0,4.5,0,0,0,92,0,,,0,0,1,1,0,0,1,1
P-709865,2025-06,Energy Storage,Assam,Ministry of Petroleum & Natural Gas,27,1,0,0.0,33.124361158432706,92.0,-58.875638841567294,1.0,3.0,,0.0,0.0,,1.0,8.0,0,0,0,92,0,,,0,0,1,1,0,0,1,1
P-709865,2025-07,Energy Storage,Assam,Ministry of Petroleum & Natural Gas,27,3,10,0.0,33.124361158432706,93.0,-59.875638841567294,1.0,3.0,6.0,0.0,0.0,40.89,1.0,2.3333333333333335,0,1,0,82,0,,,0,0,1,1,0,0,1,1
P-709865,2025-08,Energy Storage,Assam,Ministry of Petroleum & Natural Gas,28,2,10,0.0,33.124361158432706,94.0,-60.875638841567294,1.0,3.0,6.0,0.0,0.0,40.89,1.0,3.0,0,1,0,90,0,1,1,0,0,1,1,1,1,1,1
P-709865,2025-09,Energy Storage,Assam,Ministry of Petroleum & Natural Gas,29,1,10,0.0,33.124361158432706,95.0,-61.875638841567294,1.0,3.0,6.0,0.0,0.0,0.0,1.0,5.0,0,1,0,82,0,1,1,0,0,1,1,1,1,1,1
P-709865,2025-10,Energy Storage,Assam,Ministry of Petroleum & Natural Gas,30,2,12,0.0,33.124361158432706,96.0,-62.875638841567294,1.0,3.0,6.0,0.0,0.0,0.0,1.0,2.0,0,2,0,90,0,1,1,0,0,1,1,1,1,1,1
P-900808,2025-01,Electricity Generation,"Multi-States (Andhra Pradesh, Telangana)",Ministry of Power,22,4,6,0.0,54.6989799658297,80.0,-25.3010200341703,,,,,,,,5.0,0,0,0,92,0,1,,0,0,1,1,1,0,1,1
P-900808,2025-02,Electricity Generation,"Multi-States (Andhra Pradesh, Telangana)",Ministry of Power,23,3,6,0.0,56.39057892154928,84.0,-27.609421078450723,4.0,,,60.0,,,,5.333333333333333,0,0,0,92,0,1,,0,0,1,1,1,0,1,1
P-900808,2025-03,Electricity Generation,"Multi-States (Andhra Pradesh, Telangana)",Ministry of Power,24,2,6,0.0,59.3790704099872,87.0,-27.6209295900128,3.0,,,105.99999999999977,,,,6.5,0,0,0,92,0,1,,0,0,1,1,1,0,1,1
P-900808,2025-04,Electricity Generation,"Multi-States (Andhra Pradesh, Telangana)",Ministry of Power,25,4,9,0.0,62.08562873913852,89.0,-26.91437126086148,2.0,9.0,,96.0,261.9999999999998,,3.0,2.75,0,1,0,92,0,,,0,0,1,1,0,0,1,1
P-900808,2025-05,Electricity Generation,"Multi-States (Andhra Pradesh, Telangana)",Ministry of Power,26,3,9,0.0,77.78535864717193,97.0,-19.214641352828068,8.0,13.0,,556.8600000000001,758.8599999999999,,4.333333333333333,1.0,0,1,0,92,0,,,0,0,1,1,0,0,1,1
P-900808,2025-06,Electricity Generation,"Multi-States (Andhra Pradesh, Telangana)",Ministry of Power,27,3,10,0.0,79.99994361336815,94.0,-14.000056386631854,-3.0,7.0,,78.55000000000018,731.4100000000003,,2.3333333333333335,2.0,0,2,0,80,0,,,0,0,1,1,0,0,1,1
P-900808,2025-07,Electricity Generation,"Multi-States (Andhra Pradesh, Telangana)",Ministry of Power,28,5,13,0.0,87.99979700812531,94.0,-6.000202991874687,0.0,5.0,14.0,283.75,919.1600000000003,1181.16,1.6666666666666667,1.2,1,3,0,82,0,,,0,0,1,1,0,0,1,1
P-900808,2025-08,Electricity Generation,"Multi-States (Andhra Pradesh, Telangana)",Ministry of Power,33,4,13,0.0,90.00011277326371,95.0,-4.999887226736291,1.0,-2.0,11.0,70.94999999999982,433.25,1192.11,-0.6666666666666666,1.25,0,3,0,90,0,1,1,0,0,1,1,1,1,1,1
P-900808,2025-09,Electricity Generation,"Multi-States (Andhra Pradesh, Telangana)",Ministry of Power,34,3,13,0.0,91.99986467208355,96.0,-4.000135327916453,1.0,2.0,9.0,70.92999999999984,425.62999999999965,1157.04,0.6666666666666666,1.3333333333333333,0,3,0,82,0,1,1,0,0,1,1,1,1,1,1
P-900808,2025-10,Electricity Generation,"Multi-States (Andhra Pradesh, Telangana)",Ministry of Power,35,3,14,0.0,94.99991542005222,97.0,-2.0000845799477815,1.0,3.0,8.0,106.41000000000031,248.28999999999996,1167.4500000000003,1.0,1.0,0,4,0,90,0,1,1,0,0,1,1,1,1,1,1
P-900874,2025-09,Railways,Bihar,Ministry of Railways,30,52,22,0.0,0.083307830936108,0.0,0.083307830936108,,,,,,,,1.9230769230769231,0,0,0,98,0,0,0,0,0,1,1,1,1,1,1
P-900874,2025-10,Railways,Bihar,Ministry of Railways,31,51,22,0.0,0.13601278520180898,0.0,0.13601278520180898,0.0,,,0.31000000000000005,,,,1.9607843137254901,1,0,0,98,0,0,0,0,0,1,1,1,1,1,1
