canonical_project_id,snapshot_month,sector,project_age_months,physical_progress_pct,original_cost_cr,current_forecast_cost_cr
L-N04000073,2025-01,CIVIL AVIATION,135.0,100.0,417.23,707.73
L-N04000073,2025-02,CIVIL AVIATION,136.0,100.0,417.23,707.73
L-N04000073,2025-03,CIVIL AVIATION,137.0,100.0,417.23,707.73
L-N04000076,2025-01,CIVIL AVIATION,98.0,100.0,303.8,351.21
L-N04000076,2025-02,CIVIL AVIATION,99.0,100.0,303.8,351.21
L-N04000076,2025-03,CIVIL AVIATION,100.0,100.0,303.8,351.21
L-N04000077,2025-01,CIVIL AVIATION,79.0,79.03,1383.0,3291.81
L-N04000077,2025-02,CIVIL AVIATION,80.0,79.28,1383.0,3291.81
L-N04000077,2025-03,CIVIL AVIATION,81.0,79.66,1383.0,3291.81
L-N04000079,2025-01,CIVIL AVIATION,94.0,100.0,475.39,520.0
L-N04000079,2025-02,CIVIL AVIATION,95.0,100.0,475.39,520.0
L-N04000079,2025-03,CIVIL AVIATION,96.0,100.0,475.39,520.0
L-N04000080,2025-01,CIVIL AVIATION,108.0,100.0,458.0,458.0
L-N04000080,2025-02,CIVIL AVIATION,109.0,100.0,458.0,458.0
L-N04000080,2025-03,CIVIL AVIATION,110.0,100.0,458.0,458.0
L-N04000081,2025-01,,72.0,100.0,389.71,397.0
L-N04000081,2025-02,,73.0,100.0,389.71,397.0
L-N04000081,2025-03,,74.0,100.0,389.71,397.0
L-N04000085,2025-01,CIVIL AVIATION,78.0,100.0,456.86,500.0
L-N04000085,2025-02,CIVIL AVIATION,79.0,100.0,456.86,500.0
L-N04000085,2025-03,CIVIL AVIATION,80.0,100.0,456.86,500.0
L-N04000087,2025-01,CIVIL AVIATION,,100.0,412.24,412.24
L-N04000087,2025-02,CIVIL AVIATION,104.0,100.0,412.24,412.24
L-N04000087,2025-03,CIVIL AVIATION,105.0,100.0,412.24,412.24
L-N04000088,2025-01,CIVIL AVIATION,84.0,100.0,1405.0,1405.0
L-N04000088,2025-02,CIVIL AVIATION,85.0,100.0,1405.0,1405.0
L-N04000088,2025-03,CIVIL AVIATION,86.0,100.0,1405.0,1405.0
L-N04000090,2025-01,,,98.0,380.87,455.99
L-N04000090,2025-02,,68.0,98.5,380.87,455.99
L-N04000090,2025-03,,69.0,98.75,380.87,451.74
L-N04000092,2025-01,CIVIL AVIATION,71.0,99.15,645.63,712.15
L-N04000093,2025-01,CIVIL AVIATION,77.0,98.75,353.25,353.25
L-N04000093,2025-02,CIVIL AVIATION,78.0,99.5,353.25,353.25
L-N04000093,2025-03,CIVIL AVIATION,79.0,100.0,353.25,353.25
L-N04000096,2025-01,CIVIL AVIATION,91.0,100.0,255.68,270.0
L-N04000096,2025-02,CIVIL AVIATION,92.0,100.0,255.68,270.0
L-N04000096,2025-03,CIVIL AVIATION,93.0,100.0,255.68,270.0
L-N04000098,2025-01,,39.0,100.0,446.12,446.12
L-N04000098,2025-02,,40.0,100.0,446.12,446.12
L-N04000098,2025-03,,41.0,100.0,446.12,455.0
L-N04000102,2025-01,,20.0,83.0,185.75,274.38
L-N06000161,2025-01,COAL,94.0,60.0,413.84,413.84
L-N06000161,2025-02,COAL,95.0,79.0,413.84,413.84
L-N06000161,2025-03,COAL,96.0,85.0,413.84,413.84
L-N06000189,2025-01,,,57.0,2401.07,2401.07
L-N06000210,2025-01,,110.0,70.0,489.62,489.62
L-N06000210,2025-02,,111.0,70.0,489.62,489.62
L-N06000210,2025-03,,112.0,70.0,489.62,489.62
L-N07000001,2025-01,FINANCE,78.0,85.0,228.5,220.27
L-N07000001,2025-02,FINANCE,79.0,85.0,228.5,220.27
L-N07000001,2025-03,FINANCE,80.0,85.0,228.5,220.27
L-N10000011,2025-01,,,83.5,534.0,1021.97
L-N10000011,2025-02,,105.0,84.5,534.0,1021.97
L-N10000011,2025-03,,,85.5,534.0,1021.97
L-N10000017,2025-01,,64.0,100.0,225.79,270.66
L-N10000017,2025-02,,65.0,100.0,225.79,270.66
L-N10000017,2025-03,,66.0,100.0,225.79,270.66
L-N12000122,2025-01,STEEL,50.0,94.68,377.18,377.18
L-N12000122,2025-02,STEEL,51.0,95.29,377.18,377.18
L-N12000122,2025-03,STEEL,52.0,95.29,377.18,377.18
L-N12000125,2025-01,STEEL,36.0,75.02,970.18,970.18
L-N12000125,2025-02,STEEL,37.0,80.89,970.18,970.18
L-N12000125,2025-03,STEEL,38.0,85.94,970.18,970.18
L-N16000361,2025-01,PETROLEUM,74.0,96.9,462.3,552.44
L-N16000369,2025-01,PETROLEUM,73.0,93.6,854.0,854.0
L-N16000369,2025-02,PETROLEUM,74.0,93.7,854.0,854.0
L-N16000369,2025-03,PETROLEUM,75.0,94.95,854.0,854.0
L-N16000411,2025-01,,51.0,93.44,1614.0,1614.0
L-N16000411,2025-02,,52.0,94.21,1614.0,1614.0
L-N16000411,2025-03,,53.0,94.48,1614.0,1614.0
L-N16000423,2025-01,,67.0,27.8,163.0,163.0
L-N16000423,2025-02,,68.0,29.7,163.0,163.0
L-N16000423,2025-03,,69.0,40.1,163.0,163.0
L-N16000426,2025-01,,67.0,18.1,169.0,169.0
L-N16000426,2025-02,,68.0,20.0,169.0,169.0
L-N16000429,2025-03,PETROLEUM,72.0,95.0,910.56,1299.02
L-N16000442,2025-01,,45.0,66.4,1164.69,1164.69
L-N16000442,2025-02,,46.0,71.3,1164.69,1164.69
L-N16000442,2025-03,,47.0,76.2,1164.69,1164.69
L-N16000446,2025-01,,40.0,39.08,378.0,378.0
L-N16000452,2025-01,,32.0,71.0,423.39,423.39
L-N16000452,2025-02,,33.0,73.0,423.39,423.39
L-N16000452,2025-03,,34.0,74.4,423.39,423.39
L-N16000486,2025-01,,34.0,4.9,501.0,501.0
L-N16000486,2025-02,,35.0,5.0,501.0,501.0
L-N16000486,2025-03,,36.0,5.1,501.0,501.0
L-N16000496,2025-01,,34.0,21.9,1751.0,1751.0
L-N16000496,2025-02,,35.0,22.8,1751.0,1751.0
L-N16000499,2025-01,,64.0,73.5,1932.0,1932.0
L-N16000499,2025-02,,65.0,78.0,1932.0,1932.0
L-N16000499,2025-03,,66.0,82.4,1932.0,1932.0
L-N16000500,2025-01,PETROLEUM,45.0,63.0,676.89,676.89
L-N16000500,2025-02,PETROLEUM,46.0,67.0,676.89,676.89
L-N16000500,2025-03,PETROLEUM,47.0,71.0,676.89,676.89
L-N16000507,2025-01,,22.0,61.5,405.0,405.0
L-N16000507,2025-02,,23.0,66.1,405.0,405.0
L-N16000507,2025-03,,24.0,70.0,405.0,405.0
L-N16000508,2025-01,PETROLEUM,22.0,73.2,621.87,621.87
L-N16000508,2025-02,PETROLEUM,23.0,75.1,621.87,621.87
L-N16000508,2025-03,PETROLEUM,24.0,77.1,621.87,621.87
L-N16000535,2025-01,,,14.0,193.0,193.0
L-N16000535,2025-02,,7.0,15.0,193.0,193.0
L-N16000535,2025-03,,,16.0,193.0,193.0
L-N18000142,2025-01,,150.0,,1527.0,1527.0
L-N18000142,2025-02,,151.0,9.8,1527.0,1527.0
L-N18000142,2025-03,,152.0,,1527.0,1527.0
L-N18000177,2025-01,POWER,,97.0,16242.9,17007.0
L-N18000177,2025-02,POWER,132.0,97.0,16242.9,16242.9
L-N18000177,2025-03,POWER,133.0,98.0,16242.9,16242.9
L-N18000272,2025-01,POWER,70.0,94.0,11089.42,13276.16
L-N18000272,2025-02,POWER,71.0,94.5,11089.42,13276.16
L-N18000272,2025-03,POWER,72.0,95.0,11089.42,13276.16
L-N18000286,2025-01,,,95.0,1782.0,1782.0
L-N18000286,2025-02,,59.0,95.0,1782.0,1782.0
L-N18000293,2025-01,,,,1221.73,1221.73
L-N18000293,2025-02,,49.0,,1221.73,1221.73
L-N18000295,2025-03,,50.0,30.0,842.27,842.27
L-N18000296,2025-01,,44.0,91.0,674.92,674.92
L-N18000296,2025-02,,45.0,91.0,674.92,674.92
L-N18000319,2025-01,,38.0,98.0,937.8,937.8
L-N18000319,2025-02,,39.0,98.0,937.8,937.8
L-N18000319,2025-03,,40.0,98.0,937.8,937.8
L-N18000320,2025-01,,34.0,45.0,1352.71,1352.71
L-N18000321,2025-01,,34.0,95.0,1409.52,1409.52
L-N18000322,2025-01,,34.0,80.0,1426.94,1426.94
L-N18000328,2025-01,,35.0,90.0,318.12,318.12
L-N18000328,2025-02,,36.0,94.0,318.12,318.12
L-N18000328,2025-03,,37.0,94.0,318.12,318.12
L-N18000330,2025-01,,34.0,47.0,288.71,288.71
L-N18000330,2025-02,,35.0,48.0,288.71,288.71
L-N18000330,2025-03,,36.0,48.0,288.71,288.71
L-N18000331,2025-01,,35.0,79.0,359.47,359.47
L-N18000331,2025-02,,36.0,94.0,359.47,359.47
L-N18000331,2025-03,,37.0,82.0,359.47,359.47
L-N18000332,2025-01,,32.0,83.0,1666.0,1666.0
L-N18000332,2025-02,,33.0,86.0,1666.0,1666.0
L-N18000332,2025-03,,34.0,88.0,1666.0,1666.0
L-N18000335,2025-01,POWER,,65.49,5491.89,5491.89
L-N18000335,2025-02,POWER,34.0,67.72,5491.89,5491.89
L-N18000335,2025-03,POWER,35.0,71.25,5491.89,5491.89
L-N18000343,2025-01,,27.0,68.0,307.87,307.87
L-N18000343,2025-02,,28.0,80.0,307.87,307.87
L-N18000343,2025-03,,29.0,89.0,307.87,307.87
L-N18000345,2025-01,,30.0,23.0,1316.02,1316.02
L-N18000345,2025-02,,31.0,23.0,1316.02,1316.02
L-N18000345,2025-03,,32.0,23.0,1316.02,1316.02
L-N18000346,2025-01,,28.0,61.0,7179.54,7179.54
L-N18000346,2025-02,,29.0,61.0,7179.54,7179.54
L-N18000346,2025-03,,30.0,61.0,7179.54,7179.54
L-N18000347,2025-03,,33.0,12.0,2598.92,2598.92
L-N18000348,2025-01,POWER,,70.0,1530.49,1530.49
L-N18000348,2025-02,POWER,32.0,70.0,1530.49,1530.49
L-N18000348,2025-03,POWER,33.0,70.0,1530.49,1530.49
L-N18000349,2025-01,,26.0,2.0,1442.6,1442.6
L-N18000349,2025-02,,27.0,2.0,1442.6,1442.6
L-N18000349,2025-03,,28.0,2.0,1442.6,1442.6
L-N18000350,2025-01,POWER,23.0,78.0,385.84,385.84
L-N18000350,2025-02,POWER,24.0,85.0,385.84,385.84
L-N18000350,2025-03,POWER,25.0,89.0,385.84,385.84
L-N18000351,2025-01,POWER,22.0,75.0,524.04,524.04
L-N18000351,2025-02,POWER,23.0,84.0,524.04,524.04
L-N18000351,2025-03,POWER,24.0,92.0,524.04,524.04
L-N18000356,2025-01,,22.0,80.0,1433.28,1433.28
L-N18000356,2025-02,,23.0,87.0,1433.28,1433.28
L-N18000356,2025-03,,24.0,89.0,1433.28,1433.28
L-N18000357,2025-01,,22.0,74.0,922.3,922.3
L-N18000357,2025-02,,23.0,83.0,922.3,922.3
L-N18000357,2025-03,,24.0,88.0,922.3,922.3
L-N18000358,2025-01,,22.0,59.0,815.12,815.12
L-N18000358,2025-02,,23.0,72.0,815.12,815.12
L-N18000358,2025-03,,24.0,83.0,815.12,815.12
L-N18000359,2025-01,,22.0,74.0,966.79,966.79
L-N18000359,2025-02,,23.0,82.0,966.79,966.79
L-N18000359,2025-03,,24.0,90.0,966.79,966.79
L-N18000360,2025-01,,22.0,47.0,1167.55,1167.55
L-N18000360,2025-02,,23.0,56.0,1167.55,1167.55
L-N18000360,2025-03,,24.0,69.0,1167.55,1167.55
L-N18000361,2025-01,,22.0,52.0,2820.99,2820.99
L-N18000361,2025-02,,23.0,61.0,2820.99,2820.99
L-N18000361,2025-03,,24.0,68.0,2820.99,2820.99
L-N18000365,2025-01,,19.0,16.0,6283.81,6283.81
L-N18000365,2025-02,,20.0,16.0,6283.81,6283.81
L-N18000365,2025-03,,21.0,16.0,6283.81,6283.81
L-N18000366,2025-03,,22.0,,1095.01,1095.01
L-N18000368,2025-01,,32.0,72.0,1677.12,1677.12
L-N18000368,2025-02,,33.0,80.0,1677.12,1677.12
L-N18000368,2025-03,,34.0,84.0,1677.12,1677.12
L-N18000370,2025-01,,,56.0,1553.0,2804.0
L-N18000370,2025-02,,113.0,56.0,1553.0,2896.64
L-N18000370,2025-03,,114.0,64.0,1553.0,2896.64
L-N18000376,2025-01,,16.0,53.0,2191.0,2191.0
L-N18000376,2025-02,,17.0,58.0,2191.0,2191.0
L-N18000376,2025-03,,18.0,64.0,2191.0,2191.0
L-N18000406,2025-02,,34.0,6.0,4100.45,4100.45
L-N18000406,2025-03,,35.0,9.0,4100.45,4100.45
L-N21000027,2025-01,HEALTH AND FAMILY WELFARE,92.0,99.26,875.0,860.0
L-N22000087,2025-01,,220.0,82.0,532.87,4412.25
L-N22000087,2025-02,,221.0,85.0,532.87,4412.25
L-N22000087,2025-03,,222.0,87.0,532.87,4412.25
L-N22000100,2025-01,RAILWAYS,,94.0,2393.47,8213.72
L-N22000100,2025-02,RAILWAYS,202.0,94.52,2393.47,8213.72
L-N22000100,2025-03,RAILWAYS,,94.6,2393.47,8213.72
L-N22000171,2025-01,,,78.0,325.0,735.2
L-N22000171,2025-02,,310.0,78.0,325.0,735.2
L-N22000171,2025-03,,,78.0,325.0,735.2
L-N22000183,2025-01,,141.0,99.5,1798.0,2832.35
L-N22000401,2025-01,,117.0,,943.6,2018.23
L-N22000418,2025-01,,105.0,17.4,5200.0,5200.0
L-N22000419,2025-01,,113.0,90.0,528.57,762.97
L-N22000470,2025-01,,105.0,80.0,1177.96,2025.0
L-N22000470,2025-02,,106.0,80.5,1177.96,2050.0
L-N22000470,2025-03,,107.0,80.5,1177.96,2050.0
L-N22000485,2025-01,,,76.0,1370.0,2311.02
L-N22000485,2025-02,,118.0,76.0,1370.0,2311.02
L-N22000485,2025-03,,,76.0,1370.0,2311.02
L-N22000502,2025-01,RAILWAYS,187.0,,404.0,404.0
L-N22000504,2025-01,,93.0,97.0,692.25,692.26
L-N22000505,2025-01,,81.0,100.0,537.31,671.91
L-N22000510,2025-01,,81.0,80.0,338.0,393.83
L-N22000510,2025-02,,82.0,85.0,338.0,393.83
L-N22000510,2025-03,,83.0,99.0,338.0,393.83
L-N22000511,2025-01,,29.0,,955.0,2093.82
L-N22000511,2025-02,,30.0,,955.0,2093.82
L-N22000511,2025-03,,31.0,,955.0,2093.82
L-N22000515,2025-01,,23.0,,836.12,836.12
L-N22000515,2025-02,,24.0,,836.12,836.12
L-N22000515,2025-03,,25.0,,836.12,836.12
L-N22000518,2025-01,,78.0,,278.96,494.62
L-N22000518,2025-02,,79.0,,278.96,494.62
L-N22000518,2025-03,,80.0,,278.96,494.62
L-N22000519,2025-01,,29.0,,190.9,190.9
L-N22000519,2025-02,,30.0,,190.9,190.9
L-N22000519,2025-03,,31.0,,190.9,190.9
L-N22000522,2025-01,,,,183.0,257.97
L-N22000522,2025-02,,66.0,,183.0,257.97
L-N22000522,2025-03,,,,183.0,257.97
L-N22000523,2025-01,,67.0,80.0,983.62,415.0
L-N22000525,2025-01,,27.0,,199.96,199.96
L-N22000525,2025-02,,28.0,,199.96,199.96
L-N22000525,2025-03,,29.0,,199.96,199.96
L-N22000526,2025-01,,71.0,,496.47,496.47
L-N22000526,2025-02,,72.0,,496.47,496.47
L-N22000526,2025-03,,73.0,,496.47,496.47
L-N22000528,2025-01,,27.0,,234.0,223.69
L-N22000528,2025-02,,28.0,,234.0,223.69
L-N22000528,2025-03,,29.0,,234.0,223.69
L-N22000537,2025-01,,31.0,70.0,354.99,482.42
L-N22000537,2025-02,,32.0,80.0,354.99,482.42
L-N22000537,2025-03,,33.0,84.0,354.99,482.42
L-N22000548,2025-01,,,,296.54,296.54
L-N22000548,2025-02,,33.0,,296.54,296.54
L-N22000548,2025-03,,,55.0,296.54,296.54
L-N22000555,2025-01,,69.0,41.0,294.67,307.66
L-N22000555,2025-02,,70.0,41.0,294.67,307.66
L-N22000555,2025-03,,71.0,41.0,294.67,307.66
L-N22000556,2025-01,,28.0,12.0,323.14,342.41
L-N22000556,2025-02,,29.0,12.0,323.14,342.41
L-N22000556,2025-03,,30.0,12.0,323.14,342.41
L-N22000566,2025-01,,54.0,18.0,950.0,341.66
L-N22000566,2025-02,,55.0,20.0,950.0,341.66
L-N22000566,2025-03,,56.0,21.5,950.0,341.66
L-N22000568,2025-01,,34.0,85.0,359.6,274.2
L-N22000568,2025-02,,35.0,95.0,359.6,274.2
L-N22000568,2025-03,,36.0,95.0,359.6,274.2
L-N22000570,2025-01,,29.0,,745.0,745.0
L-N22000570,2025-02,,30.0,,745.0,745.0
L-N22000570,2025-03,,31.0,,745.0,745.0
L-N22000571,2025-01,,28.0,10.0,209.75,244.99
L-N22000571,2025-02,,29.0,10.0,209.75,244.99
L-N22000571,2025-03,,30.0,10.0,209.75,244.99
L-N22000589,2025-01,RAILWAYS,,,82.99,235.0
L-N22000589,2025-02,RAILWAYS,53.0,,82.99,235.0
L-N22000589,2025-03,RAILWAYS,54.0,98.0,82.99,235.0
L-N22000591,2025-01,,22.0,,177.33,177.33
L-N22000591,2025-02,,23.0,,177.33,177.33
L-N22000591,2025-03,,24.0,,177.33,177.33
L-N22000594,2025-01,,38.0,73.0,466.42,466.22
L-N22000594,2025-02,,39.0,75.0,466.42,466.22
L-N22000594,2025-03,,40.0,76.0,466.42,466.22
L-N22000596,2025-01,,74.0,,357.48,409.38
L-N22000596,2025-02,,75.0,,357.48,409.38
L-N22000596,2025-03,,76.0,,357.48,409.38
L-N22000599,2025-01,,98.0,,8975.0,7906.38
L-N22000599,2025-02,,99.0,,8975.0,7906.38
L-N22000599,2025-03,,100.0,,8975.0,7906.38
L-N22000600,2025-01,,,,492.83,492.83
L-N22000600,2025-02,,32.0,,492.83,492.83
L-N22000600,2025-03,,33.0,,492.83,492.83
L-N22000605,2025-01,,23.0,70.0,422.6,422.6
L-N22000605,2025-02,,24.0,72.0,422.6,422.6
L-N22000605,2025-03,,25.0,72.0,422.6,422.6
L-N22000609,2025-01,,279.0,100.0,164.33,187.05
L-N22000612,2025-01,,,,402.88,402.88
L-N22000612,2025-02,,30.0,,402.88,402.88
L-N22000612,2025-03,,,,402.88,402.88
L-N22000613,2025-01,,98.0,85.0,186.85,470.47
L-N22000613,2025-02,,99.0,85.0,186.85,470.47
L-N22000613,2025-03,,100.0,86.0,186.85,500.37
L-N22000614,2025-01,RAILWAYS,,,299.74,299.74
L-N22000614,2025-02,RAILWAYS,94.0,,299.74,299.74
L-N22000614,2025-03,RAILWAYS,,,299.74,781.0
L-N22000616,2025-01,,,,241.0,241.0
L-N22000616,2025-02,,76.0,,241.0,241.0
L-N22000616,2025-03,,,,241.0,241.0
L-N22000618,2025-01,,,1.0,358.95,358.95
L-N22000625,2025-01,,72.0,80.0,304.22,373.42
L-N22000625,2025-02,,73.0,80.0,304.22,373.42
L-N22000628,2025-01,,191.0,,4874.58,10442.41
L-N22000628,2025-02,,192.0,,4874.58,10442.41
L-N22000628,2025-03,,193.0,,4874.58,10442.41
L-N22000630,2025-01,,9.0,,350.46,350.46
L-N22000630,2025-02,,10.0,,350.46,350.46
L-N22000630,2025-03,,11.0,,350.46,350.46
L-N24000165,2025-01,ROAD TRANSPORT AND,,97.78,671.3,671.3
L-N24000165,2025-02,ROAD TRANSPORT AND,174.0,97.78,671.3,671.3
L-N24000165,2025-03,ROAD TRANSPORT AND,,97.78,671.3,671.3
L-N24000245,2025-01,ROAD TRANSPORT AND,132.0,72.15,270.0,270.0
L-N24000245,2025-02,ROAD TRANSPORT AND,133.0,72.15,270.0,270.0
L-N24000245,2025-03,ROAD TRANSPORT AND,134.0,72.15,270.0,270.0
L-N24000247,2025-01,,123.0,98.51,295.47,295.47
L-N24000247,2025-02,,124.0,99.0,295.47,295.47
L-N24000247,2025-03,,125.0,98.51,295.47,295.47
L-N24000248,2025-01,,118.0,93.11,153.21,153.21
L-N24000248,2025-02,,119.0,93.0,153.21,153.21
L-N24000248,2025-03,,120.0,93.81,153.21,153.21
L-N24000301,2025-01,ROAD TRANSPORT AND,118.0,100.0,271.45,271.45
L-N24000301,2025-02,ROAD TRANSPORT AND,119.0,100.0,271.45,271.45
L-N24000334,2025-01,ROAD TRANSPORT AND,118.0,99.0,165.67,165.67
L-N24000334,2025-02,ROAD TRANSPORT AND,119.0,99.0,165.67,165.67
L-N24000334,2025-03,ROAD TRANSPORT AND,120.0,99.0,165.67,165.67
L-N24000463,2025-01,ROAD TRANSPORT AND,109.0,100.0,1083.0,1414.01
L-N24000463,2025-02,ROAD TRANSPORT AND,110.0,100.0,1083.0,1414.01
L-N24000463,2025-03,ROAD TRANSPORT AND,111.0,100.0,1083.0,1414.01
L-N24000465,2025-01,ROAD TRANSPORT AND,146.0,,605.84,605.84
L-N24000465,2025-02,ROAD TRANSPORT AND,147.0,,605.84,605.84
L-N24000465,2025-03,ROAD TRANSPORT AND,148.0,,605.84,605.84
L-N24000531,2025-01,,107.0,99.0,319.68,503.28
L-N24000531,2025-02,,108.0,98.8,319.68,503.28
L-N24000531,2025-03,,109.0,98.8,319.68,503.28
L-N24000564,2025-01,,106.0,83.46,1408.0,1659.12
L-N24000567,2025-01,ROAD TRANSPORT AND,104.0,100.0,998.18,998.18
L-N24000570,2025-01,,104.0,96.0,763.08,763.08
L-N24000576,2025-01,,107.0,98.0,178.85,278.54
L-N24000576,2025-02,,108.0,98.35,178.85,278.54
L-N24000576,2025-03,,109.0,98.35,178.85,278.54
L-N24000578,2025-01,,107.0,98.0,553.3,706.39
L-N24000578,2025-02,,108.0,98.0,553.3,706.39
L-N24000578,2025-03,,109.0,98.0,553.3,706.39
L-N24000603,2025-01,,101.0,84.25,1167.42,1224.01
L-N24000659,2025-01,,94.0,82.04,1059.73,1071.0
L-N24000683,2025-01,ROAD TRANSPORT AND,95.0,96.59,180.57,180.57
L-N24000688,2025-01,,106.0,87.21,429.52,794.74
L-N24000688,2025-02,,107.0,88.39,429.52,794.74
L-N24000688,2025-03,,108.0,90.38,429.52,794.74
L-N24000697,2025-01,ROAD TRANSPORT AND,89.0,99.5,1176.37,1176.37
L-N24000697,2025-02,ROAD TRANSPORT AND,90.0,99.5,1176.37,1176.37
L-N24000697,2025-03,ROAD TRANSPORT AND,91.0,99.5,1176.37,1176.37
L-N24000704,2025-01,ROAD TRANSPORT AND,88.0,100.0,1124.11,1573.18
L-N24000704,2025-02,ROAD TRANSPORT AND,89.0,100.0,1124.11,1573.18
L-N24000709,2025-01,,85.0,99.5,950.27,786.43
L-N24000736,2025-01,,84.0,90.2,686.65,1015.16
L-N24000736,2025-02,,85.0,92.5,686.65,1015.16
L-N24000736,2025-03,,86.0,95.0,686.65,1015.16
L-N24000741,2025-01,,82.0,,274.31,274.31
L-N24000741,2025-02,,83.0,97.31,274.31,274.31
L-N24000742,2025-01,,82.0,98.93,403.36,403.36
L-N24000742,2025-02,,83.0,98.93,403.36,403.36
L-N24000742,2025-03,,84.0,99.0,403.36,403.36
L-N24000743,2025-01,,82.0,,417.24,417.24
L-N24000743,2025-02,,83.0,99.88,417.24,417.24
L-N24000743,2025-03,,84.0,100.0,417.24,417.24
L-N24000752,2025-01,,95.0,99.46,387.0,688.12
L-N24000752,2025-02,,96.0,99.64,387.0,688.12
L-N24000752,2025-03,,97.0,99.72,387.0,688.12
L-N24000753,2025-01,,82.0,96.93,500.09,698.81
L-N24000753,2025-02,,83.0,98.05,500.09,698.81
L-N24000753,2025-03,,84.0,98.88,500.09,698.81
L-N24000767,2025-01,HIGHER EDUCATION,94.0,96.55,375.8,375.8
L-N24000767,2025-02,HIGHER EDUCATION,95.0,96.55,375.8,375.8
L-N24000767,2025-03,HIGHER EDUCATION,96.0,96.55,375.8,375.8
L-N24000768,2025-01,HIGHER EDUCATION,86.0,100.0,290.05,290.05
L-N24000768,2025-02,HIGHER EDUCATION,87.0,100.0,290.05,290.05
L-N24000772,2025-01,,85.0,100.0,257.34,257.34
L-N24000772,2025-02,,86.0,100.0,257.34,257.34
L-N24000772,2025-03,,87.0,100.0,257.34,257.34
L-N24000773,2025-01,,85.0,100.0,200.34,200.34
L-N24000773,2025-02,,86.0,100.0,200.34,200.34
L-N24000773,2025-03,,87.0,100.0,200.34,200.34
L-N24000774,2025-01,,85.0,100.0,248.22,248.22
L-N24000774,2025-02,,86.0,100.0,248.22,248.22
L-N24000774,2025-03,,87.0,100.0,248.22,248.22
L-N24000776,2025-01,,86.0,100.0,232.81,232.81
L-N24000776,2025-02,,87.0,100.0,232.81,232.81
L-N24000776,2025-03,,88.0,100.0,232.81,232.81
L-N24000777,2025-01,,86.0,100.0,283.51,283.51
L-N24000777,2025-02,,87.0,100.0,283.51,283.51
L-N24000777,2025-03,,88.0,100.0,283.51,283.51
L-N24000778,2025-01,,86.0,100.0,266.52,266.52
L-N24000778,2025-02,,87.0,100.0,266.52,266.52
L-N24000778,2025-03,,88.0,100.0,266.52,266.52
L-N24000780,2025-01,,83.0,100.0,293.68,293.68
L-N24000780,2025-02,,84.0,100.0,293.68,293.68
L-N24000798,2025-01,,82.0,98.4,2140.93,2140.93
L-N24000798,2025-02,,83.0,98.56,2140.93,2140.93
L-N24000798,2025-03,,84.0,98.9,2140.93,2140.93
L-N24000821,2025-01,,86.0,100.0,257.34,238.0
L-N24000821,2025-02,,87.0,100.0,257.34,238.0
L-N24000821,2025-03,,88.0,100.0,257.34,238.0
L-N24000851,2025-01,,82.0,55.8,1162.92,1182.87
L-N24000851,2025-02,,83.0,58.12,1162.92,1182.87
L-N24000851,2025-03,,84.0,58.15,1162.92,1182.87
L-N24000858,2025-01,HIGHER EDUCATION,93.0,99.0,640.07,1286.35
L-N24000858,2025-02,HIGHER EDUCATION,94.0,98.9,640.07,1286.35
L-N24000858,2025-03,HIGHER EDUCATION,95.0,98.9,640.07,1286.35
L-N24000880,2025-01,,83.0,100.0,426.18,426.18
L-N24000880,2025-02,,84.0,100.0,426.18,426.18
L-N24000880,2025-03,,85.0,100.0,426.18,426.18
L-N24000907,2025-01,ROAD TRANSPORT AND,82.0,100.0,293.1,315.0
L-N24000907,2025-02,ROAD TRANSPORT AND,83.0,100.0,293.1,315.0
L-N24000907,2025-03,ROAD TRANSPORT AND,84.0,100.0,293.1,315.0
L-N24000909,2025-01,,87.0,62.0,1069.59,1069.59
L-N24000909,2025-02,,88.0,62.0,1069.59,1069.59
L-N24000909,2025-03,,89.0,62.0,1069.59,1069.59
L-N24000910,2025-01,,82.0,79.0,170.57,150.0
L-N24000910,2025-02,,83.0,79.0,170.57,150.0
L-N24000910,2025-03,,84.0,79.0,170.57,150.0
L-N24000912,2025-01,,101.0,98.66,287.7,293.66
L-N24000912,2025-02,,102.0,98.66,287.7,293.66
L-N24000912,2025-03,,103.0,98.66,287.7,293.66
L-N24000914,2025-01,,97.0,92.0,223.5,223.5
L-N24000914,2025-02,,98.0,92.0,223.5,223.5
L-N24000914,2025-03,,99.0,92.0,223.5,223.5
L-N24000917,2025-01,,82.0,98.0,199.16,199.16
L-N24000917,2025-02,,83.0,98.0,199.16,199.16
L-N24000917,2025-03,,84.0,98.0,199.16,199.16
L-N24000925,2025-01,,75.0,87.0,400.76,394.44
L-N24000925,2025-02,,76.0,87.0,400.76,394.44
L-N24000925,2025-03,,77.0,87.0,400.76,394.44
L-N24000931,2025-01,,98.0,90.0,290.15,236.16
L-N24000931,2025-02,,99.0,90.0,290.15,236.16
L-N24000931,2025-03,,100.0,90.0,290.15,236.16
L-N24000980,2025-01,,99.0,98.0,298.32,298.32
L-N24000980,2025-02,,100.0,98.0,298.32,298.32
L-N24000980,2025-03,,101.0,98.0,298.32,298.32
L-N24000982,2025-01,,96.0,99.9,244.54,244.54
L-N24000982,2025-02,,97.0,100.0,244.54,244.54
L-N24000982,2025-03,,98.0,99.1,244.54,244.54
L-N24000984,2025-01,,96.0,99.3,283.0,283.0
L-N24000984,2025-02,,97.0,99.0,283.0,283.0
L-N24000984,2025-03,,98.0,99.3,283.0,283.0
L-N24000986,2025-01,,96.0,96.05,300.0,300.0
L-N24000986,2025-02,,97.0,96.0,300.0,300.0
L-N24000986,2025-03,,98.0,96.05,300.0,300.0
L-N24000990,2025-01,,83.0,87.44,294.13,294.13
L-N24000990,2025-02,,84.0,87.0,294.13,294.13
L-N24000990,2025-03,,85.0,87.44,294.13,294.13
L-N24000993,2025-01,,82.0,98.09,322.81,322.81
L-N24000993,2025-02,,83.0,98.0,322.81,322.81
L-N24000993,2025-03,,84.0,98.09,322.81,322.81
L-N24001003,2025-01,,,99.0,313.95,313.95
L-N24001003,2025-02,,97.0,99.0,313.95,313.95
L-N24001008,2025-01,,,97.0,401.0,401.0
L-N24001008,2025-02,,96.0,97.0,401.0,401.0
L-N24001013,2025-01,,,92.76,391.06,391.06
L-N24001013,2025-02,,97.0,93.0,391.06,391.06
L-N24001013,2025-03,,,92.76,391.06,391.06
L-N24001017,2025-01,,,99.0,228.89,228.89
L-N24001017,2025-02,,97.0,99.0,228.89,228.89
L-N24001017,2025-03,,,99.0,228.89,228.89
L-N24001018,2025-01,,,100.0,392.83,392.83
L-N24001018,2025-02,,97.0,100.0,392.83,392.83
L-N24001021,2025-01,,,98.69,396.91,396.91
L-N24001021,2025-02,,97.0,98.69,396.91,396.91
L-N24001022,2025-01,,,93.15,363.82,363.82
L-N24001022,2025-02,,97.0,93.0,363.82,363.82
L-N24001022,2025-03,,,93.15,363.82,363.82
L-N24001046,2025-01,,,96.5,210.81,210.81
L-N24001046,2025-02,,97.0,96.5,210.81,210.81
L-N24001050,2025-01,,,68.39,304.58,304.58
L-N24001050,2025-02,,83.0,68.39,304.58,304.58
L-N24001050,2025-03,,,68.39,304.58,304.58
L-N24001058,2025-01,,,92.06,276.95,276.95
L-N24001058,2025-02,,83.0,92.06,276.95,276.95
L-N24001058,2025-03,,,92.06,276.95,276.95
L-N24001069,2025-01,,,,456.93,456.93
L-N24001069,2025-02,,86.0,,456.93,456.93
L-N24001069,2025-03,,,,456.93,456.93
L-N24001078,2025-01,,,94.0,228.31,228.31
L-N24001078,2025-02,,83.0,93.89,228.31,228.31
L-N24001079,2025-01,,,96.25,426.06,426.06
L-N24001079,2025-02,,86.0,96.25,426.06,426.06
L-N24001080,2025-01,,82.0,98.0,256.15,256.15
L-N24001080,2025-02,,83.0,98.0,256.15,256.15
L-N24001090,2025-01,,,95.0,509.18,509.18
L-N24001090,2025-02,,97.0,94.81,509.18,509.18
L-N24001092,2025-01,,,76.76,653.46,653.46
L-N24001092,2025-02,,97.0,77.0,653.46,653.46
L-N24001092,2025-03,,,76.76,653.46,653.46
L-N24001099,2025-01,,,76.5,488.6,488.6
L-N24001099,2025-02,,97.0,76.5,488.6,488.6
L-N24001099,2025-03,,,76.5,488.6,488.6
L-N24001101,2025-01,,,96.0,307.63,307.63
L-N24001101,2025-02,,97.0,96.27,307.63,307.63
L-N24001102,2025-01,,,99.78,218.38,218.38
L-N24001102,2025-02,,91.0,99.78,218.38,218.38
L-N24001114,2025-01,,,61.42,1202.52,1202.52
L-N24001114,2025-02,,97.0,61.42,1202.52,1202.52
L-N24001114,2025-03,,,61.42,1202.52,1202.52
L-N24001124,2025-01,,,94.07,456.32,456.32
L-N24001124,2025-02,,96.0,94.07,456.32,456.32
L-N24001124,2025-03,,,94.07,456.32,456.32
L-N24001125,2025-01,,,91.56,337.46,337.46
L-N24001125,2025-02,,96.0,91.56,337.46,337.46
L-N24001125,2025-03,,,91.56,337.46,337.46
L-N24001130,2025-01,,101.0,100.0,234.88,234.88
L-N24001130,2025-02,,102.0,100.0,234.88,234.88
L-N24001130,2025-03,,103.0,100.0,234.88,234.88
L-N24001138,2025-01,,,,205.72,205.72
L-N24001138,2025-02,,96.0,100.0,205.72,205.72
L-N24001156,2025-01,,96.0,100.0,166.67,264.34
L-N24001156,2025-02,,97.0,100.0,166.67,264.34
L-N24001156,2025-03,,98.0,100.0,166.67,264.34
L-N24001157,2025-01,,101.0,90.1,175.5,241.6
L-N24001157,2025-02,,102.0,90.0,175.5,241.6
L-N24001157,2025-03,,103.0,90.0,175.5,241.6
L-N24001158,2025-01,,82.0,100.0,159.97,242.61
L-N24001158,2025-02,,83.0,100.0,159.97,242.61
L-N24001158,2025-03,,84.0,100.0,159.97,242.61
L-N24001159,2025-01,,84.0,100.0,159.7,159.7
L-N24001159,2025-02,,85.0,100.0,159.7,159.7
L-N24001159,2025-03,,86.0,100.0,159.7,159.7
L-N24001160,2025-01,,88.0,100.0,191.6,191.6
L-N24001160,2025-02,,89.0,100.0,191.6,191.6
L-N24001160,2025-03,,90.0,100.0,191.6,191.6
L-N24001161,2025-01,,85.0,100.0,297.3,318.28
L-N24001161,2025-02,,86.0,100.0,297.3,318.28
L-N24001161,2025-03,,87.0,100.0,297.3,318.28
L-N24001162,2025-01,,82.0,100.0,325.86,386.41
L-N24001162,2025-02,,83.0,100.0,325.86,386.41
L-N24001162,2025-03,,84.0,100.0,325.86,386.41
L-N24001164,2025-01,,99.0,100.0,396.96,396.96
L-N24001164,2025-02,,100.0,100.0,396.96,396.96
L-N24001164,2025-03,,101.0,100.0,396.96,396.96
L-N24001165,2025-01,,98.0,100.0,314.9,314.9
L-N24001165,2025-02,,99.0,100.0,314.9,314.9
L-N24001165,2025-03,,100.0,100.0,314.9,314.9
L-N24001166,2025-01,,118.0,98.06,159.12,159.12
L-N24001166,2025-02,,119.0,98.0,159.12,159.12
L-N24001166,2025-03,,120.0,98.0,159.12,159.12
L-N24001168,2025-01,,80.0,100.0,171.6,171.6
L-N24001168,2025-02,,81.0,100.0,171.6,171.6
L-N24001168,2025-03,,82.0,100.0,171.6,171.6
L-N24001172,2025-01,,96.0,100.0,291.49,291.49
L-N24001172,2025-02,,97.0,100.0,291.49,291.49
L-N24001172,2025-03,,98.0,100.0,291.49,291.49
L-N24001173,2025-01,,95.0,60.0,157.32,187.61
L-N24001173,2025-02,,96.0,60.0,157.32,187.61
L-N24001173,2025-03,,97.0,60.0,157.32,187.61
L-N24001179,2025-01,,94.0,100.0,217.35,217.35
L-N24001180,2025-01,,70.0,100.0,237.51,237.51
L-N24001216,2025-01,,97.0,90.1,196.0,196.0
L-N24001216,2025-02,,98.0,90.0,196.0,196.0
L-N24001216,2025-03,,99.0,90.1,196.0,196.0
L-N24001217,2025-01,ROAD TRANSPORT AND,108.0,60.41,497.14,572.66
L-N24001217,2025-02,ROAD TRANSPORT AND,109.0,60.41,497.14,572.66
L-N24001217,2025-03,ROAD TRANSPORT AND,110.0,60.41,497.14,572.66
L-N24001221,2025-01,,108.0,99.0,624.98,731.5
L-N24001221,2025-02,,109.0,99.0,624.98,731.5
L-N24001221,2025-03,,110.0,99.0,624.98,731.5
L-N24001222,2025-01,,106.0,66.3,452.94,435.61
L-N24001222,2025-02,,107.0,67.8,452.94,435.61
L-N24001222,2025-03,,108.0,68.92,452.94,435.61
L-N24001244,2025-01,ROAD TRANSPORT,53.0,71.47,301.06,301.06
L-N24001244,2025-02,ROAD TRANSPORT,54.0,74.95,301.06,301.06
L-N24001244,2025-03,ROAD TRANSPORT,55.0,76.98,301.06,301.06
L-N24001254,2025-01,HIGHER EDUCATION,58.0,0.0,242.97,244.45
L-N24001254,2025-02,HIGHER EDUCATION,59.0,0.0,242.97,244.45
L-N24001259,2025-01,,52.0,74.23,315.63,315.63
L-N24001271,2025-01,,55.0,77.36,365.53,365.53
L-N24001271,2025-02,,56.0,77.36,365.53,365.53
L-N24001271,2025-03,,57.0,77.36,365.53,365.53
L-N24001272,2025-01,,58.0,69.89,167.95,167.95
L-N24001273,2025-01,,54.0,80.53,177.76,177.76
L-N24001286,2025-01,,58.0,100.0,278.95,278.95
L-N24001286,2025-02,,59.0,100.0,278.95,278.95
L-N24001303,2025-01,,135.0,98.3,649.9,750.0
L-N24001303,2025-02,,136.0,98.3,649.9,750.0
L-N24001303,2025-03,,137.0,98.3,649.9,750.0
L-N24001309,2025-01,,,100.0,159.13,171.5
L-N24001309,2025-02,,,100.0,159.13,171.5
L-N24001309,2025-03,,,100.0,159.13,171.5
L-N24001322,2025-01,,52.0,46.98,183.31,439.56
L-N24001322,2025-02,,53.0,49.88,183.31,439.56
L-N24001322,2025-03,,54.0,51.85,183.31,439.56
L-N24001325,2025-01,,52.0,46.17,262.84,414.2
L-N24001325,2025-02,,53.0,46.47,262.84,414.2
L-N24001325,2025-03,,54.0,47.56,262.84,414.2
L-N24001339,2025-01,,51.0,98.62,157.86,157.86
L-N24001339,2025-02,,52.0,100.0,157.86,157.86
L-N24001343,2025-01,ROAD TRANSPORT AND HIGHWAYS,,58.53,384.23,384.23
L-N24001343,2025-02,ROAD TRANSPORT AND HIGHWAYS,47.0,60.4,384.23,384.23
L-N24001343,2025-03,ROAD TRANSPORT AND HIGHWAYS,,60.4,384.23,384.23
L-N24001353,2025-01,,,50.79,195.14,195.14
L-N24001360,2025-01,,46.0,98.39,260.21,260.21
L-N24001361,2025-01,HIGHER EDUCATION,,41.04,332.2,348.92
L-N24001363,2025-01,ROAD TRANSPORT,,17.2,354.79,354.79
L-N24001363,2025-02,ROAD TRANSPORT,,59.09,354.79,354.79
L-N24001363,2025-03,ROAD TRANSPORT,,59.0,354.79,354.79
L-N24001366,2025-01,ROAD TRANSPORT,,100.0,288.85,288.85
L-N24001366,2025-02,ROAD TRANSPORT,47.0,100.0,288.85,288.85
L-N24001366,2025-03,ROAD TRANSPORT,,100.0,288.85,288.85
L-N24001370,2025-01,,95.0,100.0,380.76,372.87
L-N24001370,2025-02,,96.0,100.0,380.76,372.87
L-N24001370,2025-03,,97.0,100.0,380.76,372.87
L-N24001381,2025-01,,53.0,98.0,272.98,272.98
L-N24001381,2025-02,,54.0,100.0,272.98,272.98
L-N24001381,2025-03,,55.0,100.0,272.98,272.98
L-N24001382,2025-01,,53.0,86.0,242.8,242.8
L-N24001382,2025-02,,54.0,87.39,242.8,242.8
L-N24001382,2025-03,,55.0,87.0,242.8,242.8
L-N24001383,2025-01,,53.0,100.0,349.2,349.2
L-N24001383,2025-02,,54.0,100.0,349.2,349.2
L-N24001383,2025-03,,55.0,100.0,349.2,349.2
L-N24001387,2025-01,,96.0,100.0,264.34,264.34
L-N24001387,2025-02,,97.0,100.0,264.34,264.34
L-N24001387,2025-03,,98.0,100.0,264.34,264.34
L-N24001388,2025-01,,70.0,82.0,423.15,423.15
L-N24001388,2025-02,,71.0,82.0,423.15,423.15
L-N24001388,2025-03,,72.0,82.0,423.15,423.15
L-N24001389,2025-01,,58.0,99.4,206.53,206.53
L-N24001391,2025-01,,53.0,100.0,294.04,294.04
L-N24001397,2025-01,,,94.37,431.28,431.28
L-N24001397,2025-02,,48.0,99.45,431.28,431.28
L-N24001397,2025-03,,,99.84,431.28,431.28
L-N24001402,2025-01,,,100.0,185.8,185.8
L-N24001402,2025-02,,43.0,100.0,185.8,185.8
L-N24001402,2025-03,,,100.0,185.8,185.8
L-N24001404,2025-01,,,89.98,198.77,198.77
L-N24001404,2025-02,,43.0,97.54,198.77,198.77
L-N24001404,2025-03,,,100.0,198.77,198.77
L-N24001408,2025-01,ROAD TRANSPORT AND,47.0,30.65,925.47,925.47
L-N24001408,2025-02,ROAD TRANSPORT AND,48.0,30.65,925.47,925.47
L-N24001408,2025-03,ROAD TRANSPORT AND,49.0,30.65,925.47,925.47
L-N24001424,2025-01,,46.0,100.0,185.09,269.81
L-N24001424,2025-02,,47.0,100.0,185.09,269.81
L-N24001424,2025-03,,48.0,100.0,185.09,269.81
L-N24001427,2025-01,,55.0,93.0,166.21,166.21
L-N24001427,2025-02,,56.0,93.0,166.21,166.21
L-N24001427,2025-03,,57.0,93.0,166.21,166.21
L-N24001428,2025-01,,82.0,97.67,998.7,1358.32
L-N24001430,2025-01,,82.0,99.8,2120.4,2565.63
L-N24001439,2025-01,,,98.41,467.41,467.41
L-N24001439,2025-02,,42.0,100.0,467.41,467.41
L-N24001439,2025-03,,,100.0,467.41,467.41
L-N24001440,2025-01,,,84.7,492.94,492.94
L-N24001440,2025-02,,,86.8,492.94,492.94
L-N24001448,2025-01,,38.0,87.88,223.35,223.35
L-N24001448,2025-02,,39.0,87.88,223.35,223.35
L-N24001448,2025-03,,40.0,88.0,223.35,223.35
L-N24001455,2025-01,,35.0,94.0,191.33,191.33
L-N24001455,2025-02,,36.0,96.0,191.33,207.97
L-N24001455,2025-03,,37.0,100.0,191.33,207.97
L-N24001456,2025-01,,57.0,100.0,199.39,199.39
L-N24001456,2025-02,,58.0,100.0,199.39,199.39
L-N24001456,2025-03,,59.0,100.0,199.39,199.39
L-N24001464,2025-01,,46.0,78.0,264.86,264.86
L-N24001464,2025-02,,47.0,79.0,264.86,264.86
L-N24001464,2025-03,,48.0,82.0,264.86,264.86
L-N24001467,2025-01,,46.0,91.65,226.44,226.44
L-N24001467,2025-02,,47.0,98.71,226.44,226.44
L-N24001467,2025-03,,48.0,100.0,226.44,226.44
L-N24001468,2025-01,,,,282.07,282.07
L-N24001468,2025-02,,35.0,,282.07,282.07
L-N24001468,2025-03,,,,282.07,282.07
L-N24001472,2025-01,,40.0,99.0,811.19,811.19
L-N24001472,2025-02,,41.0,99.0,811.19,811.19
L-N24001472,2025-03,,42.0,99.0,811.19,811.19
L-N24001475,2025-01,ROAD TRANSPORT,34.0,100.0,605.36,605.36
L-N24001480,2025-01,,39.0,99.0,227.06,227.06
L-N24001480,2025-02,,40.0,100.0,227.06,227.06
L-N24001480,2025-03,,41.0,100.0,227.06,227.06
L-N24001488,2025-01,,40.0,92.3,618.45,618.45
L-N24001488,2025-02,,41.0,94.4,618.45,618.45
L-N24001488,2025-03,,42.0,95.5,618.45,618.45
L-N24001503,2025-01,,40.0,3.0,667.66,666.21
L-N24001503,2025-02,,41.0,3.0,667.66,666.21
L-N24001503,2025-03,,42.0,3.0,667.66,666.21
L-N24001529,2025-01,,37.0,97.0,451.66,451.66
L-N24001529,2025-02,,38.0,97.0,451.66,451.66
L-N24001529,2025-03,,39.0,99.0,451.66,451.66
L-N24001532,2025-01,ROAD TRANSPORT AND,38.0,100.0,694.0,1500.0
L-N24001533,2025-01,,50.0,98.0,1690.23,2010.17
L-N24001536,2025-01,,54.0,99.61,817.0,1605.0
L-N24001540,2025-03,,,100.0,152.11,152.11
L-N24001542,2025-01,,,43.68,456.88,456.88
L-N24001542,2025-02,,,45.8,456.88,456.88
L-N24001542,2025-03,,,48.94,456.88,456.88
L-N24001559,2025-01,,40.0,98.5,672.35,672.35
L-N24001573,2025-01,,62.0,99.9,1658.06,1658.06
L-N24001594,2025-01,,35.0,82.0,534.73,534.73
L-N24001594,2025-02,,36.0,88.0,534.73,534.73
L-N24001594,2025-03,,37.0,90.0,534.73,534.73
L-N24001610,2025-01,,36.0,89.41,1833.73,1833.73
L-N24001610,2025-02,,37.0,92.11,1833.73,1833.73
L-N24001610,2025-03,,38.0,93.22,1833.73,1833.73
L-N24001616,2025-01,,48.0,98.92,428.04,428.04
L-N24001618,2025-01,,64.0,95.38,194.4,235.0
L-N24001618,2025-02,,65.0,98.81,194.4,235.0
L-N24001618,2025-03,,66.0,98.84,194.4,235.0
L-N24001623,2025-01,,60.0,34.0,336.01,336.01
L-N24001624,2025-01,,66.0,100.0,157.05,157.05
L-N24001624,2025-02,,67.0,100.0,157.05,157.05
L-N24001624,2025-03,,68.0,100.0,157.05,157.05
L-N24001625,2025-01,,36.0,40.9,1227.57,1227.57
L-N24001625,2025-02,,37.0,41.24,1227.57,1227.57
L-N24001625,2025-03,,38.0,43.66,1227.57,1227.57
L-N24001636,2025-01,,44.0,15.31,1368.91,1368.91
L-N24001636,2025-02,,45.0,15.31,1368.91,1368.91
L-N24001636,2025-03,,46.0,15.31,1368.91,1368.91
L-N24001641,2025-01,,46.0,24.6,1641.75,1641.75
L-N24001641,2025-02,,47.0,25.06,1641.75,1641.75
L-N24001641,2025-03,,48.0,25.5,1641.75,1641.75
L-N24001662,2025-01,,56.0,84.38,1981.07,1981.07
L-N24001663,2025-01,,55.0,70.14,3041.65,3041.65
L-N24001666,2025-01,,37.0,82.68,714.0,714.0
L-N24001666,2025-02,,38.0,85.08,714.0,714.0
L-N24001666,2025-03,,39.0,90.09,714.0,714.0
L-N24001670,2025-01,,47.0,90.1,593.0,593.0
L-N24001670,2025-02,,48.0,90.45,593.0,593.0
L-N24001670,2025-03,,49.0,93.35,593.0,593.0
L-N24001671,2025-01,,47.0,94.91,925.0,925.0
L-N24001671,2025-02,,48.0,94.91,925.0,925.0
L-N24001671,2025-03,,49.0,97.0,925.0,925.0
L-N24001684,2025-01,,52.0,77.33,688.0,688.0
L-N24001684,2025-02,,53.0,77.33,688.0,688.0
L-N24001684,2025-03,,54.0,80.02,688.0,688.0
L-N24001692,2025-01,,36.0,62.15,467.99,468.0
L-N24001696,2025-01,,71.0,,1291.37,1291.37
L-N24001696,2025-02,,72.0,,1291.37,1291.37
L-N24001696,2025-03,,73.0,,1291.37,1291.37
L-N24001698,2025-01,,29.0,,1198.02,1198.02
L-N24001701,2025-01,,33.0,,1769.5,1769.5
L-N24001701,2025-02,,34.0,,1769.5,1769.5
L-N24001701,2025-03,,35.0,,1769.5,1769.5
L-N24001704,2025-01,,46.0,,1020.84,1020.84
L-N24001704,2025-02,,47.0,,1020.84,1020.84
L-N24001704,2025-03,,48.0,,1020.84,1020.84
L-N24001705,2025-01,,34.0,,1485.66,1485.66
L-N24001705,2025-02,,35.0,,1485.66,1485.66
L-N24001705,2025-03,,36.0,,1485.66,1485.66
L-N24001708,2025-01,,52.0,98.23,2156.22,2156.22
L-N24001711,2025-01,,52.0,100.0,939.43,939.43
L-N24001715,2025-01,,73.0,100.0,333.6,461.41
L-N24001715,2025-02,,74.0,100.0,333.6,461.41
L-N24001715,2025-03,,75.0,100.0,333.6,461.41
L-N24001716,2025-01,,30.0,95.0,186.5,242.4
L-N24001716,2025-02,,31.0,100.0,186.5,242.4
L-N24001716,2025-03,,32.0,100.0,186.5,242.4
L-N24001722,2025-01,,38.0,98.5,463.44,463.44
L-N24001722,2025-02,,39.0,99.0,463.44,463.44
L-N24001722,2025-03,,40.0,99.0,463.44,463.44
L-N24001725,2025-01,,72.0,57.32,819.89,922.85
L-N24001725,2025-02,,73.0,57.32,819.89,922.85
L-N24001725,2025-03,,74.0,57.32,819.89,922.85
L-N24001726,2025-01,,24.0,79.5,391.26,391.26
L-N24001726,2025-02,,25.0,80.3,391.26,391.26
L-N24001726,2025-03,,26.0,80.3,391.26,391.26
L-N24001736,2025-01,,36.0,98.0,1159.96,1159.96
L-N24001736,2025-02,,37.0,98.0,1159.96,1159.96
L-N24001736,2025-03,,38.0,98.69,1159.96,1159.96
L-N24001737,2025-01,,38.0,97.73,923.15,923.15
L-N24001737,2025-02,,39.0,97.92,923.15,923.15
L-N24001737,2025-03,,40.0,98.25,923.15,923.15
L-N24001739,2025-01,,63.0,99.8,1779.83,2200.0
L-N24001739,2025-02,,64.0,99.8,1779.83,2200.0
L-N24001739,2025-03,,65.0,99.8,1779.83,2200.0
L-N24001744,2025-01,,68.0,96.45,779.17,779.17
L-N24001744,2025-02,,69.0,96.45,779.17,779.17
L-N24001744,2025-03,,70.0,96.45,779.17,779.17
L-N24001747,2025-01,ROAD TRANSPORT AND HIGHWAYS,58.0,88.78,2193.23,2314.0
L-N24001747,2025-02,ROAD TRANSPORT AND HIGHWAYS,59.0,90.83,2193.23,2314.0
L-N24001747,2025-03,ROAD TRANSPORT AND HIGHWAYS,60.0,92.5,2193.23,2314.0
L-N24001748,2025-01,,46.0,95.34,2200.93,2614.86
L-N24001748,2025-02,,47.0,96.28,2200.93,2616.06
L-N24001748,2025-03,,48.0,96.63,2200.93,2621.32
L-N24001755,2025-01,,63.0,98.8,1936.68,2458.03
L-N24001755,2025-02,,64.0,98.8,1936.68,2458.03
L-N24001755,2025-03,,65.0,98.8,1936.68,2458.03
L-N24001765,2025-01,,29.0,39.75,207.77,207.77
L-N24001768,2025-01,,65.0,100.0,323.51,323.51
L-N24001775,2025-01,,59.0,99.79,808.31,958.0
L-N24001775,2025-02,,60.0,99.89,808.31,958.0
L-N24001775,2025-03,,61.0,100.0,808.31,958.0
L-N24001779,2025-01,,82.0,86.75,2507.0,3030.73
L-N24001779,2025-02,,83.0,92.0,2507.0,3030.73
L-N24001779,2025-03,,84.0,94.0,2507.0,3030.73
L-N24001788,2025-01,,54.0,97.4,2271.86,3916.0
L-N24001797,2025-01,,39.0,94.83,815.77,815.77
L-N24001797,2025-02,,40.0,96.18,815.77,815.77
L-N24001797,2025-03,,41.0,99.25,815.77,815.77
L-N24001811,2025-01,,45.0,98.21,583.93,704.3
L-N24001811,2025-02,,46.0,98.21,583.93,770.0
L-N24001811,2025-03,,47.0,98.6,583.93,770.0
L-N24001813,2025-01,,42.0,21.6,1692.05,1692.05
L-N24001813,2025-02,,43.0,21.6,1692.05,1692.05
L-N24001813,2025-03,,44.0,21.6,1692.05,1692.05
L-N24001815,2025-01,,25.0,97.6,1699.0,1699.0
L-N24001817,2025-01,,71.0,95.02,757.45,757.45
L-N24001817,2025-02,,72.0,97.51,757.45,757.45
L-N24001817,2025-03,,73.0,97.82,757.45,757.45
L-N24001822,2025-01,,49.0,69.45,1075.27,1307.0
L-N24001822,2025-02,,50.0,77.31,1075.27,1307.0
L-N24001822,2025-03,,51.0,79.68,1075.27,1307.0
L-N24001825,2025-01,,54.0,88.1,1894.96,1894.96
L-N24001825,2025-02,,55.0,90.91,1894.96,1894.96
L-N24001825,2025-03,,56.0,92.61,1894.96,1894.96
L-N24001828,2025-01,,36.0,80.0,221.03,243.95
L-N24001828,2025-02,,37.0,80.0,221.03,243.95
L-N24001828,2025-03,,38.0,80.0,221.03,243.95
L-N24001829,2025-01,,27.0,95.0,172.15,172.15
L-N24001829,2025-02,,28.0,96.0,172.15,172.15
L-N24001829,2025-03,,29.0,98.0,172.15,172.15
L-N24001832,2025-01,,24.0,48.89,458.59,458.59
L-N24001832,2025-02,,25.0,52.35,458.59,458.59
L-N24001832,2025-03,,26.0,59.99,458.59,458.59
L-N24001833,2025-01,,30.0,64.22,198.28,198.28
L-N24001833,2025-02,,31.0,64.28,198.28,198.28
L-N24001833,2025-03,,32.0,67.29,198.28,198.28
L-N24001855,2025-01,,47.0,79.74,192.93,192.93
L-N24001864,2025-01,,38.0,17.0,154.49,154.49
L-N24001864,2025-02,,39.0,17.0,154.49,154.49
L-N24001864,2025-03,,40.0,30.0,154.49,154.49
L-N24001868,2025-01,,34.0,72.0,187.65,187.65
L-N24001868,2025-02,,35.0,75.45,187.65,187.65
L-N24001868,2025-03,,36.0,81.0,187.65,187.65
L-N24001869,2025-01,,25.0,83.0,235.15,235.15
L-N24001880,2025-01,,34.0,27.35,778.18,778.18
L-N24001880,2025-02,,35.0,27.35,778.18,778.18
L-N24001880,2025-03,,36.0,27.0,778.18,778.18
L-N24001885,2025-01,,23.0,,414.81,414.81
L-N24001885,2025-02,,24.0,,414.81,414.81
L-N24001885,2025-03,,25.0,,414.81,414.81
L-N24001886,2025-01,,27.0,58.78,304.68,304.68
L-N24001886,2025-02,,28.0,58.78,304.68,304.68
L-N24001886,2025-03,,29.0,58.78,304.68,304.68
L-N24001887,2025-01,,29.0,78.44,291.37,291.37
L-N24001887,2025-02,,30.0,78.44,291.37,291.37
L-N24001888,2025-01,,41.0,46.31,288.14,288.14
L-N24001888,2025-02,,42.0,46.31,288.14,288.14
L-N24001889,2025-01,,64.0,90.0,277.81,277.81
L-N24001889,2025-02,,65.0,90.0,277.81,277.81
L-N24001890,2025-01,,23.0,46.0,261.82,261.82
L-N24001890,2025-02,,24.0,46.0,261.82,261.82
L-N24001890,2025-03,,25.0,46.0,261.82,261.82
L-N24001891,2025-01,,42.0,59.66,256.54,256.54
L-N24001891,2025-02,,43.0,59.66,256.54,256.54
L-N24001891,2025-03,,44.0,59.66,256.54,256.54
L-N24001892,2025-01,,23.0,32.5,245.61,245.61
L-N24001892,2025-02,,24.0,32.5,245.61,245.61
L-N24001892,2025-03,,25.0,32.5,245.61,245.61
L-N24001894,2025-01,,64.0,95.44,228.82,228.82
L-N24001894,2025-02,,65.0,95.44,228.82,228.82
L-N24001895,2025-01,,38.0,99.0,228.01,228.01
L-N24001895,2025-02,,39.0,99.0,228.01,228.01
L-N24001896,2025-01,,38.0,45.63,224.44,224.44
L-N24001896,2025-02,,39.0,45.63,224.44,224.44
L-N24001896,2025-03,,40.0,45.63,224.44,224.44
L-N24001900,2025-01,,58.0,79.0,796.97,796.97
L-N24001900,2025-02,,59.0,79.0,796.97,796.97
L-N24001900,2025-03,,60.0,79.0,796.97,796.97
L-N24001905,2025-01,,39.0,95.8,188.69,188.69
L-N24001905,2025-02,,40.0,95.8,188.69,188.69
L-N24001906,2025-01,,29.0,48.0,185.59,185.59
L-N24001906,2025-02,,30.0,48.0,185.59,185.59
L-N24001906,2025-03,,31.0,48.0,185.59,185.59
L-N24001909,2025-01,,38.0,90.41,157.72,157.72
L-N24001909,2025-02,,39.0,90.41,157.72,157.72
L-N24001910,2025-01,,28.0,17.03,157.62,157.62
L-N24001910,2025-02,,29.0,17.03,157.62,157.62
L-N24001910,2025-03,,30.0,17.03,157.62,157.62
L-N24001911,2025-01,,82.0,97.57,152.03,152.03
L-N24001911,2025-02,,83.0,98.0,152.03,152.03
L-N24001911,2025-03,,84.0,97.57,152.03,152.03
L-N24001920,2025-01,,46.0,77.12,218.57,218.57
L-N24001920,2025-02,,47.0,81.42,218.57,218.57
L-N24001920,2025-03,,48.0,81.42,218.57,218.57
L-N24001924,2025-01,,34.0,6.1,514.22,514.22
L-N24001924,2025-02,,35.0,6.0,514.22,514.22
L-N24001924,2025-03,,36.0,6.1,514.22,514.22
L-N24001929,2025-01,,36.0,73.0,697.66,697.66
L-N24001929,2025-02,,37.0,80.0,697.66,697.66
L-N24001929,2025-03,,38.0,83.0,697.66,697.66
L-N24001932,2025-01,,34.0,71.0,401.72,401.72
L-N24001932,2025-02,,35.0,76.79,401.72,401.72
L-N24001932,2025-03,,36.0,80.0,401.72,401.72
L-N24001935,2025-01,,34.0,93.84,724.17,724.17
L-N24001935,2025-02,,35.0,97.38,724.17,724.17
L-N24001935,2025-03,,36.0,97.38,724.17,724.17
L-N24001936,2025-01,,46.0,90.0,344.79,344.79
L-N24001936,2025-02,,47.0,90.0,344.79,344.79
L-N24001936,2025-03,,48.0,90.0,344.79,344.79
L-N24001939,2025-01,,58.0,52.0,529.24,529.24
L-N24001939,2025-02,,59.0,51.78,529.24,529.24
L-N24001939,2025-03,,60.0,52.0,529.24,529.24
L-N24001943,2025-01,,28.0,65.0,172.98,172.98
L-N24001943,2025-02,,29.0,65.0,172.98,172.98
L-N24001943,2025-03,,30.0,65.0,172.98,172.98
L-N24001945,2025-01,,29.0,72.0,170.34,170.34
L-N24001945,2025-02,,30.0,72.0,170.34,170.34
L-N24001945,2025-03,,31.0,72.0,170.34,170.34
L-N24001946,2025-01,,26.0,95.0,218.93,218.93
L-N24001946,2025-02,,27.0,95.0,218.93,218.93
L-N24001946,2025-03,,28.0,95.0,218.93,218.93
L-N24001947,2025-01,,23.0,47.0,177.94,177.94
L-N24001947,2025-02,,24.0,47.0,177.94,177.94
L-N24001947,2025-03,,25.0,47.0,177.94,177.94
L-N24001952,2025-01,,34.0,86.74,285.5,285.5
L-N24001952,2025-02,,35.0,93.29,285.5,285.5
L-N24001952,2025-03,,36.0,95.0,285.5,285.5
L-N24001954,2025-01,,34.0,86.0,568.12,568.12
L-N24001954,2025-02,,35.0,91.05,568.12,568.12
L-N24001954,2025-03,,36.0,91.0,568.12,568.12
L-N24001955,2025-01,,34.0,52.0,317.22,317.22
L-N24001955,2025-02,,35.0,52.0,317.22,317.22
L-N24001955,2025-03,,36.0,80.0,317.22,317.22
L-N24001959,2025-01,ROAD TRANSPORT AND HIGHWAYS,34.0,57.0,839.98,839.98
L-N24001959,2025-02,ROAD TRANSPORT AND HIGHWAYS,35.0,62.0,839.98,839.98
L-N24001959,2025-03,ROAD TRANSPORT AND HIGHWAYS,36.0,67.0,839.98,839.98
L-N24001966,2025-01,,49.0,58.43,529.44,529.44
L-N24001966,2025-02,,50.0,60.01,529.44,529.44
L-N24001972,2025-01,,22.0,82.14,609.16,609.16
L-N24001972,2025-02,,23.0,87.68,609.16,609.16
L-N24001972,2025-03,,24.0,89.98,609.16,609.16
L-N24001973,2025-01,,22.0,81.64,562.05,562.05
L-N24001973,2025-02,,23.0,86.74,562.05,562.05
L-N24001973,2025-03,,24.0,90.4,562.05,562.05
L-N24001975,2025-01,HIGHER EDUCATION,40.0,49.8,523.78,523.78
L-N24001975,2025-02,HIGHER EDUCATION,41.0,60.68,523.78,523.78
L-N24001975,2025-03,HIGHER EDUCATION,42.0,61.0,523.78,523.78
L-N24001982,2025-01,,22.0,98.28,827.39,827.39
L-N24001982,2025-02,,23.0,98.5,827.39,827.39
L-N24001982,2025-03,,24.0,99.15,827.39,827.39
L-N24001987,2025-01,,19.0,76.2,152.05,152.05
L-N24001987,2025-02,,20.0,76.4,152.05,152.05
L-N24001987,2025-03,,21.0,76.61,152.05,152.05
L-N24001993,2025-01,,25.0,53.3,1589.0,1589.0
L-N24001993,2025-02,,26.0,56.3,1589.0,1589.0
L-N24001993,2025-03,,27.0,58.55,1589.0,1589.0
L-N24001996,2025-01,,34.0,56.0,640.18,602.76
L-N24001996,2025-02,,35.0,63.0,640.18,602.76
L-N24001996,2025-03,,36.0,76.0,640.18,602.76
L-N24002000,2025-01,ROAD TRANSPORT AND HIGHWAYS,46.0,67.0,317.19,317.19
L-N24002000,2025-02,ROAD TRANSPORT AND HIGHWAYS,47.0,67.0,317.19,317.19
L-N24002000,2025-03,ROAD TRANSPORT AND HIGHWAYS,48.0,70.0,317.19,317.19
L-N24002002,2025-01,,36.0,68.96,423.48,423.48
L-N24002002,2025-02,,37.0,69.0,423.48,423.48
L-N24002002,2025-03,,38.0,71.08,423.48,423.48
L-N24002006,2025-01,,87.0,88.11,186.71,186.71
L-N24002006,2025-02,,88.0,88.0,186.71,186.71
L-N24002006,2025-03,,89.0,91.5,186.71,186.71
L-N24002013,2025-01,,46.0,75.0,766.64,766.64
L-N24002013,2025-02,,47.0,75.0,766.64,766.64
L-N24002013,2025-03,,48.0,75.0,766.64,766.64
L-N24002018,2025-01,,36.0,98.0,239.72,232.22
L-N24002018,2025-02,,37.0,100.0,239.72,232.22
L-N24002018,2025-03,,38.0,100.0,239.72,232.22
L-N24002024,2025-01,,24.0,64.98,516.88,516.88
L-N24002024,2025-02,,25.0,67.75,516.88,516.88
L-N24002024,2025-03,,26.0,69.48,516.88,516.88
L-N24002026,2025-01,,22.0,8.89,643.42,643.42
L-N24002029,2025-01,,34.0,34.0,917.91,917.91
L-N24002029,2025-02,,35.0,34.0,917.91,917.91
L-N24002029,2025-03,,36.0,42.0,917.91,917.91
L-N24002032,2025-01,,36.0,40.0,1156.72,1156.72
L-N24002032,2025-02,,37.0,40.0,1156.72,1156.72
L-N24002032,2025-03,,38.0,51.0,1156.72,1156.72
L-N24002034,2025-01,,37.0,62.5,1181.34,1181.34
L-N24002034,2025-02,,38.0,64.02,1181.34,1181.34
L-N24002034,2025-03,,39.0,69.17,1181.34,1181.34
L-N24002037,2025-01,ROAD TRANSPORT AND HIGHWAYS,24.0,34.05,609.32,609.0
L-N24002037,2025-02,ROAD TRANSPORT AND HIGHWAYS,25.0,37.4,609.32,609.0
L-N24002037,2025-03,ROAD TRANSPORT AND HIGHWAYS,26.0,41.5,609.32,609.0
L-N24002038,2025-01,,26.0,42.0,1691.45,1998.0
L-N24002038,2025-02,,27.0,57.0,1691.45,1998.0
L-N24002038,2025-03,,28.0,57.5,1691.45,1998.0
L-N24002039,2025-01,,23.0,39.0,1088.64,1178.0
L-N24002039,2025-02,,24.0,39.0,1088.64,1178.0
L-N24002039,2025-03,,25.0,45.0,1088.64,1178.0
L-N24002041,2025-01,,33.0,42.5,1491.71,1491.71
L-N24002041,2025-02,,34.0,42.5,1491.71,1491.71
L-N24002041,2025-03,,35.0,49.7,1491.71,1491.71
L-N24002069,2025-01,,30.0,100.0,209.29,209.29
L-N24002069,2025-02,,31.0,100.0,209.29,209.29
L-N24002069,2025-03,,32.0,100.0,209.29,209.29
L-N24002072,2025-01,,30.0,2.0,150.21,150.21
L-N24002072,2025-02,,31.0,2.0,150.21,150.21
L-N24002072,2025-03,,32.0,2.0,150.21,150.21
L-N24002073,2025-01,,63.0,53.08,2068.99,2171.0
L-N24002073,2025-02,,64.0,53.08,2068.99,2171.0
L-N24002073,2025-03,,65.0,53.08,2068.99,2171.0
L-N24002078,2025-01,ROAD TRANSPORT AND HIGHWAYS,13.0,32.1,711.0,711.0
L-N24002078,2025-02,ROAD TRANSPORT AND HIGHWAYS,14.0,37.1,711.0,711.0
L-N24002078,2025-03,ROAD TRANSPORT AND HIGHWAYS,15.0,42.0,711.0,711.0
L-N24002085,2025-01,,14.0,98.5,1470.93,1470.93
L-N24002088,2025-01,,27.0,38.17,1493.5,1493.5
L-N24002088,2025-02,,28.0,41.0,1493.5,1493.5
L-N24002088,2025-03,,29.0,48.0,1493.5,1493.5
L-N24002092,2025-01,,46.0,26.6,1801.37,1801.37
L-N24002092,2025-02,,47.0,34.79,1801.37,1801.37
L-N24002092,2025-03,,48.0,40.44,1801.37,1801.37
L-N24002103,2025-01,,28.0,75.16,166.52,166.52
L-N24002103,2025-02,,29.0,75.16,166.52,166.52
L-N24002103,2025-03,,30.0,82.0,166.52,166.52
L-N24002107,2025-01,,22.0,,1382.0,1382.0
L-N24002107,2025-02,,23.0,,1382.0,1382.0
L-N24002107,2025-03,,24.0,,1382.0,1382.0
L-N24002108,2025-01,,22.0,,1618.96,1618.96
L-N24002108,2025-02,,23.0,,1618.96,1618.96
L-N24002108,2025-03,,24.0,,1618.96,1618.96
L-N24002112,2025-01,,22.0,71.04,200.3,200.3
L-N24002112,2025-02,,23.0,72.5,200.3,200.3
L-N24002112,2025-03,,24.0,76.2,200.3,200.3
L-N24002117,2025-01,,27.0,15.0,246.6,291.0
L-N24002117,2025-02,,28.0,15.0,246.6,291.0
L-N24002117,2025-03,,29.0,15.0,246.6,291.0
L-N24002133,2025-01,,46.0,81.15,178.63,178.63
L-N24002133,2025-02,,47.0,83.86,178.63,178.63
L-N24002133,2025-03,,48.0,83.86,178.63,178.63
L-N24002134,2025-01,,22.0,12.0,809.25,809.25
L-N24002134,2025-02,,23.0,20.0,809.25,809.25
L-N24002134,2025-03,,24.0,25.0,809.25,809.25
L-N24002137,2025-01,,11.0,76.0,175.0,175.0
L-N24002137,2025-02,,12.0,95.0,175.0,175.0
L-N24002138,2025-01,,34.0,23.0,1141.67,1141.67
L-N24002138,2025-02,,35.0,28.0,1141.67,1141.67
L-N24002138,2025-03,,36.0,33.0,1141.67,1141.67
L-N24002139,2025-01,,22.0,47.0,1318.57,1318.57
L-N24002139,2025-02,,23.0,51.15,1318.57,1318.57
L-N24002139,2025-03,,24.0,56.0,1318.57,1318.57
L-N24002140,2025-01,,21.0,47.0,629.73,629.73
L-N24002140,2025-02,,22.0,57.35,629.73,629.73
L-N24002140,2025-03,,23.0,62.0,629.73,629.73
L-N24002143,2025-01,,17.0,35.0,361.24,361.24
L-N24002143,2025-02,,18.0,49.45,361.24,361.24
L-N24002143,2025-03,,19.0,52.0,361.24,361.24
L-N24002144,2025-01,,17.0,54.0,1064.24,1064.24
L-N24002144,2025-02,,18.0,54.0,1064.24,1064.24
L-N24002144,2025-03,,19.0,60.0,1064.24,1064.24
L-N24002146,2025-01,,14.0,,292.63,292.63
L-N24002146,2025-02,,15.0,13.18,292.63,292.63
L-N24002146,2025-03,,16.0,17.0,292.63,292.63
L-N24002149,2025-01,,12.0,,393.61,393.61
L-N24002149,2025-02,,13.0,,393.61,393.61
L-N24002149,2025-03,,14.0,24.0,393.61,393.61
L-N24002151,2025-01,,34.0,56.0,257.14,294.7
L-N24002151,2025-02,,35.0,68.0,257.14,294.7
L-N24002151,2025-03,,36.0,80.0,257.14,294.7
L-N24002152,2025-01,,22.0,86.0,274.84,274.84
L-N24002152,2025-02,,23.0,92.0,274.84,274.84
L-N24002152,2025-03,,24.0,98.0,274.84,274.84
L-N24002153,2025-01,,22.0,47.0,169.68,169.68
L-N24002153,2025-02,,23.0,52.0,169.68,169.68
L-N24002153,2025-03,,24.0,62.0,169.68,169.68
L-N24002166,2025-01,,10.0,20.09,799.2,799.2
L-N24002166,2025-02,,11.0,22.3,799.2,799.2
L-N24002166,2025-03,,12.0,26.2,799.2,799.2
L-N24002171,2025-01,,23.0,,249.13,249.13
L-N24002171,2025-02,,24.0,,249.13,249.13
L-N24002171,2025-03,,25.0,,249.13,249.13
L-N24002172,2025-01,,23.0,,856.82,856.82
L-N24002172,2025-02,,24.0,,856.82,856.82
L-N24002172,2025-03,,25.0,,856.82,856.82
L-N24002176,2025-01,,22.0,,594.44,594.44
L-N24002176,2025-02,,23.0,,594.44,594.44
L-N24002176,2025-03,,24.0,,594.44,594.44
L-N24002184,2025-01,,22.0,17.0,410.83,410.83
L-N24002184,2025-02,,23.0,23.15,410.83,410.83
L-N24002184,2025-03,,24.0,26.45,410.83,410.83
L-N24002186,2025-01,,10.0,,166.58,166.58
L-N24002186,2025-02,,11.0,,166.58,166.58
L-N24002186,2025-03,,12.0,,166.58,166.58
L-N24002187,2025-01,,11.0,,313.56,313.56
L-N24002187,2025-02,,12.0,,313.56,313.56
L-N24002187,2025-03,,13.0,,313.56,313.56
L-N24002188,2025-01,,10.0,,445.62,445.62
L-N24002188,2025-02,,11.0,,445.62,445.62
L-N24002188,2025-03,,12.0,,445.62,445.62
L-N24002189,2025-01,,4.0,,196.05,196.05
L-N24002189,2025-02,,5.0,,196.05,196.05
L-N24002189,2025-03,,6.0,,196.05,196.05
L-N24002190,2025-01,,22.0,5.1,983.0,983.0
L-N24002190,2025-02,,23.0,5.67,983.0,983.0
L-N24002190,2025-03,,24.0,6.25,983.0,983.0
L-N24002191,2025-01,,106.0,6.9,155.87,155.87
L-N24002191,2025-02,,107.0,8.27,155.87,155.87
L-N24002191,2025-03,,108.0,9.12,155.87,155.87
L-N24002192,2025-01,,31.0,17.62,815.69,815.69
L-N24002192,2025-02,,32.0,21.18,815.69,815.69
L-N24002192,2025-03,,33.0,25.86,815.69,815.69
L-N24002195,2025-01,,36.0,6.5,495.16,495.16
L-N24002195,2025-02,,37.0,7.0,495.16,495.16
L-N24002195,2025-03,,38.0,9.0,495.16,495.16
L-N24002196,2025-01,,35.0,,179.86,179.86
L-N24002196,2025-02,,36.0,0.03,179.86,179.86
L-N24002196,2025-03,,37.0,0.03,179.86,179.86
L-N24002200,2025-01,,9.0,9.71,355.36,355.36
L-N24002200,2025-02,,10.0,18.33,355.36,355.36
L-N24002200,2025-03,,11.0,18.48,355.36,355.36
L-N24002203,2025-01,,,3.8,268.98,268.98
L-N24002203,2025-02,,53.0,9.88,268.98,268.98
L-N24002203,2025-03,,,11.5,268.98,268.98
L-N24002207,2025-01,ROAD TRANSPORT AND HIGHWAYS,1.0,1.3,371.8,207.99
L-N24002207,2025-02,ROAD TRANSPORT AND HIGHWAYS,2.0,1.3,371.8,207.99
L-N24002207,2025-03,ROAD TRANSPORT AND HIGHWAYS,3.0,1.3,371.8,207.99
L-N24002208,2025-01,,,22.43,207.54,154.01
L-N24002208,2025-02,,84.0,23.98,207.54,154.01
L-N24002208,2025-03,,,32.38,207.54,154.01
L-N24002209,2025-01,,,,183.47,183.47
L-N24002209,2025-02,,84.0,,183.47,183.47
L-N24002209,2025-03,,,,183.47,183.47
L-N24002210,2025-01,,10.0,,1404.94,1404.94
L-N24002210,2025-02,,11.0,,1404.94,1404.94
L-N24002210,2025-03,,12.0,,1404.94,1404.94
L-N24002212,2025-01,,22.0,,371.89,371.89
L-N24002212,2025-02,,23.0,,371.89,371.89
L-N24002212,2025-03,,24.0,,371.89,371.89
L-N24002215,2025-02,,24.0,,1092.18,1092.18
L-N24002215,2025-03,,25.0,,1092.18,1092.18
L-N24002216,2025-03,,3.0,4.07,1376.1,1376.1
L-N24002217,2025-03,,3.0,3.71,1346.82,1346.82
L-N24002219,2025-03,,12.0,6.0,882.45,882.45
L-N24002220,2025-03,,27.0,17.71,410.75,410.75
L-N24002221,2025-03,,37.0,10.34,2185.75,2185.75
L-N26000115,2025-01,TELECOMMUNI CATIONS,22.0,100.0,239.6,239.6
L-N26000115,2025-02,TELECOMMUNI CATIONS,23.0,100.0,239.6,239.6
L-N26000115,2025-03,TELECOMMUNI CATIONS,24.0,100.0,239.6,239.6
L-N26000118,2025-01,,11.0,80.32,810.99,810.99
L-N26000118,2025-02,,12.0,80.32,810.99,810.99
L-N26000118,2025-03,,13.0,98.71,810.99,810.99
L-N28000056,2025-01,URBAN DEVELOPMENT,,99.99,38585.0,40180.91
L-N28000056,2025-02,URBAN DEVELOPMENT,161.0,99.99,38585.0,40180.91
L-N28000056,2025-03,URBAN DEVELOPMENT,,100.0,38585.0,40180.91
L-N28000067,2025-01,DEPARTMENT OF HIGHER EDUCATION,148.0,,171.86,171.86
L-N28000067,2025-02,DEPARTMENT OF HIGHER EDUCATION,149.0,,171.86,171.86
L-N28000067,2025-03,DEPARTMENT OF HIGHER EDUCATION,150.0,,171.86,171.86
L-N28000071,2025-01,HOME AFFAIRS,135.0,100.0,1219.21,2091.53
L-N28000071,2025-02,HOME AFFAIRS,136.0,100.0,1219.21,2091.53
L-N28000071,2025-03,HOME AFFAIRS,137.0,100.0,1219.21,2091.53
L-N28000098,2025-01,HEALTH AND FAMILY WELFARE,99.0,97.5,209.84,281.05
L-N28000098,2025-02,HEALTH AND FAMILY WELFARE,100.0,98.5,209.84,281.05
L-N28000098,2025-03,HEALTH AND FAMILY WELFARE,101.0,98.5,209.84,281.05
L-N28000100,2025-01,DEPARTMENT OF HIGHER EDUCATION,107.0,100.0,496.18,460.0
L-N28000100,2025-02,DEPARTMENT OF HIGHER EDUCATION,108.0,100.0,496.18,460.0
L-N28000100,2025-03,DEPARTMENT OF HIGHER EDUCATION,109.0,100.0,496.18,460.0
L-N28000104,2025-01,HOME AFFAIRS,,90.0,162.88,210.83
L-N28000105,2025-01,,102.0,98.0,2694.0,2694.0
L-N28000109,2025-01,FINANCE,86.0,100.0,348.77,348.77
L-N28000109,2025-02,FINANCE,87.0,100.0,348.77,348.77
L-N28000109,2025-03,FINANCE,88.0,100.0,348.77,348.77
L-N28000112,2025-01,HEALTH AND FAMILY WELFARE,88.0,99.95,150.29,162.0
L-N28000117,2025-01,DEPARTMENT OF HIGHER EDUCATION,84.0,100.0,223.37,230.0
L-N28000117,2025-02,DEPARTMENT OF HIGHER EDUCATION,85.0,100.0,223.37,230.0
L-N28000117,2025-03,DEPARTMENT OF HIGHER EDUCATION,86.0,100.0,223.37,230.0
L-N28000121,2025-01,,,100.0,11420.0,13656.22
L-N28000121,2025-02,,98.0,100.0,11420.0,13656.22
L-N28000128,2025-01,,99.0,2.0,1180.0,1100.8
L-N28000128,2025-02,,100.0,2.0,1180.0,1100.8
L-N28000128,2025-03,,101.0,2.0,1180.0,1100.8
L-N28000129,2025-01,,99.0,55.0,1128.0,1128.0
L-N28000129,2025-02,,100.0,58.0,1128.0,1128.0
L-N28000129,2025-03,,101.0,60.0,1128.0,1128.0
L-N28000131,2025-01,DEPARTMENT OF HIGHER EDUCATION,84.0,100.0,676.0,1144.68
L-N28000131,2025-02,DEPARTMENT OF HIGHER EDUCATION,85.0,100.0,676.0,1144.68
L-N28000131,2025-03,DEPARTMENT OF HIGHER EDUCATION,86.0,100.0,676.0,1144.68
L-N28000141,2025-01,DEPARTMENT OF HIGHER EDUCATION,58.0,100.0,808.62,808.62
L-N28000141,2025-02,DEPARTMENT OF HIGHER EDUCATION,59.0,100.0,808.62,808.62
L-N28000141,2025-03,DEPARTMENT OF HIGHER EDUCATION,60.0,100.0,808.62,808.62
L-N28000147,2025-01,HOME AFFAIRS,60.0,90.0,166.98,170.23
L-N28000149,2025-01,URBAN DEVELOPMENT,68.0,86.0,299.97,299.97
L-N28000149,2025-02,URBAN DEVELOPMENT,69.0,87.66,299.97,299.97
L-N28000149,2025-03,URBAN DEVELOPMENT,70.0,89.0,299.97,299.97
L-N28000153,2025-01,,36.0,82.0,646.52,646.52
L-N28000153,2025-02,,37.0,85.0,646.52,646.52
L-N28000153,2025-03,,38.0,89.0,646.52,646.52
L-N28000154,2025-01,URBAN DEVELOPMENT,33.0,,512.34,512.34
L-N28000154,2025-02,URBAN DEVELOPMENT,34.0,,512.34,512.34
L-N28000156,2025-01,,99.0,83.01,1536.72,1536.72
L-N28000156,2025-02,,100.0,87.5,1536.72,1536.72
L-N28000156,2025-03,,101.0,,1536.72,1536.72
L-N28000159,2025-01,URBAN DEVELOPMENT,67.0,,355.7,448.33
L-N28000159,2025-02,URBAN DEVELOPMENT,68.0,,355.7,448.33
L-N30000014,2025-01,WATER RESOURCES,94.0,96.0,665.78,665.78
L-N30000014,2025-02,WATER RESOURCES,95.0,96.0,665.78,665.78
L-N30000014,2025-03,WATER RESOURCES,96.0,96.0,665.78,665.78
L-N30000021,2025-01,WATER RESOURCES,72.0,96.0,231.79,234.03
L-N30000021,2025-02,WATER RESOURCES,73.0,96.0,231.79,234.03
L-N30000021,2025-03,WATER RESOURCES,74.0,96.0,231.79,234.03
L-N30000024,2025-01,,71.0,,681.78,690.71
L-N30000024,2025-02,,72.0,13.0,681.78,690.71
L-N30000024,2025-03,,73.0,17.0,681.78,690.71
L-N30000032,2025-01,WATER RESOURCES,80.0,88.0,198.43,286.97
L-N30000032,2025-02,WATER RESOURCES,81.0,90.0,198.43,286.97
L-N30000032,2025-03,WATER RESOURCES,82.0,93.0,198.43,286.97
L-N30000034,2025-01,,89.0,,307.12,653.67
L-N30000034,2025-02,,90.0,,307.12,653.67
L-N30000034,2025-03,,91.0,,307.12,653.67
L-N30000036,2025-01,,82.0,100.0,294.02,522.85
L-N30000036,2025-02,,83.0,100.0,294.02,522.85
L-N30000036,2025-03,,84.0,100.0,294.02,522.85
L-N30000039,2025-01,,,100.0,268.63,493.85
L-N30000039,2025-02,,118.0,100.0,268.63,493.85
L-N30000039,2025-03,,119.0,100.0,268.63,493.85
L-N30000044,2025-01,,94.0,100.0,277.42,277.42
L-N30000044,2025-02,,95.0,100.0,277.42,277.42
L-N30000044,2025-03,,96.0,100.0,277.42,277.42
L-N38000001,2025-01,SOCIAL JUSTICE,,74.0,170.99,170.99
L-N38000001,2025-02,SOCIAL JUSTICE,72.0,74.0,170.99,170.99
L-N40000001,2025-01,DPIIT,160.0,50.99,20084.0,20084.0
L-N40000001,2025-02,DPIIT,161.0,50.99,20084.0,26684.0
L-N40000001,2025-03,DPIIT,162.0,50.99,20084.0,26684.0
L-N40000002,2025-01,DPIIT,86.0,99.5,4773.0,5401.0
L-N40000002,2025-02,DPIIT,87.0,99.6,4773.0,5401.0
L-N40000002,2025-03,DPIIT,88.0,100.0,4773.0,5401.0
L-N42000002,2025-01,DEPARTMENT OF HIGHER EDUCATION,68.0,93.0,303.9,390.4
L-N42000002,2025-02,DEPARTMENT OF HIGHER EDUCATION,69.0,99.3,303.9,390.4
L-N42000002,2025-03,DEPARTMENT OF HIGHER EDUCATION,70.0,99.3,303.9,390.4
L-N42000005,2025-01,DEPARTMENT OF HIGHER EDUCATION,71.0,95.0,655.34,655.34
L-N42000005,2025-02,DEPARTMENT OF HIGHER EDUCATION,72.0,95.0,655.34,655.34
L-N42000005,2025-03,DEPARTMENT OF HIGHER EDUCATION,73.0,95.0,655.34,655.34
L-N42000007,2025-01,,64.0,100.0,588.72,656.39
L-N42000007,2025-02,,65.0,100.0,588.72,656.39
L-N42000007,2025-03,,66.0,100.0,588.72,656.39
L-N42000009,2025-01,,76.0,99.6,375.0,375.0
L-N42000009,2025-02,,77.0,100.0,375.0,375.0
L-N42000009,2025-03,,78.0,99.6,375.0,375.0
L-N42000010,2025-01,DEPARTMENT OF HIGHER EDUCATION,41.0,94.0,316.25,316.25
L-N42000010,2025-02,DEPARTMENT OF HIGHER EDUCATION,42.0,94.0,316.25,316.25
L-N42000010,2025-03,DEPARTMENT OF HIGHER EDUCATION,43.0,94.0,316.25,316.25
L-N45000002,2025-01,,67.0,58.0,277.35,277.35
L-N45000002,2025-02,,68.0,60.0,277.35,277.35
L-N45000002,2025-03,,69.0,62.0,277.35,277.35
L-N45000003,2025-01,HOME AFFAIRS,68.0,85.0,199.31,199.31
NAME-06e0dbaf5e1f,2025-01,,261.0,48.0,528.65,2087.36
NAME-06e0dbaf5e1f,2025-02,,262.0,48.0,528.65,2087.36
NAME-06e0dbaf5e1f,2025-03,,263.0,73.0,528.65,2087.36
NAME-31305bb489c4,2025-01,,,91.0,2271.5,4909.82
NAME-31305bb489c4,2025-02,,336.0,91.0,2271.5,4909.82
NAME-31305bb489c4,2025-03,,337.0,94.0,2271.5,4957.27
NAME-3bcbc5b254b1,2025-01,POWER,256.0,94.69,6285.33,26075.54
NAME-3bcbc5b254b1,2025-02,POWER,257.0,94.86,6285.33,26075.54
NAME-3bcbc5b254b1,2025-03,POWER,258.0,96.1,6285.33,26075.54
NAME-49b8a94b2409,2025-01,POWER,,94.0,8692.97,21312.11
NAME-49b8a94b2409,2025-02,POWER,240.0,94.0,8692.97,21312.11
NAME-49b8a94b2409,2025-03,POWER,,95.0,8692.97,21312.11
NAME-56f02451c3bd,2025-03,RAILWAYS,287.0,69.0,424.6,5125.16
NAME-60e47120d156,2025-01,,333.0,50.0,162.87,614.45
NAME-60e47120d156,2025-02,,334.0,50.0,162.87,614.45
NAME-60e47120d156,2025-03,,335.0,51.0,162.87,614.45
NAME-6b965e76e8c7,2025-01,,297.0,75.0,1188.91,2582.49
NAME-6b965e76e8c7,2025-02,,298.0,75.0,1188.91,2582.49
NAME-6b965e76e8c7,2025-03,,299.0,75.0,1188.91,2582.49
NAME-7da89648eb08,2025-01,RAILWAYS,,18.0,1045.2,2500.98
NAME-7da89648eb08,2025-02,RAILWAYS,278.0,,1045.2,2500.98
NAME-7da89648eb08,2025-03,RAILWAYS,279.0,,1045.2,2500.98
NAME-8a0c65ae1f88,2025-01,,316.0,43.0,247.66,8248.5
NAME-8a0c65ae1f88,2025-02,,317.0,43.0,247.66,8248.5
NAME-8a0c65ae1f88,2025-03,,318.0,43.0,247.66,8248.5
NAME-8ffbf9e4512a,2025-01,,,82.0,2923.13,5089.37
NAME-8ffbf9e4512a,2025-02,,370.0,83.0,2923.13,5089.37
NAME-8ffbf9e4512a,2025-03,,371.0,84.0,2923.13,5089.37
NAME-909468513d8c,2025-01,RAILWAYS,,70.0,459.91,1700.0
NAME-909468513d8c,2025-02,RAILWAYS,274.0,70.0,459.91,1700.0
NAME-909468513d8c,2025-03,RAILWAYS,,80.0,459.91,1700.0
NAME-9cda6030d769,2025-01,RAILWAYS,358.0,100.0,2500.0,42930.0
NAME-adaa740311ec,2025-01,,175.0,77.0,11816.4,11816.4
NAME-adaa740311ec,2025-02,,176.0,77.0,11816.4,11816.4
NAME-adaa740311ec,2025-03,,177.0,77.2,11816.4,11816.4
NAME-d795ae181fa5,2025-01,,,40.0,810.78,1928.07
NAME-d795ae181fa5,2025-02,,238.0,40.0,810.78,1928.07
NAME-d795ae181fa5,2025-03,,239.0,40.0,810.78,1928.07
NAME-e5026ba34c47,2025-01,POWER,,98.71,3919.59,12475.0
P-400005,2025-01,Electricity Generation,30.0,84.0,4546.26,4546.26
P-400005,2025-02,Electricity Generation,31.0,87.0,4546.26,4546.26
P-400005,2025-03,Electricity Generation,32.0,89.0,4546.26,4546.26
P-400005,2025-08,Electricity Generation,43.0,93.0,4546.26,4546.26
P-400005,2025-09,Electricity Generation,44.0,93.0,4546.26,4546.26
P-400005,2025-10,Electricity Generation,45.0,93.0,4546.26,4546.26
P-400005,2025-11,Electricity Generation,46.0,94.0,4546.26,4546.26
P-400005,2025-12,Electricity Generation,47.0,95.0,4546.26,4546.26
P-400005,2026-01,Electricity Generation,48.0,96.0,4546.26,4546.26
P-400006,2025-12,Railways,50.0,31.0,808.99,808.99
P-400006,2026-01,Railways,51.0,32.0,808.99,808.99
P-400010,2025-01,CIVIL AVIATION,78.0,62.47,480.33,640.0
P-400010,2025-02,CIVIL AVIATION,79.0,62.5,480.33,640.0
P-400010,2025-03,CIVIL AVIATION,80.0,62.62,480.33,640.0
P-400010,2025-04,CIVIL AVIATION,81.0,63.2,480.33,640.0
P-400010,2025-05,CIVIL AVIATION,82.0,63.67,480.33,640.0
P-400010,2025-06,CIVIL AVIATION,83.0,65.92,480.33,640.0
P-400010,2025-07,CIVIL AVIATION,82.0,67.0,480.0,640.0
P-400010,2025-08,CIVIL AVIATION,85.0,71.0,480.0,640.0
P-400010,2025-09,CIVIL AVIATION,86.0,71.0,480.0,640.0
P-400010,2025-10,CIVIL AVIATION,87.0,77.0,480.0,640.0
P-400010,2025-11,CIVIL AVIATION,88.0,78.0,480.0,640.0
P-400010,2025-12,CIVIL AVIATION,89.0,78.0,480.0,640.0
P-400010,2026-01,CIVIL AVIATION,90.0,78.0,480.0,640.0
P-400012,2025-07,Energy Storage,79.0,92.0,10088.0,10088.0
P-400012,2025-08,Energy Storage,80.0,92.0,10088.0,10088.0
P-400012,2025-09,Energy Storage,81.0,93.0,10088.0,10088.0
P-400012,2025-10,Energy Storage,82.0,93.0,10088.0,10088.0
P-400012,2025-11,Energy Storage,83.0,93.0,10088.0,10088.0
P-400012,2025-12,Energy Storage,84.0,94.0,10088.0,10088.0
P-400012,2026-01,Energy Storage,85.0,94.0,10088.0,10088.0
P-400013,2025-07,Telecommunication,36.0,72.0,26316.0,30620.0
P-400013,2025-08,Telecommunication,37.0,73.0,26316.0,30620.0
P-400013,2025-09,Telecommunication,38.0,75.0,26316.0,30620.0
P-400013,2025-10,Telecommunication,39.0,76.0,26316.0,30620.0
P-400013,2025-11,Telecommunication,40.0,78.0,26316.0,30620.0
P-400013,2025-12,Telecommunication,41.0,80.0,26316.0,30620.0
P-400013,2026-01,Telecommunication,42.0,82.0,26316.0,30620.0
P-400018,2025-01,Coal,,62.0,859.41,859.41
P-400018,2025-02,Coal,30.0,62.0,859.41,859.41
P-400018,2025-03,Coal,,62.0,859.41,859.41
P-400018,2025-04,Coal,32.0,62.0,859.41,859.41
P-400018,2025-05,Coal,33.0,62.0,859.41,859.41
P-400018,2025-06,Coal,34.0,62.0,859.41,859.41
P-400018,2025-07,Coal,35.0,62.0,859.41,859.41
P-400018,2025-08,Coal,36.0,62.0,859.41,859.41
P-400018,2025-09,Coal,37.0,62.0,859.41,859.41
P-400018,2025-10,Coal,38.0,62.0,859.41,859.41
P-400018,2025-11,Coal,39.0,62.0,859.41,859.41
P-400018,2025-12,Coal,40.0,62.0,859.41,859.41
P-400018,2026-01,Coal,41.0,63.0,859.41,859.41
P-400019,2025-01,Railways,72.0,5.0,492.76,1170.04
P-400019,2025-02,Railways,73.0,5.0,492.76,1170.83
P-400019,2025-03,Railways,74.0,5.0,492.76,1158.99
P-400019,2025-08,Railways,79.0,16.0,492.76,1170.83
P-400019,2025-09,Railways,80.0,16.0,492.76,1170.83
P-400019,2025-10,Railways,81.0,16.0,492.76,1170.83
P-400019,2025-11,Railways,82.0,17.0,492.76,1170.83
P-400019,2025-12,Railways,83.0,25.0,492.76,1170.83
P-400019,2026-01,Railways,84.0,25.0,492.76,1170.83
P-400022,2025-01,Railways,30.0,8.5,1695.82,2798.16
P-400022,2025-02,Railways,31.0,9.0,1695.82,2798.16
P-400022,2025-03,Railways,32.0,10.0,1695.82,2798.16
P-400022,2025-08,Railways,37.0,15.0,2798.0,2798.0
P-400022,2025-09,Railways,38.0,16.0,2798.0,2798.0
P-400022,2025-10,Railways,39.0,17.0,2798.0,2798.0
P-400022,2025-11,Railways,40.0,17.0,2798.0,2798.0
P-400022,2025-12,Railways,41.0,17.0,2798.0,2798.0
P-400022,2026-01,Railways,42.0,20.0,2798.0,2798.0
P-400023,2025-01,Railways,67.0,1.0,663.03,748.85
P-400023,2025-02,Railways,68.0,1.0,663.03,748.85
P-400023,2025-03,Railways,69.0,1.0,663.03,748.85
P-400023,2025-10,Railways,79.0,0.0,749.0,749.0
P-400023,2025-11,Railways,80.0,0.0,749.0,749.0
P-400023,2025-12,Railways,81.0,0.0,749.0,749.0
P-400023,2026-01,Railways,82.0,0.0,749.0,749.0
P-400033,2025-01,Coal,,17.0,580.6,729.86
P-400033,2025-02,Coal,33.0,17.0,580.6,729.86
P-400033,2025-03,Coal,,17.0,580.6,729.86
P-400033,2025-04,Coal,35.0,17.0,580.6,729.86
P-400033,2025-05,Coal,36.0,17.0,580.6,729.86
P-400033,2025-06,Coal,37.0,17.0,580.6,729.86
P-400033,2025-07,Coal,38.0,26.0,580.61,580.61
P-400033,2025-08,Coal,66.0,26.0,580.61,580.61
P-400033,2025-09,Coal,67.0,28.0,580.61,580.61
P-400033,2025-10,Coal,68.0,28.0,580.61,580.61
P-400033,2025-11,Coal,69.0,31.0,580.61,580.61
P-400033,2025-12,Coal,70.0,31.0,580.61,580.61
P-400033,2026-01,Coal,71.0,33.0,580.61,580.61
P-400035,2025-01,Energy Storage,31.0,72.1,656.0,656.0
P-400035,2025-02,Energy Storage,32.0,76.2,656.0,656.0
P-400035,2025-03,Energy Storage,33.0,80.12,656.0,656.0
P-400035,2025-04,Energy Storage,34.0,81.15,656.0,656.0
P-400035,2025-05,Energy Storage,35.0,82.2,656.0,656.0
P-400035,2025-06,Energy Storage,36.0,83.17,656.0,656.0
P-400035,2025-07,Energy Storage,37.0,84.0,656.0,656.0
P-400035,2025-08,Energy Storage,38.0,86.0,656.0,656.0
P-400035,2025-09,Energy Storage,39.0,88.0,656.0,656.0
P-400035,2025-10,Energy Storage,40.0,89.0,656.0,656.0
P-400035,2025-11,Energy Storage,41.0,90.0,656.0,656.0
P-400035,2025-12,Energy Storage,42.0,92.0,656.0,656.0
P-400035,2026-01,Energy Storage,43.0,94.0,656.0,656.0
P-400043,2025-01,Energy Storage,36.0,56.53,829.0,829.0
P-400043,2025-02,Energy Storage,37.0,57.15,829.0,829.0
P-400043,2025-03,Energy Storage,38.0,58.1,829.0,829.0
P-400043,2025-04,Energy Storage,39.0,58.7,829.0,829.0
P-400043,2025-05,Energy Storage,40.0,59.44,829.0,829.0
P-400043,2025-06,Energy Storage,41.0,60.16,829.0,829.0
P-400043,2025-07,Energy Storage,42.0,62.0,829.0,829.0
P-400043,2025-08,Energy Storage,43.0,63.0,829.0,829.0
P-400043,2025-09,Energy Storage,44.0,66.0,829.0,829.0
P-400043,2025-10,Energy Storage,45.0,67.0,829.0,829.0
P-400043,2025-11,Energy Storage,46.0,67.0,829.0,829.0
P-400043,2025-12,Energy Storage,47.0,69.0,829.0,829.0
P-400043,2026-01,Energy Storage,48.0,71.0,829.0,829.0
P-400045,2025-07,Railways,36.0,82.0,168.32,168.32
P-400045,2025-08,Railways,36.0,82.0,168.32,168.32
P-400045,2025-09,Railways,37.0,82.0,168.32,168.32
P-400045,2025-10,Railways,38.0,82.0,168.32,168.32
P-400045,2025-11,Railways,39.0,82.0,168.32,168.32
P-400045,2025-12,Railways,40.0,82.0,168.32,168.32
P-400045,2026-01,Railways,41.0,82.0,168.32,168.32
P-400047,2025-12,Railways,40.0,40.0,210.0,210.0
P-400047,2026-01,Railways,41.0,50.0,210.0,210.0
P-400048,2025-12,Railways,39.0,80.0,186.21,186.21
P-400048,2026-01,Railways,40.0,86.0,186.21,186.21
P-400062,2025-07,Electricity Generation,5.0,1.0,17673.0,17673.0
P-400062,2025-08,Electricity Generation,6.0,1.0,17673.0,17673.0
P-400062,2025-09,Electricity Generation,32.0,2.0,17673.0,17673.0
P-400062,2025-10,Electricity Generation,33.0,2.0,17673.0,17673.0
P-400062,2025-11,Electricity Generation,34.0,2.0,17673.0,17673.0
P-400062,2025-12,Electricity Generation,35.0,4.0,17673.0,17673.0
P-400062,2026-01,Electricity Generation,36.0,6.0,17673.0,17673.0
P-400065,2025-07,Steel,41.0,96.0,1105.23,1105.23
P-400065,2025-08,Steel,43.0,97.0,1105.23,1105.23
P-400073,2025-01,Coal,,32.0,799.34,799.34
P-400073,2025-02,Coal,37.0,32.0,799.34,799.34
P-400073,2025-03,Coal,,32.0,799.34,799.34
P-400073,2025-04,Coal,39.0,32.0,799.34,799.34
P-400073,2025-05,Coal,40.0,32.0,799.34,799.34
P-400073,2025-06,Coal,41.0,32.0,799.34,799.34
P-400073,2025-07,Coal,42.0,46.0,799.34,799.34
P-400073,2025-08,Coal,43.0,45.0,799.34,799.34
P-400073,2025-09,Coal,44.0,45.0,799.34,799.34
P-400073,2025-10,Coal,45.0,45.0,799.34,799.34
P-400073,2025-11,Coal,46.0,45.0,799.34,799.34
P-400073,2025-12,Coal,47.0,45.0,799.34,799.34
P-400073,2026-01,Coal,48.0,46.0,799.34,799.34
P-400074,2025-05,Coal,40.0,21.0,908.47,908.47
P-400074,2025-06,Coal,41.0,21.0,908.47,908.47
P-400074,2025-07,Coal,42.0,22.0,908.47,908.47
P-400074,2025-08,Coal,43.0,22.0,908.47,908.47
P-400074,2025-09,Coal,44.0,22.0,908.47,908.47
P-400074,2025-10,Coal,45.0,22.0,908.47,908.47
P-400074,2025-11,Coal,46.0,22.0,908.47,908.47
P-400074,2025-12,Coal,47.0,22.0,908.47,908.47
P-400074,2026-01,Coal,48.0,22.0,908.47,908.47
P-400077,2025-01,Energy Storage,36.0,80.1,827.0,887.71
P-400077,2025-08,Energy Storage,43.0,88.0,827.0,887.71
P-400077,2025-09,Energy Storage,44.0,88.0,827.0,887.71
P-400077,2025-10,Energy Storage,45.0,89.0,827.0,887.71
P-400077,2025-11,Energy Storage,46.0,90.0,827.0,887.71
P-400078,2025-01,Energy Storage,37.0,74.03,9028.0,9028.0
P-400078,2025-02,Energy Storage,38.0,75.97,9028.0,9028.0
P-400078,2025-03,Energy Storage,39.0,77.53,9028.0,9028.0
P-400078,2025-04,Energy Storage,40.0,79.96,9028.0,9028.0
P-400078,2025-05,Energy Storage,41.0,81.86,9028.0,9028.0
P-400078,2025-06,Energy Storage,42.0,82.3,9028.0,9028.0
P-400078,2025-07,Energy Storage,43.0,84.0,9028.0,9028.0
P-400078,2025-08,Energy Storage,44.0,85.0,9028.0,9028.0
P-400078,2025-09,Energy Storage,45.0,85.0,9028.0,9028.0
P-400078,2025-10,Energy Storage,46.0,86.0,9028.0,9028.0
P-400078,2025-11,Energy Storage,47.0,86.0,9028.0,9028.0
P-400078,2025-12,Energy Storage,48.0,88.0,9028.0,9028.0
P-400078,2026-01,Energy Storage,49.0,89.0,9028.0,9028.0
P-400081,2025-10,Education,45.0,94.0,906.47,611.74
P-400081,2025-11,Education,46.0,95.0,906.47,611.74
P-400081,2025-12,Education,47.0,95.0,906.47,611.74
P-400081,2026-01,Education,48.0,96.0,906.47,611.74
P-400087,2025-01,Energy Storage,41.0,56.9,885.63,1286.67
P-400087,2025-02,Energy Storage,42.0,60.4,885.63,1286.67
P-400087,2025-03,Energy Storage,43.0,66.0,885.63,1286.67
P-400087,2025-04,Energy Storage,44.0,69.4,885.63,1286.67
P-400087,2025-05,Energy Storage,45.0,71.4,885.63,1286.67
P-400087,2025-06,Energy Storage,46.0,71.4,885.63,1286.67
P-400087,2025-07,Energy Storage,47.0,73.0,885.63,1286.67
P-400087,2025-08,Energy Storage,48.0,78.0,885.63,1286.67
P-400087,2025-09,Energy Storage,49.0,79.0,885.63,1286.67
P-400087,2025-10,Energy Storage,50.0,79.0,885.63,1286.67
P-400087,2025-11,Energy Storage,51.0,80.0,885.63,1286.67
P-400087,2025-12,Energy Storage,52.0,85.0,885.63,1286.67
P-400087,2026-01,Energy Storage,53.0,85.0,885.63,1347.61
P-400093,2025-07,Telecommunication,99.0,0.0,1672.7,1672.7
P-400093,2025-08,Telecommunication,100.0,0.0,1672.7,1672.7
P-400093,2025-09,Telecommunication,101.0,1.0,1672.7,1672.7
P-400093,2025-10,Telecommunication,102.0,1.0,1672.7,1672.7
P-400093,2025-11,Telecommunication,103.0,1.0,1672.7,1672.7
P-400093,2025-12,Telecommunication,104.0,1.0,1672.7,1672.7
P-400093,2026-01,Telecommunication,105.0,1.0,1672.7,1672.7
P-400095,2025-07,Telecommunication,99.0,50.0,743.73,743.73
P-400095,2025-08,Telecommunication,100.0,50.0,743.73,743.73
P-400095,2025-09,Telecommunication,101.0,50.0,743.73,743.73
P-400095,2025-10,Telecommunication,102.0,52.0,743.73,743.73
P-400095,2025-11,Telecommunication,103.0,52.0,743.73,743.73
P-400095,2025-12,Telecommunication,104.0,52.0,743.73,743.73
P-400095,2026-01,Telecommunication,105.0,52.0,743.73,743.73
P-400096,2025-07,Telecommunication,123.0,3.0,648.09,648.09
P-400096,2025-08,Telecommunication,124.0,3.0,648.09,648.09
P-400096,2025-09,Telecommunication,101.0,3.0,648.09,648.09
P-400096,2025-10,Telecommunication,102.0,3.0,648.09,648.09
P-400096,2025-11,Telecommunication,103.0,49.0,648.09,648.09
P-400096,2025-12,Telecommunication,104.0,49.0,648.09,648.09
P-400096,2026-01,Telecommunication,105.0,49.0,648.09,648.09
P-400097,2025-10,Telecommunication,102.0,90.0,5021.76,6670.31
P-400097,2025-11,Telecommunication,103.0,90.0,5021.76,6670.31
P-400097,2025-12,Telecommunication,104.0,90.0,5021.76,6670.31
P-400097,2026-01,Telecommunication,105.0,90.0,5021.76,6670.31
P-400100,2025-07,Telecommunication,234.0,95.0,353.05,1023.24
P-400100,2025-08,Telecommunication,235.0,95.0,353.05,1023.24
P-400100,2025-09,Telecommunication,245.0,95.0,353.05,1023.24
P-400100,2025-10,Telecommunication,246.0,95.0,353.05,1023.24
P-400100,2025-11,Telecommunication,247.0,95.0,353.05,1023.24
P-400100,2025-12,Telecommunication,248.0,95.0,353.05,1023.24
P-400100,2026-01,Telecommunication,249.0,95.0,353.05,1023.24
P-400101,2025-07,Telecommunication,243.0,98.0,397.41,697.39
P-400101,2025-08,Telecommunication,244.0,98.0,397.41,697.39
P-400101,2025-09,Telecommunication,245.0,98.0,397.41,697.39
P-400101,2025-10,Telecommunication,246.0,98.0,397.41,697.39
P-400101,2025-11,Telecommunication,247.0,98.0,397.41,697.39
P-400101,2025-12,Telecommunication,248.0,98.0,397.41,697.39
P-400101,2026-01,Telecommunication,249.0,98.0,397.41,697.39
P-400102,2025-07,Telecommunication,243.0,96.0,736.13,949.87
P-400102,2025-08,Telecommunication,244.0,96.0,736.13,949.87
P-400102,2025-09,Telecommunication,245.0,96.0,736.13,949.87
P-400102,2025-10,Telecommunication,246.0,96.0,736.13,949.87
P-400102,2025-11,Telecommunication,247.0,96.0,736.13,949.87
P-400102,2025-12,Telecommunication,248.0,96.0,736.13,949.87
P-400102,2026-01,Telecommunication,249.0,96.0,736.13,949.87
P-400103,2025-07,Telecommunication,234.0,92.0,1331.3,5940.09
P-400103,2025-08,Telecommunication,235.0,92.0,1331.3,5940.09
P-400103,2025-09,Telecommunication,245.0,92.0,1331.3,5940.09
P-400103,2025-10,Telecommunication,246.0,92.0,1331.3,5940.09
P-400103,2025-11,Telecommunication,247.0,92.0,1331.3,5940.09
P-400103,2025-12,Telecommunication,248.0,92.0,1331.3,5940.09
P-400103,2026-01,Telecommunication,249.0,92.0,1331.3,5940.09
P-400104,2025-07,Telecommunication,219.0,44.0,571.07,658.12
P-400104,2025-08,Telecommunication,220.0,44.0,571.07,658.12
P-400104,2025-09,Telecommunication,221.0,44.0,571.07,658.12
P-400104,2025-10,Telecommunication,222.0,44.0,571.07,658.12
P-400104,2025-11,Telecommunication,223.0,44.0,571.07,658.12
P-400104,2025-12,Telecommunication,224.0,44.0,571.07,658.12
P-400105,2025-07,Telecommunication,87.0,76.22,580.79,895.81
P-400105,2025-08,Telecommunication,88.0,76.0,580.79,895.81
P-400105,2025-09,Telecommunication,101.0,76.0,580.79,895.81
P-400105,2025-10,Telecommunication,102.0,76.0,580.79,895.81
P-400105,2025-11,Telecommunication,103.0,76.0,580.79,895.81
P-400105,2025-12,Telecommunication,104.0,76.0,580.79,895.81
P-400105,2026-01,Telecommunication,105.0,76.0,580.79,895.81
P-400107,2025-07,Telecommunication,77.0,80.0,2407.67,2407.67
P-400107,2025-08,Telecommunication,78.0,80.0,2407.67,2407.67
P-400107,2025-09,Telecommunication,101.0,80.0,2407.67,2407.67
P-400107,2025-10,Telecommunication,102.0,80.0,2407.67,2407.67
P-400107,2025-11,Telecommunication,103.0,80.0,2407.67,2407.67
P-400107,2025-12,Telecommunication,104.0,80.0,2407.67,2407.67
P-400107,2026-01,Telecommunication,105.0,80.0,2407.67,2407.67
P-400109,2025-07,Telecommunication,87.0,69.0,848.07,888.43
P-400109,2025-08,Telecommunication,88.0,69.0,848.07,888.43
P-400109,2025-09,Telecommunication,101.0,69.0,848.07,888.43
P-400109,2025-10,Telecommunication,102.0,69.0,848.07,888.43
P-400109,2025-11,Telecommunication,103.0,69.0,848.07,888.43
P-400109,2025-12,Telecommunication,104.0,69.0,848.07,888.43
P-400109,2026-01,Telecommunication,105.0,69.0,848.07,888.43
P-400111,2025-07,Telecommunication,207.0,71.0,459.97,727.04
P-400111,2025-08,Telecommunication,208.0,71.0,459.97,727.04
P-400111,2025-09,Telecommunication,209.0,72.0,459.97,727.04
P-400111,2025-10,Telecommunication,210.0,72.0,459.97,727.04
P-400111,2025-11,Telecommunication,211.0,72.0,459.97,727.04
P-400111,2025-12,Telecommunication,212.0,72.0,459.97,727.04
P-400111,2026-01,Telecommunication,213.0,72.0,459.97,727.04
P-400112,2025-07,Telecommunication,87.0,90.0,7222.95,7222.95
P-400112,2025-08,Telecommunication,88.0,90.0,7222.95,7222.95
P-400112,2025-09,Telecommunication,101.0,90.0,7222.95,7222.95
P-400112,2025-10,Telecommunication,102.0,90.0,7222.95,7222.95
P-400112,2025-11,Telecommunication,103.0,90.0,7222.95,7222.95
P-400112,2025-12,Telecommunication,104.0,91.0,7222.95,7222.95
P-400112,2026-01,Telecommunication,105.0,91.0,7222.95,7222.95
P-400115,2025-10,Telecommunication,210.0,75.0,751.03,893.35
P-400115,2025-11,Telecommunication,211.0,75.0,751.03,893.35
P-400115,2025-12,Telecommunication,212.0,75.0,751.03,893.35
P-400115,2026-01,Telecommunication,213.0,75.0,751.03,893.35
P-400116,2025-10,Telecommunication,222.0,80.0,1229.15,1399.7
P-400116,2025-11,Telecommunication,223.0,80.0,1229.15,1399.7
P-400116,2025-12,Telecommunication,224.0,80.0,1229.15,1399.7
P-400116,2026-01,Telecommunication,225.0,80.0,1229.15,1399.7
P-400119,2025-01,Energy Storage,109.0,87.8,3190.69,3375.9
P-400119,2025-02,Energy Storage,110.0,88.1,3190.69,3375.9
P-400119,2025-03,Energy Storage,111.0,88.1,3190.69,3375.9
P-400119,2025-08,Energy Storage,116.0,89.0,3190.69,3375.9
P-400119,2025-09,Energy Storage,117.0,89.0,3190.69,3375.9
P-400119,2025-10,Energy Storage,118.0,89.0,3190.69,3375.9
P-400119,2025-11,Energy Storage,119.0,90.0,3190.69,3375.9
P-400119,2025-12,Energy Storage,120.0,90.0,3190.69,3375.9
P-400119,2026-01,Energy Storage,121.0,90.0,3190.69,3375.9
P-400120,2025-01,Energy Storage,106.0,96.0,34012.0,34012.0
P-400120,2025-02,Energy Storage,107.0,96.0,34012.0,34012.0
P-400120,2025-03,Energy Storage,108.0,96.1,34012.0,34012.0
P-400120,2025-08,Energy Storage,113.0,96.0,34012.0,34012.0
P-400120,2025-09,Energy Storage,114.0,96.0,34012.0,34012.0
P-400120,2025-10,Energy Storage,115.0,96.0,34012.0,34012.0
P-400120,2025-11,Energy Storage,116.0,96.0,34012.0,34012.0
P-400120,2025-12,Energy Storage,117.0,96.0,34012.0,34012.0
P-400120,2026-01,Energy Storage,118.0,96.0,34012.0,34012.0
P-400121,2025-01,STEEL,,6.63,1043.63,1043.63
P-400121,2025-02,STEEL,17.0,7.78,1043.63,1043.63
P-400121,2025-03,STEEL,,9.43,1043.63,1043.63
P-400121,2025-04,STEEL,19.0,11.27,1043.63,1043.63
P-400121,2025-05,STEEL,20.0,13.61,1043.63,1043.63
P-400121,2025-06,STEEL,21.0,21.5,1043.63,1043.63
P-400121,2025-07,STEEL,13.0,25.0,1043.63,1043.63
P-400121,2025-08,STEEL,129.0,29.0,1043.63,1043.63
P-400121,2025-09,STEEL,130.0,32.0,1043.63,1043.63
P-400121,2025-10,STEEL,131.0,35.0,1043.63,1043.63
P-400121,2025-11,STEEL,132.0,40.0,1043.63,1043.63
P-400121,2025-12,STEEL,133.0,45.0,1043.63,1043.63
P-400121,2026-01,STEEL,134.0,49.0,1043.63,1043.63
P-400136,2025-07,Coal,-20.0,0.0,2660.0,2660.0
P-400136,2025-08,Coal,17.0,0.0,2660.0,2660.0
P-400136,2025-09,Coal,18.0,0.0,2660.0,2660.0
P-400136,2025-10,Coal,19.0,0.0,2660.0,2660.0
P-400136,2025-11,Coal,20.0,11.0,2660.0,2660.0
P-400136,2025-12,Coal,21.0,16.0,2660.0,2660.0
P-400136,2026-01,Coal,22.0,16.0,2660.0,2660.0
P-400138,2025-01,Coal,,12.4,973.5,973.5
P-400138,2025-02,Coal,54.0,12.4,973.5,973.5
P-400138,2025-03,Coal,,12.4,973.5,973.5
P-400138,2025-04,Coal,56.0,12.4,973.5,973.5
P-400138,2025-05,Coal,57.0,12.4,973.5,973.5
P-400138,2025-06,Coal,58.0,12.4,973.5,973.5
P-400138,2025-07,Coal,59.0,15.0,973.5,973.5
P-400138,2025-08,Coal,60.0,25.0,973.5,973.5
P-400138,2025-09,Coal,61.0,24.0,973.5,973.5
P-400138,2025-10,Coal,62.0,24.0,973.5,973.5
P-400138,2025-11,Coal,63.0,24.0,973.5,973.5
P-400138,2025-12,Coal,64.0,24.0,973.5,973.5
P-400138,2026-01,Coal,65.0,24.0,973.5,973.5
P-400139,2025-01,Coal,,60.0,625.4,625.4
P-400139,2025-02,Coal,54.0,60.0,625.4,625.4
P-400139,2025-03,Coal,55.0,41.0,625.4,625.4
P-400139,2025-04,Coal,56.0,41.0,625.4,625.4
P-400139,2025-05,Coal,57.0,41.0,625.4,625.4
P-400139,2025-06,Coal,58.0,41.0,625.4,625.4
P-400139,2025-07,Coal,59.0,41.0,861.06,625.4
P-400139,2025-08,Coal,60.0,42.0,861.06,625.4
P-400139,2025-09,Coal,61.0,42.0,861.06,625.4
P-400139,2025-10,Coal,62.0,42.0,861.06,625.4
P-400139,2025-11,Coal,63.0,42.0,861.06,625.4
P-400139,2025-12,Coal,64.0,42.0,861.06,625.4
P-400139,2026-01,Coal,65.0,42.0,861.06,625.4
P-400141,2025-01,Urban Public Transport,121.0,70.53,4103.0,5677.4
P-400141,2025-02,Urban Public Transport,122.0,71.39,4103.0,5677.4
P-400141,2025-03,Urban Public Transport,123.0,72.13,4103.0,5677.4
P-400141,2025-08,Urban Public Transport,100.0,76.0,4103.0,5677.4
P-400141,2025-09,Urban Public Transport,101.0,77.0,4103.0,5677.4
P-400141,2025-10,Urban Public Transport,102.0,78.0,4103.0,5677.4
P-400141,2025-11,Urban Public Transport,103.0,79.0,4103.0,5677.4
P-400141,2025-12,Urban Public Transport,104.0,80.0,4103.0,5677.4
P-400141,2026-01,Urban Public Transport,105.0,81.0,4103.0,5677.4
P-400142,2025-01,Coal,,44.0,2242.92,2242.9
P-400142,2025-02,Coal,139.0,44.0,2242.92,2242.9
P-400142,2025-03,Coal,,44.0,2242.92,2242.9
P-400142,2025-04,Coal,141.0,54.0,2242.92,2242.9
P-400142,2025-05,Coal,142.0,54.0,2242.92,2242.9
P-400142,2025-06,Coal,143.0,54.0,2242.92,2242.9
P-400142,2025-07,Coal,67.0,54.0,2242.9,2242.9
P-400142,2025-08,Coal,68.0,74.0,2242.9,2242.9
P-400142,2025-09,Coal,114.0,74.0,2242.9,2242.9
P-400142,2025-10,Coal,115.0,74.0,2242.9,2242.9
P-400142,2025-11,Coal,116.0,74.0,2242.9,2242.9
P-400142,2025-12,Coal,117.0,74.0,2242.9,2242.9
P-400142,2026-01,Coal,118.0,87.0,2242.9,2242.9
P-400144,2025-01,Coal,,10.0,2310.12,2310.12
P-400144,2025-02,Coal,50.0,10.0,2310.12,2310.12
P-400144,2025-03,Coal,51.0,10.0,2310.12,2310.12
P-400144,2025-04,Coal,52.0,10.0,2310.12,2310.12
P-400144,2025-05,Coal,53.0,10.0,2310.12,2310.12
P-400144,2025-06,Coal,54.0,10.0,2310.12,2310.12
P-400144,2025-07,Coal,55.0,10.0,2310.12,2310.12
P-400144,2025-08,Coal,56.0,10.0,2310.12,2310.12
P-400144,2025-09,Coal,57.0,10.0,2310.12,2310.12
P-400144,2025-10,Coal,58.0,10.0,2310.12,2310.12
P-400144,2025-11,Coal,59.0,10.0,2310.12,2310.12
P-400144,2025-12,Coal,60.0,10.0,2310.12,2310.12
P-400144,2026-01,Coal,61.0,10.0,2310.12,2310.12
P-400148,2025-01,COAL,106.0,64.0,869.44,869.44
P-400148,2025-02,COAL,107.0,64.0,869.44,869.44
P-400148,2025-03,COAL,108.0,72.0,869.44,869.44
P-400148,2025-04,COAL,109.0,73.0,869.44,869.44
P-400148,2025-05,COAL,110.0,75.0,869.44,869.44
P-400148,2025-06,COAL,111.0,75.0,869.44,869.44
P-400148,2025-07,COAL,112.0,75.0,869.44,869.44
P-400148,2025-08,COAL,113.0,75.0,869.44,869.44
P-400148,2025-09,COAL,114.0,75.0,869.44,869.44
P-400148,2025-10,COAL,115.0,75.0,869.44,869.44
P-400148,2025-11,COAL,116.0,75.0,869.44,869.44
P-400148,2025-12,COAL,117.0,75.0,869.44,869.44
P-400148,2026-01,COAL,118.0,75.0,869.44,869.44
P-400149,2025-01,Coal,,39.0,2309.8,2309.8
P-400149,2025-02,Coal,54.0,39.0,2309.8,2309.8
P-400149,2025-03,Coal,55.0,41.0,2309.8,2309.8
P-400149,2025-04,Coal,56.0,41.0,2309.8,2309.8
P-400149,2025-05,Coal,57.0,41.0,2309.8,2309.8
P-400149,2025-06,Coal,58.0,47.0,2309.8,2309.8
P-400149,2025-07,Coal,59.0,47.0,2309.8,2309.8
P-400149,2025-08,Coal,60.0,48.0,2309.8,2309.8
P-400149,2025-09,Coal,61.0,50.0,2309.8,2309.8
P-400149,2025-10,Coal,62.0,50.0,2309.8,2309.8
P-400149,2025-11,Coal,63.0,50.0,2309.8,2309.8
P-400149,2025-12,Coal,64.0,50.0,2309.8,2309.8
P-400149,2026-01,Coal,65.0,55.0,2309.8,2309.8
P-400150,2025-01,Coal,53.0,19.0,7254.37,7254.37
P-400150,2025-02,Coal,54.0,22.0,7254.37,7254.37
P-400150,2025-03,Coal,55.0,29.0,7254.37,7254.37
P-400150,2025-04,Coal,56.0,29.0,7254.37,7254.37
P-400150,2025-05,Coal,57.0,38.0,7254.37,7254.37
P-400150,2025-06,Coal,58.0,38.0,7254.37,7254.37
P-400150,2025-07,Coal,59.0,38.0,7254.37,7254.37
P-400150,2025-08,Coal,60.0,38.0,7254.37,7254.37
P-400150,2025-09,Coal,61.0,38.0,7254.37,7254.37
P-400150,2025-10,Coal,62.0,38.0,7254.37,7254.37
P-400150,2025-11,Coal,63.0,38.0,7254.37,7254.37
P-400150,2025-12,Coal,64.0,38.0,7254.37,7254.37
P-400150,2026-01,Coal,65.0,38.0,7254.37,7254.37
P-400151,2025-01,Coal,,75.0,778.8,778.8
P-400151,2025-02,Coal,43.0,75.0,778.8,778.8
P-400151,2025-03,Coal,44.0,75.0,778.8,778.8
P-400151,2025-04,Coal,45.0,75.0,778.8,778.8
P-400151,2025-05,Coal,46.0,75.0,778.8,778.8
P-400151,2025-06,Coal,47.0,75.0,778.8,778.8
P-400151,2025-07,Coal,48.0,67.0,778.8,778.8
P-400151,2025-08,Coal,49.0,67.0,778.8,778.8
P-400151,2025-09,Coal,50.0,67.0,778.8,778.8
P-400151,2025-10,Coal,51.0,67.0,778.8,778.8
P-400151,2025-11,Coal,52.0,67.0,778.8,778.8
P-400151,2025-12,Coal,53.0,68.0,778.8,778.8
P-400151,2026-01,Coal,54.0,68.0,778.8,778.8
P-400152,2025-01,Coal,,44.0,1248.93,1248.93
P-400152,2025-02,Coal,67.0,44.0,1248.93,1248.93
P-400152,2025-03,Coal,,44.0,1248.93,1248.93
P-400152,2025-04,Coal,69.0,44.0,1248.93,1248.93
P-400152,2025-05,Coal,70.0,44.0,1248.93,1248.93
P-400152,2025-06,Coal,71.0,44.0,1248.93,1248.93
P-400152,2025-07,Coal,72.0,44.0,1248.93,1248.93
P-400152,2025-08,Coal,73.0,44.0,1248.93,1248.93
P-400152,2025-09,Coal,74.0,44.0,1248.93,1248.93
P-400152,2025-10,Coal,75.0,44.0,1248.93,1248.93
P-400152,2025-11,Coal,76.0,44.0,1248.93,1248.93
P-400153,2025-01,Coal,,11.7,1020.42,1020.42
P-400153,2025-02,Coal,49.0,11.7,1020.42,1020.42
P-400153,2025-03,Coal,,11.7,1020.42,1020.42
P-400153,2025-04,Coal,51.0,11.7,1020.42,1020.42
P-400153,2025-05,Coal,52.0,11.7,1020.42,1020.42
P-400153,2025-06,Coal,53.0,18.0,1020.42,1020.42
P-400153,2025-07,Coal,54.0,20.0,1020.42,1020.42
P-400153,2025-08,Coal,55.0,20.0,1020.42,1020.42
P-400153,2025-09,Coal,56.0,20.0,1020.42,1020.42
P-400153,2025-10,Coal,57.0,21.0,1020.42,1020.42
P-400153,2025-11,Coal,58.0,21.0,1020.42,1020.42
P-400153,2025-12,Coal,59.0,21.0,1020.42,1020.42
P-400153,2026-01,Coal,60.0,21.0,1020.42,1020.42
P-400154,2025-01,Coal,,39.0,713.35,713.35
P-400154,2025-02,Coal,51.0,21.0,713.35,713.35
P-400154,2025-03,Coal,,21.0,713.35,713.35
P-400154,2025-04,Coal,53.0,21.0,713.35,713.35
P-400154,2025-05,Coal,54.0,21.0,713.35,713.35
P-400154,2025-06,Coal,55.0,21.0,713.35,713.35
P-400154,2025-07,Coal,56.0,10.0,713.35,713.35
P-400154,2025-08,Coal,57.0,10.0,713.35,713.35
P-400154,2025-09,Coal,58.0,10.0,713.35,713.35
P-400154,2025-10,Coal,59.0,10.0,713.35,713.35
P-400154,2025-11,Coal,60.0,10.0,713.35,713.35
P-400154,2025-12,Coal,61.0,10.0,713.35,713.35
P-400154,2026-01,Coal,62.0,10.0,713.35,713.35
P-400155,2025-01,Coal,,12.1,2898.28,2898.28
P-400155,2025-02,Coal,45.0,20.0,2898.28,2898.28
P-400155,2025-03,Coal,,20.0,2898.28,2898.28
P-400155,2025-04,Coal,47.0,20.0,2898.28,2898.28
P-400155,2025-05,Coal,48.0,20.0,2898.28,2898.28
P-400155,2025-10,Coal,53.0,24.0,2898.28,2898.28
P-400155,2025-11,Coal,54.0,24.0,2898.28,2898.28
P-400155,2025-12,Coal,55.0,24.0,2898.28,2898.28
P-400155,2026-01,Coal,56.0,26.0,2898.28,2898.28
P-400156,2025-01,Coal,,19.0,5136.15,5136.15
P-400156,2025-02,Coal,54.0,30.0,5136.15,5136.15
P-400156,2025-03,Coal,55.0,40.0,5136.15,5136.15
P-400156,2025-04,Coal,56.0,41.0,5136.15,5136.15
P-400156,2025-05,Coal,57.0,41.0,5136.15,5136.15
P-400156,2025-06,Coal,58.0,43.0,5136.15,5136.15
P-400156,2025-07,Coal,65.0,43.0,5136.15,5136.15
P-400156,2025-08,Coal,66.0,43.0,5136.15,5136.15
P-400156,2025-09,Coal,67.0,42.0,5136.15,5136.15
P-400156,2025-10,Coal,68.0,42.0,5136.15,5136.15
P-400156,2025-11,Coal,69.0,42.0,5136.15,5136.15
P-400156,2025-12,Coal,70.0,42.0,5136.15,5136.15
P-400156,2026-01,Coal,71.0,42.0,5136.15,5136.15
P-400158,2025-07,Energy Storage,51.0,84.0,1164.69,1629.86
P-400158,2025-08,Energy Storage,52.0,86.0,1164.69,1629.86
P-400160,2025-03,Coal,,75.0,510.85,510.85
P-400160,2025-04,Coal,184.0,75.0,510.85,510.85
P-400160,2025-05,Coal,185.0,75.0,510.85,510.85
P-400160,2025-06,Coal,186.0,75.0,510.85,510.85
P-400160,2025-07,Coal,187.0,76.0,510.85,510.85
P-400160,2025-08,Coal,188.0,76.0,510.85,510.85
P-400160,2025-09,Coal,189.0,76.0,510.85,510.85
P-400160,2025-10,Coal,190.0,76.0,510.85,510.85
P-400160,2025-11,Coal,191.0,76.0,510.85,510.85
P-400160,2025-12,Coal,192.0,76.0,510.85,510.85
P-400160,2026-01,Coal,193.0,77.0,510.85,510.85
P-400161,2025-10,Energy Storage,79.0,98.0,910.56,1299.02
P-400162,2025-01,Coal,66.0,28.08,998.71,998.71
P-400162,2025-02,Coal,67.0,28.78,998.71,998.71
P-400162,2025-03,Coal,68.0,28.89,998.71,998.71
P-400162,2025-04,Coal,69.0,29.48,998.71,998.71
P-400162,2025-05,Coal,70.0,42.57,998.71,998.71
P-400162,2025-06,Coal,71.0,46.24,998.71,998.71
P-400162,2025-07,Coal,72.0,46.0,998.71,998.71
P-400162,2025-08,Coal,73.0,47.0,998.71,998.71
P-400162,2025-09,Coal,74.0,47.0,998.71,998.71
P-400162,2025-10,Coal,75.0,47.0,998.71,998.71
P-400162,2025-11,Coal,76.0,47.0,998.71,998.71
P-400162,2025-12,Coal,77.0,48.0,998.71,998.71
P-400162,2026-01,Coal,78.0,48.0,998.71,998.71
P-400165,2025-01,Coal,,39.1,1693.81,1693.81
P-400165,2025-02,Coal,45.0,39.2,1693.81,1693.81
P-400165,2025-03,Coal,,39.3,1693.81,1693.81
P-400165,2025-04,Coal,47.0,39.3,1693.81,1693.81
P-400165,2025-09,Coal,52.0,42.0,1693.81,1693.81
P-400165,2025-10,Coal,53.0,42.0,1693.81,1693.81
P-400165,2025-11,Coal,54.0,42.0,1693.81,1693.81
P-400165,2025-12,Coal,55.0,42.0,1693.81,1693.81
P-400165,2026-01,Coal,56.0,43.0,1693.81,1693.81
P-400166,2025-01,Coal,,42.8,5194.96,5194.96
P-400166,2025-02,Coal,48.0,42.8,5194.96,5194.96
P-400166,2025-03,Coal,,51.07,5194.96,5194.96
P-400166,2025-09,Coal,55.0,55.0,5194.95,5194.95
P-400166,2025-10,Coal,56.0,55.0,5194.95,5194.95
P-400166,2025-11,Coal,57.0,57.0,5194.95,5194.95
P-400166,2025-12,Coal,58.0,57.0,5194.95,5194.95
P-400166,2026-01,Coal,59.0,57.0,5194.95,5194.95
P-400167,2025-01,Energy Storage,,92.6,1162.56,1162.56
P-400167,2025-02,Energy Storage,96.0,93.1,1162.56,1162.56
P-400167,2025-03,Energy Storage,97.0,93.6,1162.56,1162.56
P-400167,2025-04,Energy Storage,98.0,93.6,1162.56,1162.56
P-400167,2025-05,Energy Storage,99.0,94.1,1162.56,1162.56
P-400167,2025-06,Energy Storage,100.0,94.1,1162.56,1162.56
P-400167,2025-07,Energy Storage,101.0,94.0,1162.56,1162.56
P-400167,2025-08,Energy Storage,102.0,94.0,1162.56,1162.56
P-400167,2025-09,Energy Storage,103.0,94.0,1162.56,1162.56
P-400167,2025-10,Energy Storage,104.0,94.0,1162.56,1162.56
P-400167,2025-11,Energy Storage,105.0,95.0,1162.56,1162.56
P-400167,2025-12,Energy Storage,106.0,95.0,1162.56,1162.56
P-400167,2026-01,Energy Storage,107.0,95.0,1162.56,1162.56
P-400168,2025-01,Energy Storage,68.0,79.3,8797.0,11256.0
P-400168,2025-02,Energy Storage,69.0,80.65,8797.0,11256.0
P-400168,2025-03,Energy Storage,70.0,81.86,8797.0,11256.0
P-400168,2025-04,Energy Storage,71.0,82.79,8797.0,11256.0
P-400168,2025-05,Energy Storage,72.0,83.78,8797.0,11256.0
P-400168,2025-10,Energy Storage,54.0,86.0,8797.0,11256.0
P-400168,2025-11,Energy Storage,55.0,87.0,8797.0,11256.0
P-400168,2025-12,Energy Storage,56.0,88.0,8797.0,11256.0
P-400168,2026-01,Energy Storage,57.0,88.0,8797.0,11256.0
P-400169,2025-01,Energy Storage,,63.0,631.03,860.04
P-400169,2025-02,Energy Storage,46.0,65.6,631.03,860.04
P-400169,2025-03,Energy Storage,47.0,65.6,631.03,860.04
P-400169,2025-08,Energy Storage,52.0,79.0,631.03,860.04
P-400169,2025-09,Energy Storage,53.0,83.0,631.03,860.04
P-400169,2025-10,Energy Storage,54.0,85.0,631.03,860.04
P-400169,2025-11,Energy Storage,55.0,87.0,631.03,860.04
P-400169,2025-12,Energy Storage,56.0,88.0,631.03,860.04
P-400169,2026-01,Energy Storage,57.0,89.0,631.03,860.04
P-400171,2025-01,Energy Storage,56.0,95.4,1421.46,1421.46
P-400171,2025-02,Energy Storage,57.0,95.5,1421.46,1421.46
P-400171,2025-03,Energy Storage,58.0,95.55,1421.46,1421.46
P-400171,2025-04,Energy Storage,59.0,95.6,1421.46,1421.46
P-400171,2025-05,Energy Storage,60.0,95.62,1421.46,1421.46
P-400171,2025-06,Energy Storage,61.0,95.63,1421.46,1421.46
P-400171,2025-07,Energy Storage,62.0,95.0,1421.46,1421.46
P-400171,2025-08,Energy Storage,63.0,95.0,1421.46,1421.46
P-400171,2025-09,Energy Storage,64.0,95.0,1421.46,1421.46
P-400171,2025-10,Energy Storage,65.0,95.0,1421.46,1421.46
P-400171,2025-11,Energy Storage,66.0,95.0,1421.46,1421.46
P-400171,2025-12,Energy Storage,67.0,95.0,1421.46,1421.46
P-400171,2026-01,Energy Storage,68.0,95.0,1421.46,1421.46
P-400172,2025-01,Coal,,51.0,513.98,513.98
P-400172,2025-02,Coal,78.0,51.0,513.98,513.98
P-400172,2025-03,Coal,,51.0,513.98,513.98
P-400172,2025-04,Coal,80.0,51.0,513.98,513.98
P-400172,2025-05,Coal,81.0,51.0,513.98,513.98
P-400172,2025-06,Coal,82.0,51.0,513.98,513.98
P-400172,2025-11,Coal,87.0,51.0,513.99,513.99
P-400172,2025-12,Coal,88.0,51.0,513.99,513.99
P-400172,2026-01,Coal,89.0,53.0,513.99,513.99
P-400173,2025-01,Coal,,30.0,888.99,888.99
P-400173,2025-02,Coal,51.0,30.0,888.99,888.99
P-400173,2025-03,Coal,52.0,30.0,888.99,888.99
P-400173,2025-04,Coal,53.0,30.0,888.99,888.99
P-400173,2025-05,Coal,54.0,30.25,888.99,888.99
P-400173,2025-06,Coal,55.0,30.25,888.99,888.99
P-400173,2025-11,Coal,60.0,30.0,888.99,888.99
P-400173,2025-12,Coal,61.0,30.0,888.99,888.99
P-400173,2026-01,Coal,62.0,31.0,888.99,888.99
P-400174,2025-01,STEEL,118.0,51.75,1034.01,1752.3
P-400174,2025-02,STEEL,119.0,51.75,1034.01,1752.3
P-400174,2025-03,STEEL,120.0,51.75,1034.01,1752.3
P-400174,2025-08,STEEL,125.0,51.0,1034.01,1752.3
P-400174,2025-09,STEEL,126.0,53.0,1034.01,1752.3
P-400174,2025-10,STEEL,127.0,53.0,1034.01,1752.3
P-400174,2025-11,STEEL,128.0,53.0,1034.01,1752.3
P-400174,2025-12,STEEL,129.0,53.0,1034.01,1752.3
P-400174,2026-01,STEEL,130.0,53.0,1034.01,1752.3
P-400177,2025-01,Coal,,86.0,727.28,727.28
P-400177,2025-02,Coal,114.0,86.0,727.28,727.28
P-400177,2025-03,Coal,115.0,86.0,727.28,727.28
P-400177,2025-08,Coal,120.0,80.0,727.28,727.28
P-400177,2025-09,Coal,121.0,80.0,727.28,727.28
P-400177,2025-10,Coal,122.0,80.0,727.28,727.28
P-400177,2025-11,Coal,123.0,80.0,727.28,727.28
P-400177,2025-12,Coal,124.0,80.0,727.28,727.28
P-400177,2026-01,Coal,125.0,80.0,727.28,727.28
P-400178,2025-01,Coal,59.0,48.0,822.88,1184.33
P-400178,2025-02,Coal,60.0,48.0,822.88,1184.33
P-400178,2025-03,Coal,61.0,48.0,822.88,1184.33
P-400178,2025-04,Coal,62.0,48.0,822.88,1184.33
P-400178,2025-05,Coal,63.0,48.0,822.88,1184.33
P-400178,2025-06,Coal,64.0,48.0,822.88,1184.33
P-400178,2025-07,Coal,65.0,35.0,822.88,822.88
P-400178,2025-08,Coal,66.0,35.0,822.88,822.88
P-400178,2025-09,Coal,67.0,35.0,822.88,822.88
P-400178,2025-10,Coal,68.0,34.0,822.88,822.88
P-400178,2025-11,Coal,69.0,34.0,822.88,822.88
P-400178,2025-12,Coal,70.0,34.0,822.88,822.88
P-400178,2026-01,Coal,71.0,34.0,822.88,822.88
P-400180,2025-01,Coal,,16.0,570.12,570.11
P-400180,2025-02,Coal,42.0,16.0,570.12,570.11
P-400180,2025-03,Coal,,16.0,570.12,570.11
P-400180,2025-04,Coal,44.0,16.0,570.12,570.11
P-400180,2025-05,Coal,45.0,16.0,570.12,570.11
P-400180,2025-06,Coal,46.0,16.0,570.12,570.11
P-400180,2025-07,Coal,47.0,16.0,570.11,570.11
P-400180,2025-08,Coal,48.0,16.0,570.11,570.11
P-400180,2025-09,Coal,49.0,16.0,570.11,570.11
P-400180,2025-10,Coal,50.0,16.0,570.11,570.11
P-400180,2025-11,Coal,51.0,16.0,570.11,570.11
P-400180,2025-12,Coal,52.0,16.0,570.11,570.11
P-400180,2026-01,Coal,53.0,17.0,570.11,570.11
P-400181,2025-01,Coal,,25.0,502.68,502.67
P-400181,2025-02,Coal,78.0,25.5,502.68,502.67
P-400181,2025-03,Coal,,25.5,502.68,502.67
P-400181,2025-04,Coal,80.0,25.5,502.68,502.67
P-400181,2025-05,Coal,81.0,25.5,502.68,502.67
P-400181,2025-06,Coal,82.0,25.51,502.68,502.67
P-400181,2025-07,Coal,83.0,25.0,502.68,502.68
P-400181,2025-08,Coal,84.0,26.0,502.68,502.67
P-400181,2025-09,Coal,85.0,26.0,502.68,502.67
P-400181,2025-10,Coal,86.0,26.0,502.68,502.67
P-400181,2025-11,Coal,87.0,26.0,502.68,502.67
P-400181,2025-12,Coal,88.0,26.0,502.68,502.67
P-400181,2026-01,Coal,89.0,27.0,502.68,502.67
P-400182,2025-01,Coal,,14.0,535.18,535.17
P-400182,2025-02,Coal,81.0,14.0,535.18,535.17
P-400182,2025-03,Coal,,14.0,535.18,535.17
P-400182,2025-04,Coal,83.0,14.0,535.18,535.17
P-400182,2025-05,Coal,84.0,14.0,535.18,535.17
P-400182,2025-06,Coal,85.0,14.0,535.18,535.17
P-400182,2025-11,Coal,90.0,14.0,535.18,535.17
P-400182,2025-12,Coal,91.0,14.0,535.18,535.17
P-400182,2026-01,Coal,92.0,14.0,535.18,535.17
P-400183,2025-01,Coal,,49.9,3504.21,3504.21
P-400183,2025-02,Coal,54.0,49.9,3504.21,3504.21
P-400183,2025-03,Coal,,50.17,3504.21,3504.21
P-400183,2025-04,Coal,56.0,50.17,3504.21,3504.21
P-400183,2025-05,Coal,57.0,50.17,3504.21,3504.21
P-400183,2025-06,Coal,58.0,52.44,3504.21,3504.21
P-400183,2025-07,Coal,59.0,52.0,3504.21,3504.21
P-400183,2025-08,Coal,62.0,52.0,3504.21,3504.21
P-400183,2025-09,Coal,63.0,53.0,3504.21,3504.21
P-400183,2025-10,Coal,64.0,53.0,3504.21,3504.21
P-400183,2025-11,Coal,65.0,53.0,3504.21,3504.21
P-400183,2025-12,Coal,64.0,53.0,3504.21,3504.21
P-400183,2026-01,Coal,65.0,53.0,3504.21,3504.21
P-400185,2025-01,Coal,,16.7,6107.87,6107.87
P-400185,2025-02,Coal,34.0,16.8,6107.87,6107.87
P-400185,2025-03,Coal,,17.39,6107.87,6107.87
P-400185,2025-08,Coal,40.0,17.0,8416.19,6107.87
P-400185,2025-09,Coal,41.0,17.0,8416.19,6107.87
P-400185,2025-10,Coal,42.0,17.0,8416.19,6107.87
P-400185,2025-11,Coal,43.0,17.0,8416.19,6107.87
P-400185,2025-12,Coal,44.0,17.0,8416.19,6107.87
P-400185,2026-01,Coal,45.0,31.0,8416.19,6107.87
P-400186,2025-01,Coal,,10.0,749.07,749.07
P-400186,2025-02,Coal,25.0,10.0,749.07,749.07
P-400186,2025-03,Coal,,10.0,749.07,749.07
P-400186,2025-04,Coal,27.0,10.0,749.07,749.07
P-400186,2025-05,Coal,28.0,10.3,749.07,749.07
P-400186,2025-06,Coal,29.0,10.3,749.07,749.07
P-400186,2025-07,Coal,28.0,10.0,749.08,749.08
P-400186,2025-08,Coal,31.0,10.0,749.08,749.08
P-400186,2025-09,Coal,32.0,10.0,749.08,749.08
P-400186,2025-10,Coal,33.0,10.0,749.08,749.07
P-400186,2025-11,Coal,34.0,10.0,749.08,749.07
P-400186,2025-12,Coal,35.0,10.0,749.08,749.07
P-400186,2026-01,Coal,36.0,11.0,749.08,749.07
P-400187,2025-01,Coal,80.0,55.1,2434.75,2434.75
P-400187,2025-02,Coal,81.0,55.1,2434.75,2434.75
P-400187,2025-03,Coal,82.0,60.87,2434.75,2434.75
P-400187,2025-04,Coal,83.0,60.87,2434.75,2434.75
P-400187,2025-05,Coal,84.0,60.87,2434.75,2434.75
P-400187,2025-06,Coal,85.0,61.49,2434.75,2434.75
P-400187,2025-07,Coal,86.0,61.0,2434.75,2434.75
P-400187,2025-08,Coal,87.0,69.0,2434.75,2434.75
P-400187,2025-09,Coal,88.0,69.0,2434.75,2434.75
P-400187,2025-10,Coal,89.0,69.0,2434.75,2434.75
P-400187,2025-11,Coal,90.0,71.0,2434.75,2434.75
P-400187,2025-12,Coal,91.0,71.0,2434.75,2434.75
P-400187,2026-01,Coal,92.0,72.0,2434.75,2434.75
P-400188,2025-07,Real Estate,86.0,0.0,32850.0,32850.0
P-400188,2025-08,Real Estate,109.0,0.0,32850.0,32850.0
P-400188,2025-09,Real Estate,110.0,0.0,32850.0,32850.0
P-400188,2025-10,Real Estate,111.0,0.0,32850.0,32850.0
P-400188,2025-11,Real Estate,112.0,0.0,32850.0,32850.0
P-400188,2025-12,Real Estate,113.0,0.0,32850.0,32850.0
P-400188,2026-01,Real Estate,114.0,43.0,32850.0,32841.0
P-400192,2025-07,Coal,105.0,34.0,1581.0,1581.0
P-400192,2025-08,Coal,106.0,34.0,1581.0,1581.0
P-400192,2025-09,Coal,110.0,35.0,1581.0,1581.0
P-400192,2025-10,Coal,111.0,35.0,1581.0,1581.0
P-400192,2025-11,Coal,112.0,36.0,1581.0,1581.0
P-400192,2025-12,Coal,113.0,36.0,1581.0,1581.0
P-400192,2026-01,Coal,114.0,36.0,1581.0,1581.0
P-400203,2025-07,Railways,100.0,40.0,1686.22,1686.22
P-400203,2025-08,Railways,87.0,41.0,1686.22,1686.22
P-400203,2025-09,Railways,88.0,41.0,1686.22,1686.22
P-400203,2025-10,Railways,89.0,42.0,1686.22,1686.22
P-400203,2025-11,Railways,90.0,42.0,1686.22,1686.22
P-400203,2025-12,Railways,91.0,42.0,1686.22,1686.22
P-400203,2026-01,Railways,92.0,42.0,1686.22,2438.53
P-400204,2025-01,Railways,75.0,5.5,1600.0,4939.78
P-400204,2025-02,Railways,76.0,6.0,1600.0,4939.78
P-400204,2025-03,Railways,77.0,5.0,1600.0,4939.78
P-400204,2025-08,Railways,82.0,8.0,4939.78,4939.78
P-400204,2025-09,Railways,83.0,8.0,4939.78,4939.78
P-400204,2025-10,Railways,84.0,8.0,4939.78,4939.78
P-400204,2025-11,Railways,85.0,8.0,4939.78,4939.78
P-400204,2025-12,Railways,86.0,8.0,4939.78,4939.78
P-400204,2026-01,Railways,87.0,8.0,4939.78,4939.78
P-400205,2025-01,Railways,,2.0,371.77,1319.75
P-400205,2025-02,Railways,66.0,2.5,371.77,1319.75
P-400205,2025-03,Railways,,2.5,371.77,1319.75
P-400205,2025-08,Railways,72.0,3.0,1319.75,1319.75
P-400205,2025-09,Railways,73.0,3.0,1319.75,1319.75
P-400205,2025-10,Railways,74.0,3.0,1319.75,1319.75
P-400205,2025-11,Railways,75.0,3.0,1319.75,1319.75
P-400205,2025-12,Railways,76.0,3.0,1319.75,1319.75
P-400205,2026-01,Railways,77.0,3.0,1319.75,1319.75
P-400220,2025-01,Railways,141.0,92.6,3055.0,3438.39
P-400220,2025-02,Railways,142.0,92.6,3055.0,3438.39
P-400220,2025-03,Railways,143.0,92.6,3055.0,3438.39
P-400220,2025-04,Railways,144.0,92.6,3055.0,3438.39
P-400220,2025-05,Railways,145.0,92.8,3055.0,3438.39
P-400220,2025-06,Railways,146.0,93.0,3055.0,3438.39
P-400220,2025-07,Railways,138.0,94.0,3055.0,3438.0
P-400220,2025-08,Railways,113.0,94.0,3055.0,3438.0
P-400220,2025-09,Railways,114.0,94.0,3055.0,3438.0
P-400220,2025-10,Railways,115.0,94.0,3055.0,3438.0
P-400220,2025-11,Railways,116.0,94.0,3055.0,3438.0
P-400220,2025-12,Railways,117.0,94.0,3055.0,3407.09
P-400220,2026-01,Railways,118.0,94.0,3055.0,3407.09
P-400223,2025-01,Railways,198.0,19.0,677.12,788.05
P-400223,2025-02,Railways,199.0,19.0,677.12,788.05
P-400223,2025-03,Railways,200.0,19.0,677.12,788.05
P-400223,2025-04,Railways,201.0,19.0,677.12,788.05
P-400223,2025-05,Railways,202.0,19.0,677.12,788.05
P-400223,2025-06,Railways,203.0,20.0,677.12,668.44
P-400223,2025-07,Railways,78.0,80.0,713.0,981.0
P-400223,2025-08,Railways,205.0,80.0,713.0,981.0
P-400223,2025-09,Railways,206.0,80.0,713.0,981.0
P-400223,2025-10,Railways,207.0,80.0,713.0,981.0
P-400223,2025-11,Railways,208.0,80.0,713.0,981.0
P-400223,2025-12,Railways,209.0,80.0,713.0,981.0
P-400223,2026-01,Railways,210.0,80.0,713.0,981.0
P-400231,2025-01,Electricity Generation,12.0,1.55,27213.0,27213.0
P-400231,2025-02,Electricity Generation,13.0,1.55,27213.0,27213.0
P-400231,2025-03,Electricity Generation,14.0,1.55,27213.0,27213.0
P-400231,2025-04,Electricity Generation,15.0,1.55,27213.0,27213.0
P-400231,2025-05,Electricity Generation,16.0,1.55,27213.0,27213.0
P-400231,2025-06,Electricity Generation,17.0,1.55,27213.0,27213.0
P-400231,2025-07,Electricity Generation,18.0,1.0,27212.96,27213.0
P-400231,2025-08,Electricity Generation,19.0,1.0,27212.96,27213.0
P-400231,2025-09,Electricity Generation,104.0,1.0,27212.96,27213.0
P-400231,2025-10,Electricity Generation,105.0,1.0,27212.96,27213.0
P-400231,2025-11,Electricity Generation,106.0,1.0,27212.96,27213.0
P-400231,2025-12,Electricity Generation,107.0,1.0,27212.96,27213.0
P-400231,2026-01,Electricity Generation,108.0,1.0,27212.96,27213.0
P-400232,2025-01,Railways,181.0,10.0,48.44,297.0
P-400232,2025-02,Railways,182.0,10.0,48.44,297.0
P-400232,2025-03,Railways,183.0,10.0,48.44,297.0
P-400232,2025-04,Railways,184.0,10.0,296.51,297.0
P-400232,2025-05,Railways,185.0,10.0,296.51,297.0
P-400232,2025-06,Railways,186.0,10.0,296.51,297.0
P-400232,2025-07,Railways,138.0,30.0,297.0,297.0
P-400232,2025-08,Railways,139.0,30.0,297.0,297.0
P-400232,2025-09,Railways,140.0,30.0,297.0,297.0
P-400232,2025-10,Railways,141.0,30.0,297.0,297.0
P-400232,2025-11,Railways,142.0,45.0,297.0,297.0
P-400232,2025-12,Railways,143.0,46.0,297.0,297.0
P-400232,2026-01,Railways,144.0,48.0,297.0,297.0
P-400234,2025-07,Railways,83.0,88.0,8975.0,8975.0
P-400234,2025-08,Railways,105.0,88.0,8975.0,8975.0
P-400234,2025-09,Railways,106.0,88.0,8975.0,8975.0
P-400235,2025-07,Energy Storage,27.0,77.0,676.89,676.89
P-400235,2025-08,Energy Storage,28.0,79.0,676.89,676.89
P-400235,2025-09,Energy Storage,29.0,82.0,676.89,715.89
P-400247,2025-01,Railways,114.0,44.0,283.54,283.54
P-400247,2025-02,Railways,115.0,44.0,283.54,283.54
P-400247,2025-03,Railways,116.0,44.0,283.54,283.54
P-400247,2025-08,Railways,121.0,67.0,1000.0,1000.0
P-400247,2025-09,Railways,122.0,67.0,1000.0,1000.0
P-400247,2025-10,Railways,123.0,69.0,1000.0,1000.0
P-400247,2025-11,Railways,124.0,69.0,1000.0,1000.0
P-400247,2025-12,Railways,125.0,69.0,1000.0,1000.0
P-400247,2026-01,Railways,126.0,69.0,1000.0,1000.0
P-400253,2025-01,Railways,,,2335.67,4803.16
P-400253,2025-02,Railways,409.0,,2335.67,4803.16
P-400253,2025-03,Railways,410.0,,2335.67,4803.16
P-400253,2025-04,Railways,411.0,,4803.16,4803.16
P-400253,2025-05,Railways,412.0,,4803.16,4803.16
P-400253,2025-06,Railways,413.0,,4803.16,4803.16
P-400253,2025-07,Railways,104.0,89.0,4803.0,6670.0
P-400253,2025-08,Railways,110.0,89.0,4803.0,6670.0
P-400253,2025-09,Railways,111.0,89.0,4803.0,6670.0
P-400253,2025-10,Railways,112.0,89.0,4803.0,6670.0
P-400253,2025-11,Railways,113.0,89.0,4803.0,6669.91
P-400253,2025-12,Railways,114.0,94.0,4803.0,6669.91
P-400253,2026-01,Railways,115.0,94.0,4803.0,6669.91
P-400254,2025-07,Railways,335.0,81.0,735.2,735.2
P-400254,2025-08,Railways,20.0,82.0,735.2,735.2
P-400254,2025-09,Railways,21.0,82.0,735.2,735.2
P-400254,2025-10,Railways,22.0,84.0,735.2,735.2
P-400254,2025-11,Railways,23.0,84.0,735.2,735.2
P-400254,2025-12,Railways,24.0,84.0,735.2,735.2
P-400254,2026-01,Railways,25.0,84.0,735.2,735.2
P-400259,2025-01,Electricity Generation,102.0,88.5,17237.0,21780.94
P-400259,2025-02,Electricity Generation,103.0,88.71,17237.0,21780.94
P-400259,2025-03,Electricity Generation,104.0,89.6,17237.0,21780.94
P-400259,2025-04,Electricity Generation,105.0,90.41,17237.0,21780.94
P-400259,2025-05,Electricity Generation,106.0,90.89,17237.0,21780.94
P-400259,2025-10,Electricity Generation,111.0,93.0,17237.8,21780.9
P-400259,2025-11,Electricity Generation,112.0,93.0,17237.8,21780.9
P-400259,2025-12,Electricity Generation,113.0,94.0,17237.8,21780.9
P-400259,2026-01,Electricity Generation,114.0,94.0,17237.8,21780.9
P-400261,2025-03,Electricity Generation,,81.0,17112.0,17112.0
P-400261,2025-08,Electricity Generation,93.0,85.0,17112.0,20302.0
P-400261,2025-09,Electricity Generation,98.0,85.0,17112.0,20302.0
P-400261,2025-10,Electricity Generation,99.0,85.0,17112.0,20302.0
P-400261,2025-11,Electricity Generation,96.0,86.0,18668.0,20302.0
P-400261,2025-12,Electricity Generation,97.0,86.0,18668.0,20302.0
P-400261,2026-01,Electricity Generation,98.0,86.0,18668.0,20302.0
P-400271,2025-03,Railways,203.0,47.0,3168.29,3445.34
P-400271,2025-08,Railways,92.0,50.0,3445.0,3445.0
P-400271,2025-09,Railways,93.0,50.0,3445.0,3445.0
P-400271,2025-10,Railways,94.0,50.0,3445.0,3445.0
P-400271,2025-11,Railways,95.0,50.0,3445.0,3445.0
P-400271,2025-12,Railways,96.0,50.0,3445.0,3445.0
P-400271,2026-01,Railways,97.0,50.0,3445.0,3445.0
P-400273,2025-07,Railways,209.0,90.0,1189.0,1542.0
P-400273,2025-08,Railways,293.0,90.0,1189.0,1542.0
P-400273,2025-09,Railways,294.0,91.0,1189.0,1542.0
P-400273,2025-10,Railways,295.0,91.0,1189.0,1542.0
P-400273,2025-11,Railways,296.0,91.0,1189.0,1542.0
P-400273,2025-12,Railways,297.0,92.0,1189.0,1542.0
P-400273,2026-01,Railways,298.0,93.0,1189.0,1542.0
P-400275,2025-01,Railways,,12.0,582.83,3631.34
P-400275,2025-02,Railways,221.0,12.0,582.83,3631.34
P-400275,2025-03,Railways,,14.0,582.83,3631.34
P-400275,2025-04,Railways,223.0,14.0,3631.34,3631.34
P-400275,2025-05,Railways,224.0,15.0,3631.34,3631.34
P-400275,2025-06,Railways,225.0,15.0,3631.34,3631.34
P-400275,2025-07,Railways,201.0,18.0,3631.0,3631.0
P-400275,2025-08,Railways,205.0,18.0,3631.0,3631.0
P-400275,2025-09,Railways,206.0,18.0,3631.0,3631.0
P-400275,2025-10,Railways,207.0,18.0,3631.0,3631.0
P-400275,2025-11,Railways,208.0,18.0,3631.0,3631.0
P-400275,2025-12,Railways,209.0,19.0,3631.0,3631.0
P-400275,2026-01,Railways,210.0,19.0,3631.0,3631.0
P-400277,2025-01,Railways,177.0,,3951.98,8964.35
P-400277,2025-02,Railways,178.0,,3951.98,8964.35
P-400277,2025-03,Railways,179.0,,3951.98,8964.35
P-400277,2025-04,Railways,180.0,,8964.35,8964.35
P-400277,2025-05,Railways,181.0,,8964.35,8964.35
P-400277,2025-06,Railways,182.0,,8964.35,8964.35
P-400277,2025-07,Railways,165.0,80.0,8964.0,8964.0
P-400277,2025-08,Railways,185.0,80.0,8964.0,8964.0
P-400277,2025-09,Railways,186.0,80.0,8964.0,8964.0
P-400277,2025-10,Railways,187.0,81.0,8964.0,8964.0
P-400277,2025-11,Railways,188.0,81.0,8964.0,8964.0
P-400277,2025-12,Railways,189.0,85.0,8964.0,8964.0
P-400277,2026-01,Railways,190.0,85.0,8964.0,8964.0
P-400280,2025-01,RAILWAYS,225.0,98.0,495.74,734.01
P-400280,2025-02,RAILWAYS,226.0,98.0,495.74,734.01
P-400280,2025-03,RAILWAYS,227.0,98.0,495.74,981.83
P-400280,2025-04,RAILWAYS,228.0,98.0,734.01,981.83
P-400280,2025-05,RAILWAYS,229.0,98.0,734.01,981.83
P-400280,2025-06,RAILWAYS,230.0,98.0,734.01,981.83
P-400280,2025-07,RAILWAYS,200.0,99.0,734.0,982.0
P-400280,2025-08,RAILWAYS,213.0,99.0,734.0,982.0
P-400280,2025-09,RAILWAYS,214.0,99.0,734.0,982.0
P-400280,2025-10,RAILWAYS,215.0,99.0,734.0,982.0
P-400280,2025-11,RAILWAYS,216.0,99.0,734.0,734.01
P-400280,2025-12,RAILWAYS,217.0,99.0,734.0,734.01
P-400280,2026-01,RAILWAYS,218.0,99.0,734.0,734.01
P-400291,2025-01,Railways,,92.0,1160.0,1440.0
P-400291,2025-02,Railways,146.0,93.0,1160.0,1440.0
P-400291,2025-03,Railways,147.0,94.0,1160.0,1553.11
P-400291,2025-08,Railways,150.0,92.0,1589.0,1798.0
P-400291,2025-09,Railways,151.0,92.0,1589.0,1798.0
P-400291,2025-10,Railways,152.0,93.0,1589.0,1798.0
P-400291,2025-11,Railways,153.0,94.0,1589.0,1798.0
P-400291,2025-12,Railways,154.0,95.0,1589.0,1798.0
P-400291,2026-01,Railways,155.0,95.0,1589.0,1798.0
P-400298,2025-01,Railways,,,2288.7,3122.35
P-400298,2025-02,Railways,166.0,,2288.7,3122.35
P-400298,2025-03,Railways,,,2288.7,3122.35
P-400298,2025-08,Railways,161.0,54.0,2312.0,5200.0
P-400298,2025-09,Railways,162.0,54.0,2312.0,5200.0
P-400298,2025-10,Railways,163.0,54.0,2312.0,5200.0
P-400298,2025-11,Railways,164.0,54.0,2312.0,5932.0
P-400298,2025-12,Railways,165.0,54.0,2312.0,5932.0
P-400298,2026-01,Railways,166.0,54.0,2312.0,5932.0
P-400299,2025-01,Urban Public Transport,,50.6,1437.0,1381.0
P-400299,2025-02,Urban Public Transport,81.0,50.7,1437.0,1381.0
P-400299,2025-03,Urban Public Transport,,50.8,1437.0,1381.0
P-400299,2025-08,Urban Public Transport,87.0,51.0,1381.0,1960.77
P-400299,2025-09,Urban Public Transport,88.0,51.0,1381.0,1960.77
P-400299,2025-10,Urban Public Transport,89.0,51.0,1381.0,1960.77
P-400299,2025-11,Urban Public Transport,90.0,51.0,1381.0,1960.77
P-400299,2025-12,Urban Public Transport,91.0,51.0,1381.0,1960.77
P-400299,2026-01,Urban Public Transport,92.0,51.0,1381.0,1960.77
P-400301,2025-01,Energy Storage,,48.1,678.0,1732.0
P-400301,2025-02,Energy Storage,147.0,50.7,678.0,1732.0
P-400301,2025-03,Energy Storage,148.0,53.6,678.0,1732.0
P-400301,2025-04,Energy Storage,149.0,56.7,678.0,1732.0
P-400301,2025-05,Energy Storage,150.0,59.0,678.0,1732.0
P-400301,2025-10,Energy Storage,155.0,73.0,678.0,1732.0
P-400301,2025-11,Energy Storage,156.0,74.0,678.0,1732.0
P-400301,2025-12,Energy Storage,157.0,74.0,678.0,1732.0
P-400301,2026-01,Energy Storage,158.0,78.0,678.0,1732.0
P-400312,2025-01,Coal,57.0,38.0,1210.12,1210.12
P-400312,2025-02,Coal,58.0,38.0,1210.12,1210.12
P-400312,2025-03,Coal,59.0,38.0,1210.12,1210.12
P-400312,2025-04,Coal,60.0,38.0,1210.12,1210.12
P-400312,2025-05,Coal,61.0,40.0,1210.12,1210.12
P-400312,2025-06,Coal,62.0,40.0,1210.12,1210.12
P-400312,2025-07,Coal,63.0,40.0,1210.12,1210.12
P-400312,2025-08,Coal,64.0,41.0,1210.12,1210.12
P-400312,2025-09,Coal,65.0,44.0,1210.12,1210.12
P-400312,2025-10,Coal,66.0,44.0,1210.12,1210.12
P-400312,2025-11,Coal,67.0,44.0,1210.12,1210.12
P-400312,2025-12,Coal,68.0,44.0,1210.12,1210.12
P-400312,2026-01,Coal,69.0,45.0,1210.12,1210.12
P-400313,2025-08,COAL,192.0,43.0,2661.73,2661.73
P-400313,2025-09,COAL,193.0,43.0,2661.73,2661.73
P-400313,2025-10,COAL,194.0,43.0,2661.73,2661.73
P-400313,2025-11,COAL,195.0,43.0,2661.73,2661.73
P-400313,2025-12,COAL,196.0,43.0,2661.73,2661.73
P-400315,2025-01,Coal,,17.0,5365.88,5365.88
P-400315,2025-02,Coal,43.0,17.0,5365.88,5365.88
P-400315,2025-03,Coal,44.0,17.0,5365.88,5365.88
P-400315,2025-04,Coal,45.0,17.0,5365.88,5365.88
P-400315,2025-05,Coal,46.0,17.3,5365.88,5365.88
P-400315,2025-06,Coal,47.0,17.38,5365.88,5365.88
P-400315,2025-07,Coal,48.0,17.0,5365.88,5365.88
P-400315,2025-08,Coal,49.0,17.0,5365.88,5365.88
P-400315,2025-09,Coal,50.0,17.0,5365.88,5365.88
P-400315,2025-10,Coal,51.0,17.0,5365.88,5365.88
P-400315,2025-11,Coal,52.0,17.0,5365.88,5365.88
P-400315,2025-12,Coal,53.0,17.0,5365.88,5365.88
P-400315,2026-01,Coal,54.0,18.0,5365.88,5365.88
P-400321,2025-01,Coal,50.0,42.4,1729.68,1729.68
P-400321,2025-02,Coal,51.0,42.65,1729.68,1729.68
P-400321,2025-03,Coal,52.0,42.75,1729.68,1729.68
P-400321,2025-04,Coal,53.0,44.0,1729.68,1729.68
P-400321,2025-05,Coal,54.0,44.29,1729.68,1729.68
P-400321,2025-06,Coal,55.0,44.93,1729.68,1729.68
P-400321,2025-07,Coal,56.0,44.0,1729.68,1729.68
P-400321,2025-08,Coal,57.0,48.0,1729.68,1729.68
P-400321,2025-09,Coal,58.0,47.0,1729.68,1729.68
P-400321,2025-10,Coal,59.0,48.0,1729.68,1729.68
P-400321,2025-11,Coal,60.0,48.0,1729.68,1729.68
P-400321,2025-12,Coal,61.0,48.0,1729.68,1729.68
P-400321,2026-01,Coal,62.0,48.0,1729.68,1729.68
P-400352,2025-01,Coal,,20.0,764.57,764.57
P-400352,2025-02,Coal,54.0,21.0,764.57,764.57
P-400352,2025-03,Coal,,21.0,764.57,764.57
P-400352,2025-04,Coal,56.0,28.0,764.57,764.57
P-400352,2025-05,Coal,57.0,28.0,764.57,764.57
P-400352,2025-06,Coal,58.0,28.0,764.57,764.57
P-400352,2025-07,Coal,59.0,25.0,764.57,764.57
P-400352,2025-08,Coal,60.0,29.0,764.57,764.57
P-400352,2025-09,Coal,61.0,29.0,764.57,764.57
P-400352,2025-10,Coal,62.0,29.0,764.57,764.57
P-400352,2025-11,Coal,63.0,29.0,764.57,764.57
P-400352,2025-12,Coal,64.0,29.0,764.57,764.57
P-400352,2026-01,Coal,65.0,29.0,764.57,764.57
P-400353,2025-01,Coal,,33.0,711.0,720.87
P-400353,2025-02,Coal,40.0,33.0,711.0,720.87
P-400353,2025-03,Coal,,33.0,711.0,720.87
P-400353,2025-04,Coal,42.0,33.0,711.0,720.87
P-400353,2025-05,Coal,43.0,33.0,711.0,720.87
P-400353,2025-06,Coal,44.0,33.0,711.0,720.87
P-400353,2025-07,Coal,45.0,17.0,711.01,711.01
P-400353,2025-08,Coal,46.0,17.0,711.01,711.01
P-400353,2025-09,Coal,47.0,17.0,711.01,711.01
P-400353,2025-10,Coal,80.0,19.0,711.01,711.01
P-400353,2025-11,Coal,81.0,19.0,711.01,711.01
P-400353,2025-12,Coal,82.0,19.0,711.01,711.01
P-400353,2026-01,Coal,83.0,19.0,711.01,711.01
P-400354,2025-01,Coal,,37.0,5241.4,5241.4
P-400354,2025-02,Coal,50.0,37.0,5241.4,5241.4
P-400354,2025-03,Coal,,37.3,5241.4,5241.4
P-400354,2025-04,Coal,52.0,37.3,5241.4,5241.4
P-400354,2025-05,Coal,53.0,37.3,5241.4,5241.4
P-400354,2025-06,Coal,54.0,37.3,5241.4,5241.4
P-400354,2025-07,Coal,55.0,37.0,5241.4,5241.4
P-400354,2025-08,Coal,56.0,37.0,5241.4,5241.4
P-400354,2025-09,Coal,57.0,37.0,5241.4,5241.4
P-400354,2025-10,Coal,58.0,37.0,5241.4,5241.4
P-400354,2025-11,Coal,59.0,37.0,5241.4,5241.4
P-400354,2025-12,Coal,60.0,37.0,5241.4,5241.4
P-400354,2026-01,Coal,61.0,37.0,5241.4,5241.4
P-400369,2025-01,Coal,53.0,56.74,836.42,836.42
P-400369,2025-02,Coal,54.0,57.03,836.42,836.42
P-400369,2025-03,Coal,55.0,57.18,836.42,836.42
P-400369,2025-04,Coal,56.0,58.2,836.42,836.42
P-400369,2025-05,Coal,57.0,85.95,836.42,836.42
P-400369,2025-06,Coal,58.0,89.08,836.42,836.42
P-400369,2025-07,Coal,59.0,89.0,836.42,836.42
P-400369,2025-08,Coal,60.0,89.0,836.42,836.42
P-400369,2025-09,Coal,61.0,89.0,836.42,836.42
P-400369,2025-10,Coal,62.0,89.0,836.42,836.42
P-400369,2025-11,Coal,63.0,89.0,836.42,836.42
P-400369,2025-12,Coal,64.0,89.0,836.42,836.42
P-400369,2026-01,Coal,65.0,89.0,836.42,836.42
P-400382,2025-09,Shipping,68.0,0.0,6000.0,6000.0
P-400382,2025-10,Shipping,69.0,0.0,6000.0,6000.0
P-400382,2025-11,Shipping,71.0,88.0,6000.0,6000.0
P-400382,2025-12,Shipping,72.0,88.0,6000.0,6000.0
P-400382,2026-01,Shipping,73.0,88.0,6000.0,6000.0
P-400392,2025-01,Coal,74.0,44.6,2838.87,2838.87
P-400392,2025-02,Coal,75.0,44.6,2838.87,2838.87
P-400392,2025-03,Coal,76.0,44.6,2838.87,2838.87
P-400392,2025-04,Coal,77.0,44.6,2838.87,2838.87
P-400392,2025-05,Coal,78.0,44.62,2838.87,2838.87
P-400392,2025-06,Coal,79.0,47.35,2838.87,2838.87
P-400392,2025-07,Coal,80.0,47.0,2838.86,2838.86
P-400392,2025-08,Coal,81.0,47.0,2838.86,2838.86
P-400392,2025-09,Coal,82.0,47.0,2838.86,2838.86
P-400392,2025-10,Coal,83.0,47.0,2838.86,2838.86
P-400392,2025-11,Coal,84.0,48.0,2838.86,2838.86
P-400392,2025-12,Coal,85.0,48.0,2838.86,2838.86
P-400392,2026-01,Coal,86.0,48.0,2838.86,2838.86
P-400416,2025-10,Railways,92.0,61.0,1799.64,2564.34
P-400416,2025-11,Railways,93.0,64.0,1799.64,2564.34
P-400416,2025-12,Railways,94.0,64.0,1799.64,2564.34
P-400416,2026-01,Railways,95.0,66.0,1799.64,2564.34
P-400424,2025-07,Coal,112.0,77.0,11816.4,11816.4
P-400424,2025-08,Coal,113.0,77.0,11816.4,11816.4
P-400424,2025-09,Coal,114.0,78.0,11816.4,11816.4
P-400424,2025-10,Coal,115.0,78.0,11816.4,11816.4
P-400424,2025-11,Coal,116.0,78.0,11816.4,11816.4
P-400424,2025-12,Coal,117.0,78.0,11816.4,11816.4
P-400424,2026-01,Coal,118.0,78.0,11816.4,11816.4
P-400425,2025-05,Coal,165.0,81.0,1230.27,1230.27
P-400425,2025-06,Coal,166.0,81.0,1230.27,1230.27
P-400425,2025-07,Coal,167.0,81.0,1230.27,1230.27
P-400425,2025-08,Coal,168.0,81.0,1230.27,1230.27
P-400425,2025-09,Coal,169.0,81.0,1230.27,1230.27
P-400425,2025-10,Coal,170.0,81.0,1230.27,1230.27
P-400425,2025-11,Coal,171.0,82.0,1230.27,1230.27
P-400425,2025-12,Coal,172.0,82.0,1230.27,1230.27
P-400425,2026-01,Coal,173.0,82.0,1230.27,1230.27
P-400426,2025-07,Urban Public Transport,123.0,79.0,1856.36,1856.36
P-400426,2025-08,Urban Public Transport,167.0,80.0,1856.36,1856.36
P-400426,2025-09,Urban Public Transport,168.0,80.0,1856.36,1856.36
P-400426,2025-10,Urban Public Transport,169.0,81.0,1856.36,1856.36
P-400426,2025-11,Urban Public Transport,170.0,82.0,1856.36,1856.36
P-400426,2025-12,Urban Public Transport,171.0,82.0,1856.36,1856.36
P-400426,2026-01,Urban Public Transport,172.0,83.0,1856.36,1856.36
P-602096,2025-07,Electricity Generation,262.0,96.0,6285.33,26075.5
P-602096,2025-08,Electricity Generation,263.0,96.0,6285.33,26075.5
P-602096,2025-09,Electricity Generation,264.0,96.0,6285.33,26075.5
P-602096,2025-10,Electricity Generation,265.0,97.0,6285.33,26075.5
P-602096,2025-11,Electricity Generation,266.0,97.0,6285.33,26075.5
P-602096,2025-12,Electricity Generation,267.0,97.0,6285.33,26075.5
P-602096,2026-01,Electricity Generation,268.0,97.0,6285.33,26075.5
P-602098,2025-01,Education,70.0,96.0,424.93,500.91
P-602098,2025-02,Education,71.0,96.0,424.93,500.91
P-602098,2025-03,Education,72.0,96.0,424.93,500.91
P-602098,2025-08,Education,77.0,96.0,424.93,500.91
P-602098,2025-09,Education,78.0,96.0,424.93,500.91
P-602098,2025-10,Education,79.0,96.0,424.93,500.91
P-602098,2025-11,Education,80.0,96.0,424.93,500.91
P-602098,2025-12,Education,81.0,96.0,424.93,500.91
P-602098,2026-01,Education,82.0,96.0,424.93,500.91
P-602099,2025-01,Education,76.0,90.6,392.51,446.43
P-602099,2025-02,Education,77.0,90.8,392.51,446.43
P-602099,2025-03,Education,78.0,91.5,392.51,446.43
P-602099,2025-08,Education,83.0,92.0,392.51,454.78
P-602099,2025-09,Education,84.0,93.0,392.51,454.78
P-602099,2025-10,Education,85.0,93.0,392.51,454.78
P-602099,2025-11,Education,86.0,94.0,392.51,454.78
P-602099,2025-12,Education,87.0,95.0,392.51,454.78
P-602099,2026-01,Education,88.0,95.0,392.51,454.78
P-602181,2025-01,Electricity Generation,,64.97,5748.04,5748.04
P-602181,2025-02,Electricity Generation,,65.28,5748.04,5748.04
P-602181,2025-03,Electricity Generation,,66.31,5748.04,5748.04
P-602181,2025-04,Electricity Generation,73.0,67.08,5748.04,5748.04
P-602181,2025-05,Electricity Generation,74.0,67.67,5748.04,5748.04
P-602181,2025-06,Electricity Generation,75.0,68.17,5748.04,5748.04
P-602181,2025-07,Electricity Generation,76.0,68.0,5748.04,5748.04
P-602181,2025-08,Electricity Generation,77.0,69.0,5748.04,5748.04
P-602181,2025-09,Electricity Generation,78.0,69.0,5748.04,5748.04
P-602181,2025-10,Electricity Generation,79.0,70.0,5748.04,5748.04
P-602181,2025-11,Electricity Generation,80.0,70.0,5748.04,5748.04
P-602181,2025-12,Electricity Generation,81.0,71.0,5748.04,5748.04
P-602181,2026-01,Electricity Generation,82.0,71.0,5748.04,5748.04
P-602182,2025-01,Electricity Generation,23.0,13.99,31876.39,31876.39
P-602182,2025-02,Electricity Generation,24.0,14.23,31876.39,31876.39
P-602182,2025-03,Electricity Generation,25.0,14.47,31876.39,31876.39
P-602182,2025-04,Electricity Generation,26.0,14.7,31876.39,31876.39
P-602182,2025-05,Electricity Generation,27.0,15.74,31876.39,31876.39
P-602182,2025-06,Electricity Generation,28.0,15.81,31876.39,31876.39
P-602182,2025-07,Electricity Generation,29.0,16.0,31876.39,31876.4
P-602182,2025-08,Electricity Generation,30.0,16.0,31876.39,31876.4
P-602182,2025-09,Electricity Generation,31.0,16.0,31876.39,31876.4
P-602182,2025-10,Electricity Generation,32.0,16.0,31876.39,31876.4
P-602182,2025-11,Electricity Generation,33.0,16.0,31876.39,31876.4
P-602182,2025-12,Electricity Generation,34.0,16.0,31876.39,31876.4
P-602182,2026-01,Electricity Generation,35.0,16.0,31876.39,31876.4
P-602184,2025-01,Electricity Generation,,45.1,1381.84,1803.0
P-602184,2025-02,Electricity Generation,125.0,43.68,1381.84,1803.0
P-602184,2025-03,Electricity Generation,,43.68,1381.84,1803.0
P-602184,2025-04,Electricity Generation,127.0,43.68,1381.84,1803.0
P-602184,2025-05,Electricity Generation,128.0,43.68,1381.84,1803.0
P-602184,2025-06,Electricity Generation,129.0,43.68,1381.84,1803.0
P-602184,2025-07,Electricity Generation,130.0,45.0,1381.84,1381.84
P-602184,2025-08,Electricity Generation,11.0,47.0,1381.84,1381.84
P-602184,2025-09,Electricity Generation,131.0,47.0,1381.84,1381.84
P-602184,2025-10,Electricity Generation,132.0,47.0,1381.84,1381.84
P-602184,2025-11,Electricity Generation,134.0,51.0,1381.84,2865.56
P-602184,2025-12,Electricity Generation,135.0,52.0,1381.84,2865.56
P-602184,2026-01,Electricity Generation,136.0,52.0,1381.84,2865.56
P-602185,2025-01,Electricity Generation,,75.0,2978.48,10907.0
P-602185,2025-02,Electricity Generation,219.0,72.4,2978.48,10907.0
P-602185,2025-03,Electricity Generation,220.0,72.4,2978.48,10907.0
P-602185,2025-04,Electricity Generation,221.0,72.4,2978.48,10907.0
P-602185,2025-05,Electricity Generation,222.0,72.4,2978.48,10907.0
P-602185,2025-06,Electricity Generation,223.0,72.4,2978.48,10907.0
P-602185,2025-07,Electricity Generation,224.0,77.0,2978.0,10907.3
P-602185,2025-08,Electricity Generation,225.0,77.0,2978.0,10907.3
P-602185,2025-09,Electricity Generation,226.0,77.0,2978.0,10907.3
P-602185,2025-10,Electricity Generation,227.0,77.0,2978.0,10907.3
P-602185,2025-11,Electricity Generation,228.0,77.0,2978.0,10907.3
P-602185,2025-12,Electricity Generation,229.0,77.0,2978.0,10907.3
P-602185,2026-01,Electricity Generation,230.0,77.0,2978.0,10907.3
P-602193,2025-08,Electricity Generation,229.0,98.0,4825.6,8339.0
P-602193,2025-09,Electricity Generation,230.0,98.0,4825.6,8339.0
P-602193,2025-10,Electricity Generation,231.0,98.0,4825.6,8339.0
P-602193,2025-11,Electricity Generation,232.0,98.0,4825.6,8339.0
P-602194,2025-07,Electricity Generation,71.0,96.0,11089.42,13276.2
P-602194,2025-08,Electricity Generation,77.0,97.0,11089.42,13276.2
P-602195,2025-01,Electricity Generation,197.0,69.0,2491.58,6303.0
P-602195,2025-02,Electricity Generation,198.0,69.5,2491.58,6630.6
P-602195,2025-03,Electricity Generation,199.0,69.8,2491.58,6630.6
P-602195,2025-04,Electricity Generation,200.0,70.0,2491.58,6630.6
P-602195,2025-05,Electricity Generation,201.0,70.5,2491.58,6823.72
P-602195,2025-06,Electricity Generation,202.0,71.0,2491.58,6823.72
P-602195,2025-07,Electricity Generation,138.0,72.0,3860.35,6823.72
P-602195,2025-08,Electricity Generation,204.0,72.0,3860.35,6823.72
P-602195,2025-09,Electricity Generation,205.0,72.0,3860.35,6823.72
P-602195,2025-10,Electricity Generation,206.0,73.0,3860.35,6823.72
P-602195,2025-11,Electricity Generation,207.0,73.0,3860.35,6823.72
P-602195,2025-12,Electricity Generation,208.0,74.0,3860.35,6405.08
P-602195,2026-01,Electricity Generation,209.0,75.0,3860.35,6405.08
P-602223,2025-06,Electricity Generation,126.0,81.7,4754.42,9129.32
P-602223,2025-07,Electricity Generation,114.0,81.0,4754.42,4754.42
P-602223,2025-08,Electricity Generation,53.0,81.0,4754.42,9129.32
P-602223,2025-09,Electricity Generation,131.0,82.0,4754.42,9129.32
P-602223,2025-10,Electricity Generation,132.0,82.0,4754.42,9129.32
P-602223,2025-11,Electricity Generation,133.0,82.0,4754.42,9129.32
P-602223,2025-12,Electricity Generation,134.0,82.0,4754.42,9129.32
P-602223,2026-01,Electricity Generation,135.0,83.0,4754.42,9129.32
P-602525,2025-01,Electricity Generation,123.0,64.0,8112.12,8112.12
P-602525,2025-02,Electricity Generation,124.0,65.0,8112.12,12727.76
P-602525,2025-03,Electricity Generation,125.0,67.4,8112.12,12727.76
P-602525,2025-08,Electricity Generation,130.0,72.0,8112.12,12728.0
P-602525,2025-09,Electricity Generation,131.0,73.0,8112.12,12728.0
P-602525,2025-10,Electricity Generation,132.0,74.0,8112.12,12728.0
P-602525,2025-11,Electricity Generation,133.0,76.0,8112.12,12728.0
P-602525,2025-12,Electricity Generation,134.0,77.0,8112.12,12728.0
P-602525,2026-01,Electricity Generation,135.0,77.0,8112.12,12728.0
P-602532,2025-01,Electricity Generation,,51.8,4287.59,4287.59
P-602532,2025-02,Electricity Generation,71.0,54.1,4287.59,5409.0
P-602532,2025-03,Electricity Generation,,57.46,4287.59,5409.0
P-602532,2025-08,Electricity Generation,77.0,68.0,4287.59,5409.0
P-602532,2025-09,Electricity Generation,78.0,70.0,4287.59,5409.0
P-602532,2025-10,Electricity Generation,79.0,72.0,4287.59,5409.0
P-602532,2025-11,Electricity Generation,80.0,73.0,4287.59,5409.0
P-602532,2025-12,Electricity Generation,81.0,75.0,4287.59,5409.0
P-602532,2026-01,Electricity Generation,82.0,75.0,4287.59,5409.0
P-602535,2025-01,Electricity Generation,,19.01,5281.94,5281.94
P-602535,2025-02,Electricity Generation,48.0,20.01,5281.94,5281.94
P-602535,2025-03,Electricity Generation,,21.29,5281.94,5281.94
P-602535,2025-08,Electricity Generation,54.0,24.0,5281.94,5281.94
P-602535,2025-09,Electricity Generation,55.0,24.0,5281.94,5281.94
P-602535,2025-10,Electricity Generation,56.0,25.0,5281.94,5281.94
P-602535,2025-11,Electricity Generation,57.0,26.0,5281.94,5281.94
P-602535,2025-12,Electricity Generation,58.0,26.0,5281.94,5281.94
P-602535,2026-01,Electricity Generation,59.0,27.0,5281.94,5281.94
P-602538,2025-07,Electricity Generation,53.0,91.0,1037.0,1106.0
P-602538,2025-08,Electricity Generation,54.0,92.0,1037.0,1106.0
P-602538,2025-09,Electricity Generation,75.0,92.0,1037.0,1106.0
P-602538,2025-10,Electricity Generation,76.0,67.0,1037.0,1037.0
P-602538,2025-11,Electricity Generation,77.0,93.0,1037.0,1106.0
P-602538,2025-12,Electricity Generation,78.0,93.0,1037.0,1106.0
P-602538,2026-01,Electricity Generation,79.0,94.0,1037.0,1106.0
P-602579,2025-01,Electricity Generation,70.0,85.21,10439.09,12999.36
P-602579,2025-02,Electricity Generation,71.0,86.75,10439.09,12999.36
P-602579,2025-03,Electricity Generation,72.0,87.45,10439.09,12999.36
P-602579,2025-08,Electricity Generation,77.0,92.0,10439.09,13756.6
P-602579,2025-09,Electricity Generation,78.0,92.0,10439.09,13756.6
P-602579,2025-10,Electricity Generation,79.0,92.0,10439.09,13756.6
P-602579,2025-11,Electricity Generation,80.0,93.0,10439.09,13756.6
P-602579,2025-12,Electricity Generation,81.0,93.0,10439.09,13756.6
P-602579,2026-01,Electricity Generation,82.0,93.0,10439.09,13756.6
P-602582,2025-01,Electricity Generation,51.0,63.9,687.97,1426.0
P-602582,2025-02,Electricity Generation,52.0,64.43,687.97,1426.0
P-602582,2025-03,Electricity Generation,53.0,65.44,687.97,1426.0
P-602582,2025-04,Electricity Generation,54.0,66.2,687.97,1511.87
P-602582,2025-05,Electricity Generation,55.0,66.91,687.97,1511.87
P-602582,2025-06,Electricity Generation,56.0,67.61,687.97,1511.87
P-602582,2025-07,Electricity Generation,50.0,67.0,687.97,1511.87
P-602582,2025-08,Electricity Generation,58.0,68.0,687.97,1511.87
P-602582,2025-09,Electricity Generation,59.0,68.0,687.97,1511.87
P-602582,2025-10,Electricity Generation,60.0,70.0,687.97,1561.21
P-602582,2025-11,Electricity Generation,61.0,71.0,687.97,1561.21
P-602582,2025-12,Electricity Generation,62.0,72.0,687.97,1561.21
P-602582,2026-01,Electricity Generation,63.0,72.0,687.97,1561.21
P-602593,2025-01,Electricity Generation,50.0,51.02,1810.56,3060.71
P-602593,2025-02,Electricity Generation,51.0,51.02,1810.56,3060.71
P-602593,2025-03,Electricity Generation,52.0,51.32,1810.56,3060.71
P-602593,2025-08,Electricity Generation,57.0,51.0,1810.56,3584.53
P-602593,2025-09,Electricity Generation,58.0,51.0,1810.56,3584.53
P-602593,2025-10,Electricity Generation,59.0,51.0,1810.56,3584.53
P-602593,2025-11,Electricity Generation,60.0,51.0,1810.56,4681.64
P-602593,2025-12,Electricity Generation,61.0,51.0,1810.56,4681.64
P-602593,2026-01,Electricity Generation,62.0,51.0,1810.56,4681.64
P-602633,2025-07,Electricity Generation,87.0,0.5,2615.0,2615.0
P-602633,2025-08,Electricity Generation,88.0,0.5,2615.0,2615.0
P-602633,2025-09,Electricity Generation,89.0,0.5,2615.0,2615.0
P-602633,2025-10,Electricity Generation,90.0,0.5,2615.0,2615.0
P-602633,2025-11,Electricity Generation,91.0,0.5,2615.0,2615.0
P-602792,2025-01,Railways,162.0,80.0,1171.3,1171.3
P-602792,2025-02,Railways,163.0,80.0,1171.3,1171.3
P-602792,2025-03,Railways,164.0,80.0,1171.3,1171.3
P-602792,2025-08,Railways,169.0,82.0,1171.0,1171.0
P-602792,2025-09,Railways,170.0,82.0,1171.0,1171.0
P-602792,2025-10,Railways,171.0,100.0,1171.0,1171.0
P-602792,2025-11,Railways,172.0,100.0,1171.0,1171.0
P-602792,2025-12,Railways,173.0,100.0,1171.0,1171.0
P-602792,2026-01,Railways,174.0,100.0,1171.0,1171.0
P-602797,2025-01,Railways,,,461.64,461.64
P-602797,2025-02,Railways,24.0,,461.64,461.64
P-602797,2025-03,Railways,25.0,,461.64,461.64
P-602797,2025-04,Railways,26.0,,461.64,461.64
P-602797,2025-05,Railways,27.0,,461.64,461.64
P-602797,2025-06,Railways,28.0,,461.64,461.64
P-602797,2025-07,Railways,91.0,6.0,461.64,461.64
P-602797,2025-08,Railways,96.0,7.0,461.64,461.64
P-602797,2025-09,Railways,97.0,8.0,461.64,461.64
P-602797,2025-10,Railways,98.0,8.0,461.64,461.64
P-602797,2025-11,Railways,99.0,8.0,461.64,461.64
P-602797,2025-12,Railways,100.0,9.0,461.64,461.64
P-602797,2026-01,Railways,101.0,9.0,461.64,461.64
P-602961,2025-01,Electricity Generation,29.0,19.7,11844.0,12539.0
P-602961,2025-02,Electricity Generation,30.0,19.7,11844.0,12539.0
P-602961,2025-03,Electricity Generation,31.0,21.4,11844.0,12539.0
P-602961,2025-08,Electricity Generation,36.0,32.0,11843.75,12543.0
P-602961,2025-09,Electricity Generation,37.0,34.0,11843.75,12543.0
P-602961,2025-10,Electricity Generation,38.0,40.0,11843.75,12543.0
P-602961,2025-11,Electricity Generation,39.0,43.0,11843.75,12543.0
P-602961,2025-12,Electricity Generation,40.0,44.0,11843.75,12543.0
P-602961,2026-01,Electricity Generation,41.0,44.0,11843.75,12543.0
P-603293,2025-04,Coal,74.0,59.79,501.79,501.79
P-603293,2025-05,Coal,75.0,59.79,501.79,501.79
P-603293,2025-06,Coal,76.0,59.79,501.79,501.79
P-603293,2025-07,Coal,70.0,59.0,502.0,784.0
P-603293,2025-08,Coal,78.0,59.0,502.0,784.0
P-603293,2025-09,Coal,79.0,59.0,502.0,784.0
P-603293,2025-10,Coal,80.0,59.0,502.0,784.0
P-603293,2025-11,Coal,81.0,59.0,502.0,784.0
P-603293,2025-12,Coal,82.0,59.0,502.0,784.0
P-603293,2026-01,Coal,83.0,59.0,502.0,784.0
P-603945,2025-07,Telecommunication,330.0,62.0,567.03,2990.05
P-603945,2025-08,Telecommunication,331.0,62.0,567.03,2990.05
P-603945,2025-09,Telecommunication,341.0,62.0,567.03,2990.05
P-603945,2025-10,Telecommunication,342.0,62.0,567.03,2990.05
P-603945,2025-11,Telecommunication,343.0,62.0,567.03,2990.05
P-603945,2025-12,Telecommunication,344.0,62.0,567.03,2990.05
P-603945,2026-01,Telecommunication,345.0,62.0,567.03,2990.05
P-604791,2025-01,Energy Storage,72.0,69.31,12366.0,18968.0
P-604791,2025-02,Energy Storage,73.0,70.6,12366.0,18968.0
P-604791,2025-03,Energy Storage,74.0,71.88,12366.0,18968.0
P-604791,2025-04,Energy Storage,75.0,73.06,12366.0,18968.0
P-604791,2025-05,Energy Storage,76.0,74.01,12366.0,18968.0
P-604791,2025-06,Energy Storage,77.0,74.92,12366.0,18968.0
P-604791,2025-07,Energy Storage,60.0,75.0,12366.0,22494.0
P-604791,2025-08,Energy Storage,61.0,76.0,12366.0,22494.0
P-604791,2025-09,Energy Storage,62.0,78.0,12366.0,22494.0
P-604791,2025-10,Energy Storage,63.0,78.0,12366.0,22494.0
P-604791,2025-11,Energy Storage,64.0,79.0,12366.0,22494.0
P-604791,2025-12,Energy Storage,65.0,80.0,12366.0,22494.0
P-604791,2026-01,Energy Storage,66.0,81.0,12366.0,22494.0
P-604795,2025-01,Energy Storage,,10.2,31580.0,36354.0
P-604795,2025-02,Energy Storage,49.0,10.2,31580.0,36354.0
P-604795,2025-03,Energy Storage,,10.2,31580.0,36354.0
P-604795,2025-08,Energy Storage,47.0,10.0,31580.0,36354.0
P-604795,2025-09,Energy Storage,48.0,10.0,31580.0,36354.0
P-604795,2025-10,Energy Storage,49.0,10.0,31580.0,36354.0
P-604795,2025-11,Energy Storage,50.0,10.0,31580.0,36354.0
P-604795,2025-12,Energy Storage,51.0,10.0,31580.0,36354.0
P-604795,2026-01,Energy Storage,52.0,10.0,31580.0,36354.0
P-604833,2025-01,Energy Storage,91.0,44.6,281.35,389.67
P-604833,2025-02,Energy Storage,92.0,48.0,281.35,389.67
P-604833,2025-03,Energy Storage,93.0,48.0,281.35,389.67
P-604833,2025-04,Energy Storage,94.0,49.5,281.35,389.67
P-604833,2025-05,Energy Storage,95.0,50.5,281.35,389.67
P-604833,2025-06,Energy Storage,96.0,50.8,281.35,389.67
P-604833,2025-07,Energy Storage,97.0,50.0,281.35,389.67
P-604833,2025-08,Energy Storage,98.0,50.0,281.35,389.67
P-604833,2025-09,Energy Storage,99.0,50.0,281.35,389.67
P-604833,2025-10,Energy Storage,100.0,51.0,281.35,389.67
P-604833,2025-11,Energy Storage,101.0,54.0,281.35,389.67
P-604833,2025-12,Energy Storage,102.0,56.0,281.35,389.67
P-604833,2026-01,Energy Storage,103.0,57.0,281.35,389.67
P-604852,2025-01,Energy Storage,28.0,40.3,980.45,980.45
P-604852,2025-02,Energy Storage,29.0,44.2,980.45,980.45
P-604852,2025-03,Energy Storage,30.0,69.4,980.45,980.45
P-604852,2025-04,Energy Storage,31.0,49.49,980.45,980.45
P-604852,2025-05,Energy Storage,32.0,49.8,980.45,980.45
P-604852,2025-06,Energy Storage,33.0,50.75,980.45,980.45
P-604852,2025-07,Energy Storage,34.0,50.0,980.45,980.45
P-604852,2025-08,Energy Storage,35.0,52.0,980.45,980.45
P-604852,2025-09,Energy Storage,36.0,53.0,980.45,980.45
P-604852,2025-10,Energy Storage,37.0,57.0,980.45,980.45
P-604852,2025-11,Energy Storage,38.0,58.0,980.45,980.45
P-604852,2025-12,Energy Storage,39.0,62.0,980.45,980.45
P-604852,2026-01,Energy Storage,40.0,63.0,980.45,980.45
P-604853,2025-05,Energy Storage,71.0,63.0,2281.94,3219.94
P-604853,2025-10,Energy Storage,76.0,64.0,2281.94,3200.0
P-604853,2025-11,Energy Storage,77.0,64.0,2281.94,3200.0
P-604853,2025-12,Energy Storage,78.0,64.0,2281.94,3200.0
P-604853,2026-01,Energy Storage,79.0,64.0,2281.94,3200.0
P-604859,2025-01,Energy Storage,54.0,87.5,13805.0,13805.0
P-604859,2025-02,Energy Storage,55.0,88.1,13805.0,13805.0
P-604859,2025-03,Energy Storage,56.0,88.6,13805.0,13805.0
P-604859,2025-08,Energy Storage,61.0,90.0,13805.0,11783.0
P-604859,2025-09,Energy Storage,62.0,91.0,13805.0,11783.0
P-604859,2025-10,Energy Storage,63.0,91.0,13805.0,11783.0
P-604859,2025-11,Energy Storage,64.0,91.0,13805.0,11783.0
P-604859,2025-12,Energy Storage,65.0,92.0,13805.0,11783.0
P-604859,2026-01,Energy Storage,66.0,92.0,13805.0,11783.0
P-604863,2025-01,Energy Storage,84.0,93.89,543.91,670.9
P-604863,2025-02,Energy Storage,85.0,93.89,543.91,726.93
P-604863,2025-03,Energy Storage,86.0,93.89,543.91,726.93
P-604863,2025-04,Energy Storage,87.0,93.89,543.91,726.93
P-604863,2025-05,Energy Storage,88.0,93.95,543.91,726.93
P-604863,2025-06,Energy Storage,89.0,93.98,543.91,726.93
P-604863,2025-07,Energy Storage,90.0,94.0,682.9,726.93
P-604863,2025-08,Energy Storage,91.0,94.0,682.9,726.93
P-604863,2025-09,Energy Storage,92.0,94.0,682.9,726.93
P-604863,2025-10,Energy Storage,93.0,94.0,682.9,726.93
P-604863,2025-11,Energy Storage,94.0,94.0,682.9,726.93
P-604863,2025-12,Energy Storage,95.0,94.0,682.9,726.93
P-604863,2026-01,Energy Storage,96.0,94.0,682.9,726.93
P-605155,2025-01,Electricity Generation,,18.5,4526.12,4526.12
P-605155,2025-02,Electricity Generation,33.0,19.0,4526.12,4526.12
P-605155,2025-03,Electricity Generation,,19.75,4526.12,4526.12
P-605155,2025-09,Electricity Generation,40.0,24.0,4526.12,4526.12
P-605155,2025-10,Electricity Generation,41.0,24.0,4526.12,4526.12
P-605155,2025-11,Electricity Generation,42.0,25.0,4526.12,4526.12
P-605155,2025-12,Electricity Generation,43.0,26.0,4526.12,4526.12
P-605155,2026-01,Electricity Generation,44.0,26.0,4526.12,4526.12
P-605156,2025-01,Electricity Generation,,83.64,938.29,1828.11
P-605156,2025-02,Electricity Generation,,84.55,938.29,1828.11
P-605156,2025-03,Electricity Generation,,85.82,938.29,1828.11
P-605156,2025-04,Electricity Generation,49.0,87.07,938.29,1828.11
P-605156,2025-05,Electricity Generation,50.0,88.51,938.29,1828.11
P-605156,2025-06,Electricity Generation,51.0,89.45,938.29,1828.11
P-605156,2025-07,Electricity Generation,52.0,90.0,938.29,1828.11
P-605156,2025-08,Electricity Generation,53.0,91.0,938.29,1828.11
P-605156,2025-09,Electricity Generation,54.0,93.0,938.29,1828.11
P-605156,2025-10,Electricity Generation,55.0,93.0,938.29,1828.11
P-605156,2025-11,Electricity Generation,56.0,93.0,938.29,1828.11
P-605156,2025-12,Electricity Generation,57.0,94.0,938.29,1828.11
P-605156,2026-01,Electricity Generation,58.0,94.0,938.29,1828.11
P-605292,2025-01,Education,63.0,89.0,348.24,348.24
P-605292,2025-02,Education,64.0,90.0,348.24,348.24
P-605292,2025-03,Education,65.0,90.2,348.24,348.24
P-605292,2025-08,Education,70.0,91.0,348.31,348.31
P-605292,2025-09,Education,71.0,91.0,348.31,348.31
P-605292,2025-10,Education,72.0,91.0,348.31,348.31
P-605292,2025-11,Education,73.0,91.0,348.31,348.31
P-605292,2025-12,Education,74.0,91.0,348.31,348.31
P-605292,2026-01,Education,75.0,91.0,348.31,348.31
P-606013,2025-07,Education,35.0,91.0,499.21,499.21
P-606013,2025-08,Education,37.0,91.0,499.21,499.21
P-606013,2025-09,Education,38.0,98.0,499.21,499.21
P-606013,2025-10,Education,39.0,99.0,499.21,499.21
P-606013,2025-11,Education,40.0,97.0,499.21,499.21
P-606013,2025-12,Education,41.0,97.0,499.21,499.21
P-606013,2026-01,Education,42.0,97.0,499.21,499.21
P-606112,2025-10,Education,77.0,97.0,153.71,153.71
P-606112,2025-11,Education,78.0,97.0,153.71,153.71
P-606112,2025-12,Education,79.0,97.0,153.71,153.71
P-606112,2026-01,Education,80.0,97.0,153.71,153.71
P-606431,2025-01,Education,66.0,66.0,753.63,753.63
P-606431,2025-02,Education,67.0,66.0,753.63,753.63
P-606431,2025-03,Education,68.0,66.0,753.63,753.63
P-606431,2025-08,Education,97.0,71.0,1006.45,1217.4
P-606431,2025-09,Education,98.0,72.0,1006.45,1217.4
P-606431,2025-10,Education,99.0,74.0,1006.45,1217.4
P-606431,2025-11,Education,100.0,76.0,1006.45,1217.4
P-606431,2025-12,Education,101.0,79.0,1006.45,1217.4
P-606431,2026-01,Education,102.0,82.0,1006.45,1217.4
P-606479,2025-07,Education,61.0,93.0,246.0,246.0
P-606479,2025-08,Education,62.0,95.0,246.0,246.0
P-606479,2025-09,Education,63.0,95.0,246.0,246.0
P-606479,2025-10,Education,64.0,96.0,246.0,246.0
P-606479,2025-11,Education,65.0,97.0,246.0,246.0
P-606479,2025-12,Education,66.0,97.0,246.0,246.0
P-606479,2026-01,Education,67.0,97.0,246.0,246.0
P-606781,2025-07,Electricity Generation,40.0,59.0,288.71,288.71
P-607701,2025-01,Energy Storage,44.0,80.4,412.0,509.84
P-607701,2025-02,Energy Storage,45.0,81.1,412.0,509.84
P-607701,2025-03,Energy Storage,46.0,82.04,412.0,509.84
P-607701,2025-04,Energy Storage,47.0,82.5,412.0,595.2
P-607701,2025-05,Energy Storage,48.0,82.8,412.0,595.2
P-607701,2025-06,Energy Storage,49.0,83.4,412.0,595.2
P-607701,2025-07,Energy Storage,50.0,84.0,412.3,577.0
P-607701,2025-08,Energy Storage,51.0,85.0,412.3,577.0
P-607701,2025-09,Energy Storage,52.0,86.0,412.3,577.0
P-607701,2025-10,Energy Storage,53.0,87.0,412.3,577.0
P-607701,2025-11,Energy Storage,54.0,88.0,412.3,577.0
P-607701,2025-12,Energy Storage,55.0,89.0,412.3,577.0
P-607701,2026-01,Energy Storage,56.0,90.0,412.3,577.0
P-607709,2025-01,Electricity Generation,121.0,95.5,5111.33,6700.0
P-607709,2025-06,Electricity Generation,126.0,96.0,5111.33,6700.0
P-607709,2025-07,Electricity Generation,112.0,96.0,5111.33,6700.0
P-607709,2025-08,Electricity Generation,128.0,96.0,5111.33,6700.0
P-607709,2025-09,Electricity Generation,129.0,96.0,5111.33,6700.0
P-607709,2025-10,Electricity Generation,130.0,96.0,5111.33,6700.0
P-607709,2025-11,Electricity Generation,131.0,96.0,5111.33,6700.0
P-607709,2025-12,Electricity Generation,132.0,96.0,5111.33,6700.0
P-607709,2026-01,Electricity Generation,133.0,96.0,5111.33,6700.0
P-608301,2025-07,Electricity Generation,41.0,93.0,359.47,359.47
P-608302,2025-07,Electricity Generation,41.0,99.0,318.12,318.12
P-608922,2025-07,Electricity Generation,38.0,95.0,1666.0,2218.0
P-609019,2025-01,Education,58.0,,193.83,193.83
P-609019,2025-02,Education,59.0,,193.83,193.83
P-609019,2025-03,Education,60.0,,193.83,193.83
P-609019,2025-08,Education,86.0,87.0,500.0,442.0
P-609019,2025-09,Education,87.0,88.0,500.0,442.0
P-609019,2025-10,Education,88.0,89.0,500.0,442.0
P-609019,2025-11,Education,89.0,89.0,500.0,442.0
P-609019,2025-12,Education,90.0,92.0,500.0,442.0
P-609019,2026-01,Education,91.0,93.0,500.0,442.0
P-609424,2025-07,Shipping,19.0,10.0,4243.64,4243.64
P-609424,2025-08,Shipping,20.0,10.0,4243.64,4243.64
P-609424,2025-09,Shipping,35.0,10.0,4243.64,4243.64
P-609424,2025-10,Shipping,36.0,32.0,4243.64,4243.64
P-609424,2025-11,Shipping,37.0,34.0,4243.64,4243.64
P-609736,2025-01,Education,53.0,0.0,314.06,303.55
P-609736,2025-02,Education,54.0,54.0,314.06,303.55
P-609736,2025-03,Education,55.0,54.0,314.06,303.55
P-609736,2025-08,Education,60.0,82.0,314.06,314.06
P-609736,2025-09,Education,61.0,83.0,314.06,314.06
P-609736,2025-10,Education,62.0,85.0,314.06,314.06
P-609736,2025-11,Education,63.0,85.0,314.06,314.06
P-609736,2025-12,Education,64.0,85.0,314.06,314.06
P-609736,2026-01,Education,65.0,89.0,314.06,314.06
P-609996,2025-07,Education,32.0,71.0,262.0,262.0
P-609996,2025-08,Education,33.0,73.0,262.0,262.0
P-609996,2025-09,Education,36.0,76.0,262.0,262.0
P-609996,2025-10,Education,37.0,79.0,262.0,262.0
P-609996,2025-11,Education,38.0,80.0,262.0,262.0
P-609996,2025-12,Education,39.0,83.0,262.0,262.0
P-609996,2026-01,Education,40.0,83.0,262.0,262.0
P-610315,2025-01,Education,72.0,95.0,790.79,790.79
P-610315,2025-02,Education,73.0,95.0,790.79,790.79
P-610315,2025-03,Education,74.0,95.0,790.79,790.79
P-610315,2025-08,Education,82.0,97.0,1229.32,773.76
P-610315,2025-09,Education,83.0,97.0,1229.32,773.76
P-610315,2025-10,Education,84.0,97.0,1229.32,773.76
P-610315,2025-11,Education,85.0,97.0,1229.32,843.09
P-610315,2025-12,Education,86.0,98.0,1229.32,843.09
P-610315,2026-01,Education,87.0,98.0,1229.32,843.09
P-610940,2025-07,Education,47.0,99.0,420.41,420.41
P-610940,2025-08,Education,48.0,99.0,420.41,420.41
P-610984,2025-01,Energy Storage,62.0,56.9,431.0,431.0
P-610984,2025-02,Energy Storage,63.0,56.9,431.0,431.0
P-610984,2025-03,Energy Storage,64.0,57.8,431.0,431.0
P-610984,2025-08,Energy Storage,69.0,59.0,431.0,431.0
P-610984,2025-09,Energy Storage,70.0,59.0,431.0,431.0
P-610984,2025-10,Energy Storage,71.0,60.0,431.0,431.0
P-610984,2025-11,Energy Storage,72.0,61.0,431.0,431.0
P-610984,2025-12,Energy Storage,73.0,61.0,431.0,431.0
P-610984,2026-01,Energy Storage,74.0,61.0,431.0,431.0
P-610985,2025-07,Energy Storage,38.0,78.0,423.39,526.26
P-610985,2025-08,Energy Storage,39.0,80.0,423.39,526.26
P-611016,2025-03,Coal,111.0,96.6,384.57,341.22
P-611016,2025-10,Coal,118.0,97.0,384.57,384.57
P-611016,2025-11,Coal,119.0,97.0,384.57,384.57
P-611016,2025-12,Coal,120.0,97.0,384.57,384.57
P-611016,2026-01,Coal,121.0,97.0,384.57,384.57
P-611017,2025-03,Coal,113.0,44.0,334.27,334.27
P-611017,2025-04,Coal,114.0,45.0,334.27,334.27
P-611017,2025-05,Coal,115.0,45.05,334.27,334.27
P-611017,2025-06,Coal,116.0,47.0,334.27,334.27
P-611017,2025-07,Coal,111.0,48.0,334.27,334.27
P-611017,2025-08,Coal,118.0,48.0,334.27,334.27
P-611017,2025-09,Coal,119.0,48.0,334.27,334.27
P-611017,2025-10,Coal,120.0,48.0,334.27,334.27
P-611017,2025-11,Coal,121.0,48.0,334.27,334.27
P-611017,2025-12,Coal,122.0,49.0,334.27,334.27
P-611017,2026-01,Coal,123.0,51.0,334.27,334.27
P-611047,2025-01,CIVIL AVIATION,30.0,21.5,861.37,861.37
P-611047,2025-02,CIVIL AVIATION,31.0,24.0,861.37,861.37
P-611047,2025-03,CIVIL AVIATION,32.0,27.0,861.37,861.37
P-611047,2025-04,CIVIL AVIATION,33.0,29.5,861.37,861.37
P-611047,2025-05,CIVIL AVIATION,34.0,30.0,861.37,861.37
P-611047,2025-06,CIVIL AVIATION,35.0,30.25,861.37,861.37
P-611047,2025-07,CIVIL AVIATION,24.0,30.0,861.37,861.37
P-611047,2025-08,CIVIL AVIATION,37.0,35.0,861.37,861.37
P-611047,2025-09,CIVIL AVIATION,38.0,36.0,861.37,861.37
P-611047,2025-10,CIVIL AVIATION,39.0,39.0,861.37,861.37
P-611047,2025-11,CIVIL AVIATION,40.0,39.0,861.37,861.37
P-611047,2025-12,CIVIL AVIATION,41.0,42.0,861.37,861.37
P-611047,2026-01,CIVIL AVIATION,27.0,46.0,861.37,861.37
P-611142,2025-09,Inland Waterways,85.0,100.0,177.0,197.0
P-611142,2025-10,Inland Waterways,86.0,100.0,177.0,197.0
P-611142,2025-11,Inland Waterways,94.0,100.0,177.0,197.0
P-611142,2025-12,Inland Waterways,95.0,100.0,177.0,197.0
P-611452,2025-01,Railways,178.0,,265.88,311.36
P-611452,2025-02,Railways,179.0,,265.88,311.36
P-611452,2025-03,Railways,180.0,,265.88,311.36
P-611452,2025-08,Railways,71.0,92.0,311.0,311.0
P-611452,2025-09,Railways,72.0,92.0,311.0,311.0
P-611452,2025-10,Railways,73.0,92.0,311.0,311.0
P-611452,2025-11,Railways,74.0,93.0,311.0,311.0
P-611452,2025-12,Railways,75.0,93.0,311.0,311.0
P-611452,2026-01,Railways,76.0,93.0,311.0,311.0
P-611495,2025-01,,5.0,3.45,1549.0,1549.0
P-611495,2025-02,,6.0,5.5,1549.0,1549.0
P-611495,2025-03,,7.0,8.0,1549.0,1549.0
P-611495,2025-08,,12.0,11.0,1549.0,1549.0
P-611495,2025-09,,13.0,13.0,1549.0,1549.0
P-611495,2025-10,,14.0,13.0,1549.0,1549.0
P-611495,2025-11,,15.0,15.0,1549.0,1549.0
P-611495,2025-12,,16.0,16.0,1549.0,1549.0
P-611495,2026-01,,17.0,17.0,1549.0,1549.0
P-611509,2025-07,Electricity Generation,8.0,1.0,14358.0,14358.0
P-611509,2025-08,Electricity Generation,9.0,3.0,14358.0,14358.0
P-611509,2025-09,Electricity Generation,29.0,3.0,14358.0,14358.0
P-611509,2025-10,Electricity Generation,30.0,3.0,14358.0,14358.0
P-611509,2025-11,Electricity Generation,31.0,4.0,14358.0,14358.0
P-611509,2025-12,Electricity Generation,32.0,6.0,14358.0,14358.0
P-611509,2026-01,Electricity Generation,33.0,8.0,14358.0,14358.0
P-611570,2025-09,,35.0,75.0,500.48,500.48
P-611570,2025-10,,36.0,75.0,500.48,500.48
P-611570,2025-11,,59.0,75.0,500.48,500.48
P-611570,2025-12,,60.0,76.0,500.48,500.48
P-611570,2026-01,,61.0,77.0,500.48,500.48
P-611586,2025-01,Electricity Generation,,27.61,2614.51,3605.3
P-611586,2025-02,Electricity Generation,25.0,27.92,2614.51,3605.3
P-611586,2025-03,Electricity Generation,26.0,28.25,2614.51,3605.3
P-611586,2025-04,Electricity Generation,27.0,28.58,2614.51,4540.71
P-611586,2025-05,Electricity Generation,28.0,29.08,2614.51,4540.71
P-611586,2025-06,Electricity Generation,29.0,29.41,2614.51,4540.71
P-611586,2025-07,Electricity Generation,30.0,29.0,2614.51,4540.71
P-611586,2025-08,Electricity Generation,31.0,29.0,2614.51,4540.71
P-611586,2025-09,Electricity Generation,32.0,30.0,2614.51,4540.71
P-611586,2025-10,Electricity Generation,33.0,30.0,2614.51,4540.71
P-611586,2025-11,Electricity Generation,34.0,30.0,2614.51,4540.71
P-611586,2025-12,Electricity Generation,35.0,31.0,2614.51,4925.87
P-611586,2026-01,Electricity Generation,36.0,32.0,2614.51,4925.87
P-611602,2025-10,,89.0,25.0,1207.0,1207.0
P-611602,2025-11,,90.0,26.0,1207.0,1207.0
P-611602,2025-12,,91.0,27.0,1207.0,1207.0
P-611602,2026-01,,92.0,29.0,1207.0,1207.0
P-611614,2025-07,Railways,44.0,86.0,819.48,967.06
P-611614,2025-08,Railways,45.0,86.0,819.48,967.06
P-611656,2025-07,Electricity Generation,28.0,91.0,1167.55,1167.0
P-611657,2025-07,Electricity Generation,28.0,84.0,2820.99,2820.99
P-611657,2025-08,Electricity Generation,29.0,84.0,2820.99,2820.99
P-611657,2025-09,Electricity Generation,30.0,90.0,2820.99,2820.99
P-611659,2025-07,Electricity Generation,28.0,93.0,1433.28,1433.0
P-611659,2025-08,Electricity Generation,29.0,95.0,1433.28,1433.0
P-611660,2025-07,Electricity Generation,28.0,95.0,966.79,966.79
P-611669,2025-07,Railways,25.0,0.0,380.47,380.47
P-611669,2025-08,Railways,26.0,0.0,380.47,380.47
P-611669,2026-01,Railways,31.0,20.0,380.47,380.47
P-611698,2025-07,Electricity Generation,2.0,3.0,1938.85,1938.85
P-611698,2025-08,Electricity Generation,8.0,3.0,1938.85,1938.85
P-611698,2025-09,Electricity Generation,9.0,3.0,1938.85,1938.85
P-611698,2025-10,Electricity Generation,10.0,3.0,1938.85,1938.85
P-611698,2025-11,Electricity Generation,11.0,3.0,1938.85,1938.85
P-611698,2025-12,Electricity Generation,12.0,3.0,1938.85,1938.85
P-611698,2026-01,Electricity Generation,13.0,3.0,1938.85,1938.85
P-611699,2025-07,Electricity Generation,2.0,2.0,1750.07,1750.07
P-611699,2025-08,Electricity Generation,8.0,2.0,1750.07,1750.07
P-611699,2025-09,Electricity Generation,9.0,2.0,1750.07,1750.07
P-611699,2025-10,Electricity Generation,10.0,2.0,1750.07,1750.07
P-611699,2025-11,Electricity Generation,11.0,2.0,1750.07,1750.07
P-611699,2025-12,Electricity Generation,12.0,2.0,1750.07,1750.07
P-611699,2026-01,Electricity Generation,13.0,2.0,1750.07,1750.07
P-611735,2025-01,Electricity Generation,25.0,26.0,331.0,331.0
P-611735,2025-02,Electricity Generation,26.0,26.0,331.0,331.0
P-611735,2025-03,Electricity Generation,27.0,26.0,331.0,331.0
P-611735,2025-04,Electricity Generation,28.0,26.0,331.0,331.0
P-611735,2025-05,Electricity Generation,29.0,26.0,331.0,331.0
P-611735,2025-06,Electricity Generation,30.0,27.0,331.0,331.0
P-611735,2025-07,Electricity Generation,31.0,28.0,331.0,331.0
P-611735,2025-08,Electricity Generation,32.0,29.0,331.0,331.0
P-611735,2025-09,Electricity Generation,33.0,30.0,331.0,331.0
P-611735,2025-10,Electricity Generation,34.0,31.0,331.0,331.0
P-611735,2025-11,Electricity Generation,35.0,37.0,331.0,331.0
P-611735,2025-12,Electricity Generation,36.0,42.0,331.0,331.0
P-611735,2026-01,Electricity Generation,37.0,42.0,331.0,331.0
P-611737,2025-07,Electricity Generation,29.0,96.0,385.84,385.84
P-611751,2025-07,Railways,26.0,0.01,960.64,960.64
P-611751,2025-08,Railways,27.0,0.01,960.64,960.64
P-611751,2025-09,Railways,28.0,0.01,960.64,960.64
P-611751,2025-10,Railways,29.0,1.0,960.64,960.64
P-611751,2025-11,Railways,30.0,1.0,960.64,960.64
P-611751,2025-12,Railways,31.0,1.0,960.64,960.64
P-611751,2026-01,Railways,32.0,1.0,960.64,960.64
P-611752,2025-01,Railways,22.0,,351.83,351.83
P-611752,2025-02,Railways,23.0,,351.83,351.83
P-611752,2025-03,Railways,24.0,,351.83,351.83
P-611752,2025-04,Railways,25.0,,351.83,351.83
P-611752,2025-05,Railways,26.0,,351.83,351.83
P-611752,2025-06,Railways,27.0,,351.83,351.83
P-611752,2025-07,Railways,25.0,25.0,351.83,351.83
P-611752,2025-08,Railways,29.0,25.0,351.83,351.83
P-611752,2025-09,Railways,30.0,25.0,351.83,351.83
P-611752,2025-10,Railways,31.0,25.0,351.83,351.83
P-611752,2025-11,Railways,32.0,25.0,351.83,351.83
P-611752,2025-12,Railways,33.0,25.0,351.83,351.83
P-611752,2026-01,Railways,34.0,3.0,351.83,351.83
P-611754,2025-07,Railways,24.0,0.0,293.3,293.3
P-611754,2025-08,Railways,25.0,0.0,293.3,293.3
P-611754,2025-09,Railways,26.0,0.0,293.3,293.3
P-611754,2025-10,Railways,27.0,0.0,293.3,293.3
P-611754,2025-11,Railways,28.0,0.0,293.3,293.3
P-611754,2025-12,Railways,29.0,0.0,293.3,293.3
P-611754,2026-01,Railways,30.0,0.0,293.3,293.3
P-611798,2025-07,Urban Public Transport,16.0,0.0,2705.0,2705.0
P-611800,2025-07,Urban Public Transport,16.0,1.0,665.02,665.02
P-611849,2025-01,RAILWAYS,24.0,26.0,968.92,968.92
P-611849,2025-02,RAILWAYS,25.0,28.0,968.92,968.92
P-611849,2025-03,RAILWAYS,26.0,37.0,968.92,968.92
P-611849,2025-08,RAILWAYS,31.0,51.0,968.92,968.92
P-611849,2025-09,RAILWAYS,32.0,51.0,968.92,968.92
P-611849,2025-10,RAILWAYS,33.0,51.0,968.92,968.92
P-611849,2025-11,RAILWAYS,34.0,52.0,968.92,968.92
P-611849,2025-12,RAILWAYS,35.0,57.0,968.92,968.92
P-611855,2026-01,Railways,36.0,60.0,968.92,968.92
P-611861,2025-01,Railways,23.0,29.0,352.41,352.41
P-611861,2025-02,Railways,24.0,30.0,352.41,352.41
P-611861,2025-03,Railways,25.0,31.0,352.41,352.41
P-611861,2025-08,Railways,30.0,63.0,352.0,352.0
P-611861,2025-09,Railways,31.0,65.0,352.0,352.0
P-611861,2025-10,Railways,32.0,65.0,352.0,352.0
P-611861,2025-11,Railways,33.0,66.0,352.0,352.0
P-611861,2025-12,Railways,34.0,73.0,352.0,352.0
P-611861,2026-01,Railways,35.0,74.0,352.0,352.0
P-611864,2025-01,Coal,24.0,24.69,4011.85,4011.85
P-611864,2025-02,Coal,25.0,24.69,4011.85,4011.85
P-611864,2025-03,Coal,26.0,25.0,4011.85,4011.85
P-611864,2025-04,Coal,27.0,25.0,4011.85,4011.85
P-611864,2025-05,Coal,28.0,25.0,4011.85,4011.85
P-611864,2025-06,Coal,29.0,25.1,4011.85,4011.85
P-611864,2025-07,Coal,30.0,28.0,4011.85,4011.85
P-611864,2025-08,Coal,31.0,28.0,4011.85,4011.85
P-611864,2025-09,Coal,32.0,28.0,4011.85,4011.85
P-611864,2025-10,Coal,33.0,28.0,4011.85,4011.85
P-611864,2025-11,Coal,34.0,28.0,4011.85,4011.85
P-611864,2025-12,Coal,35.0,28.0,4011.85,4011.85
P-611864,2026-01,Coal,36.0,28.0,4011.85,4011.85
P-611884,2025-01,RAILWAYS,23.0,39.0,471.06,471.06
P-611884,2025-02,RAILWAYS,24.0,40.0,471.06,471.06
P-611884,2025-03,RAILWAYS,25.0,40.0,471.06,471.06
P-611884,2025-08,RAILWAYS,30.0,59.0,471.0,471.0
P-611884,2025-09,RAILWAYS,31.0,65.0,471.0,471.0
P-611884,2025-10,RAILWAYS,32.0,65.0,471.0,471.0
P-611884,2025-11,RAILWAYS,33.0,66.0,471.0,471.0
P-611884,2025-12,RAILWAYS,34.0,66.0,471.0,471.0
P-611884,2026-01,RAILWAYS,35.0,67.0,471.0,471.0
P-611917,2025-01,Energy Storage,34.0,54.0,1459.0,2102.79
P-611917,2025-02,Energy Storage,35.0,57.7,1459.0,2102.79
P-611917,2025-03,Energy Storage,36.0,60.1,1459.0,2948.62
P-611917,2025-04,Energy Storage,37.0,63.9,1459.0,2948.62
P-611917,2025-05,Energy Storage,38.0,65.6,1459.0,2948.62
P-611917,2025-06,Energy Storage,39.0,68.3,1459.0,2948.62
P-611917,2025-07,Energy Storage,40.0,70.0,1459.0,2531.44
P-611917,2025-08,Energy Storage,41.0,70.0,1459.0,2531.44
P-611917,2025-09,Energy Storage,42.0,72.0,1459.0,2531.44
P-611917,2025-10,Energy Storage,43.0,74.0,1459.0,2531.44
P-611917,2025-11,Energy Storage,44.0,77.0,1459.0,2531.44
P-611917,2025-12,Energy Storage,45.0,79.0,1459.0,2531.44
P-611917,2026-01,Energy Storage,46.0,81.0,1459.0,2531.44
P-611918,2025-07,Railways,36.0,0.0,468.0,468.0
P-611918,2025-08,Railways,37.0,8.0,468.0,468.0
P-611918,2025-09,Railways,26.0,8.0,468.0,468.0
P-611918,2025-10,Railways,27.0,8.0,468.0,468.0
P-611918,2025-11,Railways,28.0,8.0,468.0,468.0
P-611918,2025-12,Railways,29.0,8.0,468.0,468.0
P-611918,2026-01,Railways,30.0,8.0,468.0,468.0
P-611927,2025-07,Railways,93.0,65.0,560.72,560.72
P-611927,2025-08,Railways,139.0,65.0,560.72,560.72
P-611927,2025-09,Railways,140.0,65.0,560.72,560.72
P-611927,2025-10,Railways,141.0,65.0,560.72,560.72
P-611927,2025-11,Railways,142.0,65.0,560.72,560.72
P-611927,2025-12,Railways,143.0,65.0,560.72,560.72
P-611927,2026-01,Railways,144.0,65.0,560.72,560.72
P-611929,2025-07,Railways,25.0,0.0,166.86,166.86
P-611929,2025-08,Railways,26.0,0.0,166.86,166.86
P-611929,2025-09,Railways,36.0,0.0,166.86,166.86
P-611929,2025-10,Railways,37.0,0.0,166.86,166.86
P-611929,2025-11,Railways,38.0,0.0,166.86,166.86
P-611929,2025-12,Railways,39.0,0.0,166.86,166.86
P-611929,2026-01,Railways,40.0,0.0,166.86,166.86
P-611930,2025-01,Electricity Generation,17.0,5.5,15530.0,15530.0
P-611930,2025-02,Electricity Generation,18.0,5.5,15530.0,15530.0
P-611930,2025-03,Electricity Generation,19.0,6.5,15530.0,15530.0
P-611930,2025-04,Electricity Generation,20.0,6.5,15530.0,15530.0
P-611930,2025-05,Electricity Generation,21.0,6.5,15530.0,15530.0
P-611930,2025-06,Electricity Generation,22.0,6.5,15530.0,15530.0
P-611930,2025-07,Electricity Generation,23.0,14.0,15530.0,15530.0
P-611930,2025-08,Electricity Generation,24.0,16.0,15530.0,15530.0
P-611930,2026-01,Electricity Generation,29.0,23.0,15530.0,16106.0
P-611937,2025-07,Railways,38.0,86.0,417.53,417.53
P-611937,2025-08,Railways,39.0,86.0,417.53,417.53
P-611943,2025-01,Railways,23.0,2.0,410.46,410.46
P-611943,2025-08,Railways,30.0,4.0,410.26,410.26
P-611943,2025-09,Railways,31.0,4.0,410.26,410.26
P-611943,2025-10,Railways,32.0,4.0,410.26,410.26
P-611943,2025-11,Railways,33.0,5.0,410.26,410.26
P-611943,2025-12,Railways,34.0,5.0,410.26,410.26
P-611943,2026-01,Railways,35.0,5.0,410.26,410.26
P-611944,2025-07,Railways,29.0,68.0,152.44,152.44
P-611944,2025-08,Railways,30.0,68.0,152.44,152.44
P-611944,2025-09,Railways,31.0,68.0,152.44,152.44
P-611944,2025-10,Railways,32.0,75.0,152.44,152.44
P-611945,2025-01,Railways,,7.0,202.5,307.12
P-611945,2025-02,Railways,33.0,7.0,202.5,307.12
P-611945,2025-03,Railways,,8.0,202.5,307.12
P-611945,2025-08,Railways,39.0,17.0,307.11,307.11
P-611945,2025-09,Railways,40.0,17.0,307.11,307.11
P-611945,2025-10,Railways,41.0,17.0,307.11,307.11
P-611945,2025-11,Railways,42.0,17.0,307.11,307.11
P-611945,2025-12,Railways,43.0,17.0,307.11,307.11
P-611945,2026-01,Railways,44.0,17.0,307.11,307.11
P-611947,2025-01,Electricity Generation,14.0,6.0,428.0,428.0
P-611947,2025-02,Electricity Generation,15.0,6.0,428.0,428.0
P-611947,2025-03,Electricity Generation,16.0,20.0,428.0,428.0
P-611947,2025-04,Electricity Generation,17.0,35.0,428.0,428.0
P-611947,2025-05,Electricity Generation,18.0,42.0,428.0,428.0
P-611947,2025-06,Electricity Generation,19.0,45.0,428.0,428.0
P-611947,2025-07,Electricity Generation,20.0,46.0,428.3,428.3
P-611947,2025-08,Electricity Generation,21.0,51.0,428.3,428.3
P-611947,2025-09,Electricity Generation,22.0,54.0,428.3,428.3
P-611947,2025-10,Electricity Generation,23.0,73.0,428.3,428.3
P-611947,2025-11,Electricity Generation,24.0,80.0,428.3,428.3
P-611947,2025-12,Electricity Generation,25.0,82.0,428.3,428.3
P-611947,2026-01,Electricity Generation,26.0,84.0,428.3,428.3
P-611948,2025-01,Electricity Generation,15.0,43.0,2211.0,2211.0
P-611948,2025-02,Electricity Generation,16.0,49.0,2211.0,2211.0
P-611948,2025-03,Electricity Generation,17.0,53.0,2211.0,2211.0
P-611948,2025-08,Electricity Generation,22.0,80.0,2211.29,2211.29
P-611948,2025-09,Electricity Generation,23.0,84.0,2211.29,2211.29
P-611948,2025-10,Electricity Generation,24.0,88.0,2211.29,2211.29
P-611948,2025-11,Electricity Generation,25.0,92.0,2211.29,2211.29
P-611948,2025-12,Electricity Generation,26.0,94.0,2211.29,2211.29
P-611948,2026-01,Electricity Generation,27.0,95.0,2211.29,2211.29
P-611949,2025-01,Electricity Generation,15.0,45.0,1796.0,1796.0
P-611949,2025-02,Electricity Generation,16.0,56.0,1796.0,1796.0
P-611949,2025-03,Electricity Generation,17.0,60.0,1796.0,1796.0
P-611949,2025-04,Electricity Generation,18.0,67.0,1796.0,1796.0
P-611949,2025-05,Electricity Generation,19.0,73.6,1796.0,1796.0
P-611949,2025-10,Electricity Generation,24.0,89.0,1796.02,1796.02
P-611949,2025-11,Electricity Generation,25.0,92.0,1796.02,1796.02
P-611949,2025-12,Electricity Generation,26.0,94.0,1796.02,1796.02
P-611949,2026-01,Electricity Generation,27.0,96.0,1796.02,1796.02
P-611950,2025-07,Electricity Generation,22.0,77.0,2190.54,2190.54
P-611950,2025-08,Electricity Generation,23.0,83.0,2190.54,2190.54
P-611950,2025-09,Electricity Generation,24.0,89.0,2190.54,2190.54
P-611950,2025-10,Electricity Generation,25.0,91.0,2190.54,2190.54
P-611951,2025-01,Electricity Generation,17.0,72.0,688.74,688.74
P-611951,2025-02,Electricity Generation,18.0,87.0,688.74,688.74
P-611951,2025-03,Electricity Generation,19.0,89.0,688.74,688.74
P-611951,2025-04,Electricity Generation,20.0,91.0,688.74,688.74
P-611951,2025-05,Electricity Generation,21.0,92.0,688.74,688.74
P-611951,2025-06,Electricity Generation,22.0,93.0,688.74,688.74
P-611951,2025-07,Electricity Generation,23.0,93.0,688.74,688.74
P-611951,2025-08,Electricity Generation,44.0,96.0,688.74,688.74
P-611951,2025-09,Electricity Generation,45.0,97.0,688.74,688.74
P-611951,2025-10,Electricity Generation,46.0,97.0,688.74,688.74
P-611951,2025-11,Electricity Generation,47.0,98.0,688.74,688.74
P-611951,2025-12,Electricity Generation,48.0,99.0,688.74,688.74
P-611957,2025-10,Education,22.0,37.0,496.28,496.28
P-611957,2025-11,Education,23.0,37.0,496.28,496.28
P-611957,2025-12,Education,24.0,37.0,496.28,496.28
P-611957,2026-01,Education,25.0,44.0,496.28,496.28
P-611963,2025-07,Education,15.0,24.0,650.85,650.85
P-611963,2025-08,Education,62.0,24.0,650.85,650.85
P-611963,2025-09,Education,63.0,30.0,650.85,650.85
P-611963,2025-10,Education,64.0,33.0,650.85,650.85
P-611963,2025-11,Education,65.0,37.0,650.85,650.85
P-611963,2025-12,Education,66.0,40.0,650.85,650.85
P-611963,2026-01,Education,67.0,43.0,650.85,650.85
P-611966,2025-01,Electricity Generation,14.0,3.0,224.0,224.0
P-611966,2025-02,Electricity Generation,15.0,3.0,224.0,224.0
P-611966,2025-03,Electricity Generation,16.0,3.0,224.0,224.0
P-611966,2025-04,Electricity Generation,17.0,5.0,224.0,224.0
P-611966,2025-05,Electricity Generation,18.0,6.0,224.0,224.0
P-611966,2025-06,Electricity Generation,19.0,7.0,224.0,224.0
P-611966,2025-07,Electricity Generation,20.0,9.0,224.41,224.41
P-611966,2025-08,Electricity Generation,21.0,10.0,224.41,224.41
P-611966,2025-09,Electricity Generation,22.0,12.0,224.41,224.41
P-611966,2025-10,Electricity Generation,23.0,18.0,224.41,224.41
P-611966,2025-11,Electricity Generation,24.0,44.0,224.41,224.41
P-611966,2025-12,Electricity Generation,25.0,49.0,224.41,224.41
P-611966,2026-01,Electricity Generation,26.0,63.0,224.41,224.41
P-611967,2025-01,Electricity Generation,16.0,46.0,1249.0,1249.0
P-611967,2025-02,Electricity Generation,17.0,50.0,1249.0,1249.0
P-611967,2025-03,Electricity Generation,18.0,52.0,1249.0,1249.0
P-611967,2025-10,Electricity Generation,25.0,87.0,1248.69,1248.69
P-611967,2025-11,Electricity Generation,26.0,90.0,1248.69,1248.69
P-611967,2025-12,Electricity Generation,27.0,91.0,1248.69,1248.69
P-611967,2026-01,Electricity Generation,28.0,93.0,1248.69,1248.69
P-611970,2025-01,Railways,,12.0,401.48,670.17
P-611970,2025-02,Railways,24.0,12.0,401.48,670.17
P-611970,2025-03,Railways,25.0,12.0,401.48,670.17
P-611970,2025-08,Railways,30.0,12.0,670.17,670.17
P-611970,2025-09,Railways,31.0,12.0,670.17,670.17
P-611970,2025-10,Railways,32.0,12.0,670.17,670.17
P-611970,2025-11,Railways,33.0,12.0,670.17,670.17
P-611970,2025-12,Railways,34.0,12.0,670.17,670.17
P-611970,2026-01,Railways,35.0,12.0,670.17,670.17
P-611971,2025-01,Railways,,25.0,216.72,349.93
P-611971,2025-02,Railways,33.0,25.0,216.72,349.93
P-611971,2025-03,Railways,,25.0,216.72,349.93
P-611971,2025-08,Railways,39.0,31.0,350.0,349.93
P-611971,2025-09,Railways,40.0,31.0,350.0,349.93
P-611971,2025-10,Railways,41.0,31.0,350.0,349.93
P-611971,2025-11,Railways,42.0,31.0,350.0,349.93
P-611971,2025-12,Railways,43.0,31.0,350.0,349.93
P-611971,2026-01,Railways,44.0,31.0,350.0,349.93
P-611974,2025-11,Railways,27.0,21.0,1430.0,1430.0
P-611974,2025-12,Railways,28.0,25.0,1430.0,1430.0
P-611974,2026-01,Railways,29.0,25.0,1430.0,1430.0
P-611977,2025-07,Railways,29.0,0.0,487.0,487.0
P-611977,2025-08,Railways,30.0,0.0,487.0,487.0
P-611977,2025-09,Railways,40.0,0.0,487.0,487.0
P-611977,2025-10,Railways,41.0,0.0,487.0,487.0
P-611977,2025-11,Railways,42.0,0.0,487.0,487.0
P-611977,2025-12,Railways,43.0,53.0,487.0,487.0
P-611977,2026-01,Railways,44.0,53.0,487.0,487.0
P-611978,2025-07,Railways,28.0,0.0,158.0,158.0
P-611978,2025-08,Railways,29.0,0.0,158.0,158.0
P-611978,2025-09,Railways,34.0,0.0,158.0,158.0
P-611978,2025-10,Railways,35.0,0.0,158.0,158.0
P-611978,2025-11,Railways,36.0,0.0,158.0,158.0
P-611978,2025-12,Railways,37.0,10.0,158.0,158.0
P-611978,2026-01,Railways,38.0,10.0,158.0,158.0
P-611979,2025-07,Railways,27.0,0.0,250.0,250.0
P-611979,2025-12,Railways,35.0,70.0,250.0,250.0
P-611979,2026-01,Railways,36.0,76.0,250.0,250.0
P-612063,2025-07,,23.0,97.0,219.18,274.38
P-612063,2025-08,,24.0,100.0,219.18,274.38
P-612072,2025-01,Railways,23.0,2.5,961.67,961.67
P-612072,2025-02,Railways,24.0,2.5,961.67,961.67
P-612072,2025-03,Railways,25.0,2.5,961.67,961.67
P-612072,2025-04,Railways,26.0,16.0,961.67,961.67
P-612072,2025-05,Railways,27.0,16.0,961.67,961.67
P-612072,2025-06,Railways,28.0,16.0,961.67,961.67
P-612072,2025-07,Railways,29.0,16.0,961.67,961.67
P-612072,2025-08,Railways,30.0,17.0,961.67,961.67
P-612072,2025-09,Railways,31.0,17.0,961.67,961.67
P-612072,2025-10,Railways,32.0,17.0,961.67,961.67
P-612072,2025-11,Railways,33.0,18.0,961.67,961.67
P-612072,2025-12,Railways,34.0,18.0,961.67,961.67
P-612072,2026-01,Railways,35.0,19.0,961.67,961.67
P-612096,2025-01,Railways,177.0,5.0,242.22,1206.6
P-612096,2025-02,Railways,178.0,5.0,242.22,1206.6
P-612096,2025-03,Railways,179.0,6.0,242.22,1181.57
P-612096,2025-08,Railways,176.0,9.0,1209.0,1209.0
P-612096,2025-09,Railways,177.0,9.0,1209.0,1209.0
P-612096,2025-10,Railways,178.0,9.0,1209.0,1209.0
P-612096,2025-11,Railways,179.0,9.0,1209.0,1181.57
P-612096,2025-12,Railways,180.0,12.0,1209.0,1181.57
P-612096,2026-01,Railways,181.0,14.0,1209.0,1181.57
P-612128,2025-07,Education,16.0,58.0,166.66,166.66
P-612128,2025-08,Education,17.0,65.0,166.66,166.66
P-612128,2025-09,Education,30.0,70.0,166.66,166.66
P-612128,2025-10,Education,31.0,73.0,166.66,166.66
P-612128,2025-11,Education,32.0,75.0,166.66,166.66
P-612128,2025-12,Education,33.0,76.0,166.66,166.66
P-612128,2026-01,Education,34.0,78.0,166.66,166.66
P-612132,2025-01,Electricity Generation,11.0,32.0,2000.0,2000.0
P-612132,2025-02,Electricity Generation,12.0,43.0,2000.0,2000.0
P-612132,2025-03,Electricity Generation,13.0,47.0,2000.0,2000.0
P-612132,2025-08,Electricity Generation,18.0,62.0,2000.0,2000.0
P-612132,2025-09,Electricity Generation,19.0,65.0,2000.0,2000.0
P-612132,2025-10,Electricity Generation,20.0,68.0,2000.0,2000.0
P-612132,2025-11,Electricity Generation,21.0,72.0,2000.0,2000.0
P-612132,2025-12,Electricity Generation,22.0,76.0,2000.0,2000.0
P-612132,2026-01,Electricity Generation,23.0,78.0,2000.0,2000.0
P-612133,2025-01,Electricity Generation,13.0,30.0,2056.0,2056.0
P-612133,2025-02,Electricity Generation,14.0,33.0,2056.0,2056.0
P-612133,2025-03,Electricity Generation,15.0,43.0,2056.0,2056.0
P-612133,2025-08,Electricity Generation,20.0,58.0,2056.0,2056.0
P-612133,2025-09,Electricity Generation,21.0,60.0,2056.0,2056.0
P-612133,2025-10,Electricity Generation,22.0,62.0,2056.0,2056.0
P-612133,2025-11,Electricity Generation,23.0,64.0,2056.0,2056.0
P-612133,2025-12,Electricity Generation,24.0,66.0,2056.0,2056.0
P-612133,2026-01,Electricity Generation,25.0,68.0,2056.0,2056.0
P-612134,2025-01,Electricity Generation,13.0,26.0,2998.0,2998.0
P-612134,2025-02,Electricity Generation,14.0,35.0,2998.0,2998.0
P-612134,2025-03,Electricity Generation,15.0,39.0,2998.0,2998.0
P-612134,2025-10,Electricity Generation,22.0,57.0,2998.34,2998.34
P-612134,2025-11,Electricity Generation,23.0,60.0,2998.34,2998.34
P-612134,2025-12,Electricity Generation,24.0,62.0,2998.34,2998.34
P-612134,2026-01,Electricity Generation,25.0,64.0,2998.34,2998.34
P-612138,2025-01,Electricity Generation,11.0,28.0,2148.0,2148.0
P-612138,2025-02,Electricity Generation,12.0,30.0,2148.0,2148.0
P-612138,2025-03,Electricity Generation,13.0,36.0,2148.0,2148.0
P-612138,2025-04,Electricity Generation,14.0,36.0,2148.0,2148.0
P-612138,2025-05,Electricity Generation,15.0,43.8,2148.0,2148.0
P-612138,2025-10,Electricity Generation,20.0,67.0,2147.62,2147.62
P-612138,2025-11,Electricity Generation,21.0,71.0,2147.62,2147.62
P-612138,2025-12,Electricity Generation,22.0,79.0,2147.62,2147.62
P-612138,2026-01,Electricity Generation,23.0,82.0,2147.62,2147.62
P-612139,2025-01,Electricity Generation,13.0,5.0,3752.0,3752.0
P-612139,2025-02,Electricity Generation,14.0,7.0,3752.0,3752.0
P-612139,2025-03,Electricity Generation,15.0,9.0,3752.0,3752.0
P-612139,2025-04,Electricity Generation,16.0,12.0,3752.0,3752.0
P-612139,2025-05,Electricity Generation,17.0,13.9,3752.0,3752.0
P-612139,2025-10,Electricity Generation,22.0,28.0,3751.82,3751.82
P-612139,2025-11,Electricity Generation,23.0,32.0,3751.82,3751.82
P-612139,2025-12,Electricity Generation,24.0,38.0,3751.82,3751.82
P-612139,2026-01,Electricity Generation,25.0,42.0,3751.82,3751.82
P-612140,2025-01,Electricity Generation,13.0,13.0,2889.0,2889.0
P-612140,2025-02,Electricity Generation,14.0,17.0,2889.0,2889.0
P-612140,2025-03,Electricity Generation,15.0,20.0,2889.0,2889.0
P-612140,2025-04,Electricity Generation,16.0,24.9,2889.0,2889.0
P-612140,2025-09,Electricity Generation,21.0,50.0,2889.39,2889.39
P-612140,2025-10,Electricity Generation,22.0,54.0,2889.39,2889.39
P-612140,2025-11,Electricity Generation,23.0,61.0,2889.39,2889.39
P-612140,2025-12,Electricity Generation,24.0,68.0,2889.39,2889.39
P-612140,2026-01,Electricity Generation,25.0,72.0,2889.39,2889.39
P-612142,2025-01,Electricity Generation,10.0,0.5,17195.31,17195.31
P-612142,2025-02,Electricity Generation,11.0,0.5,17195.31,17195.31
P-612142,2025-03,Electricity Generation,12.0,0.5,17195.31,17195.31
P-612142,2025-04,Electricity Generation,13.0,0.5,17195.31,17195.31
P-612142,2025-05,Electricity Generation,14.0,1.0,17195.31,17195.31
P-612142,2025-06,Electricity Generation,15.0,0.5,17195.31,17195.31
P-612142,2025-07,Electricity Generation,16.0,8.0,17195.0,17195.0
P-612142,2025-08,Electricity Generation,17.0,9.0,17195.0,17195.0
P-612142,2025-09,Electricity Generation,18.0,10.0,17195.0,17195.0
P-612142,2025-10,Electricity Generation,19.0,11.0,17195.0,17195.0
P-612142,2025-11,Electricity Generation,20.0,13.0,17195.0,17195.0
P-612142,2025-12,Electricity Generation,21.0,13.0,17195.0,17195.0
P-612142,2026-01,Electricity Generation,22.0,13.0,17195.0,17195.0
P-612151,2025-01,Electricity Generation,18.0,4.0,334.0,334.0
P-612151,2025-02,Electricity Generation,19.0,6.0,334.0,334.0
P-612151,2025-03,Electricity Generation,20.0,12.0,334.0,334.0
P-612151,2025-08,Electricity Generation,25.0,30.0,334.0,334.0
P-612151,2025-09,Electricity Generation,26.0,33.0,334.0,334.0
P-612151,2025-10,Electricity Generation,27.0,36.0,334.0,334.0
P-612151,2025-11,Electricity Generation,28.0,78.0,334.0,334.0
P-612151,2025-12,Electricity Generation,29.0,78.0,334.0,334.0
P-612167,2025-10,Healthcare,56.0,40.0,384.27,384.27
P-612167,2025-11,Healthcare,57.0,40.0,384.27,384.27
P-612167,2025-12,Healthcare,58.0,70.0,384.27,384.27
P-612167,2026-01,Healthcare,59.0,70.0,384.27,384.27
P-612178,2025-12,Healthcare,130.0,99.0,152.95,177.01
P-612183,2025-07,,4.0,1.0,1413.0,1413.0
P-612183,2025-08,,12.0,1.0,1413.0,1413.0
P-612183,2025-09,,13.0,1.0,1413.0,1413.0
P-612183,2025-10,,14.0,1.0,1413.0,1413.0
P-612183,2025-11,,15.0,1.0,1413.0,1413.0
P-612183,2025-12,,16.0,1.0,1413.0,1413.0
P-612183,2026-01,,17.0,1.0,1413.0,1413.0
P-612185,2025-10,Healthcare,76.0,98.0,209.36,209.36
P-612185,2025-11,Healthcare,77.0,98.0,209.36,209.36
P-612186,2025-10,Healthcare,40.0,7.0,558.12,558.12
P-612186,2025-11,Healthcare,41.0,8.0,558.12,558.12
P-612186,2025-12,Healthcare,42.0,15.0,558.12,558.12
P-612186,2026-01,Healthcare,43.0,10.0,558.12,558.12
P-612188,2025-01,Healthcare,30.0,,429.25,429.25
P-612188,2025-02,Healthcare,31.0,,429.25,429.25
P-612188,2025-03,Healthcare,32.0,,429.25,429.25
P-612188,2025-11,Healthcare,90.0,70.0,429.25,429.25
P-612188,2025-12,Healthcare,91.0,70.0,429.25,429.25
P-612188,2026-01,Healthcare,92.0,74.0,429.25,429.25
P-612194,2025-01,CIVIL AVIATION,6.0,7.0,911.66,911.66
P-612194,2025-02,CIVIL AVIATION,7.0,10.0,911.66,911.66
P-612194,2025-03,CIVIL AVIATION,8.0,12.5,911.66,911.66
P-612194,2025-08,CIVIL AVIATION,13.0,26.0,911.66,911.66
P-612194,2025-09,CIVIL AVIATION,14.0,32.0,911.66,911.66
P-612194,2025-10,CIVIL AVIATION,15.0,38.0,911.66,911.66
P-612194,2025-11,CIVIL AVIATION,16.0,43.0,911.66,911.66
P-612194,2025-12,CIVIL AVIATION,17.0,48.0,911.66,911.66
P-612201,2025-10,Healthcare,94.0,93.0,143.23,154.75
P-612201,2025-11,Healthcare,95.0,94.0,143.23,154.75
P-612201,2025-12,Healthcare,96.0,96.0,143.23,154.75
P-612201,2026-01,Healthcare,97.0,96.0,143.23,154.75
P-612203,2025-07,Education,30.0,16.0,68.0,263.93
P-612211,2025-10,Healthcare,38.0,16.0,205.87,205.87
P-612211,2025-11,Healthcare,39.0,18.0,205.87,205.87
P-612211,2025-12,Healthcare,40.0,20.0,205.87,205.87
P-612211,2026-01,Healthcare,41.0,20.0,205.87,205.87
P-612213,2025-10,Healthcare,144.0,60.0,194.93,196.7
P-612213,2025-11,Healthcare,145.0,62.0,194.93,196.7
P-612213,2025-12,Healthcare,146.0,62.0,194.93,196.7
P-612213,2026-01,Healthcare,147.0,65.0,194.93,196.7
P-612259,2025-10,Healthcare,56.0,68.0,102.4,297.63
P-612259,2025-11,Healthcare,57.0,80.0,102.4,297.63
P-612259,2025-12,Healthcare,58.0,81.0,102.4,297.63
P-612259,2026-01,Healthcare,59.0,81.0,102.4,297.63
P-612513,2025-10,Healthcare,178.0,1.0,164.6,164.6
P-612513,2025-11,Healthcare,179.0,7.0,164.6,164.6
P-612513,2025-12,Healthcare,180.0,7.0,164.6,164.6
P-612513,2026-01,Healthcare,181.0,7.0,164.6,164.6
P-612745,2026-01,Healthcare,131.0,19.0,278.0,278.0
P-612748,2025-10,Healthcare,75.0,0.0,150.92,150.92
P-612748,2025-11,Healthcare,76.0,0.0,150.92,150.92
P-612748,2025-12,Healthcare,77.0,10.0,150.92,150.92
P-612748,2026-01,Healthcare,78.0,10.0,150.92,150.92
P-612781,2025-01,STEEL,14.0,4.3,916.78,916.78
P-612781,2025-02,STEEL,15.0,4.5,916.78,916.78
P-612781,2025-03,STEEL,16.0,4.82,916.78,916.78
P-612781,2025-04,STEEL,17.0,4.85,916.78,916.78
P-612781,2025-05,STEEL,18.0,9.91,916.78,916.78
P-612781,2025-06,STEEL,19.0,10.98,916.78,916.78
P-612781,2025-07,STEEL,19.0,12.0,916.78,916.78
P-612781,2025-08,STEEL,21.0,14.0,916.78,916.78
P-612781,2025-09,STEEL,24.0,18.0,916.78,916.78
P-612781,2025-10,STEEL,25.0,20.0,916.78,916.78
P-612781,2025-11,STEEL,26.0,21.0,916.78,916.78
P-612786,2025-01,CIVIL AVIATION,22.0,19.0,265.91,265.91
P-612786,2025-02,CIVIL AVIATION,23.0,23.0,265.91,265.91
P-612786,2025-03,CIVIL AVIATION,24.0,25.0,265.91,265.91
P-612786,2025-04,CIVIL AVIATION,25.0,27.0,265.91,265.91
P-612786,2025-05,CIVIL AVIATION,26.0,27.0,265.91,265.91
P-612786,2025-06,CIVIL AVIATION,27.0,29.0,265.91,265.91
P-612786,2025-07,CIVIL AVIATION,18.0,31.0,265.91,265.91
P-612786,2025-08,CIVIL AVIATION,29.0,34.0,265.91,265.91
P-612786,2025-09,CIVIL AVIATION,30.0,35.0,265.91,265.91
P-612786,2025-10,CIVIL AVIATION,31.0,39.0,265.91,265.91
P-612786,2025-11,CIVIL AVIATION,32.0,42.0,265.91,265.91
P-612786,2025-12,CIVIL AVIATION,33.0,46.0,265.91,265.91
P-612786,2026-01,CIVIL AVIATION,34.0,50.0,265.91,265.91
P-612787,2025-01,,19.0,21.0,320.47,320.47
P-612787,2025-02,,20.0,23.5,320.47,320.47
P-612787,2025-03,,21.0,25.0,320.47,320.47
P-612787,2025-08,,26.0,38.0,320.47,320.47
P-612787,2025-09,,27.0,41.0,320.47,320.47
P-612787,2025-10,,28.0,45.0,320.47,320.47
P-612787,2025-11,,29.0,51.0,320.47,320.47
P-612787,2025-12,,30.0,59.0,320.47,320.47
P-612787,2026-01,,31.0,64.0,320.47,320.47
P-612788,2025-01,CIVIL AVIATION,19.0,28.0,322.45,322.45
P-612788,2025-02,CIVIL AVIATION,20.0,31.0,322.45,322.45
P-612788,2025-03,CIVIL AVIATION,21.0,35.0,322.45,322.45
P-612788,2025-08,CIVIL AVIATION,26.0,52.0,322.45,322.45
P-612788,2025-09,CIVIL AVIATION,27.0,55.0,322.45,322.45
P-612788,2025-10,CIVIL AVIATION,28.0,59.0,322.45,322.45
P-612788,2025-11,CIVIL AVIATION,29.0,62.0,322.45,322.45
P-612788,2025-12,CIVIL AVIATION,30.0,67.0,322.45,322.45
P-612788,2026-01,CIVIL AVIATION,31.0,74.0,322.45,322.45
P-612789,2025-01,CIVIL AVIATION,19.0,5.0,323.98,323.98
P-612789,2025-02,CIVIL AVIATION,20.0,6.0,484.57,323.98
P-612789,2025-03,CIVIL AVIATION,21.0,15.0,484.57,323.98
P-612789,2025-08,CIVIL AVIATION,26.0,21.0,484.57,484.57
P-612789,2025-09,CIVIL AVIATION,27.0,22.0,484.57,484.57
P-612789,2025-10,CIVIL AVIATION,28.0,23.0,484.57,484.57
P-612789,2025-11,CIVIL AVIATION,29.0,25.0,484.57,484.57
P-612789,2025-12,CIVIL AVIATION,30.0,31.0,484.57,484.57
P-612789,2026-01,CIVIL AVIATION,31.0,39.0,484.57,484.57
P-612790,2025-01,Energy Storage,15.0,37.58,385.0,385.0
P-612790,2025-02,Energy Storage,16.0,40.46,385.0,385.0
P-612790,2025-03,Energy Storage,17.0,45.37,385.0,385.0
P-612790,2025-08,Energy Storage,22.0,64.0,385.0,385.0
P-612790,2025-09,Energy Storage,23.0,67.0,385.0,385.0
P-612790,2025-10,Energy Storage,24.0,69.0,385.0,385.0
P-612790,2025-11,Energy Storage,25.0,72.0,385.0,385.0
P-612790,2025-12,Energy Storage,26.0,74.0,385.0,385.0
P-612790,2026-01,Energy Storage,27.0,76.0,385.0,385.0
P-612791,2025-01,,21.0,35.0,328.3,328.3
P-612791,2025-02,,22.0,36.0,328.3,328.3
P-612791,2025-03,,23.0,36.0,328.3,328.3
P-612791,2025-08,,28.0,45.0,328.3,328.3
P-612791,2025-09,,29.0,47.0,328.3,328.3
P-612791,2025-10,,30.0,49.0,328.3,328.3
P-612791,2025-11,,31.0,49.0,328.3,328.3
P-612791,2025-12,,32.0,49.0,328.3,328.3
P-612791,2026-01,,34.0,53.0,328.3,328.3
P-612793,2025-01,CIVIL AVIATION,14.0,8.0,323.26,323.26
P-612793,2025-02,CIVIL AVIATION,15.0,9.25,323.26,323.26
P-612793,2025-03,CIVIL AVIATION,16.0,9.75,323.26,323.26
P-612793,2025-08,CIVIL AVIATION,21.0,12.0,323.26,323.26
P-612793,2025-09,CIVIL AVIATION,22.0,13.0,323.26,323.26
P-612793,2025-10,CIVIL AVIATION,23.0,14.0,323.26,323.26
P-612793,2025-11,CIVIL AVIATION,24.0,18.0,323.26,323.26
P-612793,2025-12,CIVIL AVIATION,25.0,22.0,323.26,323.26
P-612815,2025-01,Railways,28.0,,170.49,170.49
P-612815,2025-02,Railways,29.0,,170.49,170.49
P-612815,2025-03,Railways,30.0,,170.49,170.49
P-612815,2025-08,Railways,15.0,0.0,170.49,170.49
P-612815,2025-09,Railways,33.0,2.0,170.49,170.49
P-612815,2025-10,Railways,34.0,5.0,170.49,170.49
P-612815,2025-11,Railways,35.0,5.0,170.49,170.49
P-612815,2025-12,Railways,36.0,6.0,170.49,170.49
P-612815,2026-01,Railways,37.0,7.0,170.49,170.49
P-612816,2025-01,Coal,,7.0,929.1,929.1
P-612816,2025-02,Coal,14.0,7.0,929.1,929.1
P-612816,2025-03,Coal,,7.0,929.1,929.1
P-612816,2025-04,Coal,16.0,7.0,929.1,929.1
P-612816,2025-05,Coal,17.0,6.8,929.1,929.1
P-612816,2025-06,Coal,18.0,6.8,929.1,929.1
P-612816,2025-07,Coal,19.0,7.0,929.1,929.1
P-612816,2025-08,Coal,20.0,7.0,929.1,929.1
P-612816,2025-09,Coal,21.0,7.0,929.1,929.1
P-612816,2025-10,Coal,22.0,7.0,929.1,929.1
P-612816,2025-11,Coal,23.0,7.0,929.1,929.1
P-612816,2025-12,Coal,24.0,7.0,929.1,929.1
P-612816,2026-01,Coal,25.0,8.0,929.1,929.1
P-612819,2025-01,Electricity Generation,22.0,58.0,1813.0,1813.0
P-612819,2025-02,Electricity Generation,23.0,59.0,1813.0,1813.0
P-612819,2025-03,Electricity Generation,24.0,63.0,1813.0,1813.0
P-612819,2025-10,Electricity Generation,39.0,85.0,1813.0,1813.0
P-612819,2025-11,Electricity Generation,40.0,86.0,1813.0,1813.0
P-612819,2025-12,Electricity Generation,41.0,93.0,1813.0,1813.0
P-612819,2026-01,Electricity Generation,42.0,100.0,1813.0,1813.0
P-612827,2025-07,Railways,14.0,11.0,183.65,183.65
P-612827,2025-08,Railways,15.0,11.0,183.65,183.65
P-612827,2025-09,Railways,29.0,11.0,183.65,183.65
P-612827,2025-10,Railways,30.0,11.0,183.65,183.65
P-612827,2025-11,Railways,31.0,11.0,183.65,183.65
P-612827,2025-12,Railways,32.0,11.0,183.65,183.65
P-612827,2026-01,Railways,33.0,12.0,183.65,183.65
P-612834,2025-07,Railways,27.0,45.0,252.0,252.0
P-612834,2025-08,Railways,28.0,45.0,252.0,252.0
P-612834,2025-09,Railways,29.0,45.0,252.0,252.0
P-612834,2025-10,Railways,30.0,48.0,252.0,252.0
P-612834,2025-11,Railways,31.0,65.0,252.0,252.0
P-612834,2025-12,Railways,32.0,68.0,252.0,252.0
P-612834,2026-01,Railways,33.0,70.0,252.0,252.0
P-612851,2025-07,Education,32.0,88.0,333.49,333.49
P-612851,2025-12,Education,195.0,97.0,333.49,336.42
P-612851,2026-01,Education,196.0,98.0,333.49,336.42
P-612853,2025-01,Energy Storage,,23.9,521.92,521.92
P-612853,2025-02,Energy Storage,19.0,27.3,521.92,521.92
P-612853,2025-03,Energy Storage,,32.0,521.92,521.92
P-612853,2025-04,Energy Storage,21.0,33.56,521.92,521.92
P-612853,2025-05,Energy Storage,22.0,34.9,521.92,521.92
P-612853,2025-06,Energy Storage,23.0,35.5,521.92,521.92
P-612853,2025-07,Energy Storage,24.0,36.0,521.9,521.9
P-612853,2025-08,Energy Storage,25.0,36.0,521.9,521.9
P-612853,2025-09,Energy Storage,26.0,37.0,521.9,521.9
P-612853,2025-10,Energy Storage,27.0,40.0,521.9,521.9
P-612853,2025-11,Energy Storage,28.0,42.0,521.9,521.9
P-612853,2025-12,Energy Storage,29.0,43.0,521.9,521.9
P-612853,2026-01,Energy Storage,30.0,43.0,521.9,521.9
P-612855,2025-01,Electricity Generation,8.0,4.0,679.0,679.0
P-612855,2025-02,Electricity Generation,9.0,6.0,679.0,679.0
P-612855,2025-03,Electricity Generation,10.0,9.0,679.0,679.0
P-612855,2025-04,Electricity Generation,11.0,12.0,679.0,679.0
P-612855,2025-05,Electricity Generation,12.0,15.0,679.0,679.0
P-612855,2025-10,Electricity Generation,17.0,27.0,679.0,679.0
P-612855,2025-11,Electricity Generation,18.0,30.0,679.0,679.0
P-612855,2025-12,Electricity Generation,19.0,31.0,679.0,679.0
P-612855,2026-01,Electricity Generation,20.0,36.0,679.0,679.0
P-612856,2025-01,Electricity Generation,20.0,9.0,164.0,164.0
P-612856,2025-02,Electricity Generation,21.0,12.0,164.0,164.0
P-612856,2025-03,Electricity Generation,22.0,15.0,164.0,164.0
P-612856,2025-10,Electricity Generation,29.0,62.0,163.61,163.61
P-612856,2025-11,Electricity Generation,30.0,82.0,163.61,163.61
P-612876,2025-07,Education,134.0,4.0,474.23,474.23
P-612876,2025-08,Education,65.0,4.0,474.23,474.23
P-612876,2025-09,Education,192.0,4.0,474.23,474.23
P-612876,2025-10,Education,193.0,4.0,474.23,474.23
P-612876,2025-11,Education,194.0,4.0,474.23,474.23
P-612876,2025-12,Education,195.0,4.0,474.23,474.23
P-612876,2026-01,Education,196.0,4.0,474.23,474.23
P-612877,2025-07,Education,144.0,94.0,618.34,544.34
P-612877,2025-08,Education,65.0,94.0,618.34,544.34
P-612877,2025-09,Education,192.0,94.0,618.34,544.34
P-612877,2025-10,Education,193.0,96.0,618.34,544.34
P-612877,2025-11,Education,194.0,96.0,618.34,544.34
P-612877,2025-12,Education,195.0,97.0,618.34,544.34
P-612877,2026-01,Education,196.0,98.0,618.34,544.34
P-612883,2025-07,Education,16.0,7.0,685.76,610.76
P-612883,2025-08,Education,18.0,9.0,685.76,610.76
P-612883,2025-09,Education,19.0,12.0,685.76,610.76
P-612883,2025-10,Education,20.0,14.0,685.76,610.76
P-612883,2025-11,Education,21.0,14.0,685.76,610.76
P-612883,2025-12,Education,22.0,24.0,685.76,610.76
P-612883,2026-01,Education,23.0,25.0,685.76,610.76
P-612885,2025-01,Education,136.0,75.8,484.32,429.7
P-612885,2025-02,Education,137.0,81.0,484.32,429.7
P-612885,2025-03,Education,138.0,82.5,484.32,429.7
P-612885,2025-04,Education,139.0,83.0,484.32,429.7
P-612885,2025-05,Education,140.0,84.0,484.32,494.52
P-612885,2025-06,Education,141.0,84.0,484.32,494.52
P-612885,2025-07,Education,130.0,86.0,494.52,494.52
P-612885,2025-08,Education,65.0,86.0,494.52,494.52
P-612885,2025-09,Education,192.0,86.0,494.52,494.52
P-612885,2025-10,Education,193.0,89.0,494.52,494.52
P-612885,2025-11,Education,194.0,90.0,494.52,494.52
P-612885,2025-12,Education,195.0,91.0,494.52,429.7
P-612885,2026-01,Education,196.0,92.0,494.52,429.7
P-612894,2025-01,Education,46.0,63.0,512.37,300.45
P-612894,2025-02,Education,47.0,66.0,512.37,300.45
P-612894,2025-03,Education,48.0,68.0,512.37,300.45
P-612894,2025-08,Education,53.0,78.0,251.98,300.45
P-612894,2025-09,Education,54.0,79.0,251.98,300.45
P-612894,2025-10,Education,55.0,80.0,251.98,300.45
P-612894,2025-11,Education,56.0,81.0,251.98,300.45
P-612894,2025-12,Education,57.0,82.0,251.98,300.45
P-612894,2026-01,Education,58.0,84.0,251.98,300.45
P-612898,2025-07,Education,148.0,75.0,592.61,592.61
P-612898,2025-08,Education,149.0,75.0,592.61,592.61
P-612898,2026-01,Education,196.0,80.0,592.61,592.61
P-612916,2025-07,Education,53.0,76.0,490.63,490.63
P-612916,2025-08,Education,54.0,76.0,490.63,490.63
P-612916,2025-09,Education,57.0,80.0,490.63,490.63
P-612916,2025-10,Education,58.0,80.0,490.63,490.63
P-612916,2025-11,Education,59.0,81.0,490.63,490.63
P-612916,2025-12,Education,60.0,83.0,490.63,490.63
P-612916,2026-01,Education,61.0,83.0,490.63,490.63
P-613002,2025-07,Railways,33.0,0.0,842.0,842.0
P-613002,2025-08,Railways,34.0,0.0,842.0,842.0
P-613002,2025-09,Railways,40.0,0.0,842.0,842.0
P-613002,2025-10,Railways,41.0,0.0,842.0,842.0
P-613002,2025-11,Railways,42.0,0.0,842.0,842.0
P-613002,2025-12,Railways,43.0,0.0,842.0,842.0
P-613002,2026-01,Railways,44.0,0.0,842.0,842.0
P-613003,2025-07,Railways,36.0,18.5,1686.26,1686.26
P-613003,2025-08,Railways,37.0,18.5,1686.26,1686.26
P-613003,2025-09,Railways,25.0,18.5,1686.26,1686.26
P-613008,2025-07,Education,19.0,24.0,305.0,305.0
P-613008,2025-08,Education,20.0,24.0,305.0,305.0
P-613008,2025-09,Education,72.0,25.0,305.0,305.0
P-613008,2025-10,Education,73.0,32.0,305.0,305.0
P-613008,2025-11,Education,74.0,32.0,305.0,305.0
P-613008,2025-12,Education,75.0,38.0,305.0,305.0
P-613008,2026-01,Education,76.0,40.0,305.0,305.0
P-613013,2025-07,Education,154.0,93.0,275.63,275.63
P-613013,2025-08,Education,155.0,95.0,275.63,275.63
P-613013,2025-09,Education,192.0,97.0,275.63,275.63
P-613013,2025-10,Education,193.0,97.0,275.63,275.63
P-613013,2025-11,Education,194.0,97.0,275.63,275.63
P-613013,2025-12,Education,195.0,97.0,275.63,275.63
P-613013,2026-01,Education,196.0,98.0,275.63,275.63
P-613015,2025-07,Railways,24.0,12.0,1813.0,1813.0
P-613015,2025-08,Railways,28.0,13.0,1813.0,1813.0
P-613015,2025-09,Railways,29.0,14.0,1813.0,1813.0
P-613015,2025-10,Railways,30.0,16.0,1813.0,1813.0
P-613015,2025-11,Railways,31.0,17.0,1813.0,1813.0
P-613015,2025-12,Railways,32.0,17.0,1813.0,1813.0
P-613015,2026-01,Railways,33.0,19.0,1813.0,1813.0
P-613785,2025-07,Railways,13.0,0.0,4744.0,4744.0
P-613785,2025-08,Railways,31.0,0.0,4744.0,4744.0
P-613785,2025-09,Railways,32.0,1.0,4744.0,4744.0
P-613785,2025-10,Railways,33.0,1.0,4744.0,4744.0
P-613785,2025-11,Railways,34.0,1.0,4744.0,4744.0
P-613785,2025-12,Railways,35.0,2.0,4744.0,4744.0
P-613785,2026-01,Railways,36.0,2.0,4744.0,4744.0
P-613786,2025-07,Railways,20.0,15.0,2379.0,2379.0
P-613786,2025-08,Railways,31.0,16.0,2379.0,2379.0
P-613786,2025-09,Railways,32.0,18.0,2379.0,2379.0
P-613786,2025-10,Railways,33.0,19.0,2379.0,2379.0
P-613786,2025-11,Railways,34.0,22.0,2379.0,2379.0
P-613786,2025-12,Railways,35.0,23.0,2379.0,2379.0
P-613786,2026-01,Railways,36.0,24.0,2379.0,2379.0
P-613787,2025-07,Telecommunication,27.0,16.0,2584.1,2584.1
P-613787,2025-08,Telecommunication,22.0,16.0,2584.1,2584.1
P-613787,2025-09,Telecommunication,23.0,16.0,2584.1,2584.1
P-613787,2025-10,Telecommunication,24.0,16.0,2584.1,2584.1
P-613787,2025-11,Telecommunication,25.0,16.0,2584.1,2584.1
P-613787,2025-12,Telecommunication,26.0,21.0,2584.1,2584.1
P-613787,2026-01,Telecommunication,27.0,21.0,2584.1,2584.1
P-613793,2025-01,Coal,57.0,12.0,483.65,483.65
P-613793,2025-02,Coal,58.0,12.0,483.65,483.65
P-613793,2025-03,Coal,59.0,12.0,483.65,483.65
P-613793,2025-04,Coal,60.0,12.0,483.65,483.65
P-613793,2025-05,Coal,61.0,12.0,483.65,483.65
P-613793,2025-06,Coal,62.0,12.09,483.65,483.65
P-613793,2025-11,Coal,67.0,12.0,483.65,483.65
P-613793,2025-12,Coal,68.0,16.0,483.65,483.65
P-613793,2026-01,Coal,69.0,16.0,483.65,483.65
P-613794,2025-01,Coal,24.0,16.0,389.1,389.1
P-613794,2025-02,Coal,25.0,16.0,389.1,389.1
P-613794,2025-03,Coal,26.0,16.0,389.1,389.1
P-613794,2025-04,Coal,27.0,16.0,389.1,389.1
P-613794,2025-05,Coal,28.0,16.4,389.1,389.1
P-613794,2025-06,Coal,29.0,16.41,389.1,389.1
P-613794,2025-07,Coal,30.0,16.0,389.1,389.1
P-613794,2025-08,Coal,31.0,17.0,389.1,389.1
P-613794,2025-09,Coal,32.0,17.0,389.1,389.1
P-613794,2025-10,Coal,33.0,21.0,389.1,389.1
P-613794,2025-11,Coal,34.0,21.0,389.1,389.1
P-613794,2025-12,Coal,35.0,21.0,389.1,389.1
P-613794,2026-01,Coal,36.0,22.0,389.1,389.1
P-613795,2025-07,Coal,62.0,82.0,278.64,278.64
P-613798,2025-01,Coal,,42.0,335.97,335.97
P-613798,2025-02,Coal,120.0,42.0,335.97,335.97
P-613798,2025-03,Coal,,42.0,335.97,335.97
P-613798,2025-04,Coal,122.0,42.0,335.97,335.97
P-613798,2025-05,Coal,123.0,42.0,335.97,335.97
P-613798,2025-06,Coal,124.0,42.0,335.97,335.97
P-613798,2025-07,Coal,125.0,42.0,335.97,335.97
P-613798,2025-08,Coal,126.0,42.0,335.97,335.97
P-613798,2025-09,Coal,127.0,42.0,335.97,335.97
P-613798,2025-10,Coal,128.0,42.0,335.97,335.97
P-613798,2025-11,Coal,129.0,42.0,335.97,335.97
P-613798,2025-12,Coal,130.0,42.0,335.97,335.97
P-613798,2026-01,Coal,131.0,42.0,335.97,335.97
P-613799,2025-01,Coal,,65.0,316.1,316.1
P-613799,2025-02,Coal,115.0,65.0,316.1,316.1
P-613799,2025-03,Coal,116.0,65.0,316.1,316.1
P-613799,2025-04,Coal,117.0,71.0,316.1,316.1
P-613799,2025-05,Coal,118.0,71.0,316.1,316.1
P-613799,2025-06,Coal,119.0,71.0,316.1,316.1
P-613799,2025-07,Coal,120.0,71.0,316.11,316.11
P-613799,2025-08,Coal,121.0,72.0,316.11,316.11
P-613799,2025-09,Coal,122.0,78.0,316.11,316.11
P-613799,2025-10,Coal,123.0,78.0,316.11,316.11
P-613799,2025-11,Coal,124.0,78.0,316.11,316.11
P-613799,2025-12,Coal,125.0,78.0,316.11,316.11
P-613799,2026-01,Coal,126.0,78.0,316.11,316.11
P-613800,2025-01,Coal,,92.0,459.49,459.49
P-613800,2025-02,Coal,103.0,92.0,459.49,459.49
P-613800,2025-03,Coal,104.0,92.0,459.49,459.49
P-613800,2025-04,Coal,105.0,92.0,459.49,459.49
P-613800,2025-05,Coal,106.0,92.0,459.49,459.49
P-613800,2025-06,Coal,107.0,92.0,459.49,459.49
P-613800,2025-07,Coal,108.0,92.0,459.49,459.49
P-613800,2025-08,Coal,109.0,92.0,459.49,459.49
P-613800,2025-09,Coal,110.0,96.0,459.49,459.49
P-613800,2025-10,Coal,111.0,96.0,459.49,459.49
P-613800,2025-11,Coal,112.0,96.0,459.49,459.49
P-613800,2025-12,Coal,113.0,96.0,459.49,459.49
P-613800,2026-01,Coal,114.0,96.0,459.49,459.49
P-613801,2025-01,Coal,,38.0,410.26,410.26
P-613801,2025-02,Coal,81.0,38.0,410.26,410.26
P-613801,2025-03,Coal,,38.0,410.26,410.26
P-613801,2025-04,Coal,83.0,38.0,410.26,410.26
P-613801,2025-05,Coal,84.0,38.0,410.26,410.26
P-613801,2025-06,Coal,85.0,38.0,410.26,410.26
P-613801,2025-07,Coal,86.0,38.0,410.26,410.26
P-613801,2025-12,Coal,91.0,54.0,410.26,410.26
P-613801,2026-01,Coal,92.0,54.0,410.26,410.26
P-613802,2025-01,Coal,,47.0,371.04,371.04
P-613802,2025-02,Coal,122.0,47.0,371.04,371.04
P-613802,2025-03,Coal,,47.0,371.04,371.04
P-613802,2025-04,Coal,124.0,47.0,371.04,371.04
P-613802,2025-05,Coal,125.0,47.0,371.04,371.04
P-613802,2025-06,Coal,126.0,47.0,371.04,371.04
P-613802,2025-07,Coal,127.0,47.0,371.04,371.04
P-613802,2025-08,Coal,128.0,47.0,371.04,371.04
P-613802,2026-01,Coal,133.0,58.0,371.04,371.04
P-613803,2025-03,Coal,14.0,41.0,366.94,366.94
P-613803,2025-10,Coal,21.0,41.0,366.94,366.94
P-613803,2025-11,Coal,22.0,41.0,366.94,366.94
P-613803,2025-12,Coal,23.0,41.0,366.94,366.94
P-613803,2026-01,Coal,24.0,41.0,366.94,366.94
P-613804,2025-01,Coal,,9.0,314.09,324.25
P-613804,2025-02,Coal,38.0,9.0,314.09,324.25
P-613804,2025-03,Coal,,9.0,314.09,324.25
P-613804,2025-04,Coal,40.0,9.0,314.09,324.25
P-613804,2025-05,Coal,41.0,9.0,314.09,324.25
P-613804,2025-06,Coal,42.0,9.0,314.09,324.25
P-613804,2025-07,Coal,43.0,17.0,314.09,314.09
P-613804,2025-08,Coal,44.0,17.0,314.09,314.09
P-613804,2025-09,Coal,45.0,17.0,314.09,314.09
P-613804,2025-10,Coal,46.0,17.0,314.09,314.09
P-613804,2025-11,Coal,47.0,17.0,314.09,314.09
P-613804,2025-12,Coal,48.0,17.0,314.09,314.09
P-613804,2026-01,Coal,49.0,17.0,314.09,314.09
P-613808,2025-01,Coal,,70.0,339.88,339.88
P-613808,2025-02,Coal,168.0,70.0,339.88,339.88
P-613808,2025-03,Coal,169.0,70.0,339.88,339.88
P-613808,2025-04,Coal,170.0,70.0,339.88,339.88
P-613808,2025-05,Coal,171.0,70.0,339.88,339.88
P-613808,2025-06,Coal,172.0,70.0,339.88,339.88
P-613808,2025-07,Coal,173.0,70.0,339.87,339.87
P-613808,2025-08,Coal,174.0,70.0,339.87,339.87
P-613808,2025-09,Coal,175.0,70.0,339.87,339.87
P-613808,2025-10,Coal,176.0,70.0,339.87,339.87
P-613808,2025-11,Coal,177.0,70.0,339.87,339.87
P-613808,2025-12,Coal,178.0,70.0,339.87,339.87
P-613808,2026-01,Coal,179.0,70.0,339.87,339.87
P-615183,2025-04,COAL,46.0,13.12,491.67,491.67
P-615183,2025-05,COAL,47.0,39.73,491.67,491.67
P-615183,2025-06,COAL,48.0,40.86,491.67,491.67
P-615183,2025-07,COAL,49.0,40.0,491.67,491.67
P-615183,2025-08,COAL,50.0,45.0,491.67,491.67
P-615183,2025-09,COAL,51.0,46.0,491.67,491.67
P-615183,2025-10,COAL,52.0,47.0,491.67,491.67
P-615183,2025-11,COAL,53.0,50.0,491.67,491.67
P-615183,2025-12,COAL,54.0,52.0,491.67,491.67
P-615183,2026-01,COAL,55.0,53.0,491.67,491.67
P-615184,2025-01,Coal,,27.0,228.64,253.51
P-615184,2025-02,Coal,37.0,27.0,228.64,253.51
P-615184,2025-03,Coal,,27.0,228.64,253.51
P-615184,2025-04,Coal,39.0,27.0,228.64,253.51
P-615184,2025-05,Coal,40.0,27.0,228.64,253.51
P-615184,2025-06,Coal,41.0,27.0,228.64,253.51
P-615184,2025-07,Coal,42.0,68.0,228.64,228.64
P-615184,2025-08,Coal,43.0,68.0,228.64,228.64
P-615184,2025-09,Coal,44.0,68.0,228.64,228.64
P-615184,2025-10,Coal,45.0,68.0,228.64,228.64
P-615184,2025-11,Coal,46.0,68.0,228.64,228.64
P-615184,2025-12,Coal,47.0,68.0,228.64,228.64
P-615184,2026-01,Coal,48.0,68.0,228.64,228.64
P-615185,2025-01,Coal,28.0,42.0,399.2,497.01
P-615185,2025-02,Coal,29.0,42.0,399.2,497.01
P-615185,2025-03,Coal,30.0,42.0,399.2,497.01
P-615185,2025-04,Coal,31.0,42.0,399.2,497.01
P-615185,2025-05,Coal,32.0,42.0,399.2,497.01
P-615185,2025-06,Coal,33.0,42.0,399.2,497.01
P-615185,2025-07,Coal,34.0,67.0,399.2,399.2
P-615185,2025-08,Coal,35.0,66.0,399.2,399.2
P-615185,2025-09,Coal,36.0,66.0,399.2,399.2
P-615185,2025-10,Coal,37.0,66.0,399.2,399.2
P-615185,2025-11,Coal,38.0,66.0,399.2,399.2
P-615185,2025-12,Coal,39.0,66.0,399.2,399.2
P-615185,2026-01,Coal,40.0,67.0,399.2,399.2
P-615186,2025-01,Coal,,24.0,319.04,371.59
P-615186,2025-02,Coal,54.0,24.0,319.04,371.59
P-615186,2025-03,Coal,,24.0,319.04,371.59
P-615186,2025-04,Coal,56.0,24.0,319.04,371.59
P-615186,2025-05,Coal,57.0,24.0,319.04,371.59
P-615186,2025-06,Coal,58.0,24.0,319.04,371.59
P-615186,2025-07,Coal,59.0,20.0,319.04,319.04
P-615186,2025-08,Coal,60.0,20.0,319.04,319.04
P-615186,2025-09,Coal,61.0,20.0,319.04,319.04
P-615186,2025-10,Coal,62.0,20.0,319.04,319.04
P-615186,2025-11,Coal,63.0,20.0,319.04,319.04
P-615186,2025-12,Coal,64.0,20.0,319.04,319.04
P-615186,2026-01,Coal,65.0,20.0,319.04,319.04
P-615187,2025-01,Coal,,7.0,220.62,227.65
P-615187,2025-02,Coal,27.0,7.0,220.62,227.65
P-615187,2025-03,Coal,,7.0,220.62,227.65
P-615187,2025-04,Coal,29.0,7.0,220.62,227.65
P-615187,2025-05,Coal,30.0,7.0,220.62,227.65
P-615187,2025-06,Coal,31.0,7.0,220.62,227.65
P-615187,2025-07,Coal,32.0,11.0,220.62,220.62
P-615187,2025-08,Coal,33.0,11.0,220.62,220.62
P-615187,2025-09,Coal,34.0,11.0,220.62,220.62
P-615187,2025-10,Coal,35.0,11.0,220.62,220.62
P-615187,2025-11,Coal,36.0,11.0,220.62,220.62
P-615187,2025-12,Coal,37.0,11.0,220.62,220.62
P-615187,2026-01,Coal,38.0,11.0,220.62,220.62
P-615188,2025-01,Coal,,27.0,402.27,496.38
P-615188,2025-02,Coal,29.0,27.0,402.27,496.38
P-615188,2025-03,Coal,,27.0,402.27,496.38
P-615188,2025-04,Coal,31.0,27.0,402.27,496.38
P-615188,2025-05,Coal,32.0,27.0,402.27,496.38
P-615188,2025-06,Coal,33.0,27.0,402.27,496.38
P-615188,2025-07,Coal,34.0,24.0,402.27,402.27
P-615188,2025-08,Coal,75.0,24.0,402.27,402.27
P-615188,2025-09,Coal,76.0,24.0,402.27,402.27
P-615188,2025-10,Coal,77.0,24.0,402.27,402.27
P-615188,2025-11,Coal,78.0,24.0,402.27,402.27
P-615188,2025-12,Coal,79.0,24.0,402.27,402.27
P-615188,2026-01,Coal,80.0,24.0,402.27,402.27
P-615189,2025-01,Coal,,12.0,361.87,497.06
P-615189,2025-02,Coal,32.0,12.0,361.87,497.06
P-615189,2025-03,Coal,,12.0,361.87,497.06
P-615189,2025-04,Coal,34.0,12.0,361.87,497.06
P-615189,2025-05,Coal,35.0,12.0,361.87,497.06
P-615189,2025-06,Coal,36.0,12.0,361.87,497.06
P-615189,2025-07,Coal,37.0,12.0,361.87,361.87
P-615189,2025-08,Coal,38.0,12.0,361.87,361.87
P-615189,2025-09,Coal,39.0,11.0,361.87,361.87
P-615189,2025-10,Coal,40.0,11.0,361.87,361.87
P-615189,2025-11,Coal,41.0,11.0,361.87,361.87
P-615189,2025-12,Coal,42.0,11.0,361.87,361.87
P-615189,2026-01,Coal,43.0,11.0,361.87,361.87
P-615190,2025-01,Coal,,16.0,335.75,421.84
P-615190,2025-02,Coal,33.0,16.0,335.75,421.84
P-615190,2025-03,Coal,,16.0,335.75,421.84
P-615190,2025-04,Coal,35.0,16.0,335.75,421.84
P-615190,2025-05,Coal,36.0,16.0,335.75,421.84
P-615190,2025-06,Coal,37.0,16.0,335.75,421.84
P-615190,2025-07,Coal,38.0,6.0,335.75,335.75
P-615190,2025-08,Coal,39.0,6.0,335.75,335.75
P-615190,2025-09,Coal,40.0,6.0,335.75,335.75
P-615190,2025-10,Coal,41.0,6.0,335.75,335.75
P-615190,2025-11,Coal,42.0,6.0,335.75,335.75
P-615190,2025-12,Coal,43.0,6.0,335.75,335.75
P-615190,2026-01,Coal,44.0,6.0,335.75,335.75
P-615191,2025-01,Coal,,2.0,329.22,329.22
P-615191,2025-02,Coal,25.0,2.0,329.22,329.22
P-615191,2025-03,Coal,26.0,2.0,329.22,329.22
P-615191,2025-04,Coal,27.0,2.0,329.22,329.22
P-615191,2025-05,Coal,28.0,2.0,329.22,329.22
P-615191,2025-06,Coal,29.0,2.0,329.22,329.22
P-615191,2025-07,Coal,30.0,2.0,329.21,329.21
P-615191,2025-08,Coal,31.0,2.0,329.21,329.21
P-615191,2025-09,Coal,32.0,2.0,329.21,329.21
P-615191,2025-10,Coal,33.0,2.0,329.21,329.21
P-615191,2025-11,Coal,34.0,2.0,329.21,329.21
P-615191,2025-12,Coal,35.0,2.0,329.21,329.21
P-615191,2026-01,Coal,36.0,2.0,329.21,329.21
P-615192,2025-01,Coal,,7.0,309.58,456.95
P-615192,2025-02,Coal,46.0,7.0,309.58,456.95
P-615192,2025-03,Coal,,7.0,309.58,456.95
P-615192,2025-04,Coal,48.0,7.0,309.58,456.95
P-615192,2025-05,Coal,49.0,7.0,309.58,456.95
P-615192,2025-06,Coal,50.0,7.0,309.58,456.95
P-615192,2025-07,Coal,51.0,8.0,309.58,309.58
P-615192,2025-08,Coal,52.0,8.0,309.58,309.58
P-615192,2025-09,Coal,53.0,8.0,309.58,309.58
P-615192,2025-10,Coal,54.0,8.0,309.58,309.58
P-615192,2025-11,Coal,55.0,8.0,309.58,309.58
P-615192,2025-12,Coal,56.0,8.0,309.58,309.58
P-615192,2026-01,Coal,57.0,8.0,309.58,309.58
P-615193,2025-01,Coal,128.0,62.0,479.15,479.15
P-615193,2025-02,Coal,129.0,62.0,479.15,479.15
P-615193,2025-03,Coal,130.0,63.04,479.15,479.15
P-615193,2025-09,Coal,136.0,64.0,479.15,479.15
P-615193,2025-10,Coal,137.0,64.0,479.15,479.15
P-615193,2025-11,Coal,138.0,64.0,479.15,479.15
P-615193,2025-12,Coal,139.0,65.0,479.15,479.15
P-615193,2026-01,Coal,140.0,66.0,479.15,479.15
P-615194,2025-01,Coal,,9.0,206.88,228.42
P-615194,2025-02,Coal,25.0,9.0,206.88,228.42
P-615194,2025-03,Coal,,9.0,206.88,228.42
P-615194,2025-04,Coal,27.0,9.0,206.88,228.42
P-615194,2025-05,Coal,28.0,9.0,206.88,228.42
P-615194,2025-06,Coal,29.0,9.0,206.88,228.42
P-615194,2025-07,Coal,30.0,1.0,206.88,206.88
P-615194,2025-08,Coal,37.0,1.0,206.88,206.88
P-615194,2025-09,Coal,38.0,0.0,206.88,206.88
P-615194,2025-10,Coal,39.0,0.0,206.88,206.88
P-615194,2025-11,Coal,40.0,0.0,206.88,206.88
P-615194,2025-12,Coal,41.0,0.0,206.88,206.88
P-615194,2026-01,Coal,42.0,1.0,206.88,206.88
P-615195,2025-01,Coal,,11.0,166.25,200.16
P-615195,2025-02,Coal,17.0,11.0,166.25,200.16
P-615195,2025-03,Coal,,11.0,166.25,200.16
P-615195,2025-04,Coal,19.0,11.0,166.25,200.16
P-615195,2025-05,Coal,20.0,11.0,166.25,200.16
P-615195,2025-06,Coal,21.0,11.0,166.25,200.16
P-615195,2025-07,Coal,22.0,9.0,166.25,166.25
P-615195,2025-08,Coal,25.0,9.0,166.25,166.25
P-615195,2025-09,Coal,38.0,9.0,166.25,166.25
P-615195,2025-10,Coal,39.0,9.0,166.25,166.25
P-615195,2025-11,Coal,40.0,9.0,166.25,166.25
P-615195,2025-12,Coal,41.0,9.0,166.25,166.25
P-615195,2026-01,Coal,42.0,9.0,166.25,166.25
P-615199,2025-01,Coal,,5.0,198.71,206.19
P-615199,2025-02,Coal,17.0,5.0,198.71,206.19
P-615199,2025-03,Coal,18.0,5.0,198.71,206.19
P-615199,2025-04,Coal,19.0,5.0,198.71,206.19
P-615199,2025-05,Coal,20.0,5.0,198.71,206.19
P-615199,2025-06,Coal,21.0,5.0,198.71,206.19
P-615199,2025-07,Coal,22.0,3.0,198.71,198.71
P-615199,2025-08,Coal,23.0,3.0,198.71,198.71
P-615199,2025-09,Coal,32.0,2.0,198.71,198.71
P-615199,2025-10,Coal,33.0,2.0,198.71,198.71
P-615199,2025-11,Coal,34.0,2.0,198.71,198.71
P-615199,2025-12,Coal,35.0,2.0,198.71,198.71
P-615199,2026-01,Coal,36.0,2.0,198.71,198.71
P-615202,2025-07,"Tourism, Hospitality & Wellness",36.0,2.0,1700.0,1756.2
P-615202,2025-08,"Tourism, Hospitality & Wellness",48.0,3.0,1700.0,1756.2
P-615202,2025-09,"Tourism, Hospitality & Wellness",49.0,4.0,1700.0,1756.2
P-615202,2025-10,"Tourism, Hospitality & Wellness",50.0,6.0,1700.0,1756.2
P-615202,2025-11,"Tourism, Hospitality & Wellness",51.0,7.0,1700.0,1756.2
P-615202,2025-12,"Tourism, Hospitality & Wellness",52.0,10.0,1700.0,1756.2
P-615202,2026-01,"Tourism, Hospitality & Wellness",53.0,11.0,1700.0,1756.2
P-615206,2025-01,Coal,,28.0,414.16,414.16
P-615206,2025-02,Coal,66.0,28.0,414.16,414.16
P-615206,2025-03,Coal,,28.0,414.16,414.16
P-615206,2025-04,Coal,68.0,28.0,414.16,414.16
P-615206,2025-05,Coal,69.0,28.0,414.16,414.16
P-615206,2025-06,Coal,70.0,28.0,414.16,414.16
P-615206,2025-07,Coal,71.0,57.0,414.15,414.15
P-615206,2025-08,Coal,72.0,57.0,414.15,414.15
P-615206,2025-09,Coal,73.0,57.0,414.15,414.15
P-615206,2025-10,Coal,74.0,56.0,414.15,414.15
P-615206,2025-11,Coal,75.0,56.0,414.15,414.15
P-615206,2025-12,Coal,76.0,56.0,414.15,414.15
P-615206,2026-01,Coal,77.0,56.0,414.15,414.15
P-615327,2025-01,Electricity Generation,20.0,26.0,218.03,218.03
P-615327,2025-02,Electricity Generation,21.0,37.0,218.03,218.03
P-615327,2025-03,Electricity Generation,22.0,37.0,218.03,218.03
P-615327,2025-10,Electricity Generation,26.0,69.0,218.03,218.03
P-615327,2025-11,Electricity Generation,27.0,75.0,218.03,218.03
P-615327,2025-12,Electricity Generation,28.0,85.0,218.03,218.03
P-615327,2026-01,Electricity Generation,29.0,100.0,218.03,218.03
P-615330,2025-01,Coal,,,360.18,360.18
P-615330,2025-02,Coal,26.0,,360.18,360.18
P-615330,2025-03,Coal,27.0,,360.18,360.18
P-615330,2025-04,Coal,28.0,,360.18,360.18
P-615330,2025-05,Coal,29.0,,360.18,360.18
P-615330,2025-06,Coal,30.0,,360.18,360.18
P-615330,2025-07,Coal,31.0,4.0,360.81,360.81
P-615330,2025-08,Coal,32.0,4.0,360.81,360.81
P-615330,2025-09,Coal,33.0,4.0,360.81,360.81
P-615330,2025-10,Coal,34.0,4.0,360.81,360.81
P-615330,2025-11,Coal,35.0,4.0,360.81,360.81
P-615330,2025-12,Coal,36.0,4.0,360.81,360.81
P-615330,2026-01,Coal,37.0,4.0,360.81,360.81
P-615331,2025-07,Coal,21.0,0.0,497.41,497.41
P-615331,2025-08,Coal,22.0,0.0,497.41,497.41
P-615331,2025-09,Coal,23.0,0.0,497.41,497.41
P-615331,2025-10,Coal,24.0,0.0,497.41,497.41
P-615331,2025-11,Coal,25.0,0.0,497.41,497.41
P-615331,2025-12,Coal,26.0,0.0,497.41,497.41
P-615331,2026-01,Coal,27.0,2.0,497.41,497.41
P-615332,2025-01,Electricity Generation,5.0,4.0,3279.0,3279.0
P-615332,2025-02,Electricity Generation,6.0,7.0,3279.0,3279.0
P-615332,2025-03,Electricity Generation,7.0,7.0,3279.0,3279.0
P-615332,2025-04,Electricity Generation,8.0,10.9,3279.0,3279.0
P-615332,2025-05,Electricity Generation,9.0,16.4,3279.0,3279.0
P-615332,2025-10,Electricity Generation,14.0,26.0,3279.0,3279.0
P-615332,2025-11,Electricity Generation,15.0,29.0,3279.0,3279.0
P-615332,2025-12,Electricity Generation,16.0,32.0,3279.0,3279.0
P-615332,2026-01,Electricity Generation,17.0,37.0,3279.0,3279.0
P-615333,2025-01,Electricity Generation,5.0,6.0,2227.0,2227.0
P-615333,2025-02,Electricity Generation,6.0,9.0,2227.0,2227.0
P-615333,2025-03,Electricity Generation,7.0,10.0,2227.0,2227.0
P-615333,2025-04,Electricity Generation,8.0,13.5,2227.0,2227.0
P-615333,2025-05,Electricity Generation,9.0,16.4,2227.0,2227.0
P-615333,2025-06,Electricity Generation,10.0,18.6,2227.0,2227.0
P-615333,2025-07,Electricity Generation,11.0,19.0,2227.0,2227.0
P-615333,2025-08,Electricity Generation,12.0,20.0,2227.0,2227.0
P-615333,2025-09,Electricity Generation,13.0,21.0,2227.0,2227.0
P-615333,2025-10,Electricity Generation,14.0,23.0,2227.0,2227.0
P-615333,2025-11,Electricity Generation,15.0,25.0,2227.0,2227.0
P-615334,2025-01,Electricity Generation,5.0,6.0,3251.0,3251.0
P-615334,2025-02,Electricity Generation,6.0,7.0,3251.0,3251.0
P-615334,2025-03,Electricity Generation,7.0,9.0,3251.0,3251.0
P-615334,2025-04,Electricity Generation,8.0,11.6,3251.0,3251.0
P-615334,2025-05,Electricity Generation,9.0,13.4,3251.0,3251.0
P-615334,2025-10,Electricity Generation,14.0,26.0,3251.0,3251.0
P-615334,2025-11,Electricity Generation,15.0,28.0,3251.0,3251.0
P-615334,2025-12,Electricity Generation,16.0,32.0,3251.0,3251.0
P-615334,2026-01,Electricity Generation,17.0,33.0,3251.0,3251.0
P-615335,2025-01,Electricity Generation,5.0,,1382.0,1382.0
P-615335,2025-02,Electricity Generation,6.0,1.0,1382.0,1382.0
P-615335,2025-03,Electricity Generation,7.0,1.0,1382.0,1382.0
P-615335,2025-04,Electricity Generation,8.0,1.0,1382.0,1382.0
P-615335,2025-05,Electricity Generation,9.0,1.0,1382.0,1382.0
P-615335,2025-10,Electricity Generation,14.0,9.0,1382.0,1382.0
P-615335,2025-11,Electricity Generation,15.0,12.0,1382.0,1382.0
P-615335,2025-12,Electricity Generation,16.0,18.0,1382.0,1382.0
P-615335,2026-01,Electricity Generation,17.0,21.0,1382.0,1382.0
P-615337,2025-01,Electricity Generation,5.0,,369.0,369.0
P-615337,2025-02,Electricity Generation,6.0,1.0,369.0,369.0
P-615337,2025-03,Electricity Generation,7.0,1.0,369.0,369.0
P-615337,2025-04,Electricity Generation,8.0,1.0,369.0,369.0
P-615337,2025-05,Electricity Generation,9.0,1.0,369.0,369.0
P-615337,2025-10,Electricity Generation,14.0,22.0,369.0,369.0
P-615337,2025-11,Electricity Generation,15.0,30.0,369.0,369.0
P-615337,2025-12,Electricity Generation,16.0,38.0,369.0,369.0
P-615337,2026-01,Electricity Generation,17.0,45.0,369.0,369.0
P-615338,2025-01,Electricity Generation,2.0,,2735.0,2735.0
P-615338,2025-02,Electricity Generation,3.0,,2735.0,2735.0
P-615338,2025-03,Electricity Generation,4.0,,2735.0,2735.0
P-615338,2025-04,Electricity Generation,5.0,,2735.0,2735.0
P-615338,2025-05,Electricity Generation,6.0,0.7,2735.0,2735.0
P-615338,2025-10,Electricity Generation,11.0,11.0,2735.0,2735.0
P-615338,2025-11,Electricity Generation,12.0,17.0,2735.0,2735.0
P-615338,2025-12,Electricity Generation,13.0,22.0,2735.0,2735.0
P-615338,2026-01,Electricity Generation,14.0,24.0,2735.0,2735.0
P-615339,2025-01,Electricity Generation,2.0,,5969.0,5969.0
P-615339,2025-02,Electricity Generation,3.0,,5969.0,5969.0
P-615339,2025-03,Electricity Generation,4.0,,5969.0,5969.0
P-615339,2025-04,Electricity Generation,5.0,,5969.0,5969.0
P-615339,2025-05,Electricity Generation,6.0,,5969.0,5969.0
P-615339,2025-10,Electricity Generation,11.0,9.0,5969.0,5969.0
P-615339,2025-11,Electricity Generation,12.0,11.0,5969.0,5969.0
P-615339,2025-12,Electricity Generation,13.0,14.0,5969.0,5969.0
P-615339,2026-01,Electricity Generation,14.0,16.0,5969.0,5969.0
P-615340,2025-01,Electricity Generation,2.0,,5357.0,5357.0
P-615340,2025-02,Electricity Generation,3.0,,5357.0,5357.0
P-615340,2025-03,Electricity Generation,4.0,,5357.0,5357.0
P-615340,2025-04,Electricity Generation,5.0,,5357.0,5357.0
P-615340,2025-05,Electricity Generation,6.0,3.7,5357.0,5357.0
P-615340,2025-10,Electricity Generation,11.0,13.0,5357.0,5357.0
P-615340,2025-11,Electricity Generation,12.0,17.0,5357.0,5357.0
P-615340,2025-12,Electricity Generation,13.0,21.0,5357.0,5357.0
P-615340,2026-01,Electricity Generation,14.0,23.0,5357.0,5357.0
P-615342,2025-01,Electricity Generation,3.0,,329.0,329.0
P-615342,2025-02,Electricity Generation,4.0,1.0,329.0,329.0
P-615342,2025-03,Electricity Generation,5.0,1.0,329.0,329.0
P-615342,2025-04,Electricity Generation,6.0,1.0,329.0,329.0
P-615342,2025-05,Electricity Generation,7.0,1.0,329.0,329.0
P-615342,2025-06,Electricity Generation,8.0,1.0,329.0,329.0
P-615342,2025-07,Electricity Generation,9.0,1.0,329.0,329.0
P-615342,2025-08,Electricity Generation,10.0,1.0,329.0,329.0
P-615342,2025-09,Electricity Generation,11.0,2.0,329.0,329.0
P-615342,2025-10,Electricity Generation,12.0,3.0,329.0,329.0
P-615342,2025-11,Electricity Generation,13.0,3.0,329.0,329.0
P-615343,2025-01,Electricity Generation,2.0,,501.0,501.0
P-615343,2025-02,Electricity Generation,3.0,6.0,501.0,501.0
P-615343,2025-03,Electricity Generation,4.0,1.0,501.0,501.0
P-615343,2025-04,Electricity Generation,5.0,1.0,501.0,501.0
P-615343,2025-05,Electricity Generation,6.0,1.0,501.0,501.0
P-615343,2025-06,Electricity Generation,7.0,1.0,501.0,501.0
P-615343,2025-07,Electricity Generation,8.0,1.0,501.0,501.0
P-615343,2025-08,Electricity Generation,9.0,1.0,501.0,501.0
P-615343,2025-09,Electricity Generation,10.0,1.0,501.0,501.0
P-615343,2025-10,Electricity Generation,11.0,2.0,501.0,501.0
P-615343,2025-11,Electricity Generation,12.0,2.0,501.0,501.0
P-615343,2025-12,Electricity Generation,13.0,2.0,501.0,501.0
P-615343,2026-01,Electricity Generation,14.0,3.0,501.0,501.0
P-615344,2025-01,Electricity Generation,3.0,1.0,3674.0,3674.0
P-615344,2025-02,Electricity Generation,4.0,1.0,3674.0,3674.0
P-615344,2025-03,Electricity Generation,5.0,1.0,3674.0,3674.0
P-615344,2025-04,Electricity Generation,6.0,7.0,3674.0,3674.0
P-615344,2025-05,Electricity Generation,7.0,10.3,3674.0,3674.0
P-615344,2025-10,Electricity Generation,12.0,17.0,3674.0,3674.0
P-615344,2025-11,Electricity Generation,13.0,18.0,3674.0,3674.0
P-615344,2025-12,Electricity Generation,14.0,24.0,3674.0,3674.0
P-615344,2026-01,Electricity Generation,15.0,26.0,3674.0,3674.0
P-615345,2025-01,Electricity Generation,3.0,1.0,4766.0,4766.0
P-615345,2025-02,Electricity Generation,4.0,1.0,4766.0,4766.0
P-615345,2025-03,Electricity Generation,5.0,1.0,4766.0,4766.0
P-615345,2025-04,Electricity Generation,6.0,2.5,4766.0,4766.0
P-615345,2025-05,Electricity Generation,7.0,4.2,4766.0,4766.0
P-615345,2025-10,Electricity Generation,12.0,9.0,4766.0,4766.0
P-615345,2025-11,Electricity Generation,13.0,10.0,4766.0,4766.0
P-615345,2025-12,Electricity Generation,14.0,12.0,4766.0,4766.0
P-615345,2026-01,Electricity Generation,15.0,13.0,4766.0,4766.0
P-615346,2025-01,Electricity Generation,5.0,6.0,2708.0,2708.0
P-615346,2025-02,Electricity Generation,6.0,6.0,2708.0,2708.0
P-615346,2025-03,Electricity Generation,7.0,15.0,2708.0,2708.0
P-615346,2025-04,Electricity Generation,8.0,18.7,2708.0,2708.0
P-615346,2025-05,Electricity Generation,9.0,21.7,2708.0,2708.0
P-615346,2025-10,Electricity Generation,14.0,41.0,2708.0,2708.0
P-615346,2025-11,Electricity Generation,15.0,44.0,2708.0,2708.0
P-615346,2025-12,Electricity Generation,16.0,47.0,2708.0,2708.0
P-615346,2026-01,Electricity Generation,17.0,48.0,2708.0,2708.0
P-615347,2025-01,Electricity Generation,2.0,,24819.0,24819.0
P-615347,2025-02,Electricity Generation,3.0,1.0,24819.0,24819.0
P-615347,2025-03,Electricity Generation,4.0,1.0,24819.0,24819.0
P-615347,2025-04,Electricity Generation,5.0,1.0,24819.0,24819.0
P-615347,2025-05,Electricity Generation,6.0,1.0,24819.0,24819.0
P-615347,2025-06,Electricity Generation,7.0,1.0,24819.0,24819.0
P-615347,2025-07,Electricity Generation,8.0,1.0,24819.0,24819.0
P-615347,2025-08,Electricity Generation,9.0,1.0,24819.0,24819.0
P-615347,2025-09,Electricity Generation,10.0,1.0,24819.0,24819.0
P-615347,2025-10,Electricity Generation,11.0,2.0,24819.0,24819.0
P-615347,2025-11,Electricity Generation,12.0,3.0,24819.0,24819.0
P-615347,2025-12,Electricity Generation,13.0,5.0,24819.0,24819.0
P-615347,2026-01,Electricity Generation,14.0,6.0,24819.0,24819.0
P-615349,2025-05,Coal,54.0,18.3,230.41,230.41
P-615349,2025-06,Coal,55.0,18.3,230.41,230.41
P-615349,2025-07,Coal,56.0,20.0,230.41,230.41
P-615349,2025-08,Coal,57.0,20.0,230.41,230.41
P-615349,2025-09,Coal,58.0,20.0,230.41,230.41
P-615349,2025-10,Coal,59.0,20.0,230.41,230.41
P-615349,2025-11,Coal,60.0,20.0,230.41,230.41
P-615349,2025-12,Coal,61.0,21.0,230.41,230.41
P-615349,2026-01,Coal,62.0,21.0,230.41,230.41
P-615818,2025-01,COAL,37.0,20.0,297.88,297.88
P-615818,2025-02,COAL,38.0,20.0,297.88,297.88
P-615818,2025-03,COAL,39.0,20.0,297.88,297.88
P-615818,2025-08,COAL,44.0,20.0,297.88,297.88
P-615818,2025-09,COAL,45.0,20.0,297.88,297.88
P-615818,2025-10,COAL,46.0,20.0,297.88,297.88
P-615818,2025-11,COAL,47.0,20.0,297.88,297.88
P-615818,2025-12,COAL,48.0,20.0,297.88,297.88
P-615818,2026-01,COAL,49.0,20.0,297.88,297.88
P-615820,2025-02,COAL,,0.0,159.77,159.77
P-615820,2025-03,COAL,,0.0,159.77,159.77
P-615820,2025-08,COAL,37.0,0.0,159.77,159.77
P-615820,2025-09,COAL,38.0,0.0,159.77,159.77
P-615820,2025-10,COAL,39.0,0.0,159.77,159.77
P-615820,2025-11,COAL,40.0,4.0,159.77,159.77
P-615820,2025-12,COAL,41.0,88.0,159.77,159.77
P-615820,2026-01,COAL,42.0,88.0,159.77,159.77
P-615821,2025-02,Coal,,0.0,289.46,289.46
P-615821,2025-03,Coal,,0.0,289.46,289.46
P-615821,2025-08,Coal,33.0,0.0,289.46,289.46
P-615821,2025-09,Coal,34.0,3.0,289.46,289.46
P-615821,2025-10,Coal,35.0,3.0,289.46,289.46
P-615821,2025-11,Coal,36.0,3.0,289.46,289.46
P-615821,2025-12,Coal,37.0,3.0,289.46,289.46
P-615821,2026-01,Coal,38.0,3.0,289.46,289.46
P-615822,2025-05,Coal,60.0,60.0,222.82,222.82
P-615822,2025-06,Coal,61.0,51.0,222.82,222.82
P-615822,2025-07,Coal,62.0,60.0,222.82,222.82
P-615822,2025-08,Coal,63.0,53.0,222.82,222.82
P-615822,2025-09,Coal,64.0,53.0,222.82,222.82
P-615822,2025-10,Coal,65.0,53.0,222.82,222.82
P-615822,2025-11,Coal,66.0,53.0,222.82,222.82
P-615822,2025-12,Coal,67.0,53.0,222.82,222.82
P-615822,2026-01,Coal,68.0,53.0,222.82,222.82
P-615843,2025-04,Coal,65.0,24.0,243.52,243.52
P-615843,2025-05,Coal,66.0,24.0,243.52,243.52
P-615843,2025-06,Coal,67.0,26.0,243.52,243.52
P-615843,2025-07,Coal,68.0,28.0,243.52,243.52
P-615843,2025-08,Coal,69.0,30.0,243.52,243.52
P-615843,2025-09,Coal,70.0,29.0,243.52,243.52
P-615843,2025-10,Coal,71.0,29.0,243.52,243.52
P-615843,2025-11,Coal,72.0,29.0,243.52,243.52
P-615843,2025-12,Coal,73.0,29.0,243.52,243.52
P-615843,2026-01,Coal,74.0,30.0,243.52,243.52
P-615857,2025-08,Coal,65.0,80.0,494.3,494.3
P-615857,2025-09,Coal,66.0,80.0,494.3,494.3
P-615857,2025-10,Coal,67.0,80.0,494.3,494.3
P-615857,2025-11,Coal,68.0,80.0,494.3,494.3
P-615857,2025-12,Coal,69.0,80.0,494.3,494.3
P-615857,2026-01,Coal,70.0,80.0,494.3,494.3
P-615858,2025-01,Coal,106.0,75.0,384.32,384.32
P-615858,2025-02,Coal,107.0,75.0,384.32,384.32
P-615858,2025-03,Coal,108.0,75.0,384.32,384.32
P-615858,2025-04,Coal,109.0,75.0,384.32,384.32
P-615858,2025-05,Coal,110.0,75.0,384.32,384.32
P-615858,2025-06,Coal,111.0,75.0,384.32,384.32
P-615858,2025-07,Coal,98.0,75.0,384.32,384.32
P-615858,2025-08,Coal,113.0,75.0,384.32,384.32
P-615858,2025-09,Coal,114.0,75.0,384.32,384.32
P-615858,2025-10,Coal,115.0,75.0,384.32,384.32
P-615858,2025-11,Coal,116.0,75.0,384.32,384.32
P-615858,2025-12,Coal,117.0,75.0,384.32,384.32
P-615858,2026-01,Coal,118.0,75.0,384.32,384.32
P-615859,2025-07,Coal,98.0,79.0,413.84,413.84
P-615859,2025-08,Coal,101.0,79.0,413.84,413.84
P-615860,2025-05,COAL,70.0,70.0,438.98,438.98
P-615860,2025-06,COAL,71.0,70.0,438.98,438.98
P-615860,2025-07,COAL,74.0,71.0,607.04,607.04
P-615860,2025-08,COAL,73.0,71.0,607.04,607.04
P-615860,2025-09,COAL,74.0,71.0,607.04,607.04
P-615860,2025-10,COAL,75.0,71.0,607.04,607.04
P-615860,2025-11,COAL,76.0,71.0,607.04,607.04
P-615860,2025-12,COAL,77.0,71.0,607.04,607.04
P-615860,2026-01,COAL,78.0,71.0,607.04,607.04
P-615861,2025-01,Coal,,80.0,349.28,424.81
P-615861,2025-02,Coal,90.0,80.0,349.28,424.81
P-615861,2025-03,Coal,91.0,80.0,349.28,424.81
P-615861,2025-08,Coal,96.0,80.0,424.81,424.81
P-615861,2025-09,Coal,97.0,80.0,424.81,424.81
P-615861,2025-10,Coal,98.0,80.0,424.81,424.81
P-615861,2025-11,Coal,99.0,80.0,424.81,424.81
P-615861,2025-12,Coal,100.0,80.0,424.81,424.81
P-615861,2026-01,Coal,101.0,80.0,424.81,424.81
P-615862,2025-01,Coal,,18.0,345.6,345.6
P-615862,2025-02,Coal,43.0,20.0,345.6,345.6
P-615862,2025-03,Coal,,20.0,345.6,345.6
P-615862,2025-04,Coal,45.0,20.0,345.6,345.6
P-615862,2025-05,Coal,46.0,20.0,345.6,345.6
P-615862,2025-06,Coal,47.0,20.0,345.6,345.6
P-615862,2025-07,Coal,47.0,20.0,345.6,345.6
P-615862,2025-08,Coal,49.0,20.0,345.6,345.6
P-615862,2025-09,Coal,50.0,21.0,345.6,345.6
P-615862,2025-10,Coal,51.0,21.0,345.6,345.6
P-615862,2025-11,Coal,52.0,21.0,345.6,345.6
P-615862,2025-12,Coal,53.0,21.0,345.6,345.6
P-615862,2026-01,Coal,54.0,28.0,345.6,345.6
P-615863,2025-08,Coal,58.0,95.0,484.5,484.5
P-615863,2025-09,Coal,59.0,96.0,484.5,484.5
P-615863,2025-10,Coal,60.0,97.0,484.5,484.5
P-615863,2025-11,Coal,61.0,97.0,484.5,484.5
P-615863,2025-12,Coal,62.0,97.0,484.5,484.5
P-615863,2026-01,Coal,63.0,97.0,484.5,484.5
P-615864,2025-07,Coal,121.0,77.0,489.62,489.62
P-615864,2025-08,Coal,117.0,77.0,489.62,489.62
P-615865,2025-01,Coal,89.0,63.0,442.42,442.42
P-615865,2025-02,Coal,90.0,63.0,442.42,442.42
P-615865,2025-03,Coal,91.0,63.0,442.42,442.42
P-615865,2025-04,Coal,92.0,63.0,442.42,442.42
P-615865,2025-05,Coal,93.0,63.0,442.42,442.42
P-615865,2025-06,Coal,94.0,63.0,442.42,442.42
P-615865,2025-07,Coal,94.0,63.0,442.42,442.42
P-615865,2025-08,Coal,96.0,63.0,442.42,442.42
P-615865,2025-09,Coal,97.0,63.0,442.42,442.42
P-615865,2025-10,Coal,98.0,63.0,442.42,442.42
P-615865,2025-11,Coal,99.0,63.0,442.42,442.42
P-615865,2025-12,Coal,100.0,63.0,442.42,442.42
P-615865,2026-01,Coal,101.0,63.0,442.42,442.42
P-615914,2025-01,Coal,,6.0,184.71,241.72
P-615914,2025-02,Coal,47.0,6.0,184.71,241.72
P-615914,2025-03,Coal,,6.0,184.71,241.72
P-615914,2025-04,Coal,49.0,6.0,184.71,241.72
P-615914,2025-05,Coal,50.0,6.0,184.71,241.72
P-615914,2025-06,Coal,51.0,6.0,184.71,241.72
P-615914,2025-07,Coal,52.0,6.0,184.71,184.71
P-615914,2025-08,Coal,53.0,6.0,184.71,184.71
P-615914,2025-09,Coal,54.0,5.0,184.71,184.71
P-615914,2025-10,Coal,55.0,5.0,184.71,184.71
P-615914,2025-11,Coal,56.0,5.0,184.71,184.71
P-615914,2025-12,Coal,57.0,5.0,184.71,184.71
P-615914,2026-01,Coal,58.0,5.0,184.71,184.71
P-615916,2025-01,Coal,10.0,17.0,1225.21,1428.25
P-615916,2025-02,Coal,11.0,17.0,1225.21,1428.25
P-615916,2025-03,Coal,12.0,17.0,1225.21,1428.25
P-615916,2025-04,Coal,13.0,17.0,1225.21,1428.25
P-615916,2025-05,Coal,14.0,17.0,1225.21,1428.25
P-615916,2025-06,Coal,15.0,17.0,1225.21,1428.25
P-615916,2025-07,Coal,15.0,1.0,1225.21,1225.21
P-615916,2025-08,Coal,16.0,1.0,1225.21,1225.21
P-615916,2025-09,Coal,17.0,1.0,1225.21,1225.21
P-615916,2025-10,Coal,18.0,2.0,1225.21,1225.21
P-615916,2025-11,Coal,19.0,2.0,1225.21,1225.21
P-615916,2025-12,Coal,20.0,2.0,1225.21,1225.21
P-615916,2026-01,Coal,21.0,2.0,1225.21,1225.21
P-615917,2025-01,Coal,,,973.07,1015.07
P-615917,2025-02,Coal,8.0,,973.07,1015.07
P-615917,2025-03,Coal,,,973.07,1015.07
P-615917,2025-04,Coal,10.0,,973.07,1015.07
P-615917,2025-05,Coal,11.0,,973.07,1015.07
P-615917,2025-06,Coal,12.0,,973.07,1015.07
P-615917,2025-07,Coal,13.0,0.0,973.07,973.07
P-615917,2025-08,Coal,14.0,0.0,973.07,973.07
P-615917,2025-09,Coal,25.0,0.0,973.07,973.07
P-615917,2025-10,Coal,26.0,0.0,973.07,973.07
P-615917,2025-11,Coal,27.0,0.0,973.07,973.07
P-615917,2025-12,Coal,28.0,0.0,973.07,973.07
P-615917,2026-01,Coal,29.0,0.0,973.07,973.07
P-615918,2025-01,Coal,,7.0,405.2,494.6
P-615918,2025-02,Coal,29.0,7.0,405.2,494.6
P-615918,2025-03,Coal,,7.0,405.2,494.6
P-615918,2025-04,Coal,31.0,7.0,405.2,494.6
P-615918,2025-05,Coal,32.0,7.0,405.2,494.6
P-615918,2025-06,Coal,33.0,7.0,405.2,494.6
P-615918,2025-07,Coal,34.0,8.0,405.2,405.2
P-615918,2025-08,Coal,102.0,8.0,405.2,405.2
P-615918,2025-09,Coal,103.0,7.0,405.2,405.2
P-615918,2025-10,Coal,104.0,7.0,405.2,405.2
P-615918,2025-11,Coal,105.0,7.0,405.2,405.2
P-615918,2025-12,Coal,106.0,7.0,405.2,405.2
P-615918,2026-01,Coal,107.0,7.0,405.2,405.2
P-615919,2025-01,Coal,7.0,,1024.91,1184.44
P-615919,2025-02,Coal,8.0,,1024.91,1184.44
P-615919,2025-03,Coal,9.0,,1024.91,1184.44
P-615919,2025-10,Coal,16.0,0.0,1024.91,1024.91
P-615919,2025-11,Coal,17.0,0.0,1024.91,1024.91
P-615919,2025-12,Coal,18.0,0.0,1024.91,1024.91
P-615919,2026-01,Coal,19.0,0.0,1024.91,1024.91
P-615982,2025-01,COAL,,98.0,319.76,319.76
P-615982,2025-02,COAL,102.0,98.0,319.76,319.76
P-615982,2025-03,COAL,103.0,98.0,319.76,319.76
P-615982,2025-08,COAL,108.0,79.0,319.75,319.75
P-615982,2025-09,COAL,109.0,79.0,319.75,319.75
P-615982,2025-10,COAL,110.0,79.0,319.75,319.75
P-615982,2025-11,COAL,111.0,79.0,319.75,319.75
P-615982,2025-12,COAL,112.0,79.0,319.75,319.75
P-615982,2026-01,COAL,113.0,79.0,319.75,319.75
P-616044,2025-01,Coal,,91.0,237.06,318.14
P-616044,2025-02,Coal,73.0,91.0,237.06,318.14
P-616044,2025-03,Coal,,91.0,237.06,318.14
P-616044,2025-08,Coal,79.0,87.0,237.06,237.06
P-616044,2025-09,Coal,82.0,87.0,237.06,237.06
P-616044,2025-10,Coal,83.0,87.0,237.06,237.06
P-616044,2025-11,Coal,84.0,87.0,237.06,237.06
P-616044,2025-12,Coal,85.0,87.0,237.06,237.06
P-616044,2026-01,Coal,86.0,87.0,237.06,237.06
P-616050,2025-01,Coal,76.0,87.0,235.9,313.34
P-616050,2025-02,Coal,77.0,87.0,235.9,313.34
P-616050,2025-03,Coal,78.0,87.0,235.9,313.34
P-616050,2025-08,Coal,83.0,98.0,235.9,235.9
P-616050,2025-09,Coal,84.0,98.0,235.9,235.9
P-616050,2025-10,Coal,85.0,98.0,235.9,235.9
P-616050,2025-11,Coal,86.0,98.0,235.9,235.9
P-616050,2025-12,Coal,87.0,98.0,235.9,235.9
P-616050,2026-01,Coal,88.0,98.0,235.9,235.9
P-616223,2025-01,Coal,,78.0,316.0,333.43
P-616223,2025-02,Coal,75.0,78.0,316.0,333.43
P-616223,2025-03,Coal,,78.0,316.0,333.43
P-616223,2025-08,Coal,81.0,86.0,316.0,316.0
P-616223,2025-09,Coal,82.0,86.0,316.0,316.0
P-616223,2025-10,Coal,83.0,86.0,316.0,316.0
P-616223,2025-11,Coal,84.0,86.0,316.0,316.0
P-616223,2025-12,Coal,85.0,86.0,316.0,316.0
P-616223,2026-01,Coal,86.0,86.0,316.0,316.0
P-616225,2025-01,Coal,,,979.08,979.08
P-616225,2025-02,Coal,14.0,,979.08,979.08
P-616225,2025-03,Coal,,,979.08,979.08
P-616225,2025-04,Coal,16.0,,979.08,979.08
P-616225,2025-05,Coal,17.0,,979.08,979.08
P-616225,2025-06,Coal,18.0,0.01,979.08,979.08
P-616225,2025-07,Coal,19.0,0.0,979.08,979.08
P-616225,2025-08,Coal,20.0,0.0,979.08,979.08
P-616225,2025-09,Coal,21.0,0.0,979.08,979.08
P-616225,2025-10,Coal,22.0,0.0,979.08,979.08
P-616225,2025-11,Coal,23.0,0.0,979.08,979.08
P-616225,2025-12,Coal,24.0,0.0,979.08,979.08
P-616225,2026-01,Coal,25.0,0.0,979.08,979.08
P-616226,2025-02,Coal,22.0,1.0,3563.5,3563.5
P-616226,2025-03,Coal,23.0,1.0,3563.5,3563.5
P-616226,2025-08,Coal,28.0,4.0,3563.5,3563.5
P-616226,2025-09,Coal,29.0,3.0,3563.5,3563.5
P-616226,2025-10,Coal,30.0,3.0,3563.5,3563.5
P-616226,2025-11,Coal,31.0,3.0,3563.5,3563.5
P-616226,2025-12,Coal,32.0,3.0,3563.5,3563.5
P-616226,2026-01,Coal,33.0,4.0,3563.5,3563.5
P-616227,2025-11,Railways,14.0,0.0,1932.01,1932.01
P-616227,2025-12,Railways,15.0,0.0,1932.01,1932.01
P-616227,2026-01,Railways,16.0,0.0,1932.01,1932.01
P-616229,2025-01,Coal,4.0,,668.54,871.59
P-616229,2025-02,Coal,5.0,,668.54,871.59
P-616229,2025-03,Coal,6.0,,668.54,871.59
P-616229,2025-10,Coal,13.0,0.0,668.54,668.54
P-616229,2025-11,Coal,14.0,0.0,668.54,668.54
P-616229,2025-12,Coal,15.0,0.0,668.54,668.54
P-616229,2026-01,Coal,16.0,0.0,668.54,668.54
P-616230,2025-01,Coal,,,1193.55,1193.55
P-616230,2025-02,Coal,3.0,,1193.55,1193.55
P-616230,2025-03,Coal,,,1193.55,1193.55
P-616230,2025-04,Coal,5.0,,1193.55,1193.55
P-616230,2025-05,Coal,6.0,,1193.55,1193.55
P-616230,2025-06,Coal,7.0,0.01,1193.55,1193.55
P-616230,2025-07,Coal,8.0,0.0,1193.55,1193.55
P-616230,2025-08,Coal,9.0,0.0,1193.55,1193.55
P-616230,2025-09,Coal,10.0,0.0,1193.55,1193.55
P-616230,2025-10,Coal,11.0,0.0,1193.55,1193.55
P-616230,2025-11,Coal,12.0,0.0,1193.55,1193.55
P-616230,2025-12,Coal,13.0,0.0,1193.55,1193.55
P-616230,2026-01,Coal,14.0,0.0,1193.55,1193.55
P-616231,2025-01,Coal,,,5366.28,5366.28
P-616231,2025-02,Coal,11.0,3.39,5366.28,5366.28
P-616231,2025-03,Coal,12.0,3.39,5366.28,5366.28
P-616231,2025-08,Coal,17.0,14.0,5366.27,5366.27
P-616231,2025-09,Coal,18.0,14.0,5366.27,5366.27
P-616231,2025-10,Coal,19.0,14.0,5366.27,5366.27
P-616231,2025-11,Coal,20.0,29.0,5366.27,5366.27
P-616231,2025-12,Coal,21.0,29.0,5366.27,5366.27
P-616231,2026-01,Coal,22.0,30.0,5366.27,5366.27
P-616232,2025-01,Coal,,,1561.85,1561.85
P-616232,2025-02,Coal,27.0,3.57,1561.85,1561.85
P-616232,2025-03,Coal,28.0,3.57,1561.85,1561.85
P-616232,2025-04,Coal,29.0,3.57,1561.85,1561.85
P-616232,2025-05,Coal,30.0,3.57,1561.85,1561.85
P-616232,2025-06,Coal,31.0,23.57,1561.85,1561.85
P-616232,2025-07,Coal,32.0,23.0,1561.85,1561.85
P-616232,2025-08,Coal,33.0,23.0,1561.85,1561.85
P-616232,2025-09,Coal,34.0,24.0,1561.85,1561.85
P-616232,2025-10,Coal,35.0,24.0,1561.85,1561.85
P-616232,2025-11,Coal,36.0,24.0,1561.85,1561.85
P-616232,2025-12,Coal,37.0,24.0,1561.85,1561.85
P-616232,2026-01,Coal,38.0,26.0,1561.85,1561.85
P-616233,2025-02,Coal,22.0,1.0,978.44,978.44
P-616233,2025-03,Coal,,1.0,978.44,978.44
P-616233,2025-04,Coal,24.0,1.86,978.44,978.44
P-616233,2025-05,Coal,25.0,1.86,978.44,978.44
P-616233,2025-06,Coal,26.0,7.68,978.44,978.44
P-616233,2025-07,Coal,27.0,8.0,978.44,978.44
P-616233,2025-08,Coal,28.0,11.0,978.44,978.44
P-616233,2025-09,Coal,29.0,11.0,978.44,978.44
P-616233,2025-10,Coal,30.0,11.0,978.44,978.44
P-616233,2025-11,Coal,31.0,12.0,978.44,978.44
P-616233,2025-12,Coal,32.0,12.0,978.44,978.44
P-616233,2026-01,Coal,33.0,12.0,978.44,978.44
P-616234,2025-01,Coal,,17.0,1624.59,1624.59
P-616234,2025-02,Coal,28.0,17.0,1624.59,1725.04
P-616234,2025-03,Coal,,17.0,1624.59,1725.04
P-616234,2025-04,Coal,30.0,17.0,1624.59,1725.04
P-616234,2025-05,Coal,31.0,17.0,1624.59,1725.04
P-616234,2025-06,Coal,32.0,17.0,1624.59,1725.04
P-616234,2025-07,Coal,33.0,17.0,1725.04,1725.04
P-616234,2025-08,Coal,34.0,17.0,1725.04,1725.04
P-616234,2025-09,Coal,35.0,40.0,1725.04,1725.04
P-616234,2025-10,Coal,36.0,40.0,1725.04,1725.04
P-616234,2025-11,Coal,37.0,40.0,1725.04,1725.04
P-616234,2025-12,Coal,38.0,40.0,1725.04,1725.04
P-616234,2026-01,Coal,39.0,40.0,1725.04,1725.04
P-616235,2025-01,Energy Storage,5.0,8.8,240.0,240.0
P-616235,2025-02,Energy Storage,6.0,14.7,240.0,240.0
P-616235,2025-03,Energy Storage,7.0,20.2,240.0,240.0
P-616235,2025-04,Energy Storage,8.0,25.5,240.0,240.0
P-616235,2025-05,Energy Storage,9.0,35.3,240.0,240.0
P-616235,2025-06,Energy Storage,10.0,42.8,240.0,240.0
P-616235,2025-07,Energy Storage,11.0,50.0,240.0,240.0
P-616235,2025-08,Energy Storage,12.0,59.0,240.0,240.0
P-616235,2025-09,Energy Storage,13.0,70.0,240.0,240.0
P-616235,2025-10,Energy Storage,14.0,77.0,240.0,240.0
P-616235,2025-11,Energy Storage,15.0,83.0,240.0,240.0
P-616236,2025-06,Coal,64.0,,414.37,414.37
P-616236,2025-07,Coal,65.0,26.0,414.37,414.37
P-616236,2025-08,Coal,66.0,33.0,414.37,414.37
P-616236,2025-09,Coal,67.0,32.0,414.37,414.37
P-616236,2025-10,Coal,68.0,32.0,414.37,414.37
P-616236,2025-11,Coal,69.0,32.0,414.37,414.37
P-616236,2025-12,Coal,70.0,33.0,414.37,414.37
P-616236,2026-01,Coal,71.0,33.0,414.37,414.37
P-616253,2025-02,Coal,11.0,1.63,5850.83,5850.83
P-616253,2025-03,Coal,,1.63,5850.83,5850.83
P-616253,2025-04,Coal,13.0,2.0,5850.83,5850.83
P-616253,2025-05,Coal,14.0,2.0,5850.83,5850.83
P-616253,2025-06,Coal,15.0,2.0,5850.83,5850.83
P-616253,2025-07,Coal,16.0,2.0,5850.83,5850.83
P-616253,2025-08,Coal,17.0,3.0,5850.83,5850.83
P-616253,2025-09,Coal,18.0,3.0,5850.83,5850.83
P-616253,2025-10,Coal,19.0,3.0,5850.83,5850.83
P-616253,2025-11,Coal,20.0,3.0,5850.83,5850.83
P-616253,2025-12,Coal,21.0,3.0,5850.83,5850.83
P-616253,2026-01,Coal,22.0,4.0,5850.83,5850.83
P-616254,2025-01,Energy Storage,,1.03,2212.0,2212.0
P-616254,2025-02,Energy Storage,5.0,1.52,2212.0,2212.0
P-616254,2025-03,Energy Storage,6.0,2.45,2212.0,2212.0
P-616254,2025-04,Energy Storage,7.0,3.65,2212.0,2212.0
P-616254,2025-05,Energy Storage,8.0,4.73,2212.0,2212.0
P-616254,2025-06,Energy Storage,9.0,6.03,2212.0,2212.0
P-616254,2025-07,Energy Storage,10.0,7.0,2212.0,2212.0
P-616254,2025-08,Energy Storage,11.0,8.0,2212.0,2212.0
P-616254,2025-09,Energy Storage,12.0,10.0,2212.0,2212.0
P-616254,2025-10,Energy Storage,13.0,11.0,2212.0,2212.0
P-616254,2025-11,Energy Storage,14.0,14.0,2212.0,2212.0
P-616254,2025-12,Energy Storage,15.0,21.0,2212.0,2212.0
P-616254,2026-01,Energy Storage,16.0,27.0,2212.0,2212.0
P-616586,2025-10,Railways,14.0,0.0,2269.49,2269.49
P-616586,2025-11,Railways,15.0,0.0,2269.49,2269.49
P-616586,2025-12,Railways,16.0,0.0,2269.49,2269.49
P-616586,2026-01,Railways,17.0,0.0,2269.49,2269.49
P-616587,2025-10,Railways,14.0,0.0,1875.72,1875.72
P-616587,2025-11,Railways,15.0,0.0,1875.72,1875.72
P-616587,2025-12,Railways,16.0,0.0,1875.72,1875.72
P-616587,2026-01,Railways,17.0,0.0,1875.72,1875.72
P-616588,2025-10,Railways,14.0,0.0,1459.13,1459.13
P-616588,2025-11,Railways,15.0,0.0,1459.13,1459.13
P-616588,2025-12,Railways,16.0,0.0,1459.13,1459.13
P-616588,2026-01,Railways,17.0,0.0,1459.13,1459.13
P-616594,2025-07,Telecommunication,27.0,69.0,842.25,842.25
P-616594,2025-08,Telecommunication,63.0,73.0,842.25,842.25
P-616594,2025-09,Telecommunication,64.0,73.0,842.25,842.25
P-616594,2025-10,Telecommunication,65.0,75.0,842.25,842.25
P-616594,2025-11,Telecommunication,66.0,77.0,842.25,842.25
P-616594,2025-12,Telecommunication,67.0,77.0,842.25,842.25
P-616594,2026-01,Telecommunication,68.0,79.0,842.25,842.25
P-616600,2025-01,Telecommunication,87.0,85.0,254.13,413.29
P-616600,2025-02,Telecommunication,88.0,88.0,254.13,413.29
P-616600,2025-03,Telecommunication,89.0,89.0,254.13,413.29
P-616600,2025-08,Telecommunication,94.0,97.0,413.29,413.29
P-616600,2025-09,Telecommunication,95.0,97.0,413.29,413.29
P-616600,2025-10,Telecommunication,96.0,97.0,413.29,413.29
P-616600,2025-11,Telecommunication,97.0,97.0,413.29,413.29
P-616600,2025-12,Telecommunication,98.0,97.0,413.29,413.29
P-616600,2026-01,Telecommunication,99.0,97.0,413.29,413.29
P-616604,2025-01,Telecommunication,80.0,89.0,160.0,154.73
P-616604,2025-02,Telecommunication,81.0,89.0,160.0,154.73
P-616604,2025-03,Telecommunication,82.0,89.0,160.0,154.73
P-616604,2025-08,Telecommunication,87.0,92.0,154.73,154.73
P-616604,2025-09,Telecommunication,88.0,92.0,154.73,154.73
P-616604,2025-10,Telecommunication,89.0,92.0,154.73,154.73
P-616604,2025-11,Telecommunication,90.0,92.0,154.73,154.73
P-616604,2025-12,Telecommunication,91.0,92.0,154.73,154.73
P-616604,2026-01,Telecommunication,92.0,93.0,154.73,154.73
P-616605,2025-07,Telecommunication,8.0,27.0,690.71,690.71
P-616605,2025-08,Telecommunication,63.0,27.0,690.71,690.71
P-616605,2025-09,Telecommunication,64.0,27.0,690.71,690.71
P-616605,2025-10,Telecommunication,65.0,34.0,690.71,690.71
P-616605,2025-11,Telecommunication,66.0,38.0,690.71,690.71
P-616605,2025-12,Telecommunication,67.0,41.0,690.71,690.71
P-616605,2026-01,Telecommunication,68.0,45.0,690.71,690.71
P-616611,2025-01,Telecommunication,89.0,50.0,824.0,824.0
P-616611,2025-02,Telecommunication,90.0,52.0,824.0,824.0
P-616611,2025-03,Telecommunication,91.0,54.0,824.0,824.0
P-616611,2025-04,Telecommunication,92.0,55.0,824.0,824.0
P-616611,2025-05,Telecommunication,93.0,55.0,824.0,824.0
P-616611,2025-06,Telecommunication,94.0,55.0,824.0,824.0
P-616611,2025-07,Telecommunication,72.0,55.0,824.0,824.0
P-616611,2025-08,Telecommunication,96.0,56.0,824.0,824.0
P-616611,2025-09,Telecommunication,97.0,56.0,824.0,824.0
P-616611,2025-10,Telecommunication,98.0,56.0,824.0,824.0
P-616611,2025-11,Telecommunication,99.0,56.0,824.0,824.0
P-616612,2025-01,Telecommunication,89.0,48.0,578.89,578.89
P-616612,2025-02,Telecommunication,90.0,51.0,578.89,578.89
P-616612,2025-03,Telecommunication,91.0,52.0,578.89,578.89
P-616612,2025-04,Telecommunication,92.0,52.0,578.89,578.89
P-616612,2025-05,Telecommunication,93.0,52.0,578.89,578.89
P-616612,2025-06,Telecommunication,94.0,53.0,578.89,578.89
P-616612,2025-07,Telecommunication,72.0,53.0,578.89,578.89
P-616612,2025-08,Telecommunication,96.0,54.0,578.89,578.89
P-616612,2025-09,Telecommunication,97.0,54.0,578.89,578.89
P-616612,2025-10,Telecommunication,98.0,54.0,578.89,578.89
P-616612,2025-11,Telecommunication,99.0,54.0,578.89,578.89
P-616612,2025-12,Telecommunication,100.0,54.0,578.89,578.89
P-616612,2026-01,Telecommunication,101.0,54.0,578.89,578.89
P-616615,2025-01,Telecommunication,82.0,96.0,230.06,230.06
P-616615,2025-02,Telecommunication,83.0,96.0,230.06,230.06
P-616615,2025-03,Telecommunication,84.0,96.0,230.06,230.06
P-616615,2025-08,Telecommunication,185.0,97.0,230.06,230.06
P-616615,2025-09,Telecommunication,186.0,97.0,230.06,230.06
P-616615,2025-10,Telecommunication,187.0,97.0,230.06,230.06
P-616615,2025-11,Telecommunication,188.0,97.0,230.06,230.06
P-616615,2025-12,Telecommunication,189.0,97.0,230.06,230.06
P-616615,2026-01,Telecommunication,190.0,97.0,230.06,230.06
P-616616,2025-01,Telecommunication,82.0,92.0,305.19,305.19
P-616616,2025-02,Telecommunication,83.0,93.0,305.19,305.19
P-616616,2025-03,Telecommunication,84.0,95.0,305.19,305.19
P-616616,2025-08,Telecommunication,185.0,95.0,305.19,305.19
P-616616,2025-09,Telecommunication,186.0,95.0,305.19,305.19
P-616616,2025-10,Telecommunication,187.0,95.0,305.19,305.19
P-616616,2025-11,Telecommunication,188.0,95.0,305.19,305.19
P-616616,2025-12,Telecommunication,189.0,95.0,305.19,305.19
P-616616,2026-01,Telecommunication,190.0,95.0,305.19,305.19
P-616670,2025-04,Electricity Generation,4.0,,5846.0,5846.0
P-616670,2025-05,Electricity Generation,5.0,,5846.0,5846.0
P-616670,2025-10,Electricity Generation,10.0,9.0,5846.0,5846.0
P-616670,2025-11,Electricity Generation,11.0,11.0,5846.0,5846.0
P-616670,2025-12,Electricity Generation,12.0,15.0,5846.0,5846.0
P-616670,2026-01,Electricity Generation,13.0,18.0,5846.0,5846.0
P-616671,2025-08,Electricity Generation,7.0,6.0,548.0,548.0
P-616671,2025-09,Electricity Generation,8.0,7.0,548.0,548.0
P-616671,2025-10,Electricity Generation,9.0,9.0,548.0,548.0
P-616671,2025-11,Electricity Generation,10.0,11.0,548.0,548.0
P-616671,2025-12,Electricity Generation,11.0,12.0,548.0,548.0
P-616671,2026-01,Electricity Generation,12.0,14.0,548.0,548.0
P-616672,2025-08,Electricity Generation,7.0,0.0,1354.0,1354.0
P-616672,2025-09,Electricity Generation,8.0,0.0,1354.0,1354.0
P-616672,2025-10,Electricity Generation,9.0,1.0,1354.0,1354.0
P-616672,2025-11,Electricity Generation,10.0,1.0,1354.0,1354.0
P-616672,2025-12,Electricity Generation,11.0,6.0,1354.0,1354.0
P-616672,2026-01,Electricity Generation,12.0,8.0,1354.0,1354.0
P-616691,2025-10,Healthcare,196.0,88.0,260.13,260.13
P-616691,2025-11,Healthcare,203.0,89.0,260.13,260.13
P-616691,2025-12,Healthcare,204.0,89.0,260.13,260.13
P-616691,2026-01,Healthcare,205.0,89.0,260.13,260.13
P-616694,2025-12,Railways,32.0,2.0,200.77,200.77
P-616694,2026-01,Railways,33.0,2.0,200.77,200.77
P-616695,2025-07,Railways,3.0,0.0,300.15,300.15
P-616695,2025-08,Railways,24.0,0.0,300.15,300.15
P-616695,2025-09,Railways,25.0,0.0,300.15,300.15
P-616695,2025-10,Railways,26.0,0.0,300.15,300.15
P-616695,2025-11,Railways,27.0,0.0,300.15,300.15
P-616695,2025-12,Railways,28.0,5.0,300.15,300.15
P-616695,2026-01,Railways,29.0,5.0,300.15,300.15
P-616697,2025-07,Railways,16.0,16.0,154.28,154.28
P-616697,2025-08,Railways,17.0,16.0,154.28,154.28
P-616697,2025-09,Railways,29.0,18.0,154.28,154.28
P-616697,2025-10,Railways,30.0,21.0,154.28,154.28
P-616697,2025-11,Railways,31.0,32.0,154.28,154.28
P-616697,2025-12,Railways,32.0,38.0,154.28,154.28
P-616697,2026-01,Railways,33.0,60.0,154.28,154.28
P-616699,2025-07,Railways,23.0,10.0,12333.57,12333.6
P-616699,2025-08,Railways,24.0,11.0,12333.57,12333.6
P-616699,2025-09,Railways,25.0,12.0,12333.57,12333.6
P-616699,2025-10,Railways,26.0,13.0,12333.57,12333.6
P-616699,2025-11,Railways,27.0,13.0,12333.57,12333.6
P-616699,2025-12,Railways,28.0,14.0,12333.57,12333.6
P-616699,2026-01,Railways,29.0,15.0,12333.57,12333.6
P-616701,2025-07,Railways,6.0,0.0,2123.7,2123.7
P-616701,2025-08,Railways,7.0,0.0,2123.7,2123.7
P-616701,2025-09,Railways,19.0,0.0,2123.7,2123.7
P-616701,2025-10,Railways,20.0,0.0,2123.7,2123.7
P-616701,2025-11,Railways,21.0,0.0,2123.7,2123.7
P-616701,2025-12,Railways,22.0,0.0,2123.7,2123.7
P-616701,2026-01,Railways,23.0,1.0,2123.7,2123.7
P-616841,2025-07,Railways,17.0,3.0,799.64,799.64
P-616841,2025-08,Railways,18.0,4.0,799.64,799.64
P-616841,2025-09,Railways,19.0,4.0,799.64,799.64
P-616841,2025-10,Railways,20.0,4.0,799.64,799.64
P-616841,2025-11,Railways,21.0,4.0,799.64,799.64
P-616841,2025-12,Railways,22.0,6.0,799.64,799.64
P-616841,2026-01,Railways,23.0,6.0,799.64,799.64
P-616842,2025-07,Railways,17.0,7.0,3085.59,3085.59
P-616842,2025-08,Railways,18.0,7.0,3085.59,3085.59
P-616842,2025-09,Railways,19.0,12.0,3085.59,3085.59
P-616842,2025-10,Railways,20.0,13.0,3085.59,3085.59
P-616842,2025-11,Railways,21.0,13.0,3085.59,3085.59
P-616842,2025-12,Railways,22.0,13.0,3085.59,3085.59
P-616842,2026-01,Railways,23.0,18.0,3085.59,3085.59
P-616843,2025-07,Railways,17.0,5.0,1634.79,1634.79
P-616843,2025-08,Railways,18.0,6.0,1634.79,1634.79
P-616843,2025-09,Railways,19.0,6.0,1634.79,1634.79
P-616843,2025-10,Railways,20.0,7.0,1634.79,1634.79
P-616843,2025-11,Railways,21.0,7.0,1634.79,1634.79
P-616843,2025-12,Railways,22.0,9.0,1634.79,1634.79
P-616843,2026-01,Railways,23.0,10.0,1634.79,1634.79
P-616856,2025-10,Railways,26.0,0.0,770.12,770.12
P-616856,2025-11,Railways,27.0,0.0,770.12,770.12
P-616856,2025-12,Railways,28.0,0.0,770.12,770.12
P-616856,2026-01,Railways,29.0,0.0,770.12,770.12
P-616857,2025-07,Railways,4.0,1.0,1595.55,1595.55
P-616857,2025-08,Railways,5.0,1.0,1595.55,1595.55
P-616857,2025-09,Railways,19.0,1.0,1595.55,1595.55
P-616857,2025-10,Railways,20.0,1.0,1595.55,1595.55
P-616857,2025-11,Railways,21.0,1.0,1595.55,1595.55
P-616857,2025-12,Railways,22.0,2.0,1595.55,1595.55
P-616857,2026-01,Railways,23.0,2.0,1595.55,1595.55
P-616858,2025-01,Energy Storage,49.0,75.35,430.76,430.76
P-616858,2025-02,Energy Storage,50.0,80.06,430.76,430.76
P-616858,2025-03,Energy Storage,51.0,81.97,430.76,430.76
P-616858,2025-04,Energy Storage,52.0,83.56,430.76,430.76
P-616858,2025-05,Energy Storage,53.0,83.66,430.76,430.76
P-616858,2025-06,Energy Storage,54.0,83.94,430.76,430.76
P-616858,2025-07,Energy Storage,55.0,85.0,430.76,430.76
P-616858,2025-08,Energy Storage,56.0,85.0,430.76,430.76
P-616858,2025-09,Energy Storage,57.0,86.0,430.76,430.76
P-616858,2025-10,Energy Storage,58.0,87.0,430.76,430.76
P-616858,2025-11,Energy Storage,59.0,88.0,430.76,430.76
P-616858,2025-12,Energy Storage,60.0,89.0,430.76,430.76
P-616858,2026-01,Energy Storage,61.0,89.0,430.76,430.76
P-616879,2025-01,Energy Storage,10.0,1.2,364.0,364.0
P-616879,2025-02,Energy Storage,11.0,2.2,364.0,364.0
P-616879,2025-03,Energy Storage,12.0,2.2,364.0,364.0
P-616879,2025-08,Energy Storage,17.0,12.0,364.0,364.0
P-616879,2025-09,Energy Storage,18.0,15.0,364.0,364.0
P-616879,2025-10,Energy Storage,19.0,19.0,364.0,364.0
P-616879,2025-11,Energy Storage,20.0,22.0,364.0,364.0
P-616879,2025-12,Energy Storage,21.0,26.0,364.0,364.0
P-616879,2026-01,Energy Storage,22.0,35.0,364.0,364.0
P-616886,2025-07,Education,6.0,15.0,373.0,373.0
P-616886,2025-08,Education,7.0,15.0,373.0,373.0
P-616886,2025-09,Education,12.0,15.0,373.0,373.0
P-616886,2025-10,Education,13.0,16.0,373.0,373.0
P-616886,2025-11,Education,14.0,20.0,373.0,373.0
P-616886,2025-12,Education,15.0,10.0,373.0,373.0
P-616886,2026-01,Education,16.0,10.0,373.0,373.0
P-616933,2025-02,Energy Storage,2.0,3.2,4679.0,4679.0
P-616933,2025-03,Energy Storage,3.0,3.4,4679.0,4679.0
P-616933,2025-04,Energy Storage,4.0,4.1,4679.0,4679.0
P-616933,2025-05,Energy Storage,5.0,4.2,4679.0,4679.0
P-616933,2025-06,Energy Storage,6.0,4.2,4679.0,4679.0
P-616933,2025-07,Energy Storage,7.0,4.0,4679.0,4679.0
P-616933,2025-08,Energy Storage,8.0,5.0,4679.0,4679.0
P-616933,2025-09,Energy Storage,9.0,5.0,4679.0,4679.0
P-616933,2025-10,Energy Storage,10.0,5.0,4679.0,4679.0
P-616933,2025-11,Energy Storage,11.0,6.0,4679.0,4679.0
P-616933,2025-12,Energy Storage,12.0,7.0,4679.0,4679.0
P-616933,2026-01,Energy Storage,13.0,8.0,4679.0,4679.0
P-616950,2025-07,Energy Storage,10.0,17.0,1486.4,1486.4
P-616950,2025-08,Energy Storage,11.0,19.0,1486.4,1486.4
P-616950,2025-09,Energy Storage,12.0,21.0,1486.4,1486.4
P-616950,2025-10,Energy Storage,13.0,23.0,1486.4,1486.4
P-616950,2025-11,Energy Storage,14.0,24.0,1486.4,1486.4
P-616950,2025-12,Energy Storage,15.0,30.0,1486.4,1486.4
P-616950,2026-01,Energy Storage,16.0,35.0,1486.4,1486.4
P-617068,2025-08,Electricity Generation,6.0,0.0,288.0,288.0
P-617068,2025-09,Electricity Generation,7.0,0.0,288.0,288.0
P-617068,2025-10,Electricity Generation,8.0,1.0,288.0,288.0
P-617068,2025-11,Electricity Generation,9.0,1.0,288.0,288.0
P-617068,2025-12,Electricity Generation,10.0,3.0,288.0,288.0
P-617068,2026-01,Electricity Generation,11.0,4.0,288.0,288.0
P-617069,2025-08,Electricity Generation,6.0,1.0,466.0,466.0
P-617069,2025-09,Electricity Generation,7.0,1.0,466.0,466.0
P-617069,2025-10,Electricity Generation,8.0,2.0,466.0,466.0
P-617069,2025-11,Electricity Generation,9.0,1.0,466.0,466.0
P-617069,2025-12,Electricity Generation,10.0,1.0,466.0,466.0
P-617069,2026-01,Electricity Generation,11.0,2.0,466.0,466.0
P-617179,2025-10,Electricity Generation,15.0,0.0,218.6,218.6
P-617179,2025-11,Electricity Generation,16.0,0.0,218.6,218.6
P-617179,2025-12,Electricity Generation,17.0,0.0,218.6,218.6
P-617179,2026-01,Electricity Generation,18.0,1.0,218.6,218.6
P-617181,2025-04,Electricity Generation,1.0,,404.0,404.0
P-617181,2025-05,Electricity Generation,2.0,,404.0,428.0
P-617181,2025-10,Electricity Generation,7.0,1.0,404.0,404.0
P-617181,2025-11,Electricity Generation,8.0,1.0,404.0,404.0
P-617181,2025-12,Electricity Generation,9.0,2.0,404.0,404.0
P-617181,2026-01,Electricity Generation,10.0,3.0,404.0,404.0
P-617182,2025-04,Electricity Generation,1.0,,172.0,172.0
P-617182,2025-05,Electricity Generation,2.0,,172.0,172.0
P-617182,2025-06,Electricity Generation,3.0,,172.0,172.0
P-617182,2025-07,Electricity Generation,4.0,0.0,172.0,172.0
P-617182,2025-08,Electricity Generation,5.0,3.0,172.0,172.0
P-617182,2025-09,Electricity Generation,6.0,3.0,172.0,172.0
P-617182,2025-10,Electricity Generation,7.0,15.0,172.0,172.0
P-617182,2025-11,Electricity Generation,8.0,18.0,172.0,172.0
P-617182,2025-12,Electricity Generation,9.0,19.0,172.0,172.0
P-617182,2026-01,Electricity Generation,10.0,21.0,172.0,172.0
P-617183,2025-08,Electricity Generation,5.0,0.0,2886.0,2886.0
P-617183,2025-09,Electricity Generation,6.0,0.0,2886.0,2886.0
P-617183,2025-10,Electricity Generation,7.0,1.0,2886.0,2886.0
P-617183,2025-11,Electricity Generation,8.0,7.0,2886.0,2886.0
P-617183,2025-12,Electricity Generation,9.0,4.0,2886.0,2886.0
P-617183,2026-01,Electricity Generation,10.0,12.0,2886.0,2886.0
P-617184,2025-08,Electricity Generation,5.0,0.0,3453.0,3453.0
P-617184,2025-09,Electricity Generation,6.0,0.0,3453.0,3453.0
P-617184,2025-10,Electricity Generation,7.0,1.0,3453.0,3453.0
P-617184,2025-11,Electricity Generation,8.0,1.0,3453.0,3453.0
P-617184,2025-12,Electricity Generation,9.0,3.0,3453.0,3453.0
P-617184,2026-01,Electricity Generation,10.0,6.0,3453.0,3453.0
P-617185,2025-04,Electricity Generation,1.0,,5000.0,5000.0
P-617185,2025-05,Electricity Generation,2.0,,5000.0,5000.0
P-617185,2025-06,Electricity Generation,3.0,,5000.0,5000.0
P-617185,2025-07,Electricity Generation,4.0,0.0,5550.0,5550.0
P-617185,2025-08,Electricity Generation,5.0,0.0,5550.0,5550.0
P-617185,2025-09,Electricity Generation,6.0,0.0,5550.0,5550.0
P-617185,2025-10,Electricity Generation,7.0,1.0,5550.0,5550.0
P-617185,2025-11,Electricity Generation,8.0,1.0,5550.0,5550.0
P-617186,2025-04,Electricity Generation,1.0,,5028.0,5028.0
P-617186,2025-05,Electricity Generation,2.0,,5028.0,5028.0
P-617186,2025-06,Electricity Generation,3.0,,5028.0,5028.0
P-617186,2025-07,Electricity Generation,4.0,1.0,5028.0,5028.0
P-617186,2025-08,Electricity Generation,5.0,1.0,5028.0,5028.0
P-617186,2025-09,Electricity Generation,6.0,1.0,5028.0,5028.0
P-617186,2025-10,Electricity Generation,7.0,2.0,5028.0,5028.0
P-617186,2025-11,Electricity Generation,8.0,5.0,5028.0,5028.0
P-617188,2025-07,Electricity Generation,10.0,0.0,9791.0,9791.0
P-617188,2025-08,Electricity Generation,11.0,0.0,9791.0,9791.0
P-617188,2025-09,Electricity Generation,12.0,8.0,9791.0,9791.0
P-617188,2025-10,Electricity Generation,13.0,8.0,9791.0,9791.0
P-617188,2025-11,Electricity Generation,14.0,8.0,9791.0,9791.0
P-617188,2025-12,Electricity Generation,15.0,8.0,9791.0,9791.0
P-617188,2026-01,Electricity Generation,16.0,8.0,9791.0,9791.0
P-617200,2025-10,Railways,6.0,0.0,7853.84,7853.84
P-617200,2025-11,Railways,7.0,0.0,7853.84,7853.84
P-617200,2025-12,Railways,8.0,0.0,7853.84,7853.84
P-617200,2026-01,Railways,9.0,0.0,7853.84,7853.84
P-617201,2025-11,Railways,7.0,0.0,4373.04,4373.04
P-617201,2025-12,Railways,8.0,0.0,4373.04,4373.04
P-617201,2026-01,Railways,9.0,0.0,4373.04,4373.04
P-617206,2025-07,Urban Public Transport,6.0,0.0,6230.99,6230.99
P-617206,2025-08,Urban Public Transport,7.0,0.0,6230.99,6230.99
P-617206,2025-09,Urban Public Transport,8.0,0.0,6230.99,6230.99
P-617206,2025-10,Urban Public Transport,9.0,0.0,6230.99,6230.99
P-617206,2025-11,Urban Public Transport,10.0,0.0,6230.99,6230.99
P-617206,2025-12,Urban Public Transport,11.0,0.0,6230.99,6230.99
P-617206,2026-01,Urban Public Transport,12.0,0.0,6230.99,6230.99
P-617207,2025-07,Urban Public Transport,16.0,0.0,8399.81,8399.81
P-617207,2025-08,Urban Public Transport,17.0,0.0,8399.81,8399.81
P-617207,2025-09,Urban Public Transport,18.0,0.0,8399.81,8399.81
P-617207,2025-10,Urban Public Transport,19.0,0.0,8399.81,8399.81
P-617207,2025-11,Urban Public Transport,20.0,0.0,8399.81,8399.81
P-617207,2025-12,Urban Public Transport,21.0,0.0,8399.81,8399.81
P-617207,2026-01,Urban Public Transport,22.0,0.0,8399.81,8399.81
P-617210,2025-10,Railways,6.0,0.0,1215.56,1215.56
P-617210,2025-11,Railways,7.0,0.0,1215.56,1215.56
P-617210,2025-12,Railways,8.0,0.0,1215.56,1215.56
P-617210,2026-01,Railways,9.0,0.0,1215.56,1215.56
P-617211,2025-07,Railways,23.0,1.0,2853.23,2853.23
P-617211,2025-08,Railways,24.0,1.0,2853.23,2853.23
P-617211,2025-09,Railways,25.0,1.0,2853.23,2853.23
P-617211,2025-10,Railways,26.0,1.0,2853.23,2853.23
P-617211,2025-11,Railways,27.0,1.0,2853.23,2853.23
P-617211,2025-12,Railways,28.0,2.0,2853.23,2853.23
P-617211,2026-01,Railways,29.0,2.0,2853.23,2853.23
P-617212,2025-07,Railways,23.0,0.0,4686.09,4686.09
P-617212,2025-08,Railways,24.0,0.0,4686.09,4686.09
P-617212,2025-09,Railways,25.0,0.0,4686.09,4686.09
P-617212,2025-10,Railways,26.0,1.0,4686.09,4686.09
P-617212,2025-11,Railways,27.0,1.0,4686.09,4686.09
P-617212,2025-12,Railways,28.0,2.0,4686.09,4686.09
P-617212,2026-01,Railways,29.0,2.0,4686.09,4686.09
P-617213,2025-12,Railways,14.0,0.0,2464.46,2464.46
P-617213,2026-01,Railways,15.0,0.0,2464.46,2464.46
P-617214,2025-10,Railways,11.0,0.0,2047.4,2047.4
P-617214,2025-11,Railways,12.0,0.0,2047.4,2047.4
P-617214,2025-12,Railways,13.0,0.0,2047.4,2047.4
P-617214,2026-01,Railways,14.0,0.0,2047.4,2047.4
P-617215,2025-07,Railways,19.0,0.0,769.93,769.93
P-617215,2025-08,Railways,20.0,0.0,769.93,769.93
P-617215,2025-09,Railways,21.0,0.0,769.93,769.93
P-617215,2025-10,Railways,22.0,0.0,769.93,769.93
P-617215,2025-11,Railways,23.0,0.0,769.93,769.93
P-617215,2025-12,Railways,24.0,0.0,769.93,769.93
P-617215,2026-01,Railways,25.0,0.0,769.93,769.93
P-617216,2025-10,Railways,12.0,0.0,877.34,877.34
P-617216,2025-11,Railways,13.0,0.0,877.34,877.34
P-617216,2025-12,Railways,14.0,0.0,877.34,877.34
P-617216,2026-01,Railways,15.0,0.0,877.34,877.34
P-617221,2025-07,Education,3.0,0.0,210.99,210.99
P-617221,2025-08,Education,12.0,0.0,210.99,210.99
P-617221,2025-09,Education,13.0,6.0,210.99,210.99
P-617221,2025-10,Education,14.0,0.0,210.99,210.99
P-617221,2025-11,Education,15.0,13.0,210.99,210.99
P-617221,2025-12,Education,16.0,19.0,210.99,210.99
P-617221,2026-01,Education,17.0,24.0,210.99,210.99
P-617224,2025-07,Railways,16.0,20.0,1120.0,1120.0
P-617224,2025-08,Railways,17.0,20.0,1120.0,1120.0
P-617224,2025-09,Railways,25.0,21.0,1120.0,1120.0
P-617224,2025-10,Railways,26.0,26.0,1120.0,1120.0
P-617224,2025-11,Railways,27.0,26.0,1120.0,1120.0
P-617224,2025-12,Railways,28.0,26.0,1120.0,1120.0
P-617224,2026-01,Railways,29.0,26.0,1120.0,1120.0
P-617225,2025-01,Urban Public Transport,15.0,9.1,910.18,910.18
P-617225,2025-02,Urban Public Transport,16.0,10.34,910.18,910.18
P-617225,2025-03,Urban Public Transport,17.0,12.05,910.18,910.18
P-617225,2025-04,Urban Public Transport,18.0,14.97,910.18,910.18
P-617225,2025-05,Urban Public Transport,19.0,16.99,910.18,910.18
P-617225,2025-06,Urban Public Transport,20.0,19.08,910.18,910.18
P-617225,2025-07,Urban Public Transport,21.0,21.0,910.18,910.18
P-617225,2025-08,Urban Public Transport,22.0,22.0,910.18,910.18
P-617225,2025-09,Urban Public Transport,23.0,23.0,910.18,910.18
P-617225,2025-10,Urban Public Transport,24.0,26.0,910.18,910.18
P-617225,2025-11,Urban Public Transport,25.0,28.0,910.18,910.18
P-617225,2025-12,Urban Public Transport,26.0,32.0,910.18,910.18
P-617225,2026-01,Urban Public Transport,27.0,35.0,910.18,910.18
P-617226,2025-01,Urban Public Transport,4.0,1.0,2954.53,2954.53
P-617226,2025-02,Urban Public Transport,5.0,1.0,2954.53,2954.53
P-617226,2025-03,Urban Public Transport,6.0,1.0,2954.53,2954.53
P-617226,2025-04,Urban Public Transport,7.0,2.0,2954.53,2954.53
P-617226,2025-05,Urban Public Transport,8.0,2.15,2954.53,2954.53
P-617226,2025-06,Urban Public Transport,9.0,2.91,2954.53,2954.53
P-617226,2025-07,Urban Public Transport,10.0,3.0,2954.53,2954.53
P-617226,2025-08,Urban Public Transport,11.0,3.0,2954.53,2954.53
P-617226,2025-09,Urban Public Transport,12.0,3.0,2954.53,2954.53
P-617226,2025-10,Urban Public Transport,13.0,3.0,2954.53,2954.53
P-617226,2025-11,Urban Public Transport,14.0,4.0,2954.53,2954.53
P-617226,2025-12,Urban Public Transport,15.0,4.0,2954.53,2954.53
P-617226,2026-01,Urban Public Transport,16.0,4.0,2954.53,2954.53
P-617231,2025-10,Railways,16.0,0.0,611.74,611.74
P-617231,2025-11,Railways,17.0,0.0,611.74,611.74
P-617231,2025-12,Railways,18.0,0.0,611.74,611.74
P-617231,2026-01,Railways,19.0,0.0,611.74,611.74
P-617233,2025-06,Coal,5.0,,379.3,379.3
P-617233,2025-07,Coal,6.0,0.0,379.3,379.3
P-617233,2025-08,Coal,19.0,0.0,379.3,379.3
P-617233,2025-09,Coal,20.0,0.0,379.3,379.3
P-617233,2025-10,Coal,21.0,0.0,379.3,379.3
P-617233,2025-11,Coal,22.0,0.0,379.3,379.3
P-617233,2025-12,Coal,23.0,0.0,379.3,379.3
P-617233,2026-01,Coal,24.0,0.0,379.3,379.3
P-617242,2025-04,Steel,7.0,4.5,2115.44,2115.44
P-617242,2025-05,Steel,8.0,10.16,2115.44,2115.44
P-617242,2025-06,Steel,9.0,19.97,2115.44,2115.44
P-617242,2025-07,Steel,9.0,24.0,2115.44,2115.44
P-617242,2025-08,Steel,11.0,27.0,2115.44,2115.44
P-617242,2025-09,Steel,14.0,29.0,2115.44,2115.44
P-617242,2025-10,Steel,15.0,32.0,2115.44,2115.44
P-617242,2025-11,Steel,16.0,37.0,2115.44,2115.44
P-617242,2025-12,Steel,17.0,41.0,2115.44,2115.44
P-617242,2026-01,Steel,18.0,45.0,2115.44,2115.44
P-617243,2025-04,Steel,9.0,4.55,198.62,198.62
P-617243,2025-05,Steel,10.0,5.74,198.62,198.62
P-617243,2025-06,Steel,11.0,6.76,198.62,198.62
P-617243,2025-07,Steel,11.0,8.0,198.62,198.62
P-617243,2025-08,Steel,13.0,10.0,198.62,198.62
P-617243,2025-09,Steel,14.0,12.0,198.62,198.62
P-617243,2025-10,Steel,15.0,15.0,198.62,198.62
P-617243,2025-11,Steel,16.0,20.0,198.62,198.62
P-617243,2025-12,Steel,17.0,35.0,198.62,198.62
P-617243,2026-01,Steel,18.0,40.0,198.62,198.62
P-617245,2025-12,Railways,40.0,60.0,942.64,942.64
P-617245,2026-01,Railways,41.0,63.0,942.64,942.64
P-617246,2025-04,Steel,7.0,1.8,758.09,758.09
P-617246,2025-05,Steel,8.0,202.0,758.09,758.09
P-617246,2025-06,Steel,9.0,2.5,758.09,758.09
P-617246,2025-07,Steel,9.0,3.0,758.09,758.09
P-617246,2025-08,Steel,11.0,4.0,758.09,758.09
P-617246,2025-09,Steel,12.0,6.0,758.09,758.09
P-617246,2025-10,Steel,13.0,7.0,758.09,758.09
P-617246,2025-11,Steel,14.0,8.0,758.09,758.09
P-617248,2025-04,Steel,5.0,18.98,227.96,227.96
P-617248,2025-05,Steel,6.0,28.26,227.96,227.96
P-617248,2025-06,Steel,7.0,29.0,227.96,227.96
P-617248,2025-07,Steel,7.0,29.0,227.96,227.96
P-617248,2025-08,Steel,8.0,29.0,227.96,227.96
P-617248,2025-09,Steel,10.0,31.0,227.96,227.96
P-617248,2025-10,Steel,11.0,33.0,227.96,227.96
P-617248,2025-11,Steel,12.0,34.0,227.96,227.96
P-617248,2025-12,Steel,13.0,39.0,227.96,227.96
P-617248,2026-01,Steel,14.0,46.0,227.96,227.96
P-617249,2025-04,Steel,3.0,,211.94,211.94
P-617249,2025-05,Steel,4.0,,211.94,211.94
P-617249,2025-06,Steel,5.0,,211.94,211.94
P-617249,2025-07,Steel,5.0,6.0,211.94,211.94
P-617249,2025-08,Steel,7.0,10.0,211.94,211.94
P-617249,2025-09,Steel,8.0,10.0,211.94,211.94
P-617249,2025-10,Steel,9.0,11.0,211.94,211.94
P-617249,2025-11,Steel,10.0,16.0,211.94,211.94
P-617249,2025-12,Steel,11.0,16.0,211.94,211.94
P-617249,2026-01,Steel,12.0,24.0,211.94,211.94
P-617250,2025-04,Steel,3.0,,207.13,207.13
P-617250,2025-05,Steel,4.0,1.0,207.13,207.13
P-617250,2025-06,Steel,5.0,5.0,207.13,207.13
P-617250,2025-07,Steel,5.0,6.0,207.13,207.13
P-617250,2025-08,Steel,6.0,8.0,207.13,207.13
P-617250,2025-09,Steel,8.0,8.0,207.13,207.13
P-617250,2025-10,Steel,9.0,8.0,207.13,207.13
P-617250,2025-11,Steel,10.0,11.0,207.13,207.13
P-617250,2025-12,Steel,11.0,12.0,207.13,207.13
P-617250,2026-01,Steel,12.0,14.0,207.13,207.13
P-617251,2025-04,Steel,5.0,0.8,196.4,196.4
P-617251,2025-05,Steel,6.0,0.9,196.4,196.4
P-617251,2025-06,Steel,7.0,1.0,196.4,196.4
P-617251,2025-07,Steel,7.0,2.0,196.4,196.4
P-617251,2025-08,Steel,9.0,3.0,196.4,196.4
P-617251,2025-09,Steel,14.0,3.0,196.4,196.4
P-617251,2025-10,Steel,15.0,5.0,196.4,196.4
P-617251,2025-11,Steel,16.0,6.0,196.4,196.4
P-617251,2025-12,Steel,17.0,8.0,196.4,196.4
P-617251,2026-01,Steel,18.0,9.0,196.4,196.4
P-617252,2025-07,Railways,20.0,23.0,958.27,958.27
P-617252,2025-08,Railways,22.0,23.0,958.27,958.27
P-617252,2025-09,Railways,23.0,23.0,958.27,958.27
P-617252,2025-10,Railways,24.0,23.0,958.27,958.27
P-617252,2025-11,Railways,25.0,23.0,958.27,958.27
P-617252,2025-12,Railways,26.0,23.0,958.27,958.27
P-617252,2026-01,Railways,27.0,23.0,958.27,958.27
P-617253,2025-05,Steel,20.0,64.0,513.82,513.82
P-617253,2025-06,Steel,21.0,67.0,513.82,513.82
P-617253,2025-07,Steel,21.0,69.0,513.82,513.82
P-617253,2025-08,Steel,23.0,71.0,513.82,513.82
P-617253,2025-09,Steel,25.0,73.0,513.82,513.82
P-617253,2025-10,Steel,26.0,74.0,513.82,513.82
P-617253,2025-11,Steel,27.0,76.0,513.82,513.82
P-617253,2025-12,Steel,28.0,76.0,513.82,513.82
P-617253,2026-01,Steel,29.0,84.0,513.82,513.82
P-617254,2025-01,Steel,14.0,57.73,884.1,884.1
P-617254,2025-02,Steel,15.0,61.25,884.1,884.1
P-617254,2025-03,Steel,16.0,63.7,884.1,884.1
P-617254,2025-08,Steel,16.0,22.0,260.37,260.37
P-617254,2025-09,Steel,18.0,22.0,260.37,260.37
P-617254,2025-10,Steel,19.0,23.0,260.37,260.37
P-617255,2025-01,STEEL,15.0,5.73,471.83,471.83
P-617255,2025-02,STEEL,16.0,8.18,471.83,471.83
P-617255,2025-03,STEEL,17.0,13.2,471.83,471.83
P-617255,2025-04,STEEL,18.0,17.5,471.83,471.83
P-617255,2025-05,STEEL,19.0,24.87,471.83,471.83
P-617255,2025-06,STEEL,20.0,31.06,471.83,471.83
P-617255,2025-07,STEEL,19.0,35.0,471.83,471.83
P-617255,2025-08,STEEL,20.0,40.0,471.83,471.83
P-617255,2025-09,STEEL,23.0,44.0,471.83,471.83
P-617255,2025-10,STEEL,24.0,46.0,471.83,471.83
P-617255,2025-11,STEEL,25.0,51.0,471.83,471.83
P-617255,2025-12,STEEL,26.0,55.0,471.83,471.83
P-617255,2026-01,STEEL,27.0,57.0,471.83,471.83
P-617256,2025-01,Steel,14.0,31.0,627.31,627.31
P-617256,2025-02,Steel,15.0,32.0,627.31,627.31
P-617256,2025-03,Steel,16.0,29.0,627.31,627.31
P-617256,2025-12,Steel,25.0,83.0,884.1,884.1
P-617256,2026-01,Steel,26.0,84.0,884.1,884.1
P-617257,2025-01,Steel,10.0,5.0,260.37,260.37
P-617257,2025-02,Steel,11.0,5.5,260.37,260.37
P-617257,2025-03,Steel,12.0,9.0,260.37,260.37
P-617257,2025-08,Steel,20.0,38.0,627.31,627.31
P-617257,2025-09,Steel,22.0,42.0,627.31,627.31
P-617257,2025-10,Steel,23.0,46.0,627.31,627.31
P-617257,2025-11,Steel,24.0,49.0,627.31,627.31
P-617257,2025-12,Steel,25.0,49.0,627.31,627.31
P-617257,2026-01,Steel,26.0,55.0,627.31,627.31
P-617269,2025-05,Electricity Generation,5.0,,213.0,213.0
P-617269,2025-10,Electricity Generation,10.0,0.0,212.81,212.81
P-617269,2025-11,Electricity Generation,11.0,0.0,212.81,212.81
P-617269,2025-12,Electricity Generation,12.0,0.0,212.81,212.81
P-617269,2026-01,Electricity Generation,13.0,1.0,212.81,212.81
P-617270,2025-05,Electricity Generation,0.0,,409.0,409.0
P-617270,2025-10,Electricity Generation,11.0,0.0,408.94,408.94
P-617270,2025-11,Electricity Generation,12.0,0.0,408.94,408.94
P-617270,2025-12,Electricity Generation,13.0,0.0,408.94,408.94
P-617270,2026-01,Electricity Generation,14.0,0.0,408.94,408.94
P-617271,2025-10,Electricity Generation,13.0,0.0,342.69,342.69
P-617271,2025-11,Electricity Generation,14.0,0.0,342.69,342.69
P-617271,2025-12,Electricity Generation,15.0,4.0,342.69,342.69
P-617271,2026-01,Electricity Generation,16.0,9.0,342.69,342.69
P-617272,2025-05,Electricity Generation,3.0,,370.0,370.0
P-617272,2025-06,Electricity Generation,4.0,,370.0,370.0
P-617272,2025-07,Electricity Generation,13.0,1.0,370.0,370.0
P-617272,2025-08,Electricity Generation,14.0,1.0,370.0,370.0
P-617272,2025-09,Electricity Generation,15.0,1.0,370.0,370.0
P-617272,2025-10,Electricity Generation,16.0,6.0,370.0,370.0
P-617272,2025-11,Electricity Generation,17.0,6.0,370.0,370.0
P-617272,2025-12,Electricity Generation,18.0,6.0,370.0,370.0
P-617272,2026-01,Electricity Generation,19.0,6.0,370.0,370.0
P-617278,2025-06,Coal,4.0,,630.37,630.37
P-617278,2025-07,Coal,5.0,0.0,630.37,630.37
P-617278,2025-08,Coal,14.0,0.0,630.37,630.37
P-617278,2025-09,Coal,15.0,0.0,630.37,630.37
P-617278,2025-10,Coal,16.0,0.0,630.37,630.37
P-617278,2025-11,Coal,17.0,0.0,630.37,630.37
P-617278,2025-12,Coal,18.0,0.0,630.37,630.37
P-617278,2026-01,Coal,19.0,0.0,630.37,630.37
P-617279,2025-07,Electricity Generation,1.0,0.0,558.0,558.0
P-617279,2025-08,Electricity Generation,2.0,0.0,558.0,558.0
P-617279,2025-09,Electricity Generation,3.0,0.0,558.0,558.0
P-617279,2025-10,Electricity Generation,4.0,1.0,558.0,558.0
P-617279,2025-11,Electricity Generation,5.0,1.0,558.0,558.0
P-617279,2025-12,Electricity Generation,6.0,2.0,558.0,558.0
P-617279,2026-01,Electricity Generation,7.0,2.0,558.0,558.0
P-617280,2025-01,Urban Public Transport,69.0,30.0,255.37,255.37
P-617280,2025-02,Urban Public Transport,70.0,32.0,255.37,255.37
P-617280,2025-03,Urban Public Transport,71.0,34.0,255.37,255.37
P-617280,2025-04,Urban Public Transport,72.0,36.0,255.37,255.37
P-617280,2025-05,Urban Public Transport,73.0,38.0,255.37,255.37
P-617280,2025-06,Urban Public Transport,74.0,40.0,255.37,255.37
P-617280,2025-07,Urban Public Transport,65.0,35.0,255.37,255.37
P-617280,2025-08,Urban Public Transport,76.0,79.0,255.37,255.37
P-617280,2025-09,Urban Public Transport,77.0,40.0,255.37,255.37
P-617280,2025-10,Urban Public Transport,78.0,42.0,255.37,255.37
P-617280,2025-11,Urban Public Transport,79.0,46.0,255.37,255.37
P-617280,2025-12,Urban Public Transport,80.0,50.0,255.37,255.37
P-617280,2026-01,Urban Public Transport,81.0,52.0,255.37,255.37
P-617284,2025-07,Railways,6.0,2.0,1423.96,1423.96
P-617284,2025-08,Railways,24.0,2.0,1423.96,1423.96
P-617284,2025-09,Railways,25.0,2.0,1423.96,1423.96
P-617284,2025-10,Railways,26.0,4.0,1423.96,1423.96
P-617284,2025-11,Railways,27.0,5.0,1423.96,1423.96
P-617284,2025-12,Railways,28.0,8.0,1423.96,1423.96
P-617284,2026-01,Railways,29.0,11.0,1423.96,1423.96
P-617287,2025-07,Coal,8.0,3.0,4516.88,4516.88
P-617287,2025-08,Coal,9.0,3.0,4516.88,4516.88
P-617287,2025-09,Coal,10.0,21.0,4516.88,4516.88
P-617287,2025-10,Coal,11.0,21.0,4516.88,4516.88
P-617287,2025-11,Coal,12.0,21.0,4516.88,4516.88
P-617287,2025-12,Coal,13.0,21.0,4516.88,4516.88
P-617287,2026-01,Coal,14.0,21.0,4516.88,4516.88
P-617288,2025-07,Coal,6.0,1.0,382.61,382.61
P-617288,2025-08,Coal,7.0,1.0,382.61,382.61
P-617288,2025-09,Coal,8.0,21.0,382.61,382.61
P-617288,2025-10,Coal,9.0,21.0,382.61,382.61
P-617288,2025-11,Coal,10.0,21.0,382.61,382.61
P-617288,2025-12,Coal,11.0,21.0,382.61,382.61
P-617288,2026-01,Coal,12.0,21.0,382.61,382.61
P-617299,2025-05,Electricity Generation,34.0,41.0,383.84,383.84
P-617299,2025-06,Electricity Generation,35.0,41.0,383.84,383.84
P-617299,2025-07,Electricity Generation,17.0,41.0,383.84,383.84
P-617299,2025-08,Electricity Generation,37.0,41.0,383.84,383.84
P-617299,2025-09,Electricity Generation,38.0,41.0,383.84,383.84
P-617299,2025-10,Electricity Generation,39.0,45.0,383.84,383.84
P-617299,2025-11,Electricity Generation,40.0,47.0,383.84,383.84
P-617299,2025-12,Electricity Generation,41.0,51.0,383.84,383.84
P-617299,2026-01,Electricity Generation,42.0,51.0,383.84,383.84
P-617302,2025-01,Energy Storage,,88.0,1740.0,2433.15
P-617302,2025-02,Energy Storage,95.0,88.6,1740.0,2433.15
P-617302,2025-03,Energy Storage,96.0,89.1,1740.0,2433.15
P-617302,2025-04,Energy Storage,97.0,89.5,1740.0,2433.15
P-617302,2025-05,Energy Storage,98.0,89.8,1740.0,2433.15
P-617302,2025-06,Energy Storage,99.0,90.0,1740.0,2433.15
P-617302,2025-07,Energy Storage,100.0,90.0,1740.0,2493.15
P-617302,2025-08,Energy Storage,101.0,90.0,1740.0,2493.15
P-617302,2025-09,Energy Storage,102.0,90.0,1740.0,2493.15
P-617302,2025-10,Energy Storage,103.0,90.0,1740.0,2493.15
P-617302,2025-11,Energy Storage,104.0,91.0,1740.0,2493.15
P-617302,2025-12,Energy Storage,105.0,93.0,1740.0,2493.15
P-617302,2026-01,Energy Storage,106.0,93.0,1740.0,2493.15
P-617304,2025-07,Energy Storage,21.0,24.0,340.15,340.15
P-617304,2025-08,Energy Storage,22.0,26.0,340.15,340.15
P-617304,2025-09,Energy Storage,23.0,28.0,340.15,340.15
P-617304,2025-10,Energy Storage,24.0,29.0,340.15,340.15
P-617304,2025-11,Energy Storage,25.0,34.0,340.15,340.15
P-617304,2025-12,Energy Storage,26.0,39.0,340.15,340.15
P-617304,2026-01,Energy Storage,27.0,40.0,340.15,340.15
P-617326,2026-01,Electricity Generation,167.0,95.0,1842.25,1842.25
P-617327,2025-09,Urban Public Transport,12.0,3.0,12200.1,12200.1
P-617327,2025-10,Urban Public Transport,13.0,3.0,12200.1,12200.1
P-617327,2025-11,Urban Public Transport,14.0,4.0,12200.1,12200.1
P-617327,2025-12,Urban Public Transport,15.0,5.0,12200.1,12200.1
P-617327,2026-01,Urban Public Transport,16.0,5.0,12200.1,12200.1
P-617333,2025-09,Railways,35.0,0.0,199.96,199.96
P-617333,2025-10,Railways,36.0,0.0,199.96,199.96
P-617333,2025-11,Railways,37.0,0.0,199.96,199.96
P-617333,2025-12,Railways,38.0,0.0,199.96,199.96
P-617333,2026-01,Railways,39.0,0.0,199.96,199.96
P-617338,2025-09,Steel,8.0,4.0,2518.39,2518.39
P-617338,2025-10,Steel,9.0,4.0,2518.39,2518.39
P-617338,2025-11,Steel,10.0,8.0,2518.39,2518.39
P-617338,2025-12,Steel,11.0,10.0,2518.39,2518.39
P-617338,2026-01,Steel,12.0,15.0,2518.39,2518.39
P-617345,2025-09,Railways,9.0,5.0,226.87,226.87
P-617345,2025-10,Railways,10.0,5.0,226.87,226.87
P-617345,2025-11,Railways,20.0,20.0,226.87,226.87
P-617345,2025-12,Railways,21.0,36.0,226.87,226.87
P-617345,2026-01,Railways,22.0,40.0,226.87,226.87
P-617361,2025-09,Railways,11.0,0.0,362.81,362.81
P-617361,2025-10,Railways,12.0,0.0,362.81,362.81
P-617361,2025-11,Railways,13.0,0.0,362.81,362.81
P-617361,2025-12,Railways,14.0,0.0,362.81,362.81
P-617361,2026-01,Railways,15.0,0.0,362.81,362.81
P-617364,2025-09,Railways,8.0,0.0,338.33,205.0
P-617364,2025-10,Railways,9.0,0.0,338.33,205.0
P-617364,2025-11,Railways,10.0,0.0,338.33,205.0
P-617364,2025-12,Railways,11.0,0.0,338.33,205.0
P-617364,2026-01,Railways,12.0,24.0,338.33,205.0
P-617370,2025-09,Railways,30.0,10.0,180.66,180.66
P-617370,2025-10,Railways,31.0,11.0,180.66,180.66
P-617370,2025-11,Railways,32.0,12.0,180.66,180.66
P-617370,2025-12,Railways,33.0,13.0,180.66,180.66
P-617370,2026-01,Railways,34.0,14.0,180.66,180.66
P-617372,2025-09,Railways,34.0,70.0,349.22,349.22
P-617374,2025-01,Railways,202.0,,631.78,1627.56
P-617374,2025-02,Railways,203.0,,631.78,1627.56
P-617374,2025-03,Railways,204.0,,631.78,1627.56
P-617374,2025-12,Railways,193.0,95.0,1516.45,1881.26
P-617374,2026-01,Railways,194.0,96.0,1516.45,1881.26
P-617375,2025-09,Electricity Generation,1.0,0.0,209.38,209.38
P-617375,2025-10,Electricity Generation,2.0,0.0,209.38,209.38
P-617375,2025-11,Electricity Generation,3.0,0.0,209.38,209.38
P-617375,2025-12,Electricity Generation,4.0,0.0,209.38,209.38
P-617375,2026-01,Electricity Generation,5.0,0.0,209.38,209.38
P-617379,2025-12,Railways,214.0,80.0,446.21,446.21
P-617379,2026-01,Railways,215.0,82.0,446.21,446.21
P-617390,2025-09,Railways,12.0,0.0,1281.81,1281.81
P-617390,2025-10,Railways,13.0,1.0,1281.81,1281.81
P-617390,2025-11,Railways,14.0,2.0,1281.81,1281.81
P-617390,2025-12,Railways,15.0,2.0,1281.81,1281.81
P-617390,2026-01,Railways,16.0,3.0,1281.81,1281.81
P-617391,2025-09,Electricity Generation,7.0,0.0,488.29,488.29
P-617391,2025-10,Electricity Generation,8.0,0.0,488.29,488.29
P-617391,2025-11,Electricity Generation,9.0,0.0,488.29,488.29
P-617391,2025-12,Electricity Generation,10.0,0.0,488.29,488.29
P-617391,2026-01,Electricity Generation,11.0,0.0,488.29,488.29
P-617403,2025-09,Railways,20.0,50.0,468.64,468.64
P-617403,2025-10,Railways,21.0,50.0,468.64,468.64
P-617403,2025-11,Railways,22.0,52.0,468.64,468.64
P-617403,2025-12,Railways,23.0,55.0,468.64,468.64
P-617403,2026-01,Railways,24.0,56.0,468.64,468.64
P-617404,2025-09,Railways,5.0,0.0,189.21,189.21
P-617404,2025-10,Railways,6.0,0.0,189.21,189.21
P-617404,2025-11,Railways,7.0,0.0,189.21,189.21
P-617404,2025-12,Railways,8.0,0.0,189.21,189.21
P-617404,2026-01,Railways,9.0,0.0,189.21,189.21
P-617405,2025-09,Electricity Generation,11.0,0.0,4000.0,4000.0
P-617405,2025-10,Electricity Generation,12.0,0.0,4000.0,4000.0
P-617405,2025-11,Electricity Generation,13.0,0.0,4000.0,4000.0
P-617405,2025-12,Electricity Generation,14.0,16.0,4000.0,4000.0
P-617405,2026-01,Electricity Generation,15.0,16.0,4000.0,4000.0
P-617406,2025-09,Railways,119.0,7.0,2417.24,2417.24
P-617406,2025-10,Railways,120.0,7.0,2417.24,2417.24
P-617406,2025-11,Railways,121.0,8.0,2417.24,2417.24
P-617406,2025-12,Railways,122.0,8.0,2417.24,2417.24
P-617406,2026-01,Railways,123.0,8.0,2417.24,2417.24
P-617408,2025-09,Railways,78.0,1.0,166.33,166.33
P-617408,2025-10,Railways,79.0,1.0,166.33,166.33
P-617408,2025-11,Railways,80.0,2.0,166.33,166.33
P-617408,2025-12,Railways,81.0,5.0,166.33,166.33
P-617408,2026-01,Railways,82.0,12.0,166.33,166.33
P-617409,2026-01,Railways,114.0,80.0,521.36,521.36
P-617412,2025-09,Electricity Generation,18.0,6.0,644.0,644.0
P-617412,2025-10,Electricity Generation,19.0,6.0,644.0,644.0
P-617412,2025-11,Electricity Generation,20.0,9.0,644.0,644.0
P-617412,2025-12,Electricity Generation,21.0,10.0,644.0,644.0
P-617412,2026-01,Electricity Generation,22.0,15.0,644.0,644.0
P-617413,2025-09,Telecommunication,41.0,55.0,1884.6,1884.6
P-617413,2025-10,Telecommunication,42.0,67.0,1884.6,1884.6
P-617413,2025-11,Telecommunication,43.0,87.0,1884.6,1884.6
P-617413,2025-12,Telecommunication,44.0,93.0,1884.6,1884.6
P-617413,2026-01,Telecommunication,45.0,97.0,1884.6,1884.6
P-617416,2025-09,Coal,3.0,6.0,5940.47,5940.47
P-617416,2025-10,Coal,4.0,8.0,5940.47,5940.47
P-617416,2025-11,Coal,5.0,12.0,5940.47,5940.47
P-617416,2025-12,Coal,6.0,19.0,5940.47,5940.47
P-617416,2026-01,Coal,7.0,21.0,5940.47,5940.47
P-617422,2025-09,Telecommunication,280.0,49.0,1923.81,1923.81
P-617422,2025-10,Telecommunication,281.0,49.0,1923.81,1923.81
P-617422,2025-11,Telecommunication,282.0,49.0,1923.81,1923.81
P-617422,2025-12,Telecommunication,283.0,49.0,1923.81,1923.81
P-617422,2026-01,Telecommunication,284.0,49.0,1923.81,1923.81
P-617730,2025-10,Electricity Generation,26.0,17.0,3335.85,3335.85
P-617730,2025-11,Electricity Generation,27.0,22.0,3335.85,3335.85
P-617730,2025-12,Electricity Generation,28.0,25.0,3335.85,3335.85
P-617730,2026-01,Electricity Generation,29.0,28.0,3335.85,3335.85
P-617801,2025-10,Electricity Generation,7.0,0.0,581.74,581.74
P-617801,2025-11,Electricity Generation,8.0,0.0,581.74,581.74
P-617801,2025-12,Electricity Generation,9.0,0.0,581.74,581.74
P-617801,2026-01,Electricity Generation,10.0,0.0,581.74,581.74
P-617802,2025-10,Electricity Generation,0.0,0.0,319.0,319.0
P-617802,2025-11,Electricity Generation,1.0,0.0,319.0,319.0
P-617802,2025-12,Electricity Generation,2.0,0.0,319.0,319.0
P-617802,2026-01,Electricity Generation,3.0,1.0,319.0,319.0
P-617803,2025-10,Electricity Generation,1.0,0.0,379.0,379.0
P-617803,2025-11,Electricity Generation,2.0,0.0,379.0,379.0
P-617803,2025-12,Electricity Generation,3.0,0.0,379.0,379.0
P-617803,2026-01,Electricity Generation,4.0,1.0,379.0,379.0
P-617804,2025-10,Shipping,16.0,33.0,153.23,153.23
P-617804,2025-11,Shipping,23.0,33.0,153.23,153.23
P-617804,2025-12,Shipping,24.0,33.0,153.23,153.23
P-617804,2026-01,Shipping,25.0,40.0,153.23,153.23
P-617806,2025-11,Electricity Generation,15.0,26.0,4535.99,4535.99
P-617806,2025-12,Electricity Generation,16.0,32.0,4535.99,4535.99
P-617806,2026-01,Electricity Generation,17.0,32.0,4535.99,4535.99
P-617807,2025-11,Electricity Generation,1.0,0.0,2368.0,2368.0
P-617807,2025-12,Electricity Generation,2.0,0.0,2368.0,2368.0
P-617807,2026-01,Electricity Generation,3.0,1.0,2368.0,2368.0
P-617808,2025-11,Electricity Generation,1.0,0.0,1007.0,1007.0
P-617808,2025-12,Electricity Generation,2.0,0.0,1007.0,1007.0
P-617808,2026-01,Electricity Generation,3.0,1.0,1007.0,1007.0
P-617818,2025-11,Energy Storage,45.0,4.0,514.91,514.91
P-617818,2025-12,Energy Storage,46.0,4.0,514.91,514.91
P-617818,2026-01,Energy Storage,47.0,5.0,514.91,514.91
P-617819,2025-11,Energy Storage,41.0,2.0,557.04,557.04
P-617819,2025-12,Energy Storage,42.0,2.0,557.04,557.04
P-617819,2026-01,Energy Storage,43.0,2.0,557.04,557.04
P-617822,2025-11,Energy Storage,8.0,10.0,215.0,215.0
P-617822,2025-12,Energy Storage,9.0,17.0,215.0,215.0
P-617822,2026-01,Energy Storage,10.0,18.0,215.0,215.0
P-617827,2025-11,Energy Storage,11.0,14.0,680.0,680.0
P-617827,2025-12,Energy Storage,12.0,17.0,680.0,680.0
P-617827,2026-01,Energy Storage,13.0,18.0,680.0,680.0
P-617828,2025-11,Energy Storage,14.0,7.0,267.0,267.0
P-617828,2025-12,Energy Storage,15.0,8.0,267.0,267.0
P-617828,2026-01,Energy Storage,16.0,8.0,267.0,267.0
P-617829,2025-11,Energy Storage,16.0,21.0,225.71,225.71
P-617829,2025-12,Energy Storage,17.0,26.0,225.71,225.71
P-617829,2026-01,Energy Storage,18.0,26.0,225.71,225.71
P-617830,2025-11,Energy Storage,18.0,38.0,1792.0,1792.0
P-617830,2025-12,Energy Storage,19.0,46.0,1792.0,1792.0
P-617830,2026-01,Energy Storage,20.0,52.0,1792.0,1792.0
P-617832,2025-11,Railways,5.0,0.0,2887.11,2887.11
P-617832,2025-12,Railways,6.0,0.0,2887.11,2887.11
P-617832,2026-01,Railways,7.0,0.0,2887.11,2887.11
P-617836,2025-11,Energy Storage,35.0,45.0,635.28,635.28
P-617836,2025-12,Energy Storage,36.0,51.0,635.28,635.28
P-617836,2026-01,Energy Storage,37.0,53.0,635.28,635.28
P-617837,2025-11,Energy Storage,48.0,79.0,484.0,484.0
P-617837,2025-12,Energy Storage,49.0,82.0,484.0,484.0
P-617837,2026-01,Energy Storage,50.0,84.0,484.0,484.0
P-617838,2025-11,Energy Storage,14.0,20.0,1130.0,1130.0
P-617838,2025-12,Energy Storage,15.0,20.0,1130.0,1130.0
P-617838,2026-01,Energy Storage,16.0,27.0,1130.0,1130.0
P-617839,2025-11,Energy Storage,30.0,51.0,356.86,356.86
P-617839,2025-12,Energy Storage,31.0,60.0,356.86,304.4
P-617839,2026-01,Energy Storage,32.0,63.0,356.86,304.4
P-617877,2025-11,Education,6.0,0.0,1188.97,1188.97
P-617877,2025-12,Education,7.0,0.0,1188.97,1188.97
P-617877,2026-01,Education,8.0,0.0,1188.97,1188.97
P-617878,2025-11,Education,6.0,0.0,1527.0,1527.0
P-617878,2025-12,Education,7.0,0.0,1527.0,1527.0
P-617878,2026-01,Education,8.0,0.0,1527.0,1527.0
P-617882,2025-11,Healthcare,2.0,0.0,358.19,358.19
P-617882,2025-12,Healthcare,3.0,0.0,358.19,358.19
P-617882,2026-01,Healthcare,4.0,0.0,358.19,358.19
P-617883,2025-11,Healthcare,109.0,61.0,4441.0,4441.0
P-617883,2025-12,Healthcare,110.0,61.0,4441.0,4441.0
P-617883,2026-01,Healthcare,111.0,61.0,4441.0,4441.0
P-617885,2025-01,Railways,53.0,94.96,302.88,302.88
P-617885,2025-02,Railways,54.0,95.2,302.88,302.88
P-617885,2025-03,Railways,55.0,95.0,302.88,302.88
P-617885,2026-01,Railways,65.0,98.0,302.88,302.88
P-617886,2025-01,Railways,55.0,0.0,252.19,252.19
P-617886,2025-02,Railways,56.0,10.38,252.19,252.19
P-617886,2025-03,Railways,57.0,13.85,252.19,252.19
P-617887,2025-01,Railways,49.0,96.1,379.23,379.23
P-617887,2025-02,Railways,50.0,96.1,379.23,379.23
P-617887,2025-03,Railways,51.0,96.1,379.23,379.23
P-617887,2025-12,Railways,60.0,0.0,379.23,379.23
P-617887,2026-01,Railways,61.0,98.0,379.23,379.23
P-617890,2026-01,Railways,11.0,0.0,220.89,220.89
P-617891,2025-01,Railways,34.0,78.0,186.29,186.29
P-617891,2025-02,Railways,35.0,78.0,186.29,186.29
P-617891,2025-03,Railways,36.0,78.0,186.29,186.29
P-617891,2025-12,Railways,45.0,99.0,186.29,186.29
P-617891,2026-01,Railways,46.0,100.0,186.29,186.29
P-617892,2025-01,Railways,70.0,95.26,450.65,450.65
P-617892,2025-02,Railways,71.0,95.26,450.65,450.65
P-617892,2025-03,Railways,72.0,95.26,450.65,450.65
P-617892,2026-01,Railways,82.0,96.0,450.65,450.65
P-617893,2026-01,Railways,26.0,0.0,304.83,304.83
P-617895,2025-01,Railways,34.0,15.0,535.03,535.03
P-617895,2025-02,Railways,35.0,15.0,535.03,535.03
P-617895,2025-03,Railways,36.0,31.23,535.03,535.03
P-617896,2026-01,Railways,22.0,10.0,421.15,421.15
P-617897,2025-01,Railways,34.0,40.25,295.24,295.24
P-617897,2025-02,Railways,35.0,42.15,295.24,295.24
P-617897,2025-03,Railways,36.0,45.15,295.24,295.24
P-617899,2025-01,Railways,34.0,16.66,636.1,636.1
P-617899,2025-02,Railways,35.0,22.73,636.1,636.1
P-617899,2025-03,Railways,36.0,22.73,636.1,636.1
P-617900,2025-01,Railways,37.0,75.0,150.11,150.11
P-617900,2025-02,Railways,38.0,75.0,150.11,150.11
P-617900,2025-03,Railways,39.0,75.0,150.11,150.11
P-617900,2026-01,Railways,49.0,97.0,150.11,150.11
P-617901,2026-01,Railways,48.0,85.0,194.88,194.88
P-617904,2025-01,Railways,35.0,12.0,238.78,238.78
P-617904,2025-02,Railways,36.0,12.0,238.78,238.78
P-617904,2025-03,Railways,37.0,18.0,238.78,238.78
P-617905,2025-01,Railways,37.0,20.0,324.09,324.09
P-617905,2025-02,Railways,38.0,20.0,324.09,324.09
P-617905,2025-03,Railways,39.0,35.0,324.09,324.09
P-617906,2026-01,Railways,39.0,21.0,246.6,291.19
P-617907,2025-01,Railways,37.0,75.0,388.71,388.71
P-617907,2025-02,Railways,38.0,78.88,388.71,388.71
P-617907,2025-03,Railways,39.0,80.0,388.71,388.71
P-617911,2025-01,Railways,118.0,93.06,511.83,511.83
P-617911,2025-02,Railways,119.0,93.06,511.83,511.83
P-617911,2025-03,Railways,120.0,93.0,511.83,511.83
P-617911,2026-01,Railways,130.0,94.0,511.83,613.16
P-617912,2026-01,Railways,22.0,0.0,619.55,619.55
P-617913,2025-01,Railways,84.0,92.59,283.15,283.15
P-617913,2025-02,Railways,85.0,93.0,283.15,283.15
P-617913,2025-03,Railways,86.0,92.59,283.15,283.15
P-617913,2026-01,Railways,96.0,92.0,283.15,300.7
P-617915,2025-01,Railways,36.0,50.12,329.14,319.09
P-617915,2025-02,Railways,37.0,50.12,329.14,319.09
P-617915,2025-03,Railways,38.0,50.0,329.14,319.09
P-617916,2026-01,Railways,22.0,5.0,1295.39,1295.39
P-617917,2025-01,Railways,46.0,65.0,478.83,478.83
P-617917,2025-02,Railways,47.0,65.0,478.83,478.83
P-617917,2025-03,Railways,48.0,65.0,478.83,478.83
P-617917,2026-01,Railways,58.0,95.0,478.83,490.52
P-617919,2025-01,Railways,82.0,97.9,349.03,349.03
P-617919,2025-02,Railways,83.0,97.9,349.03,349.03
P-617919,2025-03,Railways,84.0,97.9,349.03,349.03
P-617919,2026-01,Railways,94.0,97.0,349.03,349.03
P-617921,2025-01,Railways,34.0,20.0,499.79,499.79
P-617921,2025-02,Railways,35.0,36.83,499.79,499.79
P-617921,2025-03,Railways,36.0,36.83,499.79,499.79
P-617923,2026-01,Railways,35.0,15.0,155.97,155.97
P-617924,2025-01,Railways,36.0,50.0,300.33,300.33
P-617924,2025-02,Railways,37.0,50.0,300.33,300.33
P-617924,2025-03,Railways,38.0,50.0,300.33,300.33
P-617925,2026-01,Railways,47.0,60.0,157.49,157.49
P-617926,2026-01,Railways,22.0,8.0,398.4,398.4
P-617928,2025-01,Railways,34.0,,151.13,171.0
P-617928,2025-02,Railways,35.0,,151.13,171.0
P-617928,2025-03,Railways,36.0,,151.13,171.0
P-617929,2025-01,Railways,80.0,65.56,248.0,248.0
P-617929,2025-02,Railways,81.0,65.56,248.0,248.0
P-617929,2025-03,Railways,82.0,65.56,248.0,248.0
P-617929,2026-01,Railways,95.0,73.0,247.41,247.41
P-617930,2025-01,Railways,46.0,15.0,196.94,196.94
P-617930,2025-02,Railways,47.0,15.0,196.94,196.94
P-617930,2025-03,Railways,48.0,15.0,196.94,196.94
P-617932,2025-01,Railways,34.0,8.0,496.64,496.64
P-617932,2025-02,Railways,35.0,8.0,496.64,496.64
P-617932,2025-03,Railways,36.0,8.0,496.64,496.64
P-617932,2026-01,Railways,46.0,62.0,496.64,496.64
P-617933,2025-01,Railways,23.0,,984.07,984.07
P-617933,2025-02,Railways,24.0,,984.07,984.07
P-617933,2025-03,Railways,25.0,,984.07,984.07
P-617933,2025-12,Railways,34.0,74.0,984.07,984.07
P-617933,2026-01,Railways,35.0,88.0,984.07,984.07
P-617934,2026-01,Railways,102.0,95.0,406.54,406.54
P-617935,2025-01,Railways,43.0,52.0,298.0,298.0
P-617935,2025-02,Railways,44.0,52.0,298.0,298.0
P-617935,2025-03,Railways,45.0,52.0,298.0,298.0
P-617935,2026-01,Railways,65.0,52.0,298.0,349.49
P-617936,2025-01,Railways,99.0,100.0,248.83,248.83
P-617936,2025-02,Railways,100.0,100.0,248.83,248.83
P-617936,2025-03,Railways,101.0,100.0,248.83,248.83
P-617936,2025-12,Railways,110.0,0.0,253.99,183.26
P-617936,2026-01,Railways,111.0,100.0,253.99,183.26
P-617938,2026-01,Railways,13.0,1.0,574.18,574.18
P-617940,2025-01,Railways,46.0,73.08,545.11,545.11
P-617940,2025-02,Railways,47.0,73.0,545.11,545.11
P-617940,2025-03,Railways,48.0,75.92,545.11,545.11
P-617942,2025-01,ROAD TRANSPORT AND HIGHWAYS,21.0,,641.46,641.46
P-617942,2025-02,ROAD TRANSPORT AND HIGHWAYS,22.0,,641.46,641.46
P-617942,2025-03,ROAD TRANSPORT AND HIGHWAYS,23.0,,641.46,641.46
P-617942,2026-01,ROAD TRANSPORT AND HIGHWAYS,33.0,71.0,641.46,641.46
P-617944,2025-01,Railways,,88.69,743.21,743.21
P-617944,2025-02,Railways,89.0,88.69,743.21,743.21
P-617944,2025-03,Railways,,88.69,743.21,743.21
P-617944,2026-01,Railways,88.0,98.0,680.43,701.46
P-617945,2026-01,Railways,10.0,0.0,354.21,354.21
P-617946,2025-01,Railways,106.0,95.17,1142.62,1142.62
P-617946,2025-02,Railways,107.0,95.17,1142.62,1142.62
P-617946,2025-03,Railways,108.0,95.17,1142.62,1142.62
P-617947,2026-01,Railways,118.0,0.0,1006.99,1443.09
P-617948,2025-01,Railways,,,1230.02,1230.02
P-617948,2025-02,Railways,107.0,,1230.02,1230.02
P-617948,2025-03,Railways,,,1230.02,1230.02
P-617948,2026-01,Railways,118.0,90.0,1117.75,2020.56
P-617949,2025-01,Railways,14.0,64.0,159.66,159.66
P-617949,2025-02,Railways,15.0,63.5,159.66,159.66
P-617949,2025-03,Railways,16.0,63.5,159.66,159.66
P-617949,2025-12,Railways,33.0,69.0,159.66,159.66
P-617949,2026-01,Railways,34.0,69.0,159.66,159.66
P-617950,2026-01,Railways,38.0,0.0,204.42,204.42
P-617954,2025-01,Railways,23.0,50.0,398.48,398.48
P-617954,2025-02,Railways,24.0,50.0,398.48,398.48
P-617954,2025-03,Railways,25.0,50.0,398.48,398.48
P-617955,2025-01,Railways,22.0,23.0,718.52,718.52
P-617955,2025-02,Railways,23.0,23.0,718.52,718.52
P-617955,2025-03,Railways,24.0,23.0,718.52,718.52
P-617957,2025-01,Railways,23.0,80.0,274.06,274.06
P-617957,2025-02,Railways,24.0,80.0,274.06,274.06
P-617957,2025-03,Railways,25.0,83.0,274.06,274.06
P-617957,2025-12,Railways,34.0,91.0,274.06,274.06
P-617957,2026-01,Railways,35.0,91.0,274.06,274.06
P-617958,2025-01,Railways,46.0,43.03,566.15,566.15
P-617958,2025-02,Railways,47.0,53.4,566.15,566.15
P-617958,2025-03,Railways,48.0,54.2,566.15,566.15
P-617959,2025-01,Railways,46.0,71.79,477.54,477.54
P-617959,2025-02,Railways,47.0,80.5,477.54,477.54
P-617959,2025-03,Railways,48.0,85.04,477.54,477.54
P-617959,2026-01,Railways,58.0,95.0,477.54,477.54
P-617960,2025-01,Railways,106.0,79.44,271.17,291.2
P-617960,2025-02,Railways,107.0,79.89,271.17,291.2
P-617960,2025-03,Railways,108.0,81.75,271.17,291.2
P-617960,2026-01,Railways,113.0,84.0,271.17,291.2
P-617961,2025-01,Railways,132.0,96.65,1408.85,2138.16
P-617961,2025-02,Railways,133.0,96.65,1408.85,2138.16
P-617961,2025-03,Railways,134.0,96.9,1408.85,2138.16
P-617961,2026-01,Railways,144.0,97.0,1408.85,2138.16
P-617962,2025-01,Railways,34.0,13.0,238.97,260.07
P-617962,2025-02,Railways,35.0,21.0,238.97,260.07
P-617962,2025-03,Railways,36.0,39.0,238.97,260.07
P-617962,2025-12,Railways,45.0,72.0,238.97,260.07
P-617962,2026-01,Railways,46.0,72.0,238.97,260.07
P-617963,2025-01,Railways,36.0,,296.02,296.02
P-617963,2025-02,Railways,37.0,,296.02,296.02
P-617963,2025-03,Railways,38.0,,296.02,296.02
P-617963,2026-01,Railways,48.0,20.0,296.02,351.78
P-617964,2025-01,Railways,25.0,,309.63,309.63
P-617964,2025-02,Railways,26.0,15.0,309.63,309.63
P-617964,2025-03,Railways,27.0,15.0,309.63,309.63
P-617964,2025-12,Railways,36.0,22.0,309.63,309.63
P-617964,2026-01,Railways,37.0,22.0,309.63,309.63
P-617965,2025-01,Railways,,19.76,195.38,195.38
P-617965,2025-02,Railways,29.0,19.76,195.38,195.38
P-617965,2025-03,Railways,30.0,19.76,195.38,195.38
P-617965,2026-01,Railways,43.0,77.0,195.38,195.38
P-617966,2026-01,Railways,144.0,99.0,780.77,961.33
P-617968,2025-01,Railways,83.0,94.0,418.88,418.88
P-617968,2025-02,Railways,84.0,94.0,418.88,418.88
P-617968,2025-03,Railways,85.0,94.0,418.88,418.88
P-617968,2026-01,Railways,106.0,95.0,418.89,418.89
P-617969,2025-01,Railways,22.0,10.0,201.08,201.08
P-617969,2025-02,Railways,23.0,15.0,201.08,201.08
P-617969,2025-03,Railways,24.0,22.5,201.08,201.08
P-617969,2025-12,Railways,33.0,32.0,201.08,201.08
P-617969,2026-01,Railways,34.0,39.0,201.08,201.08
P-617970,2025-01,Railways,91.0,100.0,282.08,282.08
P-617970,2025-02,Railways,92.0,100.0,282.08,282.08
P-617970,2025-03,Railways,93.0,100.0,282.08,282.08
P-617970,2026-01,Railways,111.0,100.0,282.08,282.08
P-617971,2026-01,Railways,37.0,20.0,322.4,322.4
P-617973,2025-01,Railways,86.0,97.0,188.8,188.8
P-617973,2025-02,Railways,87.0,97.0,188.8,188.8
P-617973,2025-03,Railways,88.0,97.0,188.8,188.8
P-617974,2026-01,Railways,8.0,11.0,344.73,344.73
P-617975,2025-01,Railways,86.0,98.23,237.8,238.0
P-617975,2025-02,Railways,87.0,98.23,237.8,238.0
P-617975,2025-03,Railways,88.0,98.23,237.8,238.0
P-617975,2026-01,Railways,106.0,100.0,237.79,237.79
P-617976,2025-01,Railways,22.0,,530.2,530.2
P-617976,2025-02,Railways,23.0,,530.2,530.2
P-617976,2025-03,Railways,24.0,,530.2,530.2
P-617976,2026-01,Railways,34.0,55.0,530.2,530.2
P-617980,2025-01,Railways,82.0,44.3,626.76,626.76
P-617980,2025-02,Railways,83.0,44.0,626.76,626.76
P-617980,2025-03,Railways,84.0,45.3,626.76,626.76
P-617980,2026-01,Railways,94.0,50.0,626.76,626.76
P-617982,2025-01,Railways,84.0,99.9,230.03,230.03
P-617982,2025-02,Railways,85.0,100.0,230.03,230.03
P-617982,2025-03,Railways,86.0,99.9,230.03,230.03
P-617982,2026-01,Railways,96.0,0.0,230.03,230.03
P-617983,2025-01,Railways,34.0,,423.18,423.18
P-617983,2025-02,Railways,35.0,,423.18,423.18
P-617983,2025-03,Railways,36.0,,423.18,423.18
P-617983,2026-01,Railways,58.0,82.0,317.19,300.56
P-617985,2025-12,Railways,69.0,0.0,529.54,588.65
P-617985,2026-01,Railways,70.0,67.0,529.54,588.65
P-617986,2025-12,Railways,33.0,40.0,292.63,292.63
P-617986,2026-01,Railways,34.0,40.0,292.63,292.63
P-617987,2026-01,Railways,15.0,14.0,691.81,691.81
P-617988,2026-01,Railways,15.0,3.0,776.17,644.14
P-617989,2025-12,Railways,81.0,68.0,157.32,187.61
P-617989,2026-01,Railways,82.0,68.0,157.32,187.61
P-617990,2025-12,Railways,33.0,95.0,242.0,242.0
P-617990,2026-01,Railways,34.0,95.0,242.0,242.0
P-617991,2025-12,Railways,109.0,0.0,290.15,290.15
P-617991,2026-01,Railways,110.0,92.0,290.15,290.15
P-617992,2025-01,Railways,58.0,91.64,292.24,331.17
P-617992,2025-02,Railways,59.0,93.15,292.24,331.17
P-617992,2025-03,Railways,60.0,93.15,292.24,331.17
P-617995,2026-01,Railways,108.0,99.0,300.0,300.0
P-617996,2025-12,Railways,110.0,95.0,298.0,298.0
P-617996,2026-01,Railways,111.0,95.0,298.0,298.0
P-618001,2025-01,Railways,49.0,31.08,989.66,989.66
P-618001,2025-02,Railways,50.0,31.08,989.66,989.66
P-618001,2025-03,Railways,51.0,31.08,989.66,989.66
P-618001,2026-01,Railways,92.0,92.0,216.53,265.88
P-618002,2025-12,Railways,58.0,0.0,192.93,192.93
P-618002,2026-01,Railways,59.0,0.0,192.93,192.93
P-618005,2025-12,Railways,118.0,98.0,178.85,278.53
P-618005,2026-01,Railways,119.0,98.0,178.85,278.53
P-618006,2025-12,Railways,118.0,98.0,369.77,503.28
P-618006,2026-01,Railways,119.0,98.0,369.77,503.28
P-618007,2025-12,Railways,118.0,99.0,553.3,706.39
P-618007,2026-01,Railways,119.0,99.0,553.3,706.39
P-618008,2025-12,Railways,57.0,100.0,185.09,269.81
P-618008,2026-01,Railways,58.0,100.0,185.09,269.81
P-618009,2025-01,Railways,61.0,88.0,282.41,319.96
P-618009,2025-02,Railways,62.0,88.0,282.41,319.96
P-618009,2025-03,Railways,63.0,88.0,282.41,319.96
P-618009,2026-01,Railways,73.0,94.0,319.96,347.8
P-618011,2026-01,Railways,49.0,83.0,411.44,411.44
P-618012,2025-01,Railways,34.0,12.0,186.52,186.52
P-618012,2025-02,Railways,35.0,12.0,186.52,186.52
P-618012,2025-03,Railways,36.0,30.0,186.52,186.52
P-618019,2025-01,Railways,34.0,64.0,365.21,365.21
P-618019,2025-02,Railways,35.0,64.0,365.21,365.21
P-618019,2025-03,Railways,36.0,64.0,365.21,365.21
P-618020,2025-01,Railways,34.0,48.77,386.49,386.49
P-618020,2025-02,Railways,35.0,48.77,386.49,386.49
P-618020,2025-03,Railways,36.0,49.0,386.49,386.49
P-618020,2026-01,Railways,46.0,63.0,386.49,386.49
P-618022,2025-01,Railways,25.0,,173.06,219.0
P-618022,2025-02,Railways,26.0,,173.06,219.0
P-618022,2025-03,Railways,27.0,,173.06,219.0
P-618023,2025-01,Railways,34.0,69.0,152.58,152.58
P-618023,2025-02,Railways,35.0,69.0,152.58,152.58
P-618023,2025-03,Railways,36.0,69.0,152.58,152.58
P-618024,2025-01,Railways,46.0,42.0,263.19,220.0
P-618024,2025-02,Railways,47.0,42.0,263.19,220.0
P-618024,2025-03,Railways,48.0,42.0,263.19,220.0
P-618025,2025-01,Railways,82.0,92.0,192.67,192.67
P-618025,2025-02,Railways,83.0,92.0,192.67,192.67
P-618025,2025-03,Railways,84.0,92.0,192.67,192.67
P-618026,2025-01,Railways,96.0,99.84,605.08,605.08
P-618026,2025-02,Railways,97.0,100.0,605.08,605.08
P-618026,2025-03,Railways,98.0,99.84,605.08,605.08
P-618029,2025-01,Railways,24.0,56.0,350.69,350.69
P-618029,2025-02,Railways,25.0,56.0,350.69,350.69
P-618029,2025-03,Railways,26.0,56.0,350.69,350.69
P-618030,2025-01,Railways,24.0,,166.58,166.58
P-618030,2025-02,Railways,25.0,,166.58,166.58
P-618030,2025-03,Railways,26.0,,166.58,166.58
P-618031,2025-01,Railways,37.0,70.0,516.96,516.96
P-618031,2025-02,Railways,38.0,70.0,516.96,516.96
P-618031,2025-03,Railways,39.0,70.0,516.96,516.96
P-618033,2025-01,Railways,55.0,37.33,496.47,496.47
P-618033,2025-02,Railways,56.0,39.0,496.47,496.47
P-618033,2025-03,Railways,57.0,40.57,496.47,496.47
P-618034,2026-01,Railways,34.0,17.0,173.65,173.65
P-618037,2025-01,Railways,,27.0,439.82,439.82
P-618037,2025-02,Railways,38.0,51.78,439.82,439.82
P-618037,2025-03,Railways,39.0,27.0,439.82,439.82
P-618038,2026-01,Railways,22.0,0.0,224.44,224.44
P-618039,2026-01,Railways,24.0,14.0,346.82,346.82
P-618041,2026-01,Railways,47.0,0.0,299.31,299.31
P-618042,2025-01,Railways,34.0,,163.86,163.86
P-618042,2025-02,Railways,35.0,,163.86,163.86
P-618042,2025-03,Railways,36.0,,163.86,163.86
P-618045,2025-01,Railways,34.0,95.0,179.19,179.19
P-618045,2025-02,Railways,35.0,96.0,179.19,179.19
P-618045,2025-03,Railways,36.0,96.0,179.19,179.19
P-618045,2026-01,Railways,46.0,67.0,179.18,179.18
P-618046,2025-01,Railways,25.0,34.0,213.32,213.32
P-618046,2025-02,Railways,26.0,34.0,213.32,213.32
P-618046,2025-03,Railways,27.0,34.0,213.32,213.32
P-618046,2025-12,Railways,45.0,95.0,213.33,213.33
P-618046,2026-01,Railways,46.0,95.0,213.33,213.33
P-618050,2025-01,Railways,47.0,84.0,345.89,345.89
P-618050,2025-02,Railways,48.0,84.08,345.89,345.89
P-618050,2025-03,Railways,49.0,84.0,345.89,345.89
P-618050,2026-01,Railways,65.0,98.0,345.89,359.56
P-618052,2026-01,Railways,15.0,5.0,808.7,808.7
P-618053,2026-01,Railways,15.0,0.0,1019.97,1019.97
P-618054,2025-01,Railways,25.0,13.0,515.69,515.69
P-618054,2025-02,Railways,26.0,13.0,515.69,515.69
P-618054,2025-03,Railways,27.0,22.0,515.69,515.69
P-618055,2025-01,Railways,27.0,47.0,225.17,225.17
P-618055,2025-02,Railways,28.0,50.0,225.17,225.17
P-618055,2025-03,Railways,29.0,51.0,225.17,225.17
P-618056,2025-01,Railways,36.0,12.0,509.65,509.65
P-618056,2025-02,Railways,37.0,18.0,509.65,509.65
P-618056,2025-03,Railways,38.0,18.0,509.65,509.65
P-618056,2026-01,Railways,48.0,49.0,509.65,484.42
P-618057,2025-01,Railways,27.0,15.0,189.31,189.31
P-618057,2025-02,Railways,28.0,15.0,189.31,189.31
P-618057,2025-03,Railways,29.0,20.0,189.31,189.31
P-618059,2025-01,Railways,23.0,,328.11,328.11
P-618059,2025-02,Railways,24.0,,328.11,328.11
P-618059,2025-03,Railways,25.0,,328.11,328.11
P-618060,2025-01,Railways,36.0,80.0,315.21,315.21
P-618060,2025-02,Railways,37.0,80.0,315.21,315.21
P-618060,2025-03,Railways,38.0,80.0,315.21,315.21
P-618061,2026-01,Railways,22.0,0.0,386.16,386.16
P-618062,2025-01,Railways,25.0,40.0,244.83,244.83
P-618062,2025-02,Railways,26.0,65.7,244.83,244.83
P-618062,2025-03,Railways,27.0,70.0,244.83,244.83
P-618063,2025-01,Railways,58.0,77.0,262.37,343.77
P-618063,2025-02,Railways,59.0,80.0,262.37,343.77
P-618063,2025-03,Railways,60.0,81.0,262.37,343.77
P-618063,2025-12,Railways,69.0,90.0,262.37,343.77
P-618063,2026-01,Railways,70.0,90.0,262.37,343.77
P-618064,2025-01,Railways,58.0,81.65,278.97,278.97
P-618064,2025-02,Railways,59.0,83.1,278.97,278.97
P-618064,2025-03,Railways,60.0,86.18,278.97,278.97
P-618064,2026-01,Railways,70.0,90.0,278.97,278.97
P-618065,2025-01,Railways,34.0,,316.44,316.44
P-618065,2025-02,Railways,35.0,,316.44,316.44
P-618065,2025-03,Railways,36.0,,316.44,316.44
P-618066,2025-02,Railways,26.0,,283.86,283.86
P-618066,2025-03,Railways,27.0,,283.86,283.86
P-618066,2026-01,Railways,37.0,33.0,283.86,283.86
P-618067,2026-01,Railways,32.0,0.0,1086.3,1086.3
P-618068,2025-01,Railways,34.0,25.0,158.36,158.36
P-618068,2025-02,Railways,35.0,30.0,158.36,158.36
P-618068,2025-03,Railways,36.0,30.0,158.36,158.36
P-618069,2025-01,Railways,10.0,15.0,334.64,334.64
P-618069,2025-02,Railways,11.0,20.0,334.64,334.64
P-618069,2025-03,Railways,12.0,20.0,334.64,334.64
P-618069,2026-01,Railways,46.0,66.0,334.64,334.64
P-618070,2025-01,Railways,95.0,98.0,294.28,296.53
P-618070,2025-02,Railways,96.0,98.0,294.28,296.53
P-618070,2025-03,Railways,97.0,98.0,294.28,296.53
P-618070,2026-01,Railways,107.0,98.0,294.28,315.63
P-618071,2025-01,Railways,39.0,78.0,385.15,385.15
P-618071,2025-02,Railways,40.0,80.0,385.15,385.15
P-618071,2025-03,Railways,41.0,80.5,385.15,385.15
P-618071,2026-01,Railways,51.0,78.0,385.15,342.89
P-618072,2025-01,Railways,46.0,71.63,297.24,297.24
P-618072,2026-01,Railways,58.0,85.0,297.25,297.25
P-618073,2025-01,Railways,11.0,8.0,226.15,226.15
P-618073,2025-02,Railways,12.0,9.0,226.15,226.15
P-618073,2025-03,Railways,13.0,11.0,226.15,226.15
P-618074,2025-01,Railways,35.0,78.0,624.43,624.43
P-618074,2025-02,Railways,36.0,79.0,624.43,624.43
P-618074,2025-03,Railways,37.0,80.0,624.43,624.43
P-618075,2025-01,Railways,37.0,24.0,840.93,840.93
P-618075,2025-02,Railways,38.0,29.0,840.93,840.93
P-618075,2025-03,Railways,39.0,36.0,840.93,840.93
P-618076,2026-01,Railways,25.0,0.0,504.0,350.67
P-618080,2025-01,Railways,36.0,,353.27,353.27
P-618080,2025-02,Railways,37.0,,353.27,353.27
P-618080,2025-03,Railways,38.0,,353.27,353.27
P-618080,2025-12,Railways,47.0,2.0,353.27,353.27
P-618080,2026-01,Railways,48.0,2.0,353.27,353.27
P-618081,2025-01,Railways,22.0,20.0,438.24,438.24
P-618081,2025-02,Railways,23.0,20.0,438.24,438.24
P-618081,2025-03,Railways,24.0,30.0,438.24,438.24
P-618082,2025-01,Railways,46.0,66.0,395.62,395.62
P-618082,2025-02,Railways,47.0,66.0,395.62,395.62
P-618082,2025-03,Railways,48.0,71.0,395.62,395.62
P-618084,2025-01,Railways,59.0,96.23,153.01,153.01
P-618084,2025-02,Railways,60.0,96.0,153.01,153.01
P-618084,2025-03,Railways,61.0,96.23,153.01,153.01
P-618084,2026-01,Railways,71.0,93.0,153.01,133.67
P-618085,2025-01,Railways,37.0,34.46,305.12,305.12
P-618085,2025-02,Railways,38.0,34.46,305.12,305.12
P-618085,2025-03,Railways,39.0,34.0,305.12,305.12
P-618085,2026-01,Railways,49.0,70.0,305.12,293.74
P-618086,2026-01,Railways,34.0,10.0,617.28,617.28
P-618087,2025-01,Railways,24.0,78.0,255.88,255.88
P-618087,2025-02,Railways,25.0,78.0,255.88,255.88
P-618087,2025-03,Railways,26.0,78.0,255.88,255.88
P-618089,2025-01,Railways,29.0,,206.54,206.54
P-618089,2025-02,Railways,30.0,,206.54,206.54
P-618089,2025-03,Railways,31.0,,206.54,206.54
P-618089,2025-12,Railways,45.0,63.0,206.54,206.54
P-618089,2026-01,Railways,46.0,63.0,206.54,206.54
P-618090,2025-01,Railways,,93.68,545.64,545.64
P-618090,2025-02,Railways,108.0,93.68,545.64,545.64
P-618090,2025-03,Railways,,93.68,545.64,545.64
P-618090,2026-01,Railways,107.0,97.0,545.64,545.64
P-618092,2025-01,Railways,22.0,6.0,606.61,606.61
P-618092,2025-02,Railways,23.0,6.5,606.61,606.61
P-618092,2025-03,Railways,24.0,10.0,606.61,606.61
P-618092,2026-01,Railways,35.0,34.0,606.61,606.61
P-618093,2025-01,Railways,35.0,64.0,838.43,838.43
P-618093,2025-02,Railways,36.0,72.0,838.43,838.43
P-618093,2025-03,Railways,37.0,83.0,838.43,838.43
P-618093,2025-12,Railways,46.0,0.0,838.43,838.43
P-618093,2026-01,Railways,47.0,0.0,838.43,838.43
P-618094,2025-01,Railways,,82.07,301.39,301.39
P-618094,2025-02,Railways,83.0,82.07,301.39,301.39
P-618094,2025-03,Railways,,82.07,301.39,301.39
P-618094,2026-01,Railways,94.0,86.0,369.39,369.39
P-618097,2025-01,Railways,,89.97,407.19,407.19
P-618097,2025-02,Railways,96.0,89.97,407.19,407.19
P-618097,2025-03,Railways,97.0,89.97,407.19,407.19
P-618097,2026-01,Railways,108.0,91.0,407.2,407.2
P-618098,2025-01,Railways,37.0,36.76,167.97,167.97
P-618098,2025-02,Railways,38.0,36.76,167.97,167.97
P-618098,2025-03,Railways,39.0,36.76,167.97,167.97
P-618098,2026-01,Railways,58.0,93.0,167.97,167.97
P-618104,2025-01,Railways,34.0,49.71,886.69,886.69
P-618104,2025-02,Railways,35.0,50.0,886.69,886.69
P-618104,2025-03,Railways,36.0,59.29,886.69,886.69
P-618105,2025-01,Railways,34.0,21.87,631.49,631.49
P-618105,2025-02,Railways,35.0,22.0,631.49,631.49
P-618105,2025-03,Railways,36.0,25.0,631.49,631.49
P-618106,2025-01,Railways,36.0,58.62,703.68,703.68
P-618106,2025-02,Railways,37.0,59.0,703.68,703.68
P-618106,2025-03,Railways,38.0,61.0,703.68,703.68
P-618107,2026-01,Railways,23.0,2.0,1155.21,1155.21
P-618108,2025-01,Railways,28.0,,237.28,237.28
P-618108,2025-02,Railways,29.0,,237.28,237.28
P-618108,2025-03,Railways,30.0,,237.28,237.28
P-618109,2025-01,Railways,27.0,60.0,355.72,355.72
P-618109,2025-02,Railways,28.0,60.0,355.72,355.72
P-618109,2025-03,Railways,29.0,60.0,355.72,355.72
P-618110,2025-01,Railways,38.0,86.0,307.11,307.11
P-618110,2025-02,Railways,39.0,86.0,307.11,307.11
P-618110,2025-03,Railways,40.0,88.0,307.11,307.11
P-618110,2025-12,Railways,49.0,0.0,307.11,307.11
P-618110,2026-01,Railways,50.0,0.0,307.11,307.11
P-618111,2025-01,Railways,38.0,45.0,403.36,403.36
P-618111,2025-02,Railways,39.0,47.0,403.36,403.36
P-618111,2025-03,Railways,40.0,58.0,403.36,403.36
P-618112,2026-01,Railways,46.0,2.0,912.5,912.5
P-618113,2026-01,Railways,46.0,15.0,587.97,587.97
P-618116,2026-01,Railways,38.0,0.0,1679.75,1679.75
P-618118,2025-01,Railways,34.0,80.0,174.34,174.34
P-618118,2025-02,Railways,35.0,80.0,174.34,174.34
P-618118,2025-03,Railways,36.0,80.0,174.34,174.34
P-618118,2026-01,Railways,46.0,90.0,174.34,174.34
P-618120,2026-01,Railways,40.0,0.0,1060.16,1060.16
P-618121,2025-01,Railways,35.0,64.4,427.29,427.29
P-618121,2025-02,Railways,36.0,68.4,427.29,427.29
P-618121,2025-03,Railways,37.0,72.0,427.29,427.29
P-618123,2025-12,Railways,45.0,0.0,423.18,423.18
P-618123,2026-01,Railways,46.0,0.0,423.18,423.18
P-618124,2025-01,Railways,36.0,19.0,343.54,343.54
P-618124,2025-02,Railways,37.0,33.0,343.54,343.54
P-618124,2025-03,Railways,38.0,34.0,343.54,343.54
P-618125,2026-01,Railways,94.0,100.0,228.32,228.32
P-618127,2026-01,Railways,34.0,2.0,255.73,255.73
P-618132,2025-01,Railways,83.0,98.36,206.13,206.13
P-618132,2025-02,Railways,84.0,98.0,206.13,206.13
P-618132,2025-03,Railways,85.0,98.36,206.13,206.13
P-618132,2025-12,Railways,94.0,98.0,206.13,206.13
P-618132,2026-01,Railways,95.0,98.0,206.13,206.13
P-618133,2025-12,Railways,57.0,0.0,280.57,280.57
P-618133,2026-01,Railways,58.0,55.0,280.57,280.57
P-618134,2026-01,Railways,35.0,55.0,459.39,459.39
P-618136,2025-03,Railways,,93.26,204.1,204.1
P-618136,2026-01,Railways,58.0,87.0,224.44,224.44
P-618141,2026-01,Railways,48.0,75.0,423.48,423.48
P-618142,2025-01,Railways,24.0,11.23,356.65,356.65
P-618142,2025-02,Railways,25.0,12.2,356.65,356.65
P-618142,2025-03,Railways,26.0,12.64,356.65,356.65
P-618142,2026-01,Railways,108.0,99.0,244.54,244.54
P-618143,2025-01,Railways,96.0,95.7,196.52,196.52
P-618143,2025-02,Railways,97.0,96.0,196.52,196.52
P-618143,2025-03,Railways,98.0,95.7,196.52,196.52
P-618143,2025-12,Railways,105.0,92.0,197.0,197.0
P-618143,2026-01,Railways,106.0,92.0,197.0,197.0
P-618144,2025-12,Railways,81.0,0.0,423.15,423.15
P-618144,2026-01,Railways,82.0,0.0,423.15,423.15
P-618152,2025-12,Railways,107.0,96.0,488.6,488.6
P-618152,2026-01,Railways,108.0,96.0,488.6,488.6
P-618156,2026-01,Railways,35.0,51.0,492.66,492.66
P-618159,2026-01,Railways,23.0,0.0,382.1,382.1
P-618160,2026-01,Railways,10.0,0.0,1019.17,1019.17
P-618162,2026-01,Railways,32.0,0.0,2008.7,2008.7
P-618163,2025-01,Railways,49.0,61.96,1094.46,1094.46
P-618163,2025-02,Railways,50.0,61.96,1094.46,1094.46
P-618163,2025-03,Railways,51.0,61.96,1094.46,1094.46
P-618164,2025-01,Railways,47.0,43.45,1269.96,1269.96
P-618164,2025-02,Railways,48.0,43.45,1269.96,1269.96
P-618164,2025-03,Railways,49.0,43.45,1269.96,1269.96
P-618164,2026-01,Railways,46.0,68.0,1141.67,1157.31
P-618165,2025-01,Railways,29.0,100.0,175.0,175.0
P-618165,2025-02,Railways,30.0,100.0,175.0,175.0
P-618165,2025-03,Railways,31.0,100.0,175.0,175.0
P-618166,2025-01,Railways,53.0,100.0,200.0,154.73
P-618166,2025-02,Railways,54.0,100.0,200.0,154.73
P-618166,2025-03,Railways,55.0,99.62,200.0,154.73
P-618167,2025-01,Railways,52.0,100.0,748.99,903.0
P-618167,2025-02,Railways,53.0,100.0,748.99,903.0
P-618167,2025-03,Railways,54.0,100.0,748.99,903.0
P-618168,2025-01,Railways,46.0,99.48,536.03,536.03
P-618168,2025-02,Railways,47.0,99.48,536.03,536.03
P-618168,2025-03,Railways,48.0,99.48,536.03,536.03
P-618172,2025-01,Railways,,78.6,341.8,341.8
P-618172,2025-02,Railways,95.0,78.6,341.8,341.8
P-618172,2025-03,Railways,,78.6,341.8,341.8
P-618172,2026-01,Railways,106.0,80.0,341.8,341.8
P-618173,2025-01,Railways,,83.93,381.77,381.77
P-618173,2025-02,Railways,96.0,83.93,381.77,381.77
P-618173,2025-03,Railways,,83.93,381.77,381.77
P-618173,2026-01,Railways,107.0,83.0,381.77,381.77
P-618175,2025-01,Railways,22.0,30.69,428.8,428.8
P-618175,2025-02,Railways,23.0,30.69,428.8,428.8
P-618175,2025-03,Railways,24.0,30.69,428.8,428.8
P-618177,2025-01,Railways,,95.0,227.19,227.19
P-618177,2025-02,Railways,83.0,95.0,227.19,227.19
P-618177,2025-03,Railways,,95.0,227.19,227.19
P-618177,2026-01,Railways,94.0,99.0,227.19,227.19
P-618180,2025-01,Railways,82.0,100.0,223.46,223.46
P-618180,2025-02,Railways,83.0,100.0,223.46,223.46
P-618180,2025-03,Railways,84.0,100.0,223.46,223.46
P-618181,2025-01,Railways,22.0,,153.79,153.79
P-618181,2025-02,Railways,23.0,,153.79,153.79
P-618181,2025-03,Railways,24.0,,153.79,153.79
P-618185,2026-01,Railways,37.0,0.0,394.95,394.95
P-618186,2025-01,Railways,36.0,64.28,549.28,549.28
P-618186,2025-02,Railways,37.0,64.0,549.28,549.28
P-618186,2025-03,Railways,38.0,70.0,549.28,549.28
P-618186,2026-01,Railways,48.0,82.0,549.28,549.28
P-618187,2026-01,Railways,32.0,9.0,947.15,947.15
P-618188,2025-01,Railways,23.0,,253.78,253.78
P-618188,2025-02,Railways,24.0,,253.78,253.78
P-618188,2025-03,Railways,25.0,,253.78,253.78
P-618190,2025-01,Railways,34.0,76.25,644.45,644.45
P-618190,2025-02,Railways,35.0,76.0,644.45,644.45
P-618190,2025-03,Railways,36.0,92.5,644.45,644.45
P-618191,2025-01,Railways,36.0,95.32,403.22,403.22
P-618191,2025-02,Railways,37.0,97.0,403.22,403.22
P-618191,2025-03,Railways,38.0,97.0,403.22,403.22
P-618192,2025-01,Railways,46.0,70.0,423.67,423.67
P-618192,2025-02,Railways,47.0,60.53,423.67,423.67
P-618192,2025-03,Railways,48.0,61.0,423.67,423.67
P-618194,2025-01,Railways,82.0,98.5,289.67,285.29
P-618194,2025-02,Railways,83.0,98.5,289.67,285.29
P-618194,2025-03,Railways,84.0,98.5,289.67,285.29
P-618194,2026-01,Railways,94.0,98.0,294.13,285.29
P-618196,2025-01,Railways,36.0,78.35,578.85,578.85
P-618196,2025-02,Railways,37.0,78.0,578.85,578.85
P-618196,2025-03,Railways,38.0,79.25,578.85,578.85
P-618196,2026-01,Railways,48.0,85.0,578.85,578.85
P-618197,2025-01,Railways,36.0,65.63,882.18,882.18
P-618197,2025-02,Railways,37.0,66.0,882.18,882.18
P-618197,2025-03,Railways,38.0,71.0,882.18,882.18
P-618197,2026-01,Railways,48.0,73.0,882.18,882.18
P-618198,2025-01,Railways,,,381.08,381.08
P-618198,2025-02,Railways,79.0,,381.08,381.08
P-618198,2025-03,Railways,,,381.08,381.08
P-618199,2025-01,Railways,23.0,,723.13,723.13
P-618199,2025-02,Railways,24.0,,723.13,723.13
P-618199,2025-03,Railways,25.0,,723.13,723.13
P-618199,2025-12,Railways,34.0,34.0,723.13,723.13
P-618199,2026-01,Railways,35.0,34.0,723.13,723.13
P-618200,2025-01,Railways,34.0,10.0,317.74,317.74
P-618200,2025-02,Railways,35.0,11.0,317.74,317.74
P-618200,2025-03,Railways,36.0,11.0,317.74,317.74
P-618200,2026-01,Railways,46.0,25.0,317.74,317.74
P-618202,2025-01,Railways,22.0,,992.43,992.43
P-618202,2025-02,Railways,23.0,,992.43,992.43
P-618202,2025-03,Railways,24.0,,992.43,992.43
P-618202,2026-01,Railways,34.0,38.0,992.43,992.43
P-618203,2025-01,Railways,22.0,8.0,980.21,980.21
P-618203,2025-02,Railways,23.0,8.0,980.21,980.21
P-618203,2025-03,Railways,24.0,8.0,980.21,980.21
P-618203,2026-01,Railways,34.0,48.0,980.21,980.21
P-618204,2025-01,Railways,38.0,37.0,426.14,426.14
P-618204,2025-02,Railways,39.0,37.0,426.14,426.14
P-618204,2025-03,Railways,40.0,37.0,426.14,426.14
P-618205,2025-01,Railways,31.0,46.0,832.46,823.46
P-618205,2025-02,Railways,32.0,46.0,832.46,823.46
P-618205,2025-03,Railways,33.0,46.0,832.46,823.46
P-618212,2026-01,Railways,24.0,0.0,197.26,197.26
P-618216,2025-01,Railways,46.0,20.0,230.54,230.54
P-618216,2025-02,Railways,47.0,20.16,230.54,230.54
P-618216,2025-03,Railways,48.0,20.16,230.54,230.54
P-618216,2025-12,Railways,57.0,0.0,230.55,203.15
P-618216,2026-01,Railways,58.0,23.0,230.55,203.15
P-618217,2025-01,Railways,46.0,43.73,314.67,314.67
P-618217,2025-02,Railways,47.0,44.0,314.67,314.67
P-618217,2025-03,Railways,48.0,44.0,314.67,314.67
P-618217,2025-12,Railways,57.0,0.0,314.67,244.15
P-618217,2026-01,Railways,58.0,57.0,314.67,244.15
P-618220,2025-01,Railways,46.0,95.0,642.24,642.24
P-618220,2025-02,Railways,47.0,95.0,642.24,642.24
P-618220,2025-03,Railways,48.0,95.0,642.24,642.24
P-618221,2025-01,Railways,40.0,8.0,734.64,734.64
P-618221,2025-02,Railways,41.0,8.0,734.64,734.64
P-618221,2025-03,Railways,42.0,8.0,734.64,734.64
P-618221,2026-01,Railways,52.0,30.0,734.64,734.64
P-618222,2025-01,Railways,27.0,25.0,562.45,562.45
P-618222,2025-02,Railways,28.0,25.0,562.45,562.45
P-618222,2025-03,Railways,29.0,25.0,562.45,562.45
P-618224,2025-01,Railways,58.0,78.0,152.93,152.93
P-618224,2025-02,Railways,59.0,78.27,152.93,152.93
P-618224,2025-03,Railways,60.0,78.27,152.93,152.93
P-618225,2025-01,Railways,47.0,64.0,395.25,395.25
P-618225,2025-02,Railways,48.0,64.0,395.25,395.25
P-618225,2025-03,Railways,49.0,64.0,395.25,395.25
P-618226,2025-01,Railways,54.0,87.0,272.49,272.49
P-618226,2025-02,Railways,55.0,87.24,272.49,272.49
P-618226,2025-03,Railways,56.0,87.24,272.49,272.49
P-618227,2025-01,Railways,34.0,39.07,995.04,995.04
P-618227,2025-02,Railways,35.0,40.0,995.04,995.04
P-618227,2025-03,Railways,36.0,45.0,995.04,995.04
P-618228,2025-01,Railways,71.0,50.58,2926.42,2926.42
P-618228,2025-02,Railways,72.0,51.89,2926.42,2926.42
P-618228,2025-03,Railways,73.0,54.64,2926.42,2926.42
P-618228,2026-01,Railways,83.0,66.0,2926.42,2926.42
P-618229,2025-01,Railways,57.0,93.0,211.09,211.09
P-618229,2025-02,Railways,58.0,95.0,211.09,211.09
P-618229,2025-03,Railways,59.0,95.0,211.09,211.09
P-618229,2026-01,Railways,69.0,100.0,211.09,206.56
P-618230,2025-01,Railways,53.0,,314.32,314.32
P-618230,2025-02,Railways,54.0,,314.32,314.32
P-618230,2025-03,Railways,55.0,,314.32,314.32
P-618231,2025-01,Railways,53.0,13.0,371.93,371.93
P-618231,2025-02,Railways,54.0,,371.93,371.93
P-618231,2025-03,Railways,55.0,,371.93,371.93
P-618233,2025-01,Railways,78.0,72.0,1948.25,1948.25
P-618233,2025-02,Railways,79.0,72.0,1948.25,1948.25
P-618233,2025-03,Railways,80.0,76.0,1948.25,1948.25
P-618233,2026-01,Railways,90.0,85.0,1948.25,1465.41
P-618234,2025-01,Railways,76.0,63.55,1478.4,1478.4
P-618234,2025-02,Railways,77.0,63.55,1478.4,1478.4
P-618234,2025-03,Railways,78.0,67.3,1478.4,1478.4
P-618234,2026-01,Railways,88.0,87.0,1478.4,1478.4
P-618237,2025-01,Railways,96.0,89.56,263.45,263.45
P-618237,2025-02,Railways,97.0,90.0,263.45,263.45
P-618237,2025-03,Railways,98.0,85.0,263.45,263.45
P-618237,2026-01,Railways,106.0,98.0,263.45,263.45
P-618238,2025-01,Railways,101.0,98.0,350.61,411.18
P-618238,2025-02,Railways,102.0,98.2,350.61,411.18
P-618238,2025-03,Railways,103.0,98.2,350.61,411.18
P-618238,2026-01,Railways,113.0,98.0,350.61,432.91
P-618240,2025-01,Railways,57.0,84.0,236.47,236.47
P-618240,2025-02,Railways,58.0,86.0,236.47,236.47
P-618240,2025-03,Railways,59.0,86.0,236.47,236.47
P-618240,2026-01,Railways,69.0,90.0,236.47,236.47
P-618243,2026-01,Railways,37.0,19.0,1138.72,1138.72
P-618244,2026-01,Railways,46.0,27.0,1273.72,1273.72
P-618246,2025-01,Railways,54.0,30.42,1110.23,1110.23
P-618246,2025-02,Railways,55.0,32.8,1110.23,1110.23
P-618246,2025-03,Railways,56.0,37.8,1110.23,1110.23
P-618246,2025-12,Railways,65.0,44.0,1110.23,1110.23
P-618246,2026-01,Railways,66.0,44.0,1110.23,1110.23
P-618247,2026-01,Railways,22.0,0.0,1708.62,1708.62
P-618248,2026-01,Railways,32.0,0.0,1653.15,1653.15
P-618249,2026-01,Railways,34.0,25.0,1511.57,1511.57
P-618250,2025-01,Railways,12.0,0.5,3064.45,3064.45
P-618250,2025-02,Railways,13.0,0.76,3064.45,3064.45
P-618250,2025-03,Railways,14.0,1.5,3064.45,3064.45
P-618251,2026-01,Railways,34.0,1.0,1661.25,1661.25
P-618252,2025-01,Railways,36.0,,974.19,974.19
P-618252,2025-02,Railways,37.0,,974.19,974.19
P-618252,2025-03,Railways,38.0,,974.19,974.19
P-618252,2026-01,Railways,48.0,37.0,974.19,1344.61
P-618254,2025-01,Railways,22.0,,244.43,244.43
P-618254,2025-02,Railways,23.0,,244.43,244.43
P-618254,2025-03,Railways,24.0,,244.43,244.43
P-618255,2025-01,Railways,17.0,15.0,361.24,361.24
P-618255,2025-02,Railways,18.0,15.0,361.24,361.24
P-618255,2025-03,Railways,19.0,26.0,361.24,361.24
P-618256,2025-01,Railways,53.0,60.5,311.22,311.22
P-618256,2025-02,Railways,54.0,61.0,311.22,311.22
P-618256,2025-03,Railways,55.0,72.0,311.22,311.22
P-618257,2025-01,Railways,53.0,67.0,349.29,349.29
P-618257,2025-02,Railways,54.0,72.83,349.29,349.29
P-618257,2025-03,Railways,55.0,76.0,349.29,349.29
P-618257,2026-01,Railways,65.0,86.0,349.29,349.29
P-618258,2025-01,Railways,53.0,79.0,296.66,296.66
P-618258,2025-02,Railways,54.0,87.49,296.66,296.66
P-618258,2025-03,Railways,55.0,87.49,296.66,296.66
P-618258,2026-01,Railways,65.0,91.0,296.66,289.11
P-618259,2025-01,Railways,53.0,93.15,222.61,222.61
P-618259,2025-02,Railways,54.0,95.0,222.61,222.61
P-618259,2025-03,Railways,55.0,95.0,222.61,222.61
P-618259,2026-01,Railways,65.0,100.0,222.61,222.61
P-618260,2026-01,Railways,46.0,12.0,1348.06,1348.06
P-618262,2026-01,Railways,34.0,5.0,1734.7,1734.7
P-618263,2025-01,Railways,22.0,,701.02,701.02
P-618263,2025-02,Railways,23.0,,701.02,701.02
P-618263,2025-03,Railways,24.0,,701.02,701.02
P-618263,2026-01,Railways,34.0,80.0,701.02,701.02
P-618264,2026-01,Railways,32.0,14.0,2061.86,2061.86
P-618265,2025-01,Railways,57.0,65.0,172.5,172.5
P-618265,2025-02,Railways,58.0,70.0,172.5,172.5
P-618265,2025-03,Railways,59.0,71.0,172.5,172.5
P-618265,2026-01,Railways,69.0,86.0,172.5,169.56
P-618266,2025-01,Railways,57.0,91.0,325.24,325.24
P-618266,2025-02,Railways,58.0,95.0,325.24,325.24
P-618266,2025-03,Railways,59.0,95.0,325.24,325.24
P-618282,2025-01,Railways,,17.38,1264.9,1264.9
P-618282,2025-02,Railways,,19.25,1264.9,1264.9
P-618282,2025-03,Railways,,22.3,1264.9,1264.9
P-618283,2025-01,Railways,,17.73,1000.27,1000.27
P-618283,2025-02,Railways,,19.46,1000.27,1000.27
P-618283,2025-03,Railways,,22.75,1000.27,1000.27
P-618284,2025-01,Railways,,32.18,1457.59,1457.59
P-618284,2025-02,Railways,,34.62,1457.59,1457.59
P-618284,2025-03,Railways,,41.82,1457.59,1457.59
P-618284,2025-12,Railways,33.0,56.0,1457.59,1457.59
P-618284,2026-01,Railways,34.0,71.0,1457.59,1457.59
P-618285,2025-01,Railways,,53.98,286.72,286.72
P-618285,2025-02,Railways,47.0,61.53,286.72,286.72
P-618285,2025-03,Railways,,71.71,286.72,286.72
P-618286,2025-01,Railways,,60.22,746.76,746.76
P-618286,2025-02,Railways,42.0,64.13,746.76,746.76
P-618286,2025-03,Railways,,65.29,746.76,746.76
P-618286,2026-01,Railways,52.0,74.0,746.76,746.76
P-618287,2026-01,Railways,26.0,8.0,1338.61,1338.61
P-618288,2025-03,Railways,,0.0,1081.15,1081.15
P-618288,2026-01,Railways,23.0,11.0,1081.15,1081.15
P-618289,2025-01,Railways,58.0,97.76,220.2,220.2
P-618289,2025-02,Railways,59.0,97.76,220.2,220.2
P-618289,2025-03,Railways,60.0,97.76,220.2,220.2
P-618289,2025-12,Railways,69.0,0.0,224.85,224.85
P-618289,2026-01,Railways,70.0,97.0,224.85,224.85
P-618290,2025-01,Railways,53.0,27.58,202.36,202.36
P-618290,2025-02,Railways,54.0,27.78,202.36,202.36
P-618290,2025-03,Railways,55.0,30.33,202.36,202.36
P-618290,2026-01,Railways,66.0,34.0,202.36,202.36
P-618291,2025-01,Railways,53.0,20.04,159.85,159.85
P-618292,2025-01,Railways,52.0,64.48,277.44,277.44
P-618292,2025-02,Railways,53.0,65.92,277.44,277.44
P-618292,2025-03,Railways,54.0,66.12,277.44,277.44
P-618292,2026-01,Railways,66.0,67.0,277.44,277.44
P-618293,2025-01,Railways,53.0,11.01,232.29,232.29
P-618293,2025-02,Railways,54.0,11.52,232.29,232.29
P-618293,2025-03,Railways,55.0,13.46,232.29,232.29
P-618293,2025-12,Railways,65.0,20.0,232.29,350.88
P-618293,2026-01,Railways,66.0,22.0,232.29,350.88
P-618294,2026-01,Railways,34.0,10.0,801.07,801.07
P-618295,2026-01,Railways,34.0,13.0,705.83,705.83
P-618296,2025-01,Railways,57.0,73.01,330.8,330.8
P-618296,2025-02,Railways,58.0,84.76,330.8,330.8
P-618296,2025-03,Railways,59.0,87.53,330.8,330.8
P-618297,2025-01,Railways,58.0,60.74,355.79,355.79
P-618297,2025-02,Railways,59.0,62.5,355.79,355.79
P-618297,2025-03,Railways,60.0,62.7,355.79,355.79
P-618298,2026-01,Railways,58.0,78.0,211.7,211.7
P-618300,2026-01,Railways,64.0,83.0,379.39,379.39
P-618302,2025-12,Railways,69.0,35.0,256.04,256.04
P-618302,2026-01,Railways,70.0,88.0,256.04,256.04
P-618303,2026-01,Railways,70.0,37.0,222.77,222.77
P-618304,2025-03,Railways,24.0,0.0,164.89,164.89
P-618305,2025-01,Railways,22.0,0.0,554.66,554.66
P-618305,2025-02,Railways,23.0,4.0,554.66,554.66
P-618305,2025-03,Railways,24.0,9.21,554.66,554.66
P-618305,2026-01,Railways,34.0,19.0,554.66,554.66
P-618308,2025-01,Railways,22.0,19.24,728.97,728.97
P-618308,2025-02,Railways,23.0,28.02,728.97,728.97
P-618308,2025-03,Railways,24.0,39.87,728.97,728.97
P-618308,2025-12,Railways,33.0,46.0,676.18,728.97
P-618308,2026-01,Railways,34.0,46.0,676.18,728.97
P-618309,2026-01,Railways,23.0,0.0,1319.55,1319.55
P-618312,2026-01,Railways,23.0,6.0,1258.13,1258.13
P-618313,2026-01,Railways,22.0,0.0,1181.55,1181.55
P-618314,2025-01,Railways,,45.18,1716.21,1716.21
P-618314,2025-02,Railways,23.0,50.09,1716.21,1716.21
P-618314,2025-03,Railways,,61.75,1716.21,1716.21
P-618314,2025-12,Railways,33.0,64.0,1716.21,1716.21
P-618314,2026-01,Railways,34.0,79.0,1716.21,1716.21
P-618315,2025-01,Railways,,23.03,1256.9,1256.9
P-618315,2025-02,Railways,24.0,24.05,1256.9,1256.9
P-618315,2025-03,Railways,,32.68,1256.9,1256.9
P-618315,2025-12,Railways,34.0,0.0,1256.9,1256.9
P-618315,2026-01,Railways,35.0,0.0,1256.9,1256.9
P-618320,2026-01,Railways,23.0,0.0,866.32,866.32
P-618321,2026-01,Railways,23.0,0.0,875.79,875.79
P-618323,2026-01,Railways,24.0,0.0,1313.28,1313.28
P-618324,2026-01,Railways,35.0,0.0,720.72,720.72
P-618325,2025-12,Railways,49.0,0.0,204.1,204.1
P-618325,2026-01,Railways,50.0,0.0,204.1,204.1
P-618327,2025-12,Railways,51.0,0.0,625.64,625.64
P-618327,2026-01,Railways,52.0,0.0,625.64,625.64
P-618328,2025-01,Railways,58.0,97.01,206.88,219.33
P-618328,2025-02,Railways,59.0,99.37,206.88,219.33
P-618328,2025-03,Railways,60.0,100.0,206.88,219.33
P-618328,2026-01,Railways,118.0,0.0,562.98,794.75
P-618329,2025-12,Railways,106.0,0.0,819.39,819.39
P-618329,2026-01,Railways,107.0,0.0,819.39,819.39
P-618330,2025-12,Railways,93.0,0.0,511.02,511.02
P-618330,2026-01,Railways,94.0,100.0,511.02,511.02
P-618331,2025-03,Railways,,0.0,957.95,957.95
P-618331,2026-01,Railways,24.0,36.0,957.95,957.95
P-618334,2025-12,Railways,48.0,0.0,504.76,504.76
P-618334,2026-01,Railways,49.0,87.0,504.76,504.76
P-618335,2025-01,Railways,96.0,63.59,256.66,256.66
P-618335,2025-02,Railways,97.0,63.59,256.66,256.66
P-618335,2025-03,Railways,98.0,63.59,256.66,256.66
P-618335,2026-01,Railways,49.0,82.0,410.68,410.68
P-618336,2025-01,Railways,53.0,99.52,228.71,228.71
P-618336,2025-02,Railways,54.0,99.52,228.71,228.71
P-618336,2025-03,Railways,55.0,99.52,228.71,228.71
P-618336,2026-01,Railways,52.0,79.0,579.63,579.63
P-618337,2025-12,Railways,57.0,82.0,467.0,467.0
P-618337,2026-01,Railways,58.0,82.0,467.0,467.0
P-618339,2025-12,Railways,35.0,20.0,356.65,356.65
P-618339,2026-01,Railways,36.0,20.0,356.65,356.65
P-618341,2025-12,Railways,51.0,64.0,523.78,523.78
P-618341,2026-01,Railways,52.0,95.0,523.78,523.78
P-618342,2025-12,Railways,69.0,0.0,206.9,206.9
P-618342,2026-01,Railways,70.0,0.0,206.9,206.9
P-618343,2025-12,Railways,69.0,0.0,292.23,292.23
P-618343,2026-01,Railways,70.0,0.0,292.23,292.23
P-618346,2025-01,Railways,58.0,85.33,292.24,292.24
P-618346,2025-02,Railways,59.0,88.64,292.24,292.24
P-618346,2025-03,Railways,60.0,89.72,292.24,292.24
P-618346,2026-01,Railways,69.0,92.0,232.99,232.99
P-618347,2025-01,Railways,58.0,80.43,216.49,216.49
P-618347,2026-01,Railways,69.0,96.0,241.52,241.52
P-618348,2026-01,Railways,67.0,0.0,177.76,177.76
P-618349,2026-01,Railways,69.0,0.0,204.12,204.12
P-618350,2025-01,Railways,13.0,5.2,920.66,920.66
P-618350,2025-02,Railways,14.0,8.8,920.66,920.66
P-618350,2025-03,Railways,15.0,18.2,920.66,920.66
P-618351,2025-01,Railways,22.0,46.7,890.33,890.33
P-618351,2025-02,Railways,23.0,51.5,890.33,890.33
P-618351,2025-03,Railways,24.0,56.45,890.33,890.33
P-618352,2025-01,Railways,22.0,48.7,860.37,860.37
P-618352,2025-02,Railways,23.0,54.35,860.37,860.37
P-618352,2025-03,Railways,24.0,59.3,860.37,860.37
P-618353,2025-01,Railways,22.0,54.95,904.04,904.04
P-618353,2025-02,Railways,23.0,55.23,904.04,904.04
P-618353,2025-03,Railways,24.0,60.55,904.04,904.04
P-618354,2025-01,Railways,,44.92,846.82,846.82
P-618354,2025-02,Railways,14.0,45.12,846.82,846.82
P-618354,2025-03,Railways,,60.42,846.82,846.82
P-618355,2025-12,Railways,53.0,92.0,483.87,483.87
P-618355,2026-01,Railways,54.0,92.0,483.87,483.87
P-618356,2026-01,Railways,58.0,97.0,234.08,234.08
P-618357,2026-01,Railways,52.0,84.0,477.86,477.86
P-618358,2026-01,Railways,52.0,83.0,311.18,311.18
P-618359,2025-01,Railways,22.0,3.21,665.47,665.47
P-618359,2025-02,Railways,23.0,17.15,665.47,665.47
P-618359,2025-03,Railways,24.0,26.7,665.47,665.47
P-618362,2025-01,Railways,,43.0,698.44,698.45
P-618362,2025-02,Railways,,52.84,698.44,698.45
P-618362,2025-03,Railways,,52.84,698.44,698.45
P-618362,2026-01,Railways,58.0,64.0,698.45,698.45
P-618363,2025-01,Railways,,42.0,740.58,740.58
P-618363,2025-02,Railways,,50.6,740.58,740.58
P-618363,2025-03,Railways,,50.6,740.58,740.58
P-618363,2026-01,Railways,55.0,61.0,740.58,740.58
P-618364,2025-01,Railways,25.0,34.57,430.24,430.24
P-618364,2025-02,Railways,26.0,40.26,430.24,430.24
P-618364,2025-03,Railways,27.0,49.15,430.24,430.24
P-618364,2025-12,Railways,36.0,78.0,430.24,430.24
P-618364,2026-01,Railways,37.0,78.0,430.24,430.24
P-618365,2025-01,Railways,25.0,46.17,497.18,497.18
P-618365,2025-02,Railways,26.0,49.22,497.18,497.18
P-618365,2025-03,Railways,27.0,58.7,497.18,497.18
P-618365,2025-12,Railways,36.0,80.0,497.18,497.18
P-618365,2026-01,Railways,37.0,80.0,497.18,497.18
P-618366,2025-01,Railways,25.0,15.4,442.54,442.54
P-618366,2025-02,Railways,26.0,18.29,442.54,442.54
P-618366,2025-03,Railways,27.0,20.46,442.54,442.54
P-618366,2025-12,Railways,36.0,38.0,442.54,442.54
P-618366,2026-01,Railways,37.0,38.0,442.54,442.54
P-618367,2025-03,Railways,14.0,0.0,726.9,726.9
P-618367,2026-01,Railways,24.0,6.0,726.9,726.9
P-618368,2025-01,Railways,12.0,0.0,670.9,670.9
P-618368,2025-02,Railways,13.0,0.0,670.9,670.9
P-618368,2025-03,Railways,14.0,0.0,670.9,670.9
P-618368,2025-12,Railways,23.0,6.0,670.9,670.9
P-618368,2026-01,Railways,24.0,6.0,670.9,670.9
P-618369,2025-01,Railways,12.0,0.0,657.21,657.21
P-618369,2025-02,Railways,13.0,0.0,657.21,657.21
P-618369,2025-03,Railways,14.0,5.0,657.21,657.21
P-618369,2025-12,Railways,23.0,42.0,657.21,657.21
P-618369,2026-01,Railways,24.0,47.0,657.21,657.21
P-618370,2025-01,Railways,12.0,14.16,431.78,431.78
P-618370,2025-02,Railways,13.0,21.84,431.78,431.78
P-618370,2025-03,Railways,14.0,21.84,431.78,431.78
P-618371,2025-01,Railways,,5.1,613.89,613.89
P-618371,2025-02,Railways,35.0,12.24,613.89,613.89
P-618371,2025-03,Railways,,35.13,613.89,613.89
P-618371,2025-12,Railways,45.0,43.0,613.89,613.89
P-618371,2026-01,Railways,46.0,56.0,613.89,613.89
P-618372,2025-01,Railways,34.0,92.08,909.02,909.02
P-618372,2025-02,Railways,35.0,93.54,909.02,909.02
P-618372,2025-03,Railways,36.0,94.64,909.02,909.02
P-618373,2025-01,Railways,50.0,56.59,4997.04,4997.04
P-618373,2025-02,Railways,51.0,58.18,4997.04,4997.04
P-618373,2025-03,Railways,52.0,59.88,4997.04,4997.04
P-618373,2026-01,Railways,80.0,70.0,4997.04,4997.04
P-618374,2025-01,Railways,50.0,8.6,284.21,284.21
P-618374,2025-02,Railways,51.0,12.15,284.21,284.21
P-618374,2025-03,Railways,52.0,20.5,284.21,284.21
P-618374,2026-01,Railways,66.0,36.0,284.21,284.21
P-618375,2025-01,Railways,50.0,12.5,445.51,445.51
P-618375,2025-02,Railways,51.0,17.1,445.51,445.51
P-618375,2025-03,Railways,52.0,23.5,445.51,445.51
P-618375,2026-01,Railways,66.0,45.0,445.51,445.51
P-618376,2025-01,Railways,50.0,17.0,525.68,525.68
P-618376,2025-02,Railways,51.0,22.29,525.68,525.68
P-618376,2025-03,Railways,52.0,28.0,525.68,525.68
P-618376,2026-01,Railways,66.0,46.0,525.67,525.67
P-618377,2025-01,Railways,50.0,42.0,351.12,351.12
P-618377,2025-02,Railways,51.0,45.57,351.12,351.12
P-618377,2025-03,Railways,52.0,59.2,351.12,351.12
P-618379,2025-01,Railways,93.0,85.1,473.18,688.25
P-618379,2025-02,Railways,94.0,92.01,473.18,688.25
P-618379,2025-03,Railways,95.0,92.01,473.18,688.25
P-618379,2026-01,Railways,76.0,95.0,752.89,752.89
P-618380,2025-01,Railways,93.0,90.12,519.09,785.65
P-618380,2025-02,Railways,94.0,95.75,519.09,785.65
P-618380,2025-03,Railways,95.0,95.75,519.09,785.65
P-618380,2026-01,Railways,76.0,97.0,867.09,867.09
P-618381,2025-01,Railways,93.0,90.15,518.53,906.76
P-618381,2025-02,Railways,94.0,95.15,518.53,906.76
P-618381,2025-03,Railways,95.0,97.01,518.53,906.76
P-618381,2026-01,Railways,76.0,98.0,768.76,768.76
P-618382,2025-01,Railways,93.0,85.6,404.29,750.32
P-618382,2025-02,Railways,94.0,93.57,404.29,750.32
P-618382,2025-03,Railways,95.0,97.51,404.29,750.32
P-618382,2026-01,Railways,76.0,100.0,605.76,750.32
P-618383,2025-01,Railways,93.0,87.7,428.11,746.39
P-618383,2025-02,Railways,94.0,91.25,428.11,746.39
P-618383,2025-03,Railways,95.0,97.46,428.11,746.39
P-618383,2025-12,Railways,75.0,99.0,637.06,637.06
P-618383,2026-01,Railways,76.0,99.0,637.06,637.06
P-618384,2025-01,Railways,93.0,91.6,537.82,789.05
P-618384,2025-02,Railways,94.0,95.16,537.82,789.05
P-618384,2025-03,Railways,95.0,95.4,537.82,789.05
P-618384,2026-01,Railways,76.0,99.0,899.45,899.45
P-618385,2025-01,Railways,59.0,1.31,174.43,174.43
P-618385,2025-02,Railways,60.0,8.51,174.43,174.43
P-618385,2025-03,Railways,61.0,15.6,174.43,174.43
P-618386,2025-01,Railways,55.0,99.94,277.5,302.02
P-618386,2025-02,Railways,56.0,99.94,277.5,302.02
P-618386,2025-03,Railways,57.0,99.94,277.5,302.02
P-618386,2026-01,Railways,71.0,0.0,277.5,302.03
P-618387,2025-01,Railways,,40.9,578.98,578.98
P-618387,2025-02,Railways,23.0,56.7,578.98,578.98
P-618387,2025-03,Railways,,67.93,578.98,578.98
P-618388,2025-01,Railways,40.0,63.74,315.56,315.56
P-618388,2026-01,Railways,52.0,90.0,315.56,315.56
P-618389,2025-01,Railways,40.0,84.05,310.76,310.76
P-618389,2026-01,Railways,52.0,96.0,310.76,310.76
P-618390,2025-01,Railways,82.0,62.62,1383.78,1383.78
P-618390,2025-02,Railways,83.0,62.99,1383.78,1383.78
P-618390,2025-03,Railways,84.0,63.0,1383.78,1383.78
P-618390,2026-01,Railways,94.0,69.0,1383.78,1383.78
P-618391,2025-01,Railways,13.0,37.0,250.33,250.33
P-618391,2025-02,Railways,14.0,43.0,250.33,250.33
P-618391,2025-03,Railways,15.0,43.0,250.33,250.33
P-618392,2025-01,Railways,13.0,,259.64,259.64
P-618392,2025-02,Railways,14.0,,259.64,259.64
P-618392,2025-03,Railways,15.0,,259.64,259.64
P-618392,2026-01,Railways,25.0,40.0,259.64,259.64
P-618393,2025-01,Railways,13.0,31.06,216.88,216.88
P-618393,2025-02,Railways,14.0,44.58,216.88,216.88
P-618393,2025-03,Railways,15.0,45.0,216.88,216.88
P-618393,2025-12,Railways,24.0,87.0,216.68,216.68
P-618393,2026-01,Railways,25.0,94.0,216.68,216.68
P-618394,2025-01,Railways,54.0,87.03,228.39,228.39
P-618394,2025-02,Railways,55.0,87.23,228.39,228.39
P-618394,2025-03,Railways,56.0,87.38,228.39,228.39
P-618394,2026-01,Railways,66.0,90.0,228.39,225.37
P-618395,2026-01,Railways,58.0,0.0,512.43,512.43
P-618396,2025-12,Railways,58.0,0.0,486.45,486.45
P-618396,2026-01,Railways,59.0,0.0,486.45,486.45
P-618398,2026-01,Railways,66.0,94.0,210.79,210.79
P-618399,2025-01,Railways,,43.22,859.67,859.67
P-618399,2025-02,Railways,43.0,43.22,859.67,859.67
P-618399,2025-03,Railways,,44.02,859.67,859.67
P-618399,2026-01,Railways,58.0,0.0,859.67,859.67
P-618400,2026-01,Railways,58.0,98.0,398.51,398.51
P-618401,2026-01,Railways,23.0,1.0,1418.67,1418.67
P-618402,2025-03,Railways,,0.03,1262.43,1262.43
P-618403,2025-03,Railways,,0.07,275.5,275.5
P-618403,2026-01,Railways,23.0,22.0,275.5,275.5
P-618405,2025-03,Railways,,0.0,898.19,898.19
P-618405,2026-01,Railways,24.0,27.0,898.19,898.19
P-618406,2025-01,Railways,82.0,80.26,253.44,253.44
P-618406,2025-02,Railways,83.0,80.49,253.44,253.44
P-618406,2025-03,Railways,84.0,81.56,253.44,253.44
P-618406,2026-01,Railways,94.0,0.0,322.49,322.49
P-618407,2025-01,Railways,30.0,38.13,245.34,245.34
P-618407,2025-02,Railways,31.0,38.17,245.34,245.34
P-618407,2025-03,Railways,32.0,38.47,245.34,245.34
P-618408,2025-01,Railways,,82.11,398.37,398.37
P-618408,2025-02,Railways,47.0,82.11,398.37,398.37
P-618408,2025-03,Railways,,82.28,398.37,398.37
P-618409,2025-01,Railways,,73.97,381.01,381.01
P-618409,2025-02,Railways,54.0,74.11,381.01,381.01
P-618409,2025-03,Railways,,74.11,381.01,381.01
P-618409,2026-01,Railways,58.0,82.0,381.01,381.01
P-618410,2025-01,Railways,,64.36,404.89,404.89
P-618410,2025-02,Railways,47.0,64.36,404.89,404.89
P-618410,2025-03,Railways,,64.36,404.89,404.89
P-618410,2026-01,Railways,58.0,75.0,404.89,404.89
P-618411,2025-01,Railways,20.0,27.34,195.95,195.95
P-618411,2025-02,Railways,21.0,27.34,195.95,195.95
P-618411,2025-03,Railways,22.0,38.44,195.95,195.95
P-618411,2025-12,Railways,35.0,0.0,195.95,195.95
P-618411,2026-01,Railways,36.0,61.0,195.95,195.95
P-618412,2025-01,Railways,53.0,49.92,6808.69,6808.69
P-618412,2025-02,Railways,54.0,49.92,6808.69,6808.69
P-618412,2025-03,Railways,55.0,49.92,6808.69,6808.69
P-618413,2026-01,Railways,59.0,76.0,177.77,199.02
P-618414,2025-01,Railways,,70.33,258.52,258.52
P-618414,2025-02,Railways,43.0,71.8,258.52,258.52
P-618414,2025-03,Railways,,75.64,258.52,258.52
P-618414,2025-12,Railways,59.0,0.0,258.52,258.52
P-618414,2026-01,Railways,60.0,81.0,258.52,258.52
P-618415,2026-01,Railways,59.0,99.0,188.36,188.36
P-618416,2026-01,Railways,59.0,74.0,226.32,226.32
P-618417,2025-01,Railways,22.0,4.25,2026.05,2026.05
P-618417,2025-02,Railways,23.0,5.53,2026.05,2026.05
P-618417,2025-03,Railways,24.0,6.12,2026.05,2026.05
P-618417,2025-12,Railways,33.0,0.0,2026.05,2026.05
P-618417,2026-01,Railways,34.0,0.0,2026.05,2026.05
P-618418,2025-01,Railways,40.0,83.5,359.86,359.86
P-618418,2026-01,Railways,52.0,74.0,359.86,359.86
P-618419,2025-01,Railways,22.0,12.63,562.48,562.48
P-618419,2025-02,Railways,23.0,16.59,562.48,562.48
P-618419,2025-03,Railways,24.0,21.5,562.48,562.48
P-618419,2025-12,Railways,33.0,33.0,562.48,562.48
P-618419,2026-01,Railways,34.0,42.0,562.48,562.48
P-618420,2025-01,Railways,,10.09,686.0,686.0
P-618420,2025-02,Railways,23.0,16.0,686.0,686.0
P-618420,2025-03,Railways,,21.5,686.0,686.0
P-618420,2025-12,Railways,33.0,0.0,686.03,686.03
P-618420,2026-01,Railways,34.0,34.0,686.03,686.03
P-618421,2025-01,Railways,22.0,15.91,620.3,620.3
P-618421,2025-02,Railways,23.0,16.55,620.3,620.3
P-618421,2025-03,Railways,24.0,24.5,620.3,620.3
P-618421,2025-12,Railways,33.0,46.0,620.3,620.3
P-618421,2026-01,Railways,34.0,54.0,620.3,620.3
P-618422,2025-01,Railways,,40.04,161.73,161.73
P-618422,2025-02,Railways,43.0,48.48,161.73,161.73
P-618422,2025-03,Railways,,59.0,161.73,161.73
P-618423,2025-01,Railways,82.0,49.47,215.79,215.79
P-618423,2025-02,Railways,83.0,58.37,215.79,215.79
P-618423,2025-03,Railways,84.0,68.29,215.79,215.79
P-618427,2025-01,Railways,53.0,94.53,311.0,273.78
P-618427,2025-02,Railways,54.0,94.63,311.0,273.78
P-618427,2025-03,Railways,55.0,94.79,311.0,273.78
P-618427,2025-12,Railways,66.0,0.0,311.02,273.78
P-618427,2026-01,Railways,67.0,95.0,311.02,273.78
P-618429,2025-01,Railways,54.0,90.19,345.38,395.59
P-618429,2026-01,Railways,67.0,91.0,345.38,395.59
P-618430,2025-01,Railways,70.0,74.78,402.94,402.94
P-618430,2025-02,Railways,71.0,76.54,402.94,402.94
P-618430,2025-03,Railways,72.0,76.54,402.94,402.94
P-618430,2026-01,Railways,94.0,98.0,402.94,402.94
P-618431,2026-01,Railways,94.0,96.0,295.97,295.97
P-618432,2025-12,Railways,106.0,99.0,228.72,228.72
P-618432,2026-01,Railways,107.0,99.0,228.72,228.72
P-618433,2026-01,Railways,107.0,98.0,184.89,184.89
P-618434,2026-01,Railways,107.0,77.0,1718.59,1718.59
P-618435,2026-01,Railways,120.0,0.0,386.51,386.51
P-618436,2025-01,Railways,408.0,91.89,520.01,520.01
P-618436,2026-01,Railways,130.0,100.0,599.0,599.0
P-618437,2025-01,Railways,108.0,54.53,252.0,330.3
P-618437,2025-02,Railways,109.0,60.28,252.0,330.3
P-618437,2025-03,Railways,110.0,85.81,252.0,330.3
P-618437,2026-01,Railways,120.0,100.0,274.34,274.34
P-618438,2025-01,Railways,108.0,78.5,294.17,294.17
P-618438,2025-02,Railways,109.0,85.59,294.17,294.17
P-618438,2025-03,Railways,110.0,96.25,294.17,294.17
P-618438,2026-01,Railways,120.0,0.0,385.57,385.57
P-618439,2026-01,Railways,24.0,0.0,478.3,478.3
P-618440,2026-01,Railways,120.0,0.0,187.09,100.22
P-618441,2025-12,Railways,119.0,0.0,467.79,476.5
P-618441,2026-01,Railways,120.0,0.0,467.79,476.5
P-618442,2026-01,Railways,24.0,98.0,358.72,358.72
P-618443,2026-01,Railways,24.0,95.0,438.44,438.44
P-618444,2025-01,Railways,115.0,62.57,437.39,437.39
P-618444,2025-02,Railways,116.0,78.2,437.39,437.39
P-618444,2025-03,Railways,117.0,94.36,437.39,437.39
P-618446,2026-01,Railways,63.0,72.0,493.42,478.79
P-618447,2026-01,Railways,60.0,79.0,410.6,379.3
P-618448,2026-01,Railways,63.0,56.0,816.79,786.6
P-618449,2025-01,Railways,53.0,80.18,230.45,244.91
P-618449,2025-02,Railways,54.0,80.32,230.45,244.91
P-618449,2025-03,Railways,55.0,81.86,230.45,244.91
P-618449,2026-01,Railways,66.0,77.0,230.45,244.91
P-618450,2025-01,Railways,53.0,54.16,292.8,292.8
P-618450,2025-02,Railways,54.0,55.85,292.8,292.8
P-618450,2025-03,Railways,55.0,59.65,292.8,292.8
P-618450,2026-01,Railways,66.0,62.0,292.8,292.8
P-618452,2025-01,Railways,23.0,0.0,781.85,781.85
P-618452,2025-02,Railways,24.0,0.3,781.85,781.85
P-618452,2025-03,Railways,25.0,0.5,781.85,781.85
P-618454,2026-01,Railways,71.0,0.0,693.97,693.97
P-618455,2025-01,Railways,59.0,100.0,592.06,592.06
P-618455,2025-02,Railways,60.0,100.0,592.06,592.06
P-618455,2025-03,Railways,61.0,100.0,592.06,592.06
P-618455,2026-01,Railways,71.0,0.0,693.97,693.97
P-618456,2025-01,Railways,62.0,99.8,1119.35,1119.35
P-618456,2026-01,Railways,74.0,99.0,1119.35,1194.17
P-618457,2025-01,Railways,62.0,84.83,1272.97,1272.97
P-618457,2025-02,Railways,63.0,85.02,1272.97,1272.97
P-618457,2025-03,Railways,64.0,85.5,1272.97,1272.97
P-618457,2026-01,Railways,74.0,94.0,1272.97,1265.16
P-618458,2025-01,Railways,54.0,72.67,1788.69,1788.69
P-618458,2025-02,Railways,55.0,73.93,1788.69,1788.69
P-618458,2025-03,Railways,56.0,73.93,1788.69,1788.69
P-618458,2026-01,Railways,66.0,90.0,1854.68,1854.68
P-618459,2025-01,Railways,52.0,67.0,1542.02,1542.02
P-618459,2025-02,Railways,53.0,67.24,1542.02,1542.02
P-618459,2025-03,Railways,54.0,67.85,1542.02,1542.02
P-618460,2025-01,Railways,52.0,94.54,1198.55,1198.55
P-618460,2025-02,Railways,53.0,95.7,1198.55,1198.55
P-618460,2025-03,Railways,54.0,95.7,1198.55,1198.55
P-618460,2026-01,Railways,64.0,96.0,1263.38,1266.98
P-618461,2025-01,Railways,62.0,93.5,1669.56,1669.56
P-618461,2025-02,Railways,63.0,93.5,1669.56,1669.56
P-618461,2025-03,Railways,64.0,95.77,1669.56,1669.56
P-618462,2025-01,Railways,62.0,95.73,1604.06,1604.06
P-618462,2025-02,Railways,63.0,95.73,1604.06,1604.06
P-618462,2025-03,Railways,64.0,95.73,1604.06,1604.06
P-618463,2026-01,Railways,95.0,91.0,1324.84,2807.48
P-618465,2025-01,Railways,54.0,85.73,1710.3,1927.0
P-618465,2025-02,Railways,55.0,89.2,1710.3,1927.0
P-618465,2025-03,Railways,56.0,90.56,1710.3,1927.0
P-618465,2026-01,Railways,66.0,97.0,1710.3,3392.21
P-618468,2026-01,Railways,67.0,99.0,1524.71,1913.95
P-618469,2025-01,Railways,35.0,69.11,2747.0,2747.0
P-618469,2025-02,Railways,36.0,71.49,2747.0,2747.0
P-618469,2025-03,Railways,37.0,75.0,2747.0,2747.0
P-618469,2025-12,Railways,66.0,87.0,3536.9,4679.54
P-618469,2026-01,Railways,67.0,90.0,3536.9,4679.54
P-618470,2025-01,Railways,26.0,53.35,1124.0,1124.0
P-618470,2025-02,Railways,27.0,57.63,1124.0,1124.0
P-618470,2025-03,Railways,28.0,64.1,1124.0,1124.0
P-618470,2025-12,Railways,55.0,80.0,2058.79,2324.72
P-618470,2026-01,Railways,56.0,86.0,2058.79,2324.72
P-618471,2025-01,Railways,26.0,60.02,990.0,990.0
P-618471,2026-01,Railways,56.0,91.0,2610.88,2918.39
P-618472,2025-01,Railways,26.0,75.13,1450.0,1450.0
P-618472,2025-02,Railways,27.0,78.49,1450.0,1450.0
P-618472,2025-03,Railways,28.0,80.04,1450.0,1450.0
P-618472,2025-12,Railways,54.0,86.0,4051.8,4315.56
P-618472,2026-01,Railways,55.0,90.0,4051.8,4315.56
P-618473,2025-01,Railways,40.0,64.67,2208.68,2208.68
P-618473,2025-02,Railways,41.0,70.02,2208.68,2208.68
P-618473,2025-03,Railways,42.0,72.01,2208.68,2208.68
P-618475,2025-01,Railways,46.0,50.3,1942.94,2171.0
P-618475,2025-02,Railways,47.0,53.21,1942.94,2171.0
P-618475,2025-03,Railways,48.0,60.15,1942.94,2171.0
P-618475,2026-01,Railways,59.0,83.0,2548.04,2548.04
P-618476,2025-01,Railways,50.0,90.08,1137.74,1289.0
P-618476,2025-02,Railways,51.0,92.12,1137.74,1289.0
P-618476,2025-03,Railways,52.0,93.73,1137.74,1289.0
P-618477,2025-01,Railways,51.0,78.01,1023.91,1438.62
P-618477,2025-02,Railways,52.0,80.47,1023.91,1438.62
P-618477,2025-03,Railways,53.0,81.89,1023.91,1438.62
P-618477,2026-01,Railways,63.0,91.0,1481.87,1481.87
P-618478,2025-01,Railways,49.0,90.0,843.48,1068.6
P-618478,2025-02,Railways,50.0,90.21,843.48,1068.6
P-618478,2025-03,Railways,51.0,90.21,843.48,1068.6
P-618479,2025-01,Railways,50.0,52.75,1155.49,1525.1
P-618479,2025-02,Railways,51.0,53.06,1155.49,1525.1
P-618479,2025-03,Railways,52.0,53.3,1155.49,1525.1
P-618479,2026-01,Railways,61.0,53.0,1525.1,1525.1
P-618481,2025-01,Railways,47.0,69.95,2948.31,3605.73
P-618481,2025-02,Railways,48.0,72.67,2948.31,3605.73
P-618481,2025-03,Railways,49.0,73.8,2948.31,3605.73
P-618484,2025-01,Railways,49.0,99.6,1430.88,1549.23
P-618484,2026-01,Railways,61.0,79.0,1606.27,1813.91
P-618485,2025-01,Railways,48.0,98.5,1306.95,1453.34
P-618485,2026-01,Railways,60.0,76.0,1306.95,1578.66
P-618487,2025-01,Railways,49.0,89.33,881.0,881.0
P-618487,2025-02,Railways,50.0,89.33,881.0,881.0
P-618487,2025-03,Railways,51.0,89.33,881.0,881.0
P-618488,2025-12,Railways,60.0,31.0,1895.74,2034.94
P-618488,2026-01,Railways,61.0,31.0,1895.74,2034.94
P-618489,2025-01,Railways,49.0,57.84,1234.4,1234.4
P-618489,2025-02,Railways,50.0,57.84,1234.4,1234.4
P-618489,2025-03,Railways,51.0,57.84,1234.4,1234.4
P-618489,2025-12,Railways,60.0,69.0,1851.47,2407.14
P-618489,2026-01,Railways,61.0,70.0,1851.47,2407.14
P-618490,2025-12,Railways,60.0,62.0,2177.54,2062.74
P-618490,2026-01,Railways,61.0,62.0,2177.54,2062.74
P-618491,2025-12,Railways,57.0,43.0,2175.35,2206.71
P-618491,2026-01,Railways,58.0,43.0,2175.35,2206.71
P-618492,2025-01,Railways,47.0,15.33,853.66,853.66
P-618492,2025-02,Railways,48.0,15.33,853.66,853.66
P-618492,2025-03,Railways,49.0,15.33,853.66,853.66
P-618493,2025-01,Railways,60.0,16.5,2165.23,2165.23
P-618493,2025-02,Railways,61.0,17.53,2165.23,2165.23
P-618493,2025-03,Railways,62.0,18.4,2165.23,2165.23
P-618494,2025-01,Railways,39.0,74.0,2714.95,2714.95
P-618494,2025-12,Railways,50.0,88.0,2714.95,3716.56
P-618494,2026-01,Railways,51.0,88.0,2714.95,3716.56
P-618495,2025-01,Railways,29.0,24.8,2474.47,2894.74
P-618495,2025-02,Railways,30.0,31.0,2474.47,2894.74
P-618495,2025-03,Railways,31.0,32.0,2474.47,2894.74
P-618495,2025-12,Railways,42.0,53.0,2894.74,2894.74
P-618495,2026-01,Railways,43.0,55.0,2894.74,2894.74
P-618496,2025-01,Railways,40.0,67.8,1821.72,1917.32
P-618496,2026-01,Railways,52.0,92.0,1821.72,2522.56
P-618497,2025-01,Railways,22.0,24.0,1107.0,975.38
P-618497,2025-02,Railways,23.0,30.23,1107.0,975.38
P-618497,2025-03,Railways,24.0,31.5,1107.0,975.38
P-618498,2025-01,Railways,37.0,75.5,2470.64,2335.0
P-618499,2025-01,Railways,37.0,57.25,1972.1,1936.0
P-618499,2025-02,Railways,38.0,57.55,1972.1,1936.0
P-618499,2025-03,Railways,39.0,58.36,1972.1,1936.0
P-618500,2025-01,Railways,41.0,48.0,1147.26,1147.26
P-618500,2025-02,Railways,42.0,51.0,1147.26,1147.26
P-618500,2025-03,Railways,43.0,55.0,1147.26,1147.26
P-618500,2026-01,Railways,52.0,76.0,1081.39,1116.19
P-618501,2026-01,Railways,68.0,99.0,1298.0,1421.05
P-618503,2026-01,Railways,68.0,100.0,1034.04,1155.41
P-618504,2026-01,Railways,68.0,97.0,1181.76,1358.73
P-618505,2025-01,Railways,29.0,71.83,409.64,409.64
P-618505,2025-02,Railways,30.0,72.45,409.64,409.64
P-618505,2025-03,Railways,31.0,77.1,409.64,409.64
P-618509,2025-01,Railways,54.0,99.75,2171.8,2171.8
P-618509,2025-02,Railways,55.0,99.99,2171.8,2171.8
P-618509,2025-03,Railways,56.0,99.99,2171.8,2171.8
P-618509,2026-01,Railways,66.0,99.0,2089.94,2203.45
P-618512,2025-01,Railways,71.0,75.07,493.0,493.0
P-618512,2025-02,Railways,72.0,75.13,493.0,493.0
P-618512,2025-03,Railways,73.0,76.16,493.0,493.0
P-618512,2025-12,Railways,97.0,85.0,907.03,816.12
P-618512,2026-01,Railways,98.0,86.0,907.03,816.12
P-618513,2025-01,Railways,24.0,41.85,1025.2,1025.2
P-618513,2025-02,Railways,25.0,42.71,1025.2,1025.2
P-618513,2025-03,Railways,26.0,42.71,1025.2,1025.2
P-618513,2026-01,Railways,49.0,49.0,2111.95,1435.46
P-618514,2025-01,Railways,25.0,62.54,1749.86,1749.86
P-618514,2025-02,Railways,26.0,64.34,1749.86,1749.86
P-618514,2025-03,Railways,27.0,65.65,1749.86,1749.86
P-618515,2025-01,Railways,27.0,70.15,1479.3,1479.3
P-618515,2025-12,Railways,49.0,95.0,1479.3,1237.04
P-618515,2026-01,Railways,50.0,97.0,1479.3,1237.04
P-618516,2025-01,Railways,36.0,57.4,1388.7,1388.7
P-618516,2025-02,Railways,37.0,58.5,1388.7,1388.7
P-618516,2025-03,Railways,38.0,60.25,1388.7,1388.7
P-618516,2026-01,Railways,48.0,77.0,1388.7,1066.86
P-618517,2025-01,Railways,32.0,53.21,1135.39,1135.39
P-618517,2025-02,Railways,33.0,56.43,1135.39,1135.39
P-618517,2025-03,Railways,34.0,63.75,1135.39,1135.39
P-618519,2025-01,Railways,33.0,44.95,1260.74,1260.74
P-618519,2025-02,Railways,34.0,44.95,1260.74,1260.74
P-618519,2025-03,Railways,35.0,44.95,1260.74,1260.74
P-618521,2025-01,Railways,75.0,85.45,707.9,766.51
P-618521,2025-02,Railways,76.0,86.3,707.9,766.51
P-618521,2025-03,Railways,77.0,88.25,707.9,766.51
P-618521,2026-01,Railways,89.0,93.0,766.51,766.51
P-618523,2025-01,Railways,84.0,79.49,999.0,1152.7
P-618523,2025-02,Railways,85.0,79.92,999.0,1152.7
P-618523,2025-03,Railways,86.0,80.25,999.0,1152.7
P-618525,2026-01,Railways,10.0,4.0,326.61,223.29
P-618527,2025-01,Railways,62.0,81.5,1601.1,1601.1
P-618527,2025-02,Railways,63.0,83.86,1601.1,1601.1
P-618527,2025-03,Railways,64.0,85.86,1601.1,1601.1
P-618529,2026-01,Railways,97.0,93.0,1991.71,1832.66
P-618530,2025-01,Railways,160.0,87.67,2848.0,3241.56
P-618530,2025-02,Railways,161.0,88.1,2848.0,3241.56
P-618530,2025-03,Railways,162.0,90.02,2848.0,3241.56
P-618530,2026-01,Railways,172.0,94.0,3241.56,3241.56
P-618531,2025-01,Railways,35.0,,786.81,787.0
P-618531,2025-02,Railways,36.0,,786.81,787.0
P-618531,2025-03,Railways,37.0,,786.81,787.0
P-618531,2026-01,Railways,59.0,17.0,1054.46,786.81
P-618532,2025-01,Railways,37.0,54.95,552.55,553.0
P-618532,2025-02,Railways,38.0,74.39,552.55,553.0
P-618532,2025-03,Railways,39.0,74.39,552.55,553.0
P-618532,2026-01,Railways,55.0,92.0,1822.46,738.11
P-618533,2025-01,Railways,129.0,94.25,1665.0,4944.44
P-618533,2025-02,Railways,130.0,94.5,1665.0,4949.67
P-618533,2025-03,Railways,131.0,100.0,1665.0,4966.39
P-618535,2026-01,Railways,12.0,5.0,687.77,442.52
P-618536,2026-01,Railways,35.0,17.0,1603.53,1192.16
P-618537,2025-01,Railways,24.0,22.0,1754.0,1754.0
P-618537,2025-02,Railways,25.0,25.0,1754.0,1754.0
P-618537,2025-03,Railways,26.0,28.0,1754.0,1754.0
P-618537,2025-12,Railways,35.0,47.0,1753.75,1311.7
P-618537,2026-01,Railways,36.0,50.0,1753.75,1311.7
P-618541,2025-01,Railways,46.0,64.8,2919.96,2919.96
P-618541,2025-02,Railways,47.0,65.8,2919.96,2919.96
P-618541,2025-03,Railways,48.0,66.5,2919.96,2919.96
P-618541,2025-12,Railways,57.0,83.0,2919.96,2604.76
P-618541,2026-01,Railways,58.0,84.0,2919.96,2604.76
P-618543,2025-01,Railways,42.0,,1912.17,1912.17
P-618543,2025-02,Railways,43.0,,1912.17,1912.17
P-618543,2025-03,Railways,44.0,,1912.17,1912.17
P-618543,2026-01,Railways,54.0,23.0,1912.17,1034.3
P-618544,2025-01,Railways,42.0,,1401.87,1401.87
P-618544,2025-02,Railways,43.0,,1401.87,1401.87
P-618544,2025-03,Railways,44.0,,1401.87,1401.87
P-618544,2026-01,Railways,54.0,86.0,1401.87,1020.99
P-618545,2025-01,Railways,42.0,7.0,614.48,614.48
P-618545,2025-02,Railways,43.0,7.0,614.48,614.48
P-618545,2025-03,Railways,44.0,7.0,614.48,614.48
P-618546,2025-01,Railways,40.0,19.88,442.14,442.14
P-618546,2025-02,Railways,41.0,19.88,442.14,442.14
P-618546,2025-03,Railways,42.0,19.88,442.14,442.14
P-618547,2025-01,Railways,28.0,9.87,1183.6,1183.6
P-618547,2025-02,Railways,29.0,9.87,1183.6,1183.6
P-618547,2025-03,Railways,30.0,9.87,1183.6,1183.6
P-618549,2025-01,Railways,22.0,49.96,939.86,939.86
P-618549,2025-02,Railways,23.0,55.3,939.86,939.86
P-618549,2025-03,Railways,24.0,60.25,939.86,939.86
P-618549,2025-12,Railways,37.0,81.0,242.65,731.59
P-618549,2026-01,Railways,38.0,82.0,242.65,731.59
P-618550,2025-01,Railways,29.0,47.3,200.05,208.92
P-618550,2025-02,Railways,30.0,47.53,200.05,208.92
P-618550,2025-03,Railways,31.0,54.42,200.05,208.92
P-618550,2026-01,Railways,43.0,70.0,855.74,215.68
P-618551,2026-01,Railways,14.0,18.0,666.81,690.47
P-618552,2025-01,Railways,46.0,31.49,1754.84,1754.84
P-618552,2025-02,Railways,47.0,32.5,1754.84,1754.84
P-618552,2025-03,Railways,48.0,33.49,1754.84,1754.84
P-618552,2026-01,Railways,58.0,42.0,1754.84,2167.39
P-618553,2025-01,Railways,39.0,86.0,957.62,957.62
P-618553,2025-02,Railways,40.0,86.0,957.62,957.62
P-618553,2025-03,Railways,41.0,86.0,957.62,957.62
P-618553,2025-12,Railways,47.0,99.0,957.62,1034.42
P-618554,2025-01,Railways,39.0,67.5,772.05,772.05
P-618554,2025-02,Railways,40.0,67.5,772.05,772.05
P-618554,2025-03,Railways,41.0,67.5,772.05,772.05
P-618555,2025-01,Railways,109.0,90.34,649.5,649.5
P-618557,2025-01,Railways,22.0,31.27,998.27,998.27
P-618557,2025-02,Railways,23.0,36.01,998.27,998.27
P-618557,2025-03,Railways,24.0,39.24,998.27,998.27
P-618557,2025-12,Railways,33.0,69.0,1038.84,918.53
P-618557,2026-01,Railways,34.0,72.0,1038.84,918.53
P-618558,2025-01,Railways,34.0,35.12,955.49,955.49
P-618558,2025-02,Railways,35.0,35.8,955.49,955.49
P-618558,2025-03,Railways,36.0,35.96,955.49,955.49
P-618558,2026-01,Railways,46.0,35.0,955.49,903.17
P-618559,2025-01,Railways,37.0,45.88,521.53,521.53
P-618559,2025-02,Railways,38.0,47.85,521.53,521.53
P-618559,2025-03,Railways,39.0,48.3,521.53,521.53
P-618559,2026-01,Railways,49.0,50.0,521.53,528.21
P-618560,2025-01,Railways,35.0,,541.58,541.58
P-618560,2025-02,Railways,36.0,,541.58,541.58
P-618560,2025-03,Railways,37.0,,541.58,541.58
P-618560,2026-01,Railways,46.0,10.0,541.58,527.43
P-618563,2025-01,Railways,73.0,68.25,854.94,854.94
P-618563,2026-01,Railways,85.0,92.0,900.05,900.05
P-618565,2025-01,Railways,23.0,68.85,526.45,526.45
P-618565,2025-02,Railways,24.0,77.0,526.45,526.45
P-618565,2025-03,Railways,25.0,81.85,526.45,526.45
P-618565,2025-12,Railways,33.0,81.0,526.45,281.13
P-618565,2026-01,Railways,34.0,81.0,526.45,281.13
P-618566,2025-01,Railways,23.0,30.25,1973.98,1973.98
P-618566,2025-02,Railways,24.0,36.37,1973.98,1973.98
P-618566,2025-03,Railways,25.0,38.54,1973.98,1973.98
P-618567,2026-01,Railways,17.0,16.0,2289.34,1834.25
P-618569,2025-01,Railways,37.0,68.58,210.05,210.05
P-618569,2025-02,Railways,38.0,68.58,210.05,210.05
P-618569,2025-03,Railways,39.0,68.58,210.05,210.05
P-618570,2025-01,Railways,37.0,93.4,184.9,185.0
P-618570,2025-02,Railways,38.0,95.6,184.9,185.0
P-618570,2025-03,Railways,39.0,95.6,184.9,185.0
P-618571,2025-01,Railways,25.0,28.66,381.8,381.8
P-618571,2025-02,Railways,26.0,28.66,381.8,381.8
P-618571,2025-03,Railways,27.0,40.1,381.8,381.8
P-618572,2026-01,Railways,10.0,0.0,309.99,306.02
P-618575,2025-01,Railways,34.0,99.02,457.72,457.72
P-618575,2025-02,Railways,35.0,99.02,457.72,457.72
P-618575,2025-03,Railways,36.0,100.0,457.72,457.72
P-618576,2025-12,Railways,45.0,99.0,280.75,255.53
P-618576,2026-01,Railways,46.0,99.0,280.75,255.53
P-618578,2025-01,Railways,56.0,82.43,1467.44,1942.89
P-618578,2025-02,Railways,57.0,84.93,1467.44,1942.89
P-618578,2025-03,Railways,58.0,86.3,1467.44,1942.89
P-618578,2025-12,Railways,65.0,95.0,1467.44,2510.34
P-618578,2026-01,Railways,66.0,96.0,1467.44,2510.34
P-618579,2026-01,Railways,96.0,99.0,2527.0,2957.25
P-618581,2025-01,Railways,40.0,,1751.18,1757.27
P-618581,2025-02,Railways,41.0,,1751.18,1757.27
P-618581,2025-03,Railways,42.0,,1751.18,1757.27
P-618581,2026-01,Railways,51.0,78.0,1757.27,1828.66
P-618584,2026-01,Railways,12.0,0.0,962.84,855.56
P-618588,2025-01,Railways,47.0,98.98,540.21,540.21
P-618588,2025-02,Railways,48.0,98.98,540.21,540.21
P-618588,2025-03,Railways,49.0,99.78,540.21,540.21
P-618588,2026-01,Railways,59.0,99.0,540.24,468.92
P-618589,2025-01,Railways,31.0,23.32,1828.0,1828.0
P-618589,2025-02,Railways,32.0,28.55,1828.0,1828.0
P-618589,2025-03,Railways,33.0,33.6,1828.0,1828.0
P-618590,2025-01,Railways,31.0,27.59,1958.94,1958.94
P-618590,2025-02,Railways,32.0,30.17,1958.94,1958.94
P-618590,2025-03,Railways,33.0,32.5,1958.94,1958.94
P-618594,2025-01,Railways,24.0,75.51,151.26,151.26
P-618594,2025-02,Railways,25.0,75.51,151.26,151.26
P-618594,2025-03,Railways,26.0,86.38,151.26,151.26
P-618595,2025-01,Railways,55.0,69.0,1746.45,1746.45
P-618596,2026-01,Railways,65.0,81.0,2714.6,3557.65
P-618597,2025-01,Railways,51.0,57.16,3219.47,3896.46
P-618597,2025-02,Railways,52.0,51.2,3219.47,3896.46
P-618597,2025-03,Railways,53.0,55.66,3219.47,3896.46
P-618598,2025-01,Railways,58.0,100.0,210.37,216.94
P-618598,2025-02,Railways,59.0,100.0,210.37,216.94
P-618598,2025-03,Railways,60.0,100.0,210.37,216.94
P-618598,2026-01,Railways,70.0,100.0,210.0,216.94
P-618599,2025-01,Railways,48.0,92.28,4265.42,4728.4
P-618599,2025-02,Railways,49.0,95.39,4265.42,4728.4
P-618599,2025-03,Railways,50.0,98.7,4265.42,4728.4
P-618599,2025-12,Railways,59.0,99.0,4924.11,4919.46
P-618599,2026-01,Railways,60.0,99.0,4924.11,4919.46
P-618600,2025-01,Railways,47.0,91.4,3375.31,3824.07
P-618600,2025-02,Railways,48.0,93.0,3375.31,3824.07
P-618600,2025-03,Railways,49.0,98.0,3375.31,3824.07
P-618600,2025-12,Railways,58.0,98.0,4023.94,4023.94
P-618600,2026-01,Railways,59.0,98.0,4023.94,4023.94
P-618601,2025-01,Railways,43.0,61.04,3606.0,3946.56
P-618601,2025-02,Railways,44.0,64.85,3606.0,3946.56
P-618601,2025-03,Railways,45.0,66.96,3606.0,3946.56
P-618601,2026-01,Railways,55.0,88.0,4225.59,4225.59
P-618602,2025-01,Railways,43.0,54.64,2595.0,4009.57
P-618602,2025-02,Railways,44.0,57.67,2595.0,4009.57
P-618602,2025-03,Railways,45.0,60.2,2595.0,4009.57
P-618602,2026-01,Railways,55.0,84.0,4302.06,4302.06
P-618603,2025-01,Railways,38.0,51.8,3565.82,3064.11
P-618603,2025-02,Railways,39.0,54.47,3565.82,3064.11
P-618603,2025-03,Railways,40.0,57.61,3565.82,3064.11
P-618604,2025-01,Railways,29.0,47.79,2429.52,2429.52
P-618604,2025-02,Railways,30.0,50.82,2429.52,2429.52
P-618604,2025-03,Railways,31.0,53.8,2429.52,2429.52
P-618605,2025-01,Railways,40.0,31.62,2878.97,2878.97
P-618605,2025-02,Railways,41.0,34.41,2878.97,2878.97
P-618605,2025-03,Railways,42.0,37.75,2878.97,2878.97
P-618605,2026-01,Railways,52.0,68.0,2878.97,2638.67
P-618606,2025-01,Railways,37.0,52.04,3273.61,3273.61
P-618606,2025-02,Railways,38.0,55.14,3273.61,3273.61
P-618606,2025-03,Railways,39.0,57.64,3273.61,3273.61
P-618607,2025-01,Railways,43.0,61.41,2842.14,2842.14
P-618607,2025-02,Railways,44.0,64.5,2842.14,2842.14
P-618607,2025-03,Railways,45.0,70.03,2842.14,2842.14
P-618608,2025-01,Railways,22.0,30.45,1141.78,1141.78
P-618608,2025-02,Railways,23.0,33.52,1141.78,1141.78
P-618608,2025-03,Railways,24.0,37.13,1141.78,1141.78
P-618608,2026-01,Railways,38.0,72.0,1564.23,1263.42
P-618610,2025-01,Railways,49.0,94.0,757.13,757.0
P-618610,2025-02,Railways,50.0,95.0,757.13,757.0
P-618610,2025-03,Railways,51.0,95.0,757.13,757.0
P-618612,2026-01,Railways,75.0,100.0,846.59,740.62
P-618613,2026-01,Railways,75.0,98.0,662.08,597.77
P-618614,2025-01,Railways,59.0,98.14,752.3,766.2
P-618614,2025-02,Railways,60.0,98.14,752.3,766.2
P-618614,2025-03,Railways,61.0,98.14,752.3,766.2
P-618614,2026-01,Railways,71.0,99.0,752.3,765.25
P-618615,2025-01,Railways,59.0,99.7,778.15,785.67
P-618615,2025-02,Railways,60.0,99.7,778.15,785.67
P-618615,2025-03,Railways,61.0,99.7,778.15,785.67
P-618615,2025-12,Railways,70.0,73.0,778.15,835.55
P-618615,2026-01,Railways,71.0,99.0,778.15,835.55
P-618616,2026-01,Railways,22.0,10.0,625.58,455.54
P-618617,2025-01,Railways,46.0,36.41,1229.38,1229.38
P-618617,2025-02,Railways,47.0,36.41,1229.38,1229.38
P-618617,2025-03,Railways,48.0,40.99,1229.38,1229.38
P-618617,2026-01,Railways,58.0,67.0,1229.38,1549.32
P-618618,2025-01,Railways,46.0,36.0,2029.17,2029.0
P-618618,2025-02,Railways,47.0,36.0,2029.17,2029.0
P-618618,2025-03,Railways,48.0,41.0,2029.17,2029.0
P-618618,2025-12,Railways,57.0,65.0,2029.17,2677.23
P-618618,2026-01,Railways,58.0,65.0,2029.17,2677.23
P-618619,2026-01,Railways,10.0,0.0,998.95,998.95
P-618621,2025-01,Railways,36.0,74.5,1162.8,1162.8
P-618621,2025-02,Railways,37.0,75.06,1162.8,1162.8
P-618621,2025-03,Railways,38.0,80.0,1162.8,1162.8
P-618622,2025-01,Railways,48.0,79.5,1001.69,1001.69
P-618622,2025-02,Railways,49.0,80.67,1001.69,1001.69
P-618622,2025-03,Railways,50.0,82.09,1001.69,1001.69
P-618622,2026-01,Railways,60.0,87.0,1001.69,888.81
P-618627,2026-01,Railways,12.0,5.0,168.52,112.03
P-618630,2025-01,Railways,25.0,41.3,2718.46,2718.46
P-618630,2025-02,Railways,26.0,45.15,2718.46,2718.46
P-618630,2025-03,Railways,27.0,50.88,2718.46,2718.46
P-618630,2026-01,Railways,47.0,69.0,2355.56,1923.3
P-618632,2025-01,Railways,35.0,52.75,972.06,972.06
P-618632,2025-02,Railways,36.0,55.24,972.06,972.06
P-618632,2025-03,Railways,37.0,60.6,972.06,972.06
P-618632,2026-01,Railways,47.0,80.0,972.06,1044.06
P-618634,2025-01,Railways,46.0,86.7,1102.63,1303.0
P-618634,2025-02,Railways,47.0,90.28,1102.63,1303.0
P-618634,2025-03,Railways,48.0,90.8,1102.63,1303.0
P-618635,2025-01,Railways,47.0,22.1,818.73,1105.0
P-618635,2025-02,Railways,48.0,22.71,818.73,1105.0
P-618635,2025-03,Railways,49.0,23.73,818.73,1105.0
P-618635,2026-01,Railways,59.0,32.0,1359.81,1359.81
P-618637,2026-01,Railways,73.0,97.0,1654.07,1672.89
P-618639,2025-01,Railways,57.0,80.9,1855.59,2523.86
P-618639,2025-02,Railways,58.0,84.95,1855.59,2523.86
P-618639,2025-03,Railways,59.0,88.94,1855.59,2523.86
P-618642,2025-01,Railways,53.0,94.21,1034.0,1879.55
P-618642,2025-02,Railways,54.0,94.26,1034.0,1879.55
P-618642,2025-03,Railways,55.0,95.69,1034.0,1879.55
P-618642,2026-01,Railways,70.0,98.0,1882.93,1895.75
P-618644,2025-01,Railways,19.0,56.0,1214.93,1324.95
P-618644,2025-02,Railways,20.0,65.0,1214.93,1324.95
P-618644,2025-03,Railways,21.0,65.0,1214.93,1324.95
P-618645,2025-01,Railways,55.0,40.03,964.64,964.64
P-618645,2025-02,Railways,56.0,43.39,964.64,964.64
P-618645,2025-03,Railways,57.0,51.02,964.64,964.64
P-618645,2026-01,Railways,47.0,76.0,1007.97,1030.64
P-618651,2026-01,Railways,23.0,31.0,1427.88,1293.94
P-618654,2025-01,Railways,74.0,28.0,521.21,521.21
P-618654,2025-02,Railways,75.0,34.5,521.21,521.21
P-618654,2025-03,Railways,76.0,37.5,521.21,521.21
P-618654,2026-01,Railways,38.0,59.0,521.21,469.68
P-618661,2026-01,Railways,15.0,1.0,1032.3,1038.18
P-618663,2025-01,Railways,28.0,32.28,1000.63,1000.63
P-618663,2025-02,Railways,29.0,36.9,1000.63,1000.63
P-618663,2025-03,Railways,30.0,42.94,1000.63,1000.63
P-618663,2026-01,Railways,40.0,73.0,1003.87,941.12
P-618664,2025-01,Railways,,35.0,524.84,524.84
P-618664,2025-02,Railways,36.0,45.0,524.84,524.84
P-618664,2025-03,Railways,37.0,50.0,524.84,524.84
P-618664,2026-01,Railways,47.0,78.0,524.84,471.31
P-618665,2025-01,Railways,46.0,62.5,790.78,790.78
P-618668,2026-01,Railways,15.0,17.0,996.5,846.68
P-618671,2026-01,Railways,10.0,0.0,618.33,342.69
P-618672,2026-01,Railways,15.0,5.0,903.44,592.44
P-618673,2025-01,Railways,38.0,92.1,1368.19,1368.19
P-618673,2025-02,Railways,39.0,93.13,1368.19,1368.19
P-618673,2025-03,Railways,40.0,94.3,1368.19,1368.19
P-618674,2025-01,Railways,37.0,67.31,1470.73,1470.73
P-618674,2025-02,Railways,38.0,70.4,1470.73,1470.73
P-618674,2025-03,Railways,39.0,73.53,1470.73,1470.73
P-618674,2026-01,Railways,49.0,94.0,1470.73,1461.81
P-618675,2025-01,Railways,34.0,20.46,1307.16,1307.16
P-618675,2025-02,Railways,35.0,23.44,1307.16,1307.16
P-618675,2025-03,Railways,36.0,25.7,1307.16,1307.16
P-618675,2026-01,Railways,46.0,56.0,1307.16,1303.63
P-618676,2025-01,Railways,47.0,71.8,586.0,586.0
P-618676,2025-02,Railways,48.0,75.2,586.0,586.0
P-618676,2025-03,Railways,49.0,85.0,586.0,586.0
P-618676,2026-01,Railways,59.0,99.0,477.76,638.32
P-618677,2025-01,Railways,40.0,78.02,1734.0,1734.0
P-618677,2025-02,Railways,41.0,81.35,1734.0,1734.0
P-618677,2025-03,Railways,42.0,82.36,1734.0,1734.0
P-618677,2026-01,Railways,52.0,93.0,1539.75,1918.49
P-618678,2025-01,Railways,41.0,82.0,1460.0,1460.0
P-618678,2025-02,Railways,42.0,85.08,1460.0,1460.0
P-618678,2025-03,Railways,43.0,85.64,1460.0,1460.0
P-618678,2026-01,Railways,53.0,98.0,1265.59,1635.44
P-618680,2025-01,Railways,37.0,72.05,1592.0,1592.0
P-618680,2025-02,Railways,38.0,73.22,1592.0,1592.0
P-618680,2025-03,Railways,39.0,74.7,1592.0,1592.0
P-618680,2026-01,Railways,49.0,93.0,1492.74,1912.84
P-618681,2025-01,Railways,47.0,75.02,922.5,1128.68
P-618681,2025-02,Railways,48.0,78.15,922.5,1128.68
P-618681,2025-03,Railways,49.0,80.0,922.5,1128.68
P-618681,2026-01,Railways,59.0,93.0,1216.12,1241.66
P-618687,2025-01,Railways,25.0,57.04,652.33,652.33
P-618687,2025-02,Railways,26.0,61.66,652.33,652.33
P-618687,2025-03,Railways,27.0,65.12,652.33,652.33
P-618688,2026-01,Railways,15.0,6.0,794.7,539.9
P-618689,2025-01,Railways,46.0,82.44,364.47,364.47
P-618689,2025-02,Railways,47.0,87.29,364.47,364.47
P-618689,2025-03,Railways,48.0,89.26,364.47,364.47
P-618691,2026-01,Railways,22.0,2.0,939.17,903.94
P-618693,2025-01,Railways,94.0,92.01,744.64,1007.0
P-618693,2025-02,Railways,95.0,92.5,744.64,1007.0
P-618693,2025-03,Railways,96.0,93.0,744.64,1007.0
P-618694,2025-01,Railways,36.0,47.48,1011.29,1011.29
P-618694,2025-02,Railways,37.0,50.25,1011.29,1011.29
P-618694,2025-03,Railways,38.0,54.14,1011.29,1011.29
P-618694,2026-01,Railways,48.0,79.0,1011.29,813.03
P-618695,2025-01,Railways,39.0,90.3,1146.22,1146.22
P-618700,2025-01,Railways,58.0,97.06,1863.09,2238.0
P-618700,2025-02,Railways,59.0,98.26,1863.09,2238.0
P-618700,2025-03,Railways,60.0,98.45,1863.09,2238.0
P-618700,2026-01,Railways,70.0,98.0,1863.09,2510.14
P-618701,2025-01,Railways,48.0,84.39,178.18,178.18
P-618701,2025-02,Railways,49.0,91.73,178.18,178.18
P-618701,2025-03,Railways,50.0,93.1,178.18,178.18
P-618701,2026-01,Railways,60.0,57.0,178.18,153.15
P-618702,2026-01,Railways,61.0,91.0,1660.19,1318.24
P-618707,2026-01,Railways,14.0,0.0,738.37,738.37
P-618708,2025-01,Railways,29.0,25.2,1231.74,1231.74
P-618708,2025-02,Railways,30.0,28.9,1231.74,1231.74
P-618708,2025-03,Railways,31.0,39.95,1231.74,1231.74
P-618709,2025-01,Railways,22.0,61.19,830.28,830.28
P-618709,2025-02,Railways,23.0,61.19,830.28,830.28
P-618709,2025-03,Railways,24.0,69.24,830.28,830.28
P-618710,2025-01,Railways,55.0,99.0,2002.79,2002.79
P-618710,2025-02,Railways,56.0,99.0,2002.79,2002.79
P-618710,2025-03,Railways,57.0,99.0,2002.79,2002.79
P-618710,2026-01,Railways,64.0,100.0,2002.79,1889.78
P-618711,2025-01,Railways,33.0,75.53,796.65,796.65
P-618711,2026-01,Railways,45.0,99.0,796.65,560.03
P-618712,2025-01,Railways,25.0,37.21,912.94,912.94
P-618712,2025-02,Railways,26.0,46.04,912.94,912.94
P-618712,2025-03,Railways,27.0,51.72,912.94,912.94
P-618713,2025-01,Railways,23.0,3.2,1200.42,1200.42
P-618713,2025-02,Railways,24.0,3.2,1200.42,1200.42
P-618713,2025-03,Railways,25.0,4.5,1200.42,1200.42
P-618714,2025-01,Railways,23.0,7.2,1253.24,1253.24
P-618714,2025-02,Railways,24.0,11.78,1253.24,1253.24
P-618714,2025-03,Railways,25.0,14.25,1253.24,1253.24
P-618715,2025-01,Railways,25.0,31.3,1058.9,1058.9
P-618715,2025-02,Railways,26.0,31.3,1058.9,1058.9
P-618715,2025-03,Railways,27.0,40.86,1058.9,1058.9
P-618716,2025-01,Railways,25.0,26.12,992.89,992.89
P-618716,2025-02,Railways,26.0,26.12,992.89,992.89
P-618716,2025-03,Railways,27.0,37.4,992.89,992.89
P-618717,2025-01,Railways,25.0,31.24,750.81,750.81
P-618717,2025-02,Railways,26.0,31.24,750.81,750.81
P-618717,2025-03,Railways,27.0,41.78,750.81,750.81
P-618718,2026-01,Railways,35.0,20.0,1092.18,956.4
P-618719,2025-01,Railways,23.0,7.85,909.02,909.02
P-618719,2025-02,Railways,24.0,10.15,909.02,909.02
P-618719,2025-03,Railways,25.0,11.05,909.02,909.02
P-618720,2025-01,Railways,24.0,26.9,956.14,956.14
P-618720,2025-02,Railways,25.0,33.07,956.14,956.14
P-618720,2025-03,Railways,26.0,35.14,956.14,956.14
P-618721,2025-01,Railways,11.0,7.1,1292.65,1292.65
P-618721,2025-02,Railways,12.0,7.1,1292.65,1292.65
P-618721,2025-03,Railways,13.0,11.6,1292.65,1292.65
P-618721,2026-01,Railways,35.0,48.0,1292.65,1110.33
P-618722,2025-01,Railways,33.0,41.0,1843.59,1843.59
P-618722,2025-02,Railways,34.0,41.0,1843.59,1843.59
P-618722,2025-03,Railways,35.0,49.0,1843.59,1843.59
P-618722,2026-01,Railways,43.0,58.0,1843.59,1247.55
P-618723,2025-01,Railways,33.0,43.5,1554.21,1554.21
P-618723,2025-02,Railways,34.0,49.5,1554.21,1554.21
P-618723,2025-03,Railways,35.0,52.5,1554.21,1554.21
P-618723,2026-01,Railways,43.0,70.0,1554.21,1241.89
P-618724,2026-01,Railways,34.0,6.0,1719.2,1723.42
P-618725,2026-01,Railways,34.0,1.0,1915.99,1920.21
P-618726,2026-01,Railways,34.0,5.0,1240.93,1341.52
P-618727,2026-01,Railways,34.0,7.0,1576.94,1711.44
P-618734,2026-01,Railways,34.0,5.0,1154.49,1319.18
P-618735,2025-01,Railways,60.0,91.4,909.84,909.84
P-618735,2025-02,Railways,61.0,93.2,909.84,909.84
P-618735,2025-03,Railways,62.0,96.82,909.84,909.84
P-618735,2026-01,Railways,49.0,99.0,909.84,976.55
P-618737,2026-01,Railways,12.0,0.0,303.53,5.58
P-618738,2025-01,Railways,22.0,3.64,3012.27,3012.27
P-618738,2025-02,Railways,23.0,5.78,3012.27,3012.27
P-618738,2025-03,Railways,24.0,6.1,3012.27,3012.27
P-618739,2025-01,Railways,35.0,12.23,1390.92,1390.92
P-618739,2025-02,Railways,36.0,15.0,1390.92,1390.92
P-618739,2025-03,Railways,37.0,15.0,1390.92,1390.92
P-618739,2026-01,Railways,47.0,33.0,1390.92,1427.43
P-618740,2025-01,Railways,35.0,4.59,1494.31,1494.31
P-618740,2025-02,Railways,36.0,4.59,1494.31,1494.31
P-618740,2025-03,Railways,37.0,4.59,1494.31,1494.31
P-618740,2026-01,Railways,47.0,39.0,1494.31,1546.07
P-618741,2025-01,Railways,23.0,13.51,1358.0,1358.0
P-618741,2025-02,Railways,24.0,13.51,1358.0,1358.0
P-618741,2025-03,Railways,25.0,13.51,1358.0,1358.0
P-618744,2025-01,Railways,34.0,76.5,1076.97,1076.97
P-618744,2025-02,Railways,35.0,81.25,1076.97,1076.97
P-618744,2025-03,Railways,36.0,83.3,1076.97,1076.97
P-618745,2025-01,Railways,35.0,91.44,1097.59,1317.06
P-618745,2025-02,Railways,36.0,93.12,1097.59,1317.06
P-618745,2025-03,Railways,37.0,93.85,1097.59,1317.06
P-618746,2025-01,Railways,29.0,69.3,772.11,772.11
P-618746,2025-02,Railways,30.0,74.3,772.11,772.11
P-618746,2025-03,Railways,31.0,74.3,772.11,772.11
P-618746,2026-01,Railways,60.0,92.0,797.36,1337.18
P-618747,2025-01,Railways,28.0,74.7,804.69,804.69
P-618747,2025-12,Railways,59.0,98.0,829.5,1227.07
P-618747,2026-01,Railways,60.0,98.0,829.5,1227.07
P-618748,2025-01,Railways,40.0,75.93,517.05,655.06
P-618748,2025-02,Railways,41.0,81.55,517.05,655.06
P-618748,2025-03,Railways,42.0,85.13,517.05,655.06
P-618748,2026-01,Railways,62.0,100.0,569.37,752.02
P-618749,2025-01,Railways,40.0,58.32,622.0,817.91
P-618749,2025-02,Railways,41.0,65.78,622.0,817.91
P-618749,2025-03,Railways,42.0,71.28,622.0,817.91
P-618749,2025-12,Railways,60.0,88.0,711.94,926.48
P-618749,2026-01,Railways,61.0,95.0,711.94,926.48
P-618751,2025-01,Railways,41.0,32.94,581.65,581.65
P-618751,2025-02,Railways,42.0,33.74,581.65,581.65
P-618751,2025-03,Railways,43.0,35.12,581.65,581.65
P-618751,2026-01,Railways,39.0,68.0,581.65,592.71
P-618756,2025-01,Railways,79.0,71.4,1103.86,1103.86
P-618756,2025-02,Railways,80.0,72.0,1103.86,1103.86
P-618756,2025-03,Railways,81.0,76.5,1103.86,1103.86
P-618756,2026-01,Railways,85.0,90.0,1103.86,1085.41
P-618759,2025-01,Railways,32.0,59.94,1063.72,1063.72
P-618759,2025-02,Railways,33.0,61.78,1063.72,1063.72
P-618759,2025-03,Railways,34.0,66.57,1063.72,1063.72
P-618760,2026-01,Railways,50.0,98.0,646.42,556.09
P-618761,2025-01,Railways,36.0,48.55,953.79,953.79
P-618761,2025-02,Railways,37.0,52.1,953.79,953.79
P-618761,2025-03,Railways,38.0,64.85,953.79,953.79
P-618764,2025-01,Railways,56.0,50.0,864.23,864.23
P-618764,2025-02,Railways,57.0,50.0,864.23,864.23
P-618764,2025-03,Railways,58.0,55.0,864.23,864.23
P-618764,2025-12,Railways,67.0,75.0,864.23,1264.17
P-618764,2026-01,Railways,68.0,75.0,1032.59,1264.17
P-618765,2025-01,Railways,34.0,60.3,2146.86,2414.46
P-618765,2025-02,Railways,35.0,66.64,2146.86,2414.46
P-618765,2025-03,Railways,36.0,67.56,2146.86,2414.46
P-618769,2026-01,Railways,13.0,8.0,1338.14,1214.7
P-618770,2025-01,Railways,29.0,86.0,326.79,329.79
P-618770,2025-02,Railways,30.0,93.0,326.79,329.79
P-618770,2025-03,Railways,31.0,96.0,326.79,329.79
P-618770,2026-01,Railways,51.0,74.0,516.16,273.42
P-618771,2025-01,Railways,47.0,78.78,1484.83,1768.0
P-618771,2025-02,Railways,48.0,82.6,1484.83,1768.0
P-618771,2025-03,Railways,49.0,86.82,1484.83,1768.0
P-618771,2026-01,Railways,59.0,98.0,1924.75,1887.38
P-618772,2025-01,Railways,47.0,50.01,591.99,703.0
P-618772,2025-02,Railways,48.0,53.22,591.99,703.0
P-618772,2025-03,Railways,49.0,56.95,591.99,703.0
P-618774,2025-01,Railways,53.0,98.8,690.0,690.0
P-618774,2025-02,Railways,54.0,98.8,690.0,690.0
P-618774,2025-03,Railways,55.0,98.8,690.0,690.0
P-618774,2026-01,Railways,65.0,100.0,984.63,827.51
P-618775,2026-01,Railways,10.0,0.0,226.32,226.32
P-618777,2025-01,Railways,15.0,76.1,1047.32,1047.32
P-618777,2025-02,Railways,16.0,76.1,1047.32,1047.32
P-618777,2025-03,Railways,17.0,82.5,1047.32,1047.32
P-618778,2025-01,Railways,36.0,76.9,1852.12,1787.0
P-618778,2025-02,Railways,37.0,80.0,1852.12,1787.0
P-618778,2025-03,Railways,38.0,82.75,1852.12,1787.0
P-618778,2026-01,Railways,47.0,94.0,1877.47,1994.1
P-618779,2025-01,Railways,27.0,88.0,490.4,289.0
P-618779,2025-02,Railways,28.0,89.0,490.4,289.0
P-618779,2025-03,Railways,29.0,89.0,490.4,289.0
P-618785,2025-01,Railways,42.0,75.0,1501.02,1501.02
P-618785,2025-02,Railways,43.0,80.0,1501.02,1501.02
P-618785,2025-03,Railways,44.0,70.0,1501.02,1501.02
P-618787,2025-01,Railways,34.0,66.82,1373.06,1373.06
P-618787,2025-02,Railways,35.0,72.26,1373.06,1373.06
P-618787,2025-03,Railways,36.0,77.71,1373.06,1373.06
P-618788,2025-01,Railways,34.0,65.35,927.22,927.22
P-618788,2025-02,Railways,35.0,75.5,927.22,927.22
P-618788,2025-03,Railways,36.0,65.35,927.22,1173.66
P-618789,2025-01,Railways,46.0,75.0,1525.31,1525.31
P-618789,2025-02,Railways,47.0,78.0,1525.31,1525.31
P-618789,2025-03,Railways,48.0,82.0,1525.31,1525.31
P-618791,2026-01,Railways,15.0,5.0,1538.76,1538.76
P-618792,2025-01,Railways,26.0,67.1,1322.13,1322.13
P-618792,2025-02,Railways,27.0,73.13,1322.13,1322.13
P-618792,2025-03,Railways,28.0,73.13,1322.13,1322.13
P-618794,2025-01,Railways,49.0,69.0,524.88,416.58
P-618794,2025-02,Railways,50.0,70.0,524.88,416.58
P-618794,2025-03,Railways,51.0,71.5,524.88,416.58
P-618795,2025-01,Railways,47.0,68.7,1474.77,1474.77
P-618795,2025-02,Railways,48.0,69.24,1474.77,1474.77
P-618795,2025-03,Railways,49.0,73.0,1474.77,1474.77
P-618797,2026-01,Railways,10.0,3.0,1237.71,927.02
P-618798,2025-01,Railways,37.0,43.45,2555.5,2555.5
P-618798,2025-02,Railways,38.0,48.53,2555.5,2555.5
P-618798,2025-03,Railways,39.0,52.43,2555.5,2555.5
P-618798,2026-01,Railways,49.0,82.0,2555.5,2275.43
P-618799,2025-01,Railways,82.0,64.51,440.16,440.16
P-618799,2025-12,Railways,93.0,79.0,456.32,456.79
P-618799,2026-01,Railways,94.0,82.0,456.32,456.79
P-618800,2025-01,Railways,22.0,,1301.37,1301.37
P-618800,2025-02,Railways,23.0,,1301.37,1301.37
P-618800,2025-03,Railways,24.0,,1301.37,1301.37
P-618801,2025-01,Railways,22.0,,1207.4,1207.4
P-618801,2025-02,Railways,23.0,,1207.4,1207.4
P-618801,2025-03,Railways,24.0,,1207.4,1207.4
P-618803,2025-01,Railways,20.0,38.33,648.75,648.75
P-618803,2025-02,Railways,21.0,38.33,648.75,648.75
P-618803,2025-03,Railways,22.0,54.13,648.75,648.75
P-618804,2025-01,Railways,82.0,65.81,314.43,348.72
P-618804,2025-02,Railways,83.0,66.48,314.43,348.72
P-618804,2025-03,Railways,84.0,67.72,314.43,348.72
P-618807,2025-01,Railways,29.0,40.06,609.43,609.43
P-618807,2025-02,Railways,30.0,41.07,609.43,609.43
P-618807,2025-03,Railways,31.0,47.1,609.43,609.43
P-618809,2025-01,Railways,41.0,41.9,809.51,809.51
P-618809,2025-02,Railways,42.0,44.02,809.51,809.51
P-618809,2025-03,Railways,43.0,47.2,809.51,809.51
P-618810,2025-01,Railways,39.0,65.01,1003.38,1003.38
P-618810,2025-02,Railways,40.0,66.77,1003.38,1003.38
P-618810,2025-03,Railways,41.0,67.37,1003.38,1003.38
P-618811,2026-01,Railways,34.0,0.0,1183.71,1170.64
P-618814,2026-01,Railways,34.0,0.0,1142.6,1140.82
P-618817,2026-01,Railways,34.0,21.0,973.45,1021.96
P-618819,2025-12,Railways,63.0,99.0,183.03,200.79
P-618819,2026-01,Railways,64.0,99.0,183.03,200.79
P-618820,2025-01,Railways,13.0,35.65,742.25,742.25
P-618820,2025-02,Railways,14.0,41.65,742.25,742.25
P-618820,2025-03,Railways,15.0,40.0,742.25,742.25
P-618821,2025-01,Railways,13.0,37.09,762.75,762.75
P-618821,2025-02,Railways,14.0,41.65,762.75,762.75
P-618821,2025-03,Railways,15.0,50.15,762.75,762.75
P-618825,2025-01,Railways,77.0,83.6,622.04,622.04
P-618825,2025-02,Railways,78.0,86.25,622.04,622.04
P-618825,2025-03,Railways,79.0,87.92,622.04,622.04
P-618825,2026-01,Railways,89.0,95.0,622.04,646.1
P-618826,2025-01,Railways,27.0,70.25,907.76,907.76
P-618826,2025-02,Railways,28.0,73.9,907.76,907.76
P-618826,2025-03,Railways,29.0,80.52,907.76,907.76
P-618827,2025-01,Railways,27.0,42.35,972.63,1055.23
P-618827,2025-02,Railways,28.0,45.05,972.63,1055.23
P-618827,2025-03,Railways,29.0,50.16,972.63,1055.23
P-618828,2025-01,Railways,33.0,64.0,1232.0,1400.0
P-618828,2025-02,Railways,34.0,64.0,1232.0,1400.0
P-618828,2025-03,Railways,35.0,75.0,1232.0,1400.0
P-618829,2025-12,Railways,63.0,93.0,1129.48,1129.48
P-618829,2026-01,Railways,64.0,93.0,1129.48,1129.48
P-618830,2025-01,Railways,27.0,60.03,1390.77,1600.0
P-618830,2025-02,Railways,28.0,60.51,1390.77,1600.0
P-618830,2025-03,Railways,29.0,62.81,1390.77,1600.0
P-618833,2025-01,Railways,102.0,93.1,829.97,829.97
P-618833,2025-02,Railways,103.0,94.77,829.97,829.97
P-618833,2025-03,Railways,104.0,95.19,829.97,829.97
P-618833,2026-01,Railways,95.0,98.0,894.01,1127.42
P-618834,2025-01,Railways,34.0,95.3,162.73,162.73
P-618834,2025-02,Railways,35.0,95.3,162.73,162.73
P-618834,2025-03,Railways,36.0,95.3,162.73,162.73
P-618835,2025-12,Railways,64.0,100.0,698.4,735.51
P-618835,2026-01,Railways,65.0,100.0,698.4,735.51
P-618836,2025-01,Railways,20.0,45.75,839.0,839.0
P-618836,2025-02,Railways,21.0,45.75,839.0,839.0
P-618836,2025-03,Railways,22.0,50.58,839.0,839.0
P-618837,2025-01,Railways,20.0,44.1,986.0,986.0
P-618837,2025-02,Railways,21.0,46.1,986.0,986.0
P-618837,2025-03,Railways,22.0,49.4,986.0,986.0
P-618837,2026-01,Railways,47.0,63.0,1939.23,1910.41
P-618839,2025-01,Railways,89.0,92.1,950.64,1168.33
P-618839,2026-01,Railways,89.0,100.0,1309.47,2107.68
P-618840,2025-01,Railways,109.0,97.55,1041.1,639.58
P-618840,2025-02,Railways,110.0,97.56,1041.1,639.58
P-618840,2025-03,Railways,111.0,97.57,1041.1,639.58
P-618840,2026-01,Railways,111.0,97.0,664.02,891.64
P-618841,2025-01,Railways,34.0,69.14,312.58,312.58
P-618841,2025-02,Railways,35.0,71.82,312.58,312.58
P-618841,2025-03,Railways,36.0,75.04,312.58,312.58
P-618841,2025-12,Railways,50.0,92.0,491.04,348.38
P-618841,2026-01,Railways,51.0,93.0,491.04,348.38
P-618843,2026-01,Railways,11.0,0.0,197.6,165.28
P-618845,2025-01,Railways,82.0,98.5,1294.47,1588.4
P-618845,2026-01,Railways,94.0,98.0,1588.4,1415.9
P-618847,2025-01,Railways,82.0,54.2,1872.68,2756.09
P-618847,2025-12,Railways,93.0,75.0,2899.77,2899.77
P-618847,2026-01,Railways,94.0,77.0,2899.77,2899.77
P-618848,2026-01,Railways,11.0,5.0,649.44,649.44
P-618849,2025-01,Railways,32.0,95.68,469.95,280.0
P-618849,2025-02,Railways,33.0,95.75,469.95,280.0
P-618849,2025-03,Railways,34.0,97.16,469.95,280.0
P-618849,2026-01,Railways,44.0,100.0,444.21,412.88
P-618850,2025-01,Railways,100.0,94.02,1273.71,1478.61
P-618850,2025-02,Railways,101.0,96.02,1273.71,1478.61
P-618850,2025-03,Railways,102.0,96.31,1273.71,1478.61
P-618850,2026-01,Railways,118.0,100.0,1464.12,1651.67
P-618852,2025-01,Railways,35.0,100.0,190.6,163.0
P-618852,2025-02,Railways,36.0,100.0,190.6,163.0
P-618852,2025-03,Railways,37.0,100.0,190.6,163.0
P-618854,2025-01,Railways,51.0,95.1,724.6,724.6
P-618854,2025-02,Railways,52.0,95.2,724.6,724.6
P-618854,2025-03,Railways,53.0,95.2,724.6,724.6
P-618854,2026-01,Railways,59.0,97.0,706.41,752.52
P-618855,2025-01,Railways,34.0,78.56,762.62,762.62
P-618855,2025-02,Railways,35.0,83.35,762.62,762.62
P-618855,2025-03,Railways,36.0,91.25,762.62,762.62
P-618855,2025-12,Railways,45.0,99.0,838.68,838.68
P-618855,2026-01,Railways,46.0,99.0,838.68,838.68
P-618856,2025-01,Railways,28.0,20.25,1212.26,1212.26
P-618856,2025-02,Railways,29.0,23.15,1212.26,1212.26
P-618856,2025-03,Railways,30.0,27.0,1212.26,1212.26
P-618856,2026-01,Railways,40.0,54.0,1101.79,1212.26
P-618859,2025-01,Railways,37.0,74.58,540.97,540.97
P-618859,2025-02,Railways,38.0,76.57,540.97,540.97
P-618859,2025-03,Railways,39.0,79.48,540.97,540.97
P-618859,2026-01,Railways,52.0,99.0,575.66,553.61
P-618861,2025-01,Railways,52.0,97.85,897.45,1090.0
P-618861,2025-02,Railways,53.0,97.85,897.45,1090.0
P-618861,2025-03,Railways,54.0,97.85,897.45,1090.0
P-618864,2025-01,Railways,36.0,65.0,1738.2,1738.2
P-618864,2025-02,Railways,37.0,65.0,1738.2,1738.2
P-618864,2025-03,Railways,38.0,65.0,1738.2,1738.2
P-618864,2026-01,Railways,48.0,99.0,1722.11,1820.77
P-618865,2025-01,Railways,37.0,97.98,1384.79,1384.79
P-618865,2025-02,Railways,38.0,97.98,1384.79,1384.79
P-618865,2025-03,Railways,39.0,97.98,1384.79,1384.79
P-618865,2026-01,Railways,49.0,99.0,1384.79,1496.44
P-618866,2026-01,Railways,13.0,3.0,2077.0,1112.44
P-618869,2026-01,Railways,13.0,0.0,1122.02,1869.59
P-618871,2026-01,Railways,35.0,0.0,909.86,896.42
P-618878,2025-01,Railways,35.0,44.18,696.65,698.46
P-618878,2025-02,Railways,36.0,50.1,696.65,698.46
P-618878,2025-03,Railways,37.0,55.2,696.65,698.46
P-618881,2026-01,Railways,35.0,21.0,1113.02,1112.39
P-618882,2026-01,Railways,22.0,6.0,531.61,444.92
P-618883,2025-01,Railways,27.0,53.5,1706.47,1706.47
P-618883,2025-02,Railways,28.0,63.07,1706.47,1706.47
P-618883,2025-03,Railways,29.0,68.1,1706.47,1706.47
P-618883,2026-01,Railways,39.0,92.0,1706.47,1579.59
P-618884,2025-01,Railways,27.0,40.9,1493.14,1493.14
P-618884,2025-02,Railways,28.0,49.5,1493.14,1493.14
P-618884,2025-03,Railways,29.0,55.0,1493.14,1493.14
P-618885,2025-01,Railways,27.0,53.59,617.87,617.88
P-618885,2025-02,Railways,28.0,58.0,617.87,617.88
P-618885,2025-03,Railways,29.0,66.0,617.87,617.88
P-618886,2026-01,Railways,9.0,3.0,238.66,0.1
P-618887,2025-01,Railways,39.0,70.7,1331.77,2082.98
P-618887,2025-02,Railways,40.0,75.64,1331.77,2082.98
P-618887,2025-03,Railways,41.0,75.72,1331.77,2082.98
P-618887,2026-01,Railways,84.0,80.0,2082.98,2545.11
P-618888,2025-01,Railways,35.0,58.68,1146.19,1146.19
P-618888,2025-02,Railways,36.0,60.67,1146.19,1146.19
P-618888,2025-03,Railways,37.0,62.15,1146.19,1146.19
P-618889,2025-01,Railways,46.0,91.48,1322.95,1442.47
P-618889,2025-02,Railways,47.0,93.8,1322.95,1442.47
P-618889,2025-03,Railways,48.0,96.61,1322.95,1442.47
P-618890,2025-01,Railways,30.0,64.41,739.39,739.39
P-618890,2025-02,Railways,31.0,68.5,739.39,739.39
P-618890,2025-03,Railways,32.0,74.14,739.39,739.39
P-618894,2025-01,Railways,72.0,90.08,1409.38,1409.38
P-618895,2025-01,Railways,72.0,79.72,1051.69,1051.69
P-618895,2025-02,Railways,73.0,79.82,1051.69,1051.69
P-618895,2025-03,Railways,74.0,79.9,1051.69,1051.69
P-618895,2026-01,Railways,84.0,90.0,1319.42,1319.42
P-618896,2025-12,Railways,57.0,60.0,1386.41,2038.71
P-618896,2026-01,Railways,58.0,60.0,1386.41,2038.71
P-618897,2025-01,Railways,88.0,93.9,1227.87,1227.87
P-618897,2026-01,Railways,89.0,100.0,2356.19,2356.9
P-618902,2025-01,Railways,84.0,81.22,573.7,726.99
P-618902,2026-01,Railways,107.0,85.0,662.44,1311.22
P-618903,2025-01,Railways,94.0,81.85,672.89,830.31
P-618903,2025-02,Railways,95.0,81.85,672.89,830.31
P-618903,2025-03,Railways,96.0,84.08,672.89,830.31
P-618903,2026-01,Railways,85.0,89.0,1028.28,1244.09
P-618904,2025-01,Railways,,86.92,575.0,575.0
P-618906,2025-01,Railways,49.0,38.5,857.91,857.91
P-618906,2025-02,Railways,50.0,38.5,857.91,857.91
P-618906,2025-03,Railways,51.0,38.71,857.91,857.91
P-618908,2025-01,Railways,29.0,33.14,153.61,153.61
P-618908,2025-02,Railways,30.0,34.49,153.61,153.61
P-618908,2025-03,Railways,31.0,21.5,153.61,153.61
P-618909,2025-01,Railways,82.0,94.2,841.57,708.3
P-618909,2025-02,Railways,83.0,94.2,841.57,708.3
P-618909,2025-03,Railways,84.0,95.53,841.57,708.3
P-618909,2025-12,Railways,93.0,97.0,1652.4,1771.88
P-618909,2026-01,Railways,94.0,97.0,1652.4,1771.88
P-618910,2025-01,Railways,41.0,91.41,557.55,557.55
P-618910,2025-02,Railways,42.0,91.41,557.55,567.31
P-618910,2025-03,Railways,43.0,91.41,557.55,567.31
P-618910,2026-01,Railways,60.0,94.0,557.55,562.57
P-618911,2026-01,Railways,49.0,62.0,646.27,637.83
P-618913,2026-01,Railways,99.0,96.0,609.63,630.97
P-618915,2025-01,Railways,135.0,96.3,446.97,740.5
P-618915,2025-02,Railways,136.0,96.3,446.97,740.5
P-618915,2025-03,Railways,137.0,96.3,446.97,740.5
P-618915,2026-01,Railways,76.0,89.0,1637.29,777.2
P-618916,2025-01,Railways,135.0,97.3,464.09,765.12
P-618916,2025-02,Railways,136.0,97.3,464.09,765.12
P-618916,2025-03,Railways,137.0,97.3,464.09,765.12
P-618916,2026-01,Railways,76.0,92.0,1077.46,799.7
P-618919,2025-01,Railways,22.0,44.2,887.28,887.28
P-618919,2025-02,Railways,23.0,53.5,887.28,887.28
P-618919,2025-03,Railways,24.0,68.5,887.28,887.28
P-618919,2026-01,Railways,34.0,99.0,887.28,913.03
P-618921,2025-01,Railways,34.0,14.5,1703.48,2278.0
P-618921,2025-02,Railways,35.0,14.5,1703.48,2278.0
P-618921,2025-03,Railways,36.0,14.5,1703.48,2278.0
P-618921,2025-12,Railways,45.0,49.0,1703.48,2648.8
P-618921,2026-01,Railways,46.0,50.0,1703.48,2648.8
P-618925,2025-01,Railways,40.0,64.36,300.79,300.79
P-618925,2025-02,Railways,41.0,64.36,300.79,300.79
P-618925,2025-03,Railways,42.0,73.22,300.79,300.79
P-618925,2026-01,Railways,59.0,96.0,300.58,334.48
P-618928,2025-01,Railways,27.0,40.6,1841.92,1841.92
P-618928,2025-02,Railways,28.0,43.3,1841.92,1841.92
P-618928,2025-03,Railways,29.0,44.8,1841.92,1841.92
P-618928,2026-01,Railways,35.0,35.0,936.12,717.5
P-618931,2026-01,Railways,34.0,0.0,764.02,566.96
P-618932,2026-01,Railways,23.0,0.0,1534.7,1472.68
P-618934,2026-01,Railways,17.0,0.0,5729.47,5729.47
P-618935,2025-01,Railways,19.0,74.0,629.16,629.16
P-618935,2025-02,Railways,20.0,78.0,629.16,629.16
P-618935,2025-03,Railways,21.0,85.0,629.16,629.16
P-618936,2025-01,Railways,34.0,49.0,1269.5,1269.5
P-618936,2025-02,Railways,35.0,49.0,1269.5,1269.5
P-618936,2025-03,Railways,36.0,50.0,1269.5,1269.5
P-618936,2026-01,Railways,46.0,55.0,1269.5,919.43
P-618937,2025-01,Railways,47.0,80.33,1166.96,1251.0
P-618937,2025-02,Railways,48.0,80.82,1166.96,1251.0
P-618937,2025-03,Railways,49.0,80.97,1166.96,1251.0
P-618938,2025-01,Railways,34.0,62.01,1013.33,1111.33
P-618938,2025-02,Railways,35.0,62.01,1013.33,1111.33
P-618938,2025-03,Railways,36.0,62.01,1013.33,1111.33
P-618938,2025-12,Railways,45.0,89.0,1013.33,1274.63
P-618938,2026-01,Railways,46.0,100.0,1013.33,1274.63
P-618939,2026-01,Railways,11.0,15.0,191.31,107.76
P-618942,2025-01,Railways,26.0,64.25,226.76,226.76
P-618942,2026-01,Railways,48.0,78.0,226.76,149.44
P-618945,2025-01,Railways,48.0,98.06,1307.95,1307.95
P-618945,2026-01,Railways,60.0,99.0,1149.17,1606.99
P-618946,2025-01,Railways,25.0,,1443.77,1443.77
P-618946,2025-02,Railways,26.0,,1443.77,1443.77
P-618946,2025-03,Railways,27.0,,1443.77,1443.77
P-618946,2026-01,Railways,46.0,99.0,1479.72,1568.18
P-618947,2025-01,Railways,38.0,69.0,1302.72,1504.8
P-618947,2025-02,Railways,39.0,74.51,1302.72,1504.8
P-618947,2025-03,Railways,40.0,74.51,1302.72,1504.8
P-618947,2026-01,Railways,94.0,91.0,1504.8,1508.21
P-618948,2026-01,Railways,11.0,0.0,782.18,782.18
P-618949,2025-01,Railways,22.0,,1444.94,1444.94
P-618949,2025-02,Railways,23.0,,1444.94,1444.94
P-618949,2025-03,Railways,24.0,,1444.94,1444.94
P-618951,2025-01,Railways,52.0,83.6,755.26,1039.0
P-618951,2025-02,Railways,53.0,84.0,755.26,1039.0
P-618951,2025-03,Railways,54.0,85.1,755.26,1039.0
P-618952,2025-01,Railways,85.0,71.8,2598.0,1978.01
P-618952,2025-02,Railways,86.0,72.8,2598.0,1978.01
P-618952,2025-03,Railways,87.0,75.04,2598.0,1978.01
P-618952,2025-12,Railways,110.0,81.0,1954.77,1978.01
P-618952,2026-01,Railways,111.0,82.0,1954.77,1978.01
P-618953,2025-01,Railways,63.0,71.23,1101.99,1101.99
P-618955,2025-01,Railways,82.0,96.44,496.2,537.17
P-618959,2025-01,Railways,17.0,84.5,993.77,349.48
P-618959,2025-02,Railways,18.0,84.5,993.77,349.48
P-618959,2025-03,Railways,19.0,85.2,993.77,349.48
P-618959,2026-01,Railways,29.0,99.0,1017.99,427.54
P-618960,2025-01,Railways,17.0,19.65,1378.36,739.0
P-618960,2025-02,Railways,18.0,19.65,1378.36,739.0
P-618960,2025-03,Railways,19.0,24.1,1378.36,739.0
P-618960,2025-12,Railways,28.0,39.0,1377.51,1007.62
P-618960,2026-01,Railways,29.0,40.0,1377.51,1007.62
P-618961,2026-01,Railways,11.0,0.0,775.94,498.97
P-618964,2026-01,Railways,10.0,0.0,1425.98,1425.98
P-618966,2026-01,Railways,23.0,5.0,1123.17,1103.22
P-618967,2026-01,Railways,22.0,41.0,295.06,295.06
P-618968,2025-01,Railways,34.0,80.0,1428.19,1428.19
P-618968,2025-02,Railways,35.0,80.0,1428.19,1428.19
P-618968,2025-03,Railways,36.0,83.0,1428.19,1428.19
P-618969,2025-01,Railways,38.0,54.76,2155.95,2155.95
P-618969,2025-02,Railways,39.0,60.28,2155.95,2155.95
P-618969,2025-03,Railways,40.0,60.28,2155.95,2155.95
P-618969,2026-01,Railways,50.0,90.0,2155.95,2612.3
P-618970,2025-01,Railways,34.0,74.0,1335.45,1335.45
P-618970,2025-02,Railways,35.0,74.0,1335.45,1335.45
P-618970,2025-03,Railways,36.0,77.0,1335.45,1335.45
P-618971,2025-11,Urban Public Transport,4.0,0.0,3626.24,3626.24
P-618971,2025-12,Urban Public Transport,5.0,0.0,3626.24,3626.24
P-618971,2026-01,Urban Public Transport,6.0,0.0,3626.24,3626.24
P-618972,2025-12,Railways,0.0,0.0,1456.77,1456.77
P-618972,2026-01,Railways,1.0,0.0,1456.77,1456.77
P-618976,2025-12,Electricity Generation,13.0,4.0,20446.0,20446.0
P-618976,2026-01,Electricity Generation,14.0,5.0,20446.0,20446.0
P-618977,2025-12,,4.0,1.0,1507.0,1507.0
P-618978,2025-12,Railways,2.0,0.0,2222.53,2222.53
P-618978,2026-01,Railways,3.0,0.0,2222.53,2222.53
P-618982,2025-12,Coal,38.0,68.0,522.45,522.45
P-618982,2026-01,Coal,39.0,70.0,522.45,522.45
P-618985,2025-12,Urban Public Transport,0.0,0.0,9857.85,9857.85
P-618985,2026-01,Urban Public Transport,1.0,0.0,9857.85,9857.85
P-618986,2025-12,Railways,3.0,0.0,3633.58,3633.58
P-618986,2026-01,Railways,4.0,0.0,3633.58,3633.58
P-618991,2025-12,Electricity Generation,41.0,0.0,1221.41,1221.41
P-618991,2026-01,Electricity Generation,42.0,0.0,1221.41,1221.41
P-618992,2025-12,Electricity Generation,41.0,1.0,480.68,480.68
P-618992,2026-01,Electricity Generation,42.0,1.0,480.68,480.68
P-618995,2025-12,Railways,16.0,0.0,2864.51,2864.51
P-618995,2026-01,Railways,17.0,0.0,2864.51,2864.51
P-619003,2025-01,Railways,82.0,83.0,478.74,1514.46
P-619003,2025-02,Railways,83.0,83.0,478.74,1514.46
P-619003,2025-03,Railways,84.0,83.0,478.74,1514.46
P-619004,2026-01,Railways,34.0,0.0,560.79,560.79
P-619005,2026-01,Railways,34.0,0.0,235.42,199.2
P-619010,2025-01,Railways,,41.52,500.88,500.88
P-619010,2025-02,Railways,38.0,58.76,500.88,500.88
P-619010,2025-03,Railways,,65.1,500.88,500.88
P-619013,2026-01,Railways,135.0,47.0,508.76,542.87
P-619022,2026-01,Urban Public Transport,30.0,0.0,5452.72,5452.72
P-619024,2026-01,Electricity Generation,10.0,12.0,3125.32,3125.32
P-619025,2026-01,Electricity Generation,12.0,0.0,25000.0,25000.0
P-619026,2026-01,Electricity Generation,1.0,0.0,19000.0,19000.0
P-619027,2026-01,Electricity Generation,8.0,5.0,2000.0,2000.0
P-619028,2026-01,Electricity Generation,5.0,0.0,173.14,173.14
P-619030,2026-01,Electricity Generation,-1.0,0.0,2722.5,2722.5
P-619031,2026-01,Urban Public Transport,0.0,0.0,12014.91,12014.9
P-619032,2026-01,Coal,11.0,0.0,25560.48,25560.5
P-619033,2026-01,Education,24.0,33.0,198.97,198.97
P-619042,2025-01,Railways,43.0,35.96,169.15,169.15
P-619042,2025-02,Railways,44.0,35.96,169.15,169.15
P-619042,2025-03,Railways,45.0,35.96,169.15,169.15
P-619049,2026-01,Electricity Generation,17.0,55.0,4500.0,4500.0
P-619051,2026-01,Electricity Generation,14.0,6.0,29948.0,29948.0
P-619052,2026-01,Urban Public Transport,4.0,0.0,5801.05,5801.05
P-619053,2026-01,Coal,8.0,0.0,1604.69,1604.69
P-619054,2026-01,,6.0,13.0,363.1,363.1
P-619055,2026-01,Coal,5.0,0.0,444.42,444.42
P-619057,2025-01,Railways,23.0,36.99,574.26,574.26
P-619057,2025-02,Railways,24.0,39.56,574.26,574.26
P-619057,2025-03,Railways,25.0,49.51,574.26,574.26
P-619057,2026-01,Railways,35.0,63.0,574.26,574.26
P-619059,2025-01,Railways,82.0,37.47,323.98,323.98
P-619059,2025-02,Railways,83.0,44.38,323.98,323.98
P-619059,2025-03,Railways,84.0,51.23,323.98,323.98
P-619060,2025-01,Railways,115.0,21.94,463.49,463.49
P-619060,2025-02,Railways,116.0,30.1,463.49,463.49
P-619060,2025-03,Railways,117.0,73.48,463.49,463.49
P-619064,2025-01,Railways,46.0,26.68,1259.0,1910.0
P-619064,2025-02,Railways,47.0,30.9,1259.0,1910.0
P-619064,2025-03,Railways,48.0,34.08,1259.0,1910.0
P-619066,2025-01,Railways,39.0,60.4,3044.02,3044.02
P-619067,2026-01,Railways,104.0,100.0,356.6,463.03
P-619068,2025-01,Railways,30.0,38.0,2414.67,2898.0
P-619068,2025-02,Railways,31.0,40.8,2414.67,2898.0
P-619068,2025-03,Railways,32.0,43.86,2414.67,2898.0
P-619068,2026-01,Railways,42.0,63.0,2920.69,3485.77
P-619076,2026-01,Railways,72.0,98.0,1581.24,1883.71
P-619077,2026-01,Railways,97.0,100.0,464.62,472.37
P-619078,2025-01,Railways,84.0,69.0,1155.16,950.49
P-619087,2025-01,Railways,16.0,20.77,2070.44,2070.44
P-619087,2025-02,Railways,17.0,20.77,2070.44,2070.44
P-619087,2025-03,Railways,18.0,20.77,2070.44,2070.44
P-619089,2025-01,Railways,34.0,61.02,1909.98,1909.98
P-619089,2025-02,Railways,35.0,66.46,1909.98,1909.98
P-619089,2025-03,Railways,36.0,72.3,1909.98,1909.98
P-619090,2025-01,Railways,84.0,98.5,2067.67,2160.0
P-619090,2025-02,Railways,85.0,99.15,2067.67,2160.0
P-619090,2025-03,Railways,86.0,99.2,2067.67,2160.0
P-619094,2025-01,Railways,71.0,,1243.57,1243.57
P-619094,2025-02,Railways,72.0,,1243.57,1243.57
P-619094,2025-03,Railways,73.0,,1243.57,1243.57
P-619095,2025-01,Railways,27.0,59.64,332.0,332.0
P-619095,2025-02,Railways,28.0,59.64,332.0,332.0
P-619095,2025-03,Railways,29.0,59.64,332.0,332.0
P-619096,2025-01,Railways,128.0,97.8,1655.01,1990.99
P-619096,2025-02,Railways,129.0,97.8,1655.01,1990.38
P-619096,2025-03,Railways,152.0,97.8,1655.01,1990.38
P-619097,2026-01,Railways,100.0,100.0,1181.12,1573.18
P-619100,2026-01,Railways,72.0,99.0,866.0,1185.04
P-619104,2026-01,Railways,97.0,99.0,1139.65,1154.8
P-619105,2026-01,Railways,54.0,11.0,1555.13,1564.66
P-619106,2026-01,Railways,34.0,25.0,1141.88,868.65
P-619107,2026-01,Railways,23.0,3.0,1311.41,1123.35
P-619108,2026-01,Railways,23.0,13.0,1452.43,1256.55
P-619109,2025-01,Railways,46.0,78.61,1249.0,1249.0
P-619109,2025-02,Railways,47.0,80.16,1249.0,1249.0
P-619109,2025-03,Railways,48.0,82.52,1249.0,1249.0
P-619112,2025-01,Railways,47.0,64.9,824.29,924.0
P-619112,2025-02,Railways,48.0,68.75,824.29,924.0
P-619112,2025-03,Railways,49.0,70.0,824.29,924.0
P-619117,2026-01,Railways,106.0,97.0,1021.57,1091.4
P-619118,2025-01,Railways,100.0,99.0,2510.04,2510.04
P-619118,2025-02,Railways,101.0,99.0,2510.04,2510.04
P-619118,2025-03,Railways,102.0,99.38,2510.04,2510.04
P-619119,2025-01,Railways,85.0,93.75,686.65,686.65
P-619119,2025-02,Railways,86.0,95.0,686.65,686.65
P-619119,2025-03,Railways,87.0,97.0,686.65,686.65
P-619120,2026-01,Railways,95.0,99.0,2919.8,4113.89
P-619121,2026-01,Railways,106.0,99.0,2531.99,3619.32
P-619122,2025-01,Railways,55.0,99.0,1479.22,1479.22
P-619122,2025-02,Railways,56.0,99.0,1479.22,1479.22
P-619122,2025-03,Railways,57.0,99.0,1479.22,1479.22
P-619123,2025-01,Railways,11.0,10.29,813.66,813.66
P-619123,2025-02,Railways,12.0,12.02,813.66,813.66
P-619123,2025-03,Railways,13.0,20.1,813.66,813.66
P-619124,2025-01,Railways,11.0,10.5,747.29,747.29
P-619124,2025-02,Railways,12.0,14.84,747.29,747.29
P-619124,2025-03,Railways,13.0,21.3,747.29,747.29
P-619125,2025-01,Railways,11.0,2.34,1103.89,1103.89
P-619125,2025-02,Railways,12.0,5.45,1103.89,1103.89
P-619125,2025-03,Railways,13.0,8.9,1103.89,1103.89
P-619126,2025-01,Railways,11.0,26.52,976.4,976.4
P-619126,2025-02,Railways,12.0,30.8,976.4,976.4
P-619126,2025-03,Railways,13.0,35.18,976.4,976.4
P-619128,2025-01,Railways,35.0,73.01,637.11,637.11
P-619128,2025-02,Railways,36.0,74.8,637.11,637.11
P-619128,2025-03,Railways,37.0,80.63,637.11,637.11
P-619129,2025-01,Railways,71.0,41.2,1008.99,1360.53
P-619129,2025-02,Railways,72.0,43.0,1008.99,1360.53
P-619129,2025-03,Railways,73.0,45.01,1008.99,1360.53
P-619130,2025-01,Railways,71.0,30.31,825.94,1116.13
P-619132,2025-01,Railways,49.0,61.25,1524.03,1524.03
P-619132,2025-02,Railways,50.0,62.25,1524.03,1524.03
P-619132,2025-03,Railways,51.0,62.55,1524.03,1524.03
P-619134,2025-01,Railways,34.0,37.0,1641.66,1641.66
P-619134,2025-02,Railways,35.0,39.0,1641.66,1641.66
P-619134,2025-03,Railways,36.0,44.0,1641.66,1641.66
P-619137,2026-01,Railways,84.0,100.0,1024.69,1753.95
P-619140,2025-01,Railways,30.0,9.97,1398.84,1398.84
P-619140,2025-02,Railways,31.0,10.54,1398.84,1398.84
P-619140,2025-03,Railways,32.0,11.22,1398.84,1398.84
P-619141,2025-01,Railways,30.0,20.01,909.47,909.47
P-619141,2025-02,Railways,31.0,22.16,909.47,909.47
P-619141,2025-03,Railways,32.0,24.84,909.47,909.47
P-619142,2026-01,Railways,43.0,74.0,216.97,237.01
P-619143,2026-01,Railways,34.0,7.0,826.01,862.58
P-619146,2025-01,Railways,104.0,96.0,723.64,723.64
P-619147,2025-01,Railways,46.0,97.3,485.75,485.75
P-619147,2025-02,Railways,47.0,98.17,485.75,485.75
P-619147,2025-03,Railways,48.0,98.17,485.75,485.75
P-619148,2026-01,Railways,107.0,100.0,1185.66,1343.16
P-619149,2025-01,Railways,26.0,70.45,930.0,930.0
P-619149,2025-02,Railways,27.0,74.9,930.0,930.0
P-619149,2025-03,Railways,28.0,74.9,930.0,930.0
P-619150,2026-01,Railways,101.0,99.0,2082.69,2859.93
P-619152,2025-01,Railways,109.0,96.0,1167.45,1182.94
P-619152,2025-02,Railways,110.0,96.0,1167.45,1182.94
P-619152,2025-03,Railways,111.0,96.0,1167.45,1182.94
P-619153,2025-01,Railways,46.0,43.39,1002.11,1361.79
P-619153,2025-02,Railways,47.0,44.43,1002.11,1361.76
P-619153,2025-03,Railways,48.0,45.29,1002.11,1361.76
P-619153,2026-01,Railways,58.0,53.0,1002.11,1363.04
P-619154,2026-01,Railways,39.0,72.0,1493.5,1493.59
P-619155,2025-01,Railways,41.0,46.81,1377.79,1377.79
P-619155,2025-02,Railways,42.0,47.31,1377.79,1377.79
P-619155,2025-03,Railways,43.0,47.31,1377.79,1377.79
P-619157,2025-01,Railways,84.0,99.0,614.48,757.12
P-619157,2025-02,Railways,85.0,99.0,614.48,757.12
P-619157,2025-03,Railways,86.0,99.0,614.48,757.12
P-619158,2025-01,Railways,84.0,82.72,633.68,633.68
P-619158,2025-02,Railways,85.0,84.34,633.68,633.68
P-619158,2025-03,Railways,86.0,85.59,633.68,633.68
P-619161,2026-01,Railways,22.0,24.0,1376.1,1247.7
P-619162,2025-01,Railways,35.0,90.1,570.98,578.02
P-619163,2025-01,Railways,40.0,2.0,624.45,580.15
P-619164,2026-01,Railways,94.0,70.0,1214.3,1195.74
P-619167,2026-01,Railways,73.0,93.0,865.1,1275.26
P-619168,2025-01,Railways,34.0,82.0,1602.48,1602.48
P-619168,2025-02,Railways,35.0,85.0,1602.48,1602.48
P-619168,2025-03,Railways,36.0,90.0,1602.48,1602.48
P-701091,2025-07,,82.0,99.96,3100.0,3100.0
P-701101,2025-01,CIVIL AVIATION,80.0,82.1,1216.9,1216.9
P-701101,2025-02,CIVIL AVIATION,81.0,84.59,1216.9,1216.9
P-701101,2025-03,CIVIL AVIATION,82.0,87.64,1216.9,1216.9
P-701101,2025-04,CIVIL AVIATION,83.0,89.06,1216.9,1216.9
P-701101,2025-05,CIVIL AVIATION,84.0,89.66,1216.9,1216.9
P-701101,2025-06,CIVIL AVIATION,85.0,93.14,1216.9,1216.9
P-701101,2025-07,CIVIL AVIATION,81.0,94.0,1216.9,1216.9
P-701101,2025-08,CIVIL AVIATION,80.0,94.0,1216.9,1216.9
P-701101,2025-09,CIVIL AVIATION,81.0,94.0,1216.9,1216.9
P-701101,2025-10,CIVIL AVIATION,82.0,95.0,1216.9,1216.9
P-701101,2025-11,CIVIL AVIATION,85.0,96.0,1216.9,1216.9
P-701101,2025-12,CIVIL AVIATION,84.0,97.0,1216.9,1216.9
P-701101,2026-01,CIVIL AVIATION,85.0,97.0,1216.9,1216.9
P-701105,2025-01,CIVIL AVIATION,86.0,75.0,255.69,255.69
P-701105,2025-08,CIVIL AVIATION,93.0,90.0,255.69,255.69
P-701105,2025-09,CIVIL AVIATION,94.0,92.0,255.69,255.69
P-701105,2025-10,CIVIL AVIATION,95.0,94.0,255.69,255.69
P-701105,2025-11,CIVIL AVIATION,96.0,97.0,255.69,255.69
P-701105,2025-12,CIVIL AVIATION,97.0,98.0,255.69,255.69
P-701105,2026-01,CIVIL AVIATION,98.0,98.0,255.69,255.69
P-701107,2025-08,CIVIL AVIATION,62.0,79.0,611.8,611.8
P-701107,2025-09,CIVIL AVIATION,63.0,81.0,611.8,611.8
P-701107,2025-10,CIVIL AVIATION,64.0,84.0,611.8,611.8
P-701107,2025-11,CIVIL AVIATION,65.0,86.0,611.8,611.8
P-701107,2025-12,CIVIL AVIATION,66.0,87.0,611.8,611.8
P-701107,2026-01,CIVIL AVIATION,67.0,87.0,611.8,611.8
P-701113,2025-01,,6.0,6.0,2869.65,2869.65
P-701113,2025-02,,7.0,7.8,2869.65,2869.65
P-701113,2025-03,,8.0,9.0,2869.65,2869.65
P-701113,2025-04,,9.0,14.0,2869.65,2869.65
P-701113,2025-05,,10.0,14.5,2869.65,2869.65
P-701113,2025-06,,11.0,14.51,2869.65,2869.65
P-701113,2025-07,,12.0,14.0,2869.65,2869.65
P-701113,2025-08,,13.0,16.0,2869.65,2869.65
P-701113,2025-09,,14.0,17.0,2869.65,2869.65
P-701113,2025-10,,15.0,18.0,2869.65,2869.65
P-701113,2025-11,,16.0,19.0,2869.65,2869.65
P-701113,2025-12,,17.0,21.0,2869.65,2869.65
P-701113,2026-01,,18.0,22.0,2869.65,2869.65
P-701121,2025-01,,25.0,35.0,347.15,347.15
P-701121,2025-02,,26.0,39.0,347.15,347.15
P-701121,2025-03,,27.0,41.0,347.15,347.15
P-701121,2025-08,,32.0,51.0,347.15,347.15
P-701121,2025-09,,33.0,54.0,347.15,347.15
P-701121,2025-10,,34.0,57.0,347.15,347.15
P-701121,2025-11,,35.0,64.0,347.15,347.15
P-701121,2025-12,,36.0,68.0,347.15,347.15
P-701121,2026-01,,37.0,73.0,347.15,347.15
P-701122,2025-01,,7.0,6.0,579.0,579.0
P-701122,2025-02,,8.0,10.0,579.0,579.0
P-701122,2025-03,,9.0,10.4,579.0,579.0
P-701122,2025-04,,10.0,11.0,579.0,579.0
P-701122,2025-05,,11.0,11.5,579.0,579.0
P-701122,2025-06,,12.0,13.0,579.0,579.0
P-701122,2025-07,,12.0,14.0,579.0,579.0
P-701122,2025-08,,14.0,16.0,579.0,579.0
P-701122,2025-09,,15.0,17.0,579.0,579.0
P-701122,2025-10,,16.0,20.0,579.0,579.0
P-701122,2025-11,,17.0,24.0,579.0,579.0
P-701126,2025-01,,31.0,42.0,1305.0,1143.95
P-701126,2025-02,,32.0,45.0,1305.0,1143.95
P-701126,2025-03,,33.0,50.0,1305.0,1143.95
P-701126,2025-08,,38.0,64.0,1305.0,1551.0
P-701126,2025-09,,39.0,66.0,1305.0,1551.0
P-701126,2025-10,,40.0,67.0,1305.0,1551.0
P-701126,2025-11,,41.0,68.0,1305.0,1551.0
P-701126,2025-12,,42.0,72.0,1305.0,1551.0
P-701126,2026-01,,43.0,75.0,1305.0,1551.0
P-701127,2025-01,CIVIL AVIATION,32.0,62.0,480.0,480.0
P-701127,2025-02,CIVIL AVIATION,33.0,66.0,480.0,480.0
P-701127,2025-03,CIVIL AVIATION,34.0,59.0,480.0,480.0
P-701127,2025-04,CIVIL AVIATION,35.0,60.0,480.0,480.0
P-701127,2025-05,CIVIL AVIATION,36.0,70.0,480.0,480.0
P-701127,2025-06,CIVIL AVIATION,37.0,77.75,480.0,480.0
P-701127,2025-07,CIVIL AVIATION,27.0,77.0,480.0,480.0
P-701127,2025-08,CIVIL AVIATION,39.0,84.0,480.0,480.0
P-701127,2025-09,CIVIL AVIATION,40.0,89.0,480.0,480.0
P-701127,2025-10,CIVIL AVIATION,41.0,96.0,480.0,480.0
P-701127,2025-11,CIVIL AVIATION,42.0,98.0,480.0,480.0
P-701127,2025-12,CIVIL AVIATION,43.0,93.0,480.0,480.0
P-701127,2026-01,CIVIL AVIATION,43.0,95.0,480.0,480.0
P-701128,2025-01,CIVIL AVIATION,19.0,47.17,887.0,887.0
P-701128,2025-02,CIVIL AVIATION,20.0,51.66,887.0,887.0
P-701128,2025-03,CIVIL AVIATION,21.0,55.9,887.0,887.0
P-701128,2025-08,CIVIL AVIATION,26.0,49.0,887.0,887.0
P-701128,2025-09,CIVIL AVIATION,27.0,50.0,887.0,887.0
P-701128,2025-10,CIVIL AVIATION,28.0,50.0,887.0,887.0
P-701128,2025-11,CIVIL AVIATION,29.0,55.0,887.0,887.0
P-701128,2025-12,CIVIL AVIATION,30.0,57.0,887.0,887.0
P-701128,2026-01,CIVIL AVIATION,31.0,59.0,887.0,887.0
P-701167,2025-01,Healthcare,70.0,61.5,1828.0,1577.0
P-701167,2025-02,Healthcare,71.0,62.5,1828.0,1577.0
P-701167,2025-03,Healthcare,72.0,63.5,1828.0,1577.0
P-701167,2025-08,Healthcare,79.0,66.0,1828.0,1828.0
P-701167,2025-09,Healthcare,80.0,67.0,1828.0,1828.0
P-701167,2025-10,Healthcare,81.0,68.0,1828.0,1828.0
P-701167,2025-11,Healthcare,82.0,2.0,1828.0,2160.84
P-701167,2025-12,Healthcare,83.0,72.0,1828.0,2160.84
P-701167,2026-01,Healthcare,84.0,73.0,1828.0,2160.84
P-701168,2025-12,Healthcare,84.0,43.0,1264.0,2021.51
P-701168,2026-01,Healthcare,85.0,46.0,1264.0,2021.51
P-701170,2025-12,Healthcare,83.0,93.0,1195.0,1195.0
P-701170,2026-01,Healthcare,84.0,93.0,1195.0,1195.0
P-701171,2025-01,Healthcare,73.0,80.0,1110.55,1110.55
P-701171,2025-02,Healthcare,74.0,80.87,1110.55,1110.55
P-701171,2025-03,Healthcare,75.0,81.29,1110.55,1110.55
P-701171,2025-04,Healthcare,76.0,81.62,1110.55,1110.55
P-701171,2025-05,Healthcare,77.0,82.04,1110.55,1110.55
P-701171,2025-06,Healthcare,78.0,83.07,1110.55,1110.55
P-701171,2025-07,Healthcare,79.0,83.0,1028.0,1365.95
P-701171,2025-08,Healthcare,80.0,84.0,1028.0,1365.95
P-701171,2025-09,Healthcare,81.0,85.0,1028.0,1365.95
P-701171,2025-10,Healthcare,82.0,85.0,1028.0,1365.95
P-701171,2025-11,Healthcare,83.0,85.0,1028.0,1365.95
P-701171,2025-12,Healthcare,84.0,86.0,1028.0,1365.95
P-701171,2026-01,Healthcare,85.0,86.0,1028.0,1365.95
P-701172,2025-12,Healthcare,63.0,0.0,1264.0,1264.0
P-701172,2026-01,Healthcare,64.0,0.0,1264.0,1264.0
P-701173,2025-01,Healthcare,70.0,8.55,1294.34,1294.34
P-701173,2025-02,Healthcare,71.0,11.9,1294.34,1294.34
P-701173,2025-03,Healthcare,72.0,14.92,1294.34,1294.34
P-701173,2025-08,Healthcare,78.0,28.0,1299.0,1299.0
P-701173,2025-09,Healthcare,21.0,28.0,1299.0,1299.0
P-701173,2025-10,Healthcare,22.0,28.0,1299.0,1299.0
P-701173,2025-11,Healthcare,81.0,45.0,1299.0,1646.43
P-701173,2025-12,Healthcare,82.0,45.0,1299.0,1646.43
P-701173,2026-01,Healthcare,83.0,51.0,1299.0,1646.43
P-701228,2025-05,Energy Storage,191.0,94.0,2915.0,5909.0
P-701228,2025-06,Energy Storage,192.0,94.2,2915.0,5909.0
P-701228,2025-07,Energy Storage,193.0,94.0,2915.0,5909.0
P-701228,2025-08,Energy Storage,194.0,94.0,2915.0,5909.0
P-701228,2025-09,Energy Storage,195.0,95.0,2915.0,5909.0
P-701228,2025-10,Energy Storage,196.0,95.0,2915.0,5909.0
P-701228,2025-11,Energy Storage,197.0,95.0,2915.0,5909.0
P-701228,2025-12,Energy Storage,198.0,95.0,2915.0,5909.0
P-701228,2026-01,Energy Storage,199.0,96.0,2915.0,5909.0
P-701263,2025-08,Energy Storage,94.0,88.0,43129.0,79459.0
P-701263,2025-09,Energy Storage,95.0,88.0,43129.0,79459.0
P-701263,2025-10,Energy Storage,96.0,89.0,43129.0,79459.0
P-701263,2025-11,Energy Storage,97.0,89.0,43129.0,79459.0
P-701263,2025-12,Energy Storage,98.0,90.0,43129.0,79459.0
P-701263,2026-01,Energy Storage,99.0,90.0,43129.0,79459.0
P-701289,2025-01,Energy Storage,47.0,80.6,34627.0,38231.0
P-701289,2025-02,Energy Storage,48.0,82.3,34627.0,38231.0
P-701289,2025-03,Energy Storage,49.0,83.9,34627.0,38231.0
P-701289,2025-04,Energy Storage,50.0,85.2,34627.0,38231.0
P-701289,2025-05,Energy Storage,51.0,86.5,34627.0,38231.0
P-701289,2025-10,Energy Storage,56.0,90.0,34627.0,36225.0
P-701289,2025-11,Energy Storage,57.0,91.0,34627.0,36225.0
P-701289,2025-12,Energy Storage,58.0,91.0,34627.0,36225.0
P-701289,2026-01,Energy Storage,59.0,92.0,34627.0,36225.0
P-701324,2025-01,Energy Storage,60.0,82.9,14810.0,14810.0
P-701324,2025-02,Energy Storage,61.0,83.8,14810.0,14810.0
P-701324,2025-03,Energy Storage,62.0,84.4,14810.0,14810.0
P-701324,2025-04,Energy Storage,63.0,85.1,14810.0,18113.0
P-701324,2025-05,Energy Storage,64.0,85.7,14810.0,18113.0
P-701324,2025-06,Energy Storage,65.0,89.0,14810.0,18113.0
P-701324,2025-07,Energy Storage,66.0,87.0,14810.0,16724.0
P-701324,2025-08,Energy Storage,67.0,87.0,14810.0,16724.0
P-701324,2025-09,Energy Storage,68.0,88.0,14810.0,16724.0
P-701324,2025-10,Energy Storage,69.0,88.0,14810.0,16724.0
P-701324,2025-11,Energy Storage,70.0,88.0,14810.0,16724.0
P-701324,2025-12,Energy Storage,71.0,89.0,14810.0,16724.0
P-701324,2026-01,Energy Storage,72.0,89.0,14810.0,16724.0
P-701329,2025-01,Energy Storage,52.0,78.6,18936.0,18936.0
P-701329,2025-02,Energy Storage,53.0,79.4,18936.0,18936.0
P-701329,2025-03,Energy Storage,54.0,80.3,18936.0,18936.0
P-701329,2025-04,Energy Storage,55.0,81.1,18936.0,18936.0
P-701329,2025-05,Energy Storage,56.0,81.9,18936.0,18936.0
P-701329,2025-10,Energy Storage,61.0,84.0,18936.0,17825.0
P-701329,2025-11,Energy Storage,62.0,85.0,18936.0,17825.0
P-701329,2025-12,Energy Storage,63.0,85.0,18936.0,17825.0
P-701329,2026-01,Energy Storage,64.0,86.0,18936.0,17825.0
P-701330,2025-07,Energy Storage,168.0,90.0,7392.0,7392.0
P-701330,2025-08,Energy Storage,169.0,90.0,7392.0,7392.0
P-701330,2025-09,Energy Storage,170.0,90.0,7392.0,7392.0
P-701330,2025-10,Energy Storage,171.0,90.0,7392.0,7392.0
P-701330,2025-11,Energy Storage,172.0,90.0,7392.0,7392.0
P-701330,2025-12,Energy Storage,173.0,90.0,7392.0,7392.0
P-701330,2026-01,Energy Storage,174.0,90.0,7392.0,7392.0
P-701338,2025-07,Energy Storage,234.0,0.0,5535.0,5535.0
P-701338,2025-08,Energy Storage,235.0,0.0,5535.0,5535.0
P-701338,2025-09,Energy Storage,236.0,0.0,5535.0,5535.0
P-701338,2025-10,Energy Storage,237.0,0.0,5535.0,5535.0
P-701338,2025-11,Energy Storage,238.0,0.0,5535.0,5535.0
P-701338,2025-12,Energy Storage,239.0,0.0,5535.0,5535.0
P-701338,2026-01,Energy Storage,240.0,47.0,5535.0,5535.0
P-701343,2025-01,Energy Storage,,93.3,2658.34,2658.34
P-701343,2025-06,Energy Storage,69.0,94.6,2658.34,2658.34
P-701343,2025-07,Energy Storage,70.0,94.0,2658.34,2810.0
P-701343,2025-08,Energy Storage,71.0,95.0,2658.34,2810.0
P-701343,2025-09,Energy Storage,72.0,95.0,2658.34,2810.0
P-701343,2025-10,Energy Storage,73.0,96.0,2658.34,2810.0
P-701343,2025-11,Energy Storage,74.0,96.0,2658.34,2810.0
P-701343,2025-12,Energy Storage,75.0,96.0,2658.34,2810.0
P-701343,2026-01,Energy Storage,76.0,96.0,2658.34,2810.0
P-701344,2025-01,Energy Storage,,85.4,1030.65,1030.65
P-701344,2025-02,Energy Storage,59.0,85.6,1030.65,1030.65
P-701344,2025-03,Energy Storage,60.0,86.0,1030.65,1030.65
P-701344,2025-04,Energy Storage,61.0,86.3,1030.65,1030.65
P-701344,2025-05,Energy Storage,62.0,86.5,1030.65,1030.65
P-701344,2025-06,Energy Storage,63.0,86.8,1030.65,1030.65
P-701344,2025-07,Energy Storage,64.0,87.0,1030.65,1125.0
P-701344,2025-08,Energy Storage,65.0,87.0,1030.65,1125.0
P-701344,2025-09,Energy Storage,66.0,88.0,1030.65,1125.0
P-701344,2025-10,Energy Storage,67.0,88.0,1030.65,1125.0
P-701344,2025-11,Energy Storage,68.0,90.0,1030.65,1125.0
P-701344,2025-12,Energy Storage,69.0,91.0,1030.65,1125.0
P-701344,2026-01,Energy Storage,70.0,92.0,1030.65,1125.0
P-701346,2025-01,Energy Storage,,83.98,9265.0,9265.0
P-701346,2025-02,Energy Storage,51.0,84.0,9265.0,9265.0
P-701346,2025-03,Energy Storage,,84.4,9265.0,9265.0
P-701346,2025-08,Energy Storage,64.0,85.0,9265.0,9265.0
P-701346,2025-09,Energy Storage,65.0,85.0,9265.0,9265.0
P-701346,2025-10,Energy Storage,66.0,86.0,9265.0,9265.0
P-701346,2025-11,Energy Storage,67.0,86.0,9265.0,9265.0
P-701346,2025-12,Energy Storage,68.0,86.0,9265.0,9265.0
P-701346,2026-01,Energy Storage,69.0,86.0,9265.0,9265.0
P-701349,2025-01,Energy Storage,72.0,81.9,10228.0,9058.0
P-701349,2025-02,Energy Storage,73.0,82.9,10228.0,9058.0
P-701349,2025-03,Energy Storage,74.0,83.81,10228.0,9058.0
P-701349,2025-04,Energy Storage,75.0,84.53,10228.0,9058.0
P-701349,2025-05,Energy Storage,76.0,85.06,10228.0,9058.0
P-701349,2025-10,Energy Storage,81.0,88.0,10228.0,11407.0
P-701349,2025-11,Energy Storage,82.0,88.0,10228.0,11407.0
P-701349,2025-12,Energy Storage,83.0,89.0,10228.0,11407.0
P-701349,2026-01,Energy Storage,84.0,90.0,10228.0,11407.0
P-701350,2025-05,Energy Storage,47.0,96.5,860.0,860.0
P-701350,2025-06,Energy Storage,48.0,97.5,860.0,860.0
P-701350,2025-07,Energy Storage,49.0,98.0,860.0,860.0
P-701350,2025-08,Energy Storage,50.0,98.0,860.0,860.0
P-701350,2025-09,Energy Storage,51.0,98.0,860.0,860.0
P-701350,2025-10,Energy Storage,52.0,99.0,860.0,860.0
P-701350,2025-11,Energy Storage,53.0,99.0,860.0,860.0
P-701354,2025-01,Energy Storage,55.0,91.9,7844.25,7844.25
P-701354,2025-10,Energy Storage,64.0,96.0,7844.25,8255.0
P-701354,2025-11,Energy Storage,65.0,97.0,7844.25,8255.0
P-701354,2025-12,Energy Storage,66.0,97.0,7844.25,8255.0
P-701354,2026-01,Energy Storage,67.0,97.0,7844.25,8255.0
P-701370,2025-07,Telecommunication,343.0,0.0,256.16,256.16
P-701370,2025-08,Telecommunication,344.0,55.0,256.16,256.16
P-701370,2025-09,Telecommunication,353.0,55.0,256.16,256.16
P-701370,2025-10,Telecommunication,354.0,55.0,256.16,256.16
P-701370,2025-11,Telecommunication,355.0,55.0,256.16,256.16
P-701370,2025-12,Telecommunication,356.0,55.0,256.16,256.16
P-701370,2026-01,Telecommunication,357.0,55.0,256.16,256.16
P-701372,2025-10,Telecommunication,354.0,93.0,20718.17,33412.5
P-701372,2025-11,Telecommunication,355.0,93.0,20718.17,33412.5
P-701372,2025-12,Telecommunication,356.0,93.0,20718.17,33412.5
P-701372,2026-01,Telecommunication,357.0,93.0,20718.17,33412.5
P-701376,2025-07,Telecommunication,162.0,69.0,3807.77,9579.58
P-701376,2025-08,Telecommunication,163.0,69.0,3807.77,9579.58
P-701376,2025-09,Telecommunication,173.0,69.0,3807.77,9579.58
P-701376,2025-10,Telecommunication,174.0,70.0,3807.77,9579.58
P-701376,2025-11,Telecommunication,175.0,70.0,3807.77,9579.58
P-701376,2025-12,Telecommunication,176.0,70.0,3807.77,9579.58
P-701376,2026-01,Telecommunication,177.0,70.0,3807.77,9579.58
P-701377,2025-10,Telecommunication,138.0,99.0,770.16,1606.07
P-701377,2025-11,Telecommunication,139.0,99.0,770.16,1606.07
P-701377,2025-12,Telecommunication,140.0,99.0,770.16,1606.07
P-701377,2026-01,Telecommunication,141.0,99.0,770.16,1606.07
P-701383,2025-07,Telecommunication,351.0,89.0,1058.99,1758.51
P-701383,2025-08,Telecommunication,352.0,89.0,1058.99,1758.51
P-701383,2025-09,Telecommunication,353.0,89.0,1058.99,1758.51
P-701383,2025-10,Telecommunication,354.0,89.0,1058.99,1758.51
P-701383,2025-11,Telecommunication,355.0,89.0,1058.99,1758.51
P-701383,2025-12,Telecommunication,356.0,89.0,1058.99,1758.51
P-701383,2026-01,Telecommunication,357.0,89.0,1058.99,1758.51
P-701386,2025-10,Telecommunication,210.0,72.0,7196.47,12770.1
P-701386,2025-11,Telecommunication,211.0,72.0,7196.47,12770.1
P-701386,2025-12,Telecommunication,212.0,72.0,7196.47,12770.1
P-701386,2026-01,Telecommunication,213.0,72.0,7196.47,12770.1
P-701391,2025-07,Telecommunication,186.0,97.0,210.45,1472.14
P-701391,2025-08,Telecommunication,187.0,97.0,210.45,1472.14
P-701391,2025-09,Telecommunication,197.0,97.0,210.45,1472.14
P-701391,2025-10,Telecommunication,198.0,97.0,210.45,1472.14
P-701391,2025-11,Telecommunication,199.0,97.0,210.45,1472.14
P-701391,2025-12,Telecommunication,200.0,97.0,210.45,1472.14
P-701391,2026-01,Telecommunication,201.0,97.0,210.45,1472.14
P-701395,2025-07,Telecommunication,211.0,0.0,219.9,219.9
P-701395,2025-08,Telecommunication,212.0,0.0,219.9,219.9
P-701395,2025-09,Telecommunication,221.0,31.0,219.9,219.9
P-701395,2025-10,Telecommunication,222.0,31.0,219.9,219.9
P-701395,2025-11,Telecommunication,223.0,31.0,219.9,219.9
P-701395,2025-12,Telecommunication,224.0,31.0,219.9,219.9
P-701395,2026-01,Telecommunication,225.0,31.0,219.9,219.9
P-701396,2025-07,Telecommunication,207.0,64.0,255.97,1480.7
P-701396,2025-08,Telecommunication,208.0,64.0,255.97,1480.7
P-701396,2025-09,Telecommunication,209.0,65.0,255.97,1480.7
P-701396,2025-10,Telecommunication,210.0,65.0,255.97,1480.7
P-701396,2025-11,Telecommunication,211.0,65.0,255.97,1480.7
P-701396,2025-12,Telecommunication,212.0,65.0,255.97,1480.7
P-701396,2026-01,Telecommunication,213.0,65.0,255.97,1480.7
P-701398,2025-07,Telecommunication,195.0,72.59,211.46,781.85
P-701398,2025-08,Telecommunication,196.0,72.0,211.46,781.85
P-701398,2025-09,Telecommunication,197.0,72.0,211.46,781.85
P-701398,2025-10,Telecommunication,198.0,72.0,211.46,781.85
P-701398,2025-11,Telecommunication,199.0,72.0,211.46,781.85
P-701398,2025-12,Telecommunication,200.0,72.0,211.46,781.85
P-701398,2026-01,Telecommunication,201.0,72.0,211.46,781.85
P-701399,2025-07,Telecommunication,187.0,81.8,382.29,382.29
P-701399,2025-08,Telecommunication,188.0,86.0,382.29,382.29
P-701399,2025-09,Telecommunication,197.0,86.0,382.29,382.29
P-701400,2025-07,Telecommunication,339.0,98.0,1449.44,1822.24
P-701400,2025-08,Telecommunication,43.0,98.0,1449.44,1822.24
P-701400,2025-09,Telecommunication,341.0,98.0,1449.44,1822.24
P-701400,2025-10,Telecommunication,342.0,98.0,1449.44,1822.24
P-701400,2025-11,Telecommunication,343.0,98.0,1449.44,1822.24
P-701400,2025-12,Telecommunication,344.0,98.0,1449.44,1822.24
P-701400,2026-01,Telecommunication,345.0,98.0,1449.44,1822.24
P-701404,2025-10,Telecommunication,270.0,79.0,989.43,2301.28
P-701404,2025-11,Telecommunication,271.0,79.0,989.43,2301.28
P-701404,2025-12,Telecommunication,272.0,79.0,989.43,2301.28
P-701404,2026-01,Telecommunication,273.0,79.0,989.43,2301.28
P-701405,2025-07,Telecommunication,231.0,87.0,8200.71,14730.0
P-701405,2025-08,Telecommunication,232.0,87.0,8200.71,14730.0
P-701405,2025-09,Telecommunication,233.0,87.0,8200.71,14730.0
P-701405,2025-10,Telecommunication,234.0,87.0,8200.71,14730.0
P-701405,2025-11,Telecommunication,235.0,87.0,8200.71,14730.0
P-701405,2025-12,Telecommunication,236.0,87.0,8200.71,14730.0
P-701405,2026-01,Telecommunication,237.0,87.0,8200.71,14730.0
P-701406,2025-07,Telecommunication,210.0,100.0,1402.0,2509.66
P-701406,2025-08,Telecommunication,211.0,100.0,1402.0,2509.66
P-701406,2025-09,Telecommunication,221.0,100.0,1402.0,2509.66
P-701406,2025-10,Telecommunication,222.0,100.0,1402.0,2509.66
P-701406,2025-11,Telecommunication,223.0,100.0,1402.0,2509.66
P-701406,2025-12,Telecommunication,224.0,100.0,1402.0,2509.66
P-701406,2026-01,Telecommunication,225.0,100.0,1402.0,2509.66
P-701408,2025-07,Telecommunication,216.0,82.0,1060.67,4417.21
P-701408,2025-08,Telecommunication,217.0,82.0,1060.67,4417.21
P-701408,2025-09,Telecommunication,209.0,82.0,1060.67,4417.21
P-701408,2025-10,Telecommunication,210.0,82.0,1060.67,4417.21
P-701408,2025-11,Telecommunication,211.0,82.0,1060.67,4417.21
P-701408,2025-12,Telecommunication,212.0,82.0,1060.67,4417.21
P-701408,2026-01,Telecommunication,213.0,82.0,1060.67,4417.21
P-701410,2025-07,Telecommunication,87.0,80.0,1441.26,2462.16
P-701410,2025-08,Telecommunication,114.0,80.0,1441.26,2462.16
P-701410,2025-09,Telecommunication,115.0,80.0,1441.26,2462.16
P-701410,2025-10,Telecommunication,116.0,80.0,1441.26,2462.16
P-701410,2025-11,Telecommunication,117.0,80.0,1441.26,2462.16
P-701410,2025-12,Telecommunication,118.0,80.0,1441.26,2462.16
P-701410,2026-01,Telecommunication,119.0,85.0,1441.26,2462.16
P-701411,2025-07,Telecommunication,87.0,80.0,2285.81,2715.7
P-701411,2025-08,Telecommunication,186.0,80.0,2285.81,2715.7
P-701411,2025-09,Telecommunication,187.0,80.0,2285.81,2715.7
P-701411,2025-10,Telecommunication,188.0,88.0,2285.81,2715.7
P-701411,2025-11,Telecommunication,189.0,88.0,2285.81,2715.7
P-701411,2025-12,Telecommunication,190.0,88.0,2285.81,2715.7
P-701411,2026-01,Telecommunication,191.0,88.0,2285.81,2715.7
P-701412,2025-07,Telecommunication,54.0,32.0,1622.27,2430.76
P-701412,2025-08,Telecommunication,55.0,32.0,1622.27,2430.76
P-701412,2025-09,Telecommunication,97.0,32.0,1622.27,2430.76
P-701412,2025-10,Telecommunication,98.0,32.0,1622.27,2430.76
P-701412,2025-11,Telecommunication,99.0,32.0,1622.27,2430.76
P-701412,2025-12,Telecommunication,100.0,36.0,1622.27,2430.76
P-701412,2026-01,Telecommunication,101.0,38.0,1622.27,2430.76
P-701415,2025-08,Telecommunication,198.0,83.0,10151.04,55548.9
P-701415,2025-09,Telecommunication,200.0,84.0,10151.04,55548.9
P-701415,2025-10,Telecommunication,201.0,84.0,10151.04,55548.9
P-701415,2025-11,Telecommunication,202.0,84.0,10151.04,55548.9
P-701415,2025-12,Telecommunication,203.0,84.0,10151.04,55548.9
P-701415,2026-01,Telecommunication,204.0,84.0,10151.04,55548.9
P-701565,2025-01,Inland Waterways,,64.91,5369.18,5061.15
P-701565,2025-02,Inland Waterways,85.0,66.01,5369.18,5061.15
P-701565,2025-03,Inland Waterways,,67.98,5369.18,5061.15
P-701565,2025-04,Inland Waterways,87.0,68.38,5369.18,5061.15
P-701565,2025-05,Inland Waterways,88.0,68.86,5369.18,5061.15
P-701565,2025-06,Inland Waterways,89.0,69.48,5369.18,5061.15
P-701565,2025-07,Inland Waterways,89.0,70.0,5369.18,5061.15
P-701565,2025-08,Inland Waterways,91.0,71.0,5369.18,5061.15
P-701565,2025-09,Inland Waterways,92.0,71.0,5369.18,5061.15
P-701565,2025-10,Inland Waterways,93.0,72.0,5369.18,5061.15
P-701565,2025-11,Inland Waterways,94.0,73.0,5369.18,5061.15
P-701565,2025-12,Inland Waterways,95.0,75.0,5369.18,5061.15
P-701565,2026-01,Inland Waterways,96.0,76.0,5369.18,5061.15
P-701568,2025-09,Shipping,55.0,90.0,100.0,225.85
P-701568,2025-10,Shipping,56.0,90.0,100.0,225.85
P-701568,2025-11,Shipping,93.0,90.0,100.0,225.85
P-701570,2025-09,Shipping,48.0,71.0,171.0,211.61
P-701570,2025-10,Shipping,49.0,71.0,171.0,211.61
P-701570,2025-11,Shipping,50.0,71.0,171.0,211.61
P-701570,2025-12,Shipping,51.0,71.0,171.0,211.61
P-701570,2026-01,Shipping,52.0,71.0,171.0,211.61
P-701574,2025-07,Shipping,30.0,40.0,3004.63,3004.63
P-701574,2025-08,Shipping,39.0,40.0,3004.63,3004.63
P-701574,2025-09,Shipping,40.0,40.0,3004.63,3004.63
P-701574,2025-10,Shipping,41.0,40.0,3004.63,3004.63
P-701574,2025-11,Shipping,42.0,50.0,3004.63,3004.63
P-701574,2025-12,Shipping,43.0,50.0,3004.63,3004.63
P-701574,2026-01,Shipping,44.0,50.0,3004.63,3004.63
P-701576,2025-07,Shipping,28.0,83.0,298.26,298.26
P-701576,2025-08,Shipping,29.0,91.0,298.26,298.26
P-701576,2025-09,Shipping,30.0,91.0,298.26,298.26
P-701576,2025-10,Shipping,31.0,97.0,298.26,298.26
P-701576,2025-11,Shipping,36.0,99.0,298.26,298.26
P-701577,2025-07,Shipping,35.0,0.0,253.65,253.65
P-701577,2025-08,Shipping,36.0,0.0,253.65,253.65
P-701577,2025-09,Shipping,37.0,0.0,253.65,253.65
P-701577,2025-10,Shipping,38.0,0.0,253.65,253.65
P-701577,2025-11,Shipping,46.0,0.0,253.65,253.65
P-701577,2025-12,Shipping,47.0,0.0,253.65,253.65
P-701586,2025-07,Shipping,51.0,0.0,900.0,900.0
P-701586,2025-08,Shipping,52.0,0.0,900.0,900.0
P-701586,2025-09,Shipping,53.0,0.0,900.0,900.0
P-701586,2025-10,Shipping,54.0,0.0,900.0,900.0
P-701586,2025-11,Shipping,60.0,0.0,900.0,900.0
P-701586,2025-12,Shipping,61.0,0.0,900.0,900.0
P-701593,2025-07,Telecommunication,56.0,92.0,28466.0,19592.0
P-701593,2025-08,Telecommunication,57.0,96.0,28466.0,19592.0
P-701593,2025-09,Telecommunication,58.0,96.0,28466.0,19592.0
P-701593,2025-10,Telecommunication,59.0,96.0,28466.0,19592.0
P-701593,2025-11,Telecommunication,60.0,97.0,28466.0,19592.0
P-701593,2025-12,Telecommunication,61.0,97.0,28466.0,19592.0
P-701593,2026-01,Telecommunication,62.0,97.0,28466.0,19592.0
P-701597,2025-07,Telecommunication,45.0,89.0,1255.49,1255.49
P-701597,2025-08,Telecommunication,56.0,89.0,1255.49,1255.49
P-701597,2025-09,Telecommunication,57.0,91.0,1255.49,1255.49
P-701597,2025-10,Telecommunication,58.0,91.0,1255.49,1255.49
P-701597,2025-11,Telecommunication,59.0,92.0,1255.49,1255.49
P-701597,2025-12,Telecommunication,60.0,99.0,1255.49,1255.49
P-701597,2026-01,Telecommunication,61.0,99.0,1255.49,1255.49
P-701598,2025-07,Telecommunication,58.0,98.0,971.96,971.96
P-701598,2025-08,Telecommunication,71.0,99.0,971.96,971.96
P-701598,2025-09,Telecommunication,72.0,99.0,971.96,971.96
P-701598,2025-10,Telecommunication,73.0,99.0,971.96,971.96
P-701598,2025-11,Telecommunication,74.0,99.0,971.96,971.96
P-701598,2025-12,Telecommunication,75.0,99.0,971.96,971.96
P-701598,2026-01,Telecommunication,76.0,99.0,971.96,971.96
P-701599,2025-07,Telecommunication,46.0,87.0,1577.57,1577.57
P-701599,2025-08,Telecommunication,47.0,87.0,1577.57,1577.57
P-701599,2025-09,Telecommunication,48.0,87.0,1577.57,1577.57
P-701599,2025-10,Telecommunication,49.0,87.0,1577.57,1577.57
P-701599,2025-11,Telecommunication,50.0,87.0,1577.57,1577.57
P-701599,2025-12,Telecommunication,51.0,87.0,1577.57,1577.57
P-701599,2026-01,Telecommunication,52.0,87.0,1577.57,1577.57
P-701600,2025-07,Telecommunication,63.0,97.0,336.89,301.13
P-701600,2025-08,Telecommunication,68.0,97.0,336.89,301.13
P-701600,2025-09,Telecommunication,69.0,97.0,336.89,301.13
P-701600,2025-10,Telecommunication,70.0,97.0,336.89,301.13
P-701600,2025-11,Telecommunication,71.0,100.0,336.89,301.13
P-701602,2025-07,Telecommunication,38.0,79.0,3685.0,3685.0
P-701602,2025-08,Telecommunication,45.0,79.0,3685.0,3685.0
P-701602,2025-09,Telecommunication,46.0,80.0,3685.0,3685.0
P-701602,2025-10,Telecommunication,47.0,81.0,3685.0,3685.0
P-701602,2025-11,Telecommunication,48.0,82.0,3685.0,3685.0
P-701602,2025-12,Telecommunication,49.0,82.0,3685.0,3685.0
P-701602,2026-01,Telecommunication,50.0,83.0,3685.0,3685.0
P-701657,2025-07,Real Estate,29.0,8.0,1701.81,1701.81
P-701657,2025-08,Real Estate,56.0,8.0,1701.81,1701.81
P-701657,2025-09,Real Estate,57.0,9.0,1701.81,1701.81
P-701657,2025-10,Real Estate,58.0,10.0,1701.81,1701.81
P-701657,2025-11,Real Estate,59.0,14.0,1701.81,1701.81
P-701657,2025-12,Real Estate,60.0,17.0,1701.81,1701.81
P-701657,2026-01,Real Estate,61.0,18.0,1701.81,1701.81
P-701658,2025-07,Real Estate,17.0,14.0,2139.44,2139.44
P-701658,2025-08,Real Estate,56.0,17.0,2139.44,2139.44
P-701658,2025-09,Real Estate,57.0,21.0,2139.44,2139.44
P-701658,2025-10,Real Estate,58.0,21.0,2139.44,2139.44
P-701658,2025-11,Real Estate,59.0,24.0,2139.44,2139.44
P-701658,2025-12,Real Estate,60.0,27.0,2139.44,2139.44
P-701658,2026-01,Real Estate,61.0,30.0,2139.44,2139.44
P-701719,2025-07,Real Estate,109.0,50.0,539.0,539.0
P-701719,2025-08,Real Estate,110.0,50.0,539.0,539.0
P-701719,2025-09,Real Estate,111.0,50.0,539.0,539.0
P-701719,2025-10,Real Estate,116.0,50.0,539.0,539.0
P-701719,2025-11,Real Estate,117.0,50.0,539.0,539.0
P-701719,2025-12,Real Estate,118.0,50.0,539.0,539.0
P-701745,2025-07,Urban Public Transport,76.0,6.0,262.76,262.76
P-701745,2025-08,Urban Public Transport,77.0,6.0,262.76,262.76
P-701745,2025-09,Urban Public Transport,78.0,6.0,262.76,262.76
P-701745,2025-10,Urban Public Transport,90.0,6.0,262.76,262.76
P-701745,2025-11,Urban Public Transport,91.0,6.0,262.76,262.76
P-701745,2025-12,Urban Public Transport,92.0,6.0,262.76,262.76
P-701745,2026-01,Urban Public Transport,93.0,6.0,262.76,262.76
P-701766,2025-07,Real Estate,71.0,0.0,150.97,150.97
P-701766,2025-08,Real Estate,72.0,31.0,150.97,150.97
P-701766,2025-09,Real Estate,73.0,31.0,150.97,150.97
P-701766,2025-10,Real Estate,71.0,31.0,150.97,150.97
P-701766,2025-11,Real Estate,72.0,31.0,150.97,150.97
P-701766,2025-12,Real Estate,73.0,31.0,150.97,150.97
P-701991,2025-07,Urban Public Transport,60.0,0.0,600.0,600.0
P-701991,2025-08,Urban Public Transport,61.0,70.0,600.0,600.0
P-701991,2025-09,Urban Public Transport,62.0,70.0,600.0,600.0
P-701991,2025-10,Urban Public Transport,90.0,70.0,600.0,600.0
P-701991,2025-11,Urban Public Transport,91.0,70.0,600.0,600.0
P-701991,2025-12,Urban Public Transport,92.0,70.0,600.0,600.0
P-702355,2025-07,Urban Public Transport,43.0,0.0,210.0,210.0
P-702355,2025-08,Urban Public Transport,44.0,20.0,210.0,210.0
P-702355,2025-09,Urban Public Transport,45.0,20.0,210.0,210.0
P-702355,2025-10,Urban Public Transport,62.0,20.0,210.0,210.0
P-702355,2025-11,Urban Public Transport,63.0,20.0,210.0,210.0
P-702355,2025-12,Urban Public Transport,64.0,20.0,210.0,210.0
P-702355,2026-01,Urban Public Transport,65.0,20.0,210.0,210.0
P-702625,2025-01,Urban Public Transport,,38.25,6941.4,6941.4
P-702625,2025-02,Urban Public Transport,75.0,39.08,6941.4,6941.4
P-702625,2025-03,Urban Public Transport,,39.68,6941.4,6941.4
P-702625,2025-04,Urban Public Transport,77.0,39.76,6941.4,6941.4
P-702625,2025-05,Urban Public Transport,78.0,40.9,6941.4,6941.4
P-702625,2025-06,Urban Public Transport,79.0,42.16,6941.4,6941.4
P-702625,2025-07,Urban Public Transport,80.0,43.0,6941.4,6941.4
P-702625,2025-08,Urban Public Transport,81.0,43.0,6941.4,6941.4
P-702625,2025-09,Urban Public Transport,82.0,45.0,6941.4,6941.4
P-702625,2025-10,Urban Public Transport,83.0,47.0,6941.4,6941.4
P-702625,2025-11,Urban Public Transport,84.0,49.0,6941.4,6941.4
P-702625,2025-12,Urban Public Transport,85.0,51.0,6941.4,6941.4
P-702625,2026-01,Urban Public Transport,86.0,53.0,6941.4,6941.4
P-702626,2025-01,Urban Public Transport,,49.85,7500.8,7500.8
P-702626,2025-02,Urban Public Transport,75.0,50.52,7500.8,7500.8
P-702626,2025-03,Urban Public Transport,,51.3,7500.8,7500.8
P-702626,2025-04,Urban Public Transport,77.0,52.18,7500.8,7500.8
P-702626,2025-05,Urban Public Transport,78.0,52.99,7500.8,7500.8
P-702626,2025-06,Urban Public Transport,79.0,53.54,7500.8,7500.8
P-702626,2025-07,Urban Public Transport,80.0,54.0,7500.8,7500.8
P-702626,2025-08,Urban Public Transport,81.0,55.0,7500.8,7500.8
P-702626,2025-09,Urban Public Transport,82.0,56.0,7500.8,7500.8
P-702626,2025-10,Urban Public Transport,83.0,57.0,7500.8,7500.8
P-702626,2025-11,Urban Public Transport,84.0,58.0,7500.8,7500.8
P-702626,2025-12,Urban Public Transport,85.0,58.0,7500.8,7500.8
P-702626,2026-01,Urban Public Transport,86.0,60.0,7500.8,7500.8
P-702627,2025-01,Urban Public Transport,71.0,42.0,13365.77,13925.5
P-702627,2025-02,Urban Public Transport,72.0,42.64,13365.77,13925.5
P-702627,2025-03,Urban Public Transport,73.0,43.28,13365.77,13925.5
P-702627,2025-08,Urban Public Transport,78.0,40.07,13365.77,13365.8
P-702627,2025-09,Urban Public Transport,79.0,46.0,13365.77,13365.8
P-702627,2025-10,Urban Public Transport,80.0,46.0,13365.77,13365.8
P-702627,2025-11,Urban Public Transport,81.0,48.0,13365.77,13365.8
P-702627,2025-12,Urban Public Transport,82.0,48.0,13365.77,13365.8
P-702627,2026-01,Urban Public Transport,83.0,48.0,13365.77,13365.8
P-702628,2025-01,Urban Public Transport,,70.5,11076.48,11076.48
P-702628,2025-02,Urban Public Transport,69.0,71.5,11076.48,11076.48
P-702628,2025-03,Urban Public Transport,,71.8,11076.48,11076.48
P-702628,2025-04,Urban Public Transport,71.0,72.0,11076.48,11076.48
P-702628,2025-05,Urban Public Transport,72.0,72.5,11076.48,11076.48
P-702628,2025-06,Urban Public Transport,73.0,72.6,11076.48,11076.48
P-702628,2025-07,Urban Public Transport,68.0,73.0,11076.48,11076.5
P-702628,2025-08,Urban Public Transport,75.0,73.0,11076.48,11076.5
P-702628,2025-09,Urban Public Transport,76.0,74.0,11076.48,11076.5
P-702628,2025-10,Urban Public Transport,77.0,76.0,11076.48,11076.5
P-702628,2025-11,Urban Public Transport,78.0,76.0,11076.48,11076.5
P-702628,2025-12,Urban Public Transport,79.0,76.0,11076.48,11076.5
P-702628,2026-01,Urban Public Transport,80.0,79.0,11076.48,11076.5
P-702629,2025-01,Urban Public Transport,,50.5,8379.62,8379.62
P-702629,2025-02,Urban Public Transport,69.0,51.5,8379.62,8379.62
P-702629,2025-03,Urban Public Transport,,52.0,8379.62,8379.62
P-702629,2025-04,Urban Public Transport,71.0,53.4,8379.62,8379.62
P-702629,2025-05,Urban Public Transport,72.0,54.0,8379.62,8379.62
P-702629,2025-06,Urban Public Transport,73.0,54.7,8379.62,8379.62
P-702629,2025-07,Urban Public Transport,55.0,57.0,8379.62,8379.62
P-702629,2025-08,Urban Public Transport,75.0,62.0,8379.62,8379.62
P-702629,2025-09,Urban Public Transport,76.0,63.0,8379.62,8379.62
P-702629,2025-10,Urban Public Transport,77.0,63.0,8379.62,8379.62
P-702629,2025-11,Urban Public Transport,78.0,64.0,8379.62,8379.62
P-702629,2025-12,Urban Public Transport,79.0,65.0,8379.62,8379.62
P-702629,2026-01,Urban Public Transport,80.0,67.0,8379.62,8379.62
P-702630,2025-04,Urban Public Transport,73.0,64.3,12020.32,12020.32
P-702630,2025-05,Urban Public Transport,74.0,66.05,12020.32,12020.32
P-702630,2025-06,Urban Public Transport,75.0,67.49,12020.32,12020.32
P-702630,2025-07,Urban Public Transport,75.0,68.0,12020.32,12020.3
P-702630,2025-08,Urban Public Transport,77.0,70.0,12020.32,12020.3
P-702630,2025-09,Urban Public Transport,78.0,71.0,12020.32,12020.3
P-702630,2025-10,Urban Public Transport,79.0,72.0,12020.32,12020.3
P-702630,2025-11,Urban Public Transport,80.0,73.0,12020.32,12020.3
P-702630,2025-12,Urban Public Transport,81.0,75.0,12020.32,12020.3
P-702630,2026-01,Urban Public Transport,82.0,76.0,12020.32,12020.3
P-702631,2025-01,Urban Public Transport,70.0,79.74,5384.17,5384.17
P-702631,2025-02,Urban Public Transport,71.0,81.24,5384.17,5384.17
P-702631,2025-03,Urban Public Transport,72.0,84.26,5384.17,5384.17
P-702631,2025-04,Urban Public Transport,73.0,85.1,5384.17,5384.17
P-702631,2025-05,Urban Public Transport,74.0,85.77,5384.17,5384.17
P-702631,2025-06,Urban Public Transport,75.0,87.68,5384.17,5384.17
P-702631,2025-07,Urban Public Transport,76.0,87.0,5384.17,5384.17
P-702631,2025-08,Urban Public Transport,77.0,88.0,5384.17,5384.17
P-702631,2025-09,Urban Public Transport,78.0,89.0,5384.17,5384.17
P-702631,2025-10,Urban Public Transport,79.0,91.0,5384.17,5384.17
P-702631,2025-11,Urban Public Transport,80.0,93.0,5384.17,5384.17
P-702632,2025-01,Urban Public Transport,66.0,60.52,24948.65,24948.65
P-702632,2025-02,Urban Public Transport,67.0,62.01,24948.65,24948.65
P-702632,2025-03,Urban Public Transport,68.0,63.28,24948.65,24948.65
P-702632,2025-04,Urban Public Transport,69.0,64.58,24948.65,24948.65
P-702632,2025-05,Urban Public Transport,70.0,65.67,24948.65,24948.65
P-702632,2025-06,Urban Public Transport,71.0,67.19,24948.65,24948.65
P-702632,2025-07,Urban Public Transport,72.0,68.0,24948.65,24948.7
P-702632,2025-08,Urban Public Transport,73.0,69.0,24948.65,24948.7
P-702632,2025-09,Urban Public Transport,74.0,70.0,24948.65,24948.7
P-702632,2025-10,Urban Public Transport,75.0,71.0,24948.65,24948.7
P-702632,2025-11,Urban Public Transport,76.0,73.0,24948.65,24948.7
P-702632,2025-12,Urban Public Transport,77.0,74.0,24948.65,24948.7
P-702632,2026-01,Urban Public Transport,78.0,75.0,24948.65,24948.7
P-702633,2025-01,Urban Public Transport,70.0,82.5,30274.0,30274.0
P-702633,2025-02,Urban Public Transport,71.0,83.4,30274.0,30274.0
P-702633,2025-03,Urban Public Transport,72.0,85.0,30274.0,30274.0
P-702633,2025-04,Urban Public Transport,73.0,85.5,30274.0,30274.0
P-702633,2025-10,Urban Public Transport,79.0,95.0,30274.0,30274.0
P-702633,2025-11,Urban Public Transport,80.0,96.0,30274.0,30274.0
P-702635,2025-01,Urban Public Transport,131.0,89.0,26405.14,26405.14
P-702635,2025-02,Urban Public Transport,132.0,89.0,26405.14,26405.14
P-702635,2025-03,Urban Public Transport,133.0,89.0,26405.14,26405.14
P-702635,2025-08,Urban Public Transport,138.0,94.0,26405.14,30695.1
P-702635,2025-09,Urban Public Transport,139.0,94.0,26405.14,30695.1
P-702635,2025-10,Urban Public Transport,140.0,94.0,26405.14,30695.1
P-702635,2025-11,Urban Public Transport,141.0,95.0,26405.14,30695.1
P-702635,2025-12,Urban Public Transport,142.0,95.0,26405.14,30695.1
P-702635,2026-01,Urban Public Transport,143.0,95.0,26405.14,30695.1
P-702637,2025-01,Urban Public Transport,138.0,87.2,23136.0,37276.0
P-702637,2025-02,Urban Public Transport,139.0,87.2,23136.0,37276.0
P-702637,2025-03,Urban Public Transport,140.0,94.77,23136.0,37276.0
P-702637,2025-08,Urban Public Transport,145.0,91.9,23136.0,37276.0
P-702637,2025-09,Urban Public Transport,146.0,96.0,23136.0,37276.0
P-702637,2025-10,Urban Public Transport,147.0,96.0,23136.0,37276.0
P-702637,2025-11,Urban Public Transport,148.0,96.0,23136.0,37276.0
P-702637,2025-12,Urban Public Transport,149.0,97.0,23136.0,37276.0
P-702637,2026-01,Urban Public Transport,150.0,97.0,23136.0,37276.0
P-702639,2025-01,Urban Public Transport,122.0,99.85,10773.0,12924.55
P-702639,2025-02,Urban Public Transport,123.0,99.87,10773.0,12924.55
P-702639,2025-03,Urban Public Transport,124.0,99.88,10773.0,12924.55
P-702639,2025-04,Urban Public Transport,125.0,99.88,10773.0,12924.55
P-702639,2025-05,Urban Public Transport,126.0,99.89,10773.0,12924.55
P-702639,2025-06,Urban Public Transport,127.0,99.9,10773.0,12924.55
P-702639,2025-07,Urban Public Transport,88.0,99.34,10773.0,12924.5
P-702639,2025-08,Urban Public Transport,129.0,99.0,10773.0,12924.5
P-702639,2025-09,Urban Public Transport,130.0,99.0,10773.0,12924.5
P-702639,2025-10,Urban Public Transport,131.0,99.0,10773.0,12924.5
P-702639,2025-11,Urban Public Transport,132.0,99.0,10773.0,12924.5
P-702639,2025-12,Urban Public Transport,133.0,99.0,10773.0,12924.5
P-702639,2026-01,Urban Public Transport,134.0,99.0,10773.0,12924.5
P-702658,2025-01,Urban Public Transport,25.0,17.13,6708.0,6708.0
P-702658,2025-02,Urban Public Transport,26.0,18.36,6708.0,6708.0
P-702658,2025-03,Urban Public Transport,27.0,19.34,6708.0,6708.0
P-702658,2025-04,Urban Public Transport,28.0,21.6,6708.0,6708.0
P-702658,2025-05,Urban Public Transport,29.0,22.68,6708.0,6708.0
P-702658,2025-06,Urban Public Transport,30.0,23.82,6708.0,6708.0
P-702658,2025-07,Urban Public Transport,31.0,24.0,6708.0,6708.0
P-702658,2025-08,Urban Public Transport,32.0,25.0,6708.0,6708.0
P-702658,2025-09,Urban Public Transport,33.0,27.0,6708.0,6708.0
P-702658,2025-10,Urban Public Transport,34.0,28.0,6708.0,6708.0
P-702658,2025-11,Urban Public Transport,35.0,30.0,6708.0,6708.0
P-702658,2025-12,Urban Public Transport,36.0,31.0,6708.0,6708.0
P-702658,2026-01,Urban Public Transport,37.0,33.0,6708.0,6708.0
P-702664,2025-01,Urban Public Transport,78.0,,1957.05,1957.05
P-702664,2025-02,Urban Public Transport,79.0,,1957.05,1957.05
P-702664,2025-03,Urban Public Transport,80.0,,1957.05,1957.05
P-702664,2025-04,Urban Public Transport,81.0,7.4,1957.05,1957.05
P-702664,2025-05,Urban Public Transport,82.0,7.4,1957.05,1957.05
P-702664,2025-06,Urban Public Transport,83.0,7.4,1957.05,1957.05
P-702664,2025-07,Urban Public Transport,32.0,10.0,1957.05,1957.05
P-702664,2025-08,Urban Public Transport,33.0,12.0,1957.05,1957.05
P-702664,2025-09,Urban Public Transport,34.0,14.0,1957.05,1957.05
P-702664,2025-10,Urban Public Transport,35.0,19.0,1957.05,1957.05
P-702664,2025-11,Urban Public Transport,36.0,21.0,1957.05,1957.05
P-702664,2025-12,Urban Public Transport,37.0,24.0,1957.05,1957.05
P-702664,2026-01,Urban Public Transport,38.0,27.0,1957.05,1957.05
P-702665,2025-01,Urban Public Transport,43.0,30.0,14788.1,14788.1
P-702665,2025-02,Urban Public Transport,44.0,30.0,14788.1,14788.1
P-702665,2025-03,Urban Public Transport,45.0,30.0,14788.1,14788.1
P-702665,2025-04,Urban Public Transport,46.0,30.0,14788.1,14788.1
P-702665,2025-05,Urban Public Transport,47.0,,14788.1,14788.1
P-702665,2025-06,Urban Public Transport,48.0,,14788.1,14788.1
P-702665,2025-07,Urban Public Transport,78.0,53.0,14788.1,14788.1
P-702665,2025-08,Urban Public Transport,50.0,53.0,14788.1,14788.1
P-702665,2025-09,Urban Public Transport,51.0,56.0,14788.1,14788.1
P-702665,2025-10,Urban Public Transport,52.0,57.0,14788.1,14788.1
P-702665,2025-11,Urban Public Transport,53.0,59.0,14788.1,14788.1
P-702665,2025-12,Urban Public Transport,54.0,60.0,14788.1,14788.1
P-702665,2026-01,Urban Public Transport,55.0,61.0,14788.1,14788.1
P-702668,2025-07,Urban Public Transport,56.0,0.0,63246.0,63246.0
P-702668,2025-08,Urban Public Transport,10.0,45.0,63246.0,63246.0
P-702668,2025-09,Urban Public Transport,11.0,46.0,63246.0,63246.0
P-702668,2025-10,Urban Public Transport,12.0,47.0,63246.0,63246.0
P-702668,2025-11,Urban Public Transport,13.0,47.0,63246.0,63246.0
P-702668,2025-12,Urban Public Transport,14.0,48.0,63246.0,63246.0
P-702668,2026-01,Urban Public Transport,15.0,48.0,63246.0,63246.0
P-702674,2025-08,Urban Public Transport,85.0,82.0,172.22,172.22
P-702674,2025-09,Urban Public Transport,86.0,82.0,172.22,172.22
P-702674,2025-10,Urban Public Transport,104.0,82.0,172.22,172.22
P-702674,2025-11,Urban Public Transport,105.0,82.0,172.22,172.22
P-702674,2025-12,Urban Public Transport,106.0,82.0,172.22,172.22
P-702674,2026-01,Urban Public Transport,107.0,82.0,172.22,172.22
P-702699,2025-10,Urban Public Transport,107.0,83.0,158.78,158.78
P-702699,2025-11,Urban Public Transport,108.0,83.0,158.78,158.78
P-702699,2025-12,Urban Public Transport,109.0,83.0,158.78,158.78
P-702699,2026-01,Urban Public Transport,110.0,84.0,158.78,158.78
P-702734,2025-08,Urban Public Transport,93.0,88.0,278.01,278.01
P-702734,2025-09,Urban Public Transport,94.0,88.0,278.01,278.01
P-702734,2025-10,Urban Public Transport,103.0,88.0,278.01,278.01
P-702734,2025-11,Urban Public Transport,104.0,88.0,278.01,278.01
P-702734,2025-12,Urban Public Transport,105.0,88.0,278.01,278.01
P-702734,2026-01,Urban Public Transport,106.0,88.0,278.01,278.01
P-702735,2025-08,Urban Public Transport,82.0,91.0,213.19,213.19
P-702735,2025-09,Urban Public Transport,83.0,91.0,213.19,213.19
P-702735,2025-10,Urban Public Transport,103.0,91.0,213.19,213.19
P-702735,2025-11,Urban Public Transport,104.0,91.0,213.19,213.19
P-702735,2025-12,Urban Public Transport,105.0,91.0,213.19,213.19
P-702741,2025-08,Urban Public Transport,80.0,72.0,216.55,216.55
P-702741,2025-09,Urban Public Transport,81.0,72.0,216.55,216.55
P-702741,2025-10,Urban Public Transport,104.0,72.0,216.55,216.55
P-702741,2025-11,Urban Public Transport,105.0,74.0,216.55,216.55
P-702741,2025-12,Urban Public Transport,106.0,74.0,216.55,216.55
P-702741,2026-01,Urban Public Transport,107.0,74.0,216.55,216.55
P-702742,2025-08,Urban Public Transport,80.0,65.0,159.31,159.31
P-702742,2025-09,Urban Public Transport,81.0,65.0,159.31,159.31
P-702742,2025-10,Urban Public Transport,104.0,65.0,159.31,159.31
P-702742,2025-11,Urban Public Transport,105.0,66.0,159.31,159.31
P-702742,2025-12,Urban Public Transport,106.0,66.0,159.31,159.31
P-702742,2026-01,Urban Public Transport,107.0,66.0,159.31,159.31
P-702746,2025-08,Urban Public Transport,80.0,78.0,278.28,278.28
P-702746,2025-09,Urban Public Transport,81.0,78.0,278.28,278.28
P-702746,2025-10,Urban Public Transport,104.0,78.0,278.28,278.28
P-702746,2025-11,Urban Public Transport,105.0,79.0,278.28,278.28
P-702746,2025-12,Urban Public Transport,106.0,79.0,278.28,278.28
P-702746,2026-01,Urban Public Transport,107.0,79.0,278.28,278.28
P-702760,2025-08,Urban Public Transport,106.0,80.0,162.73,162.73
P-702760,2025-09,Urban Public Transport,107.0,80.0,162.73,162.73
P-702760,2025-10,Urban Public Transport,118.0,80.0,162.73,162.73
P-702760,2025-11,Urban Public Transport,119.0,80.0,162.73,162.73
P-702760,2025-12,Urban Public Transport,120.0,80.0,162.73,162.73
P-702760,2026-01,Urban Public Transport,121.0,80.0,162.73,162.73
P-702764,2025-08,Urban Public Transport,91.0,65.0,174.96,174.96
P-702764,2025-09,Urban Public Transport,92.0,65.0,174.96,174.96
P-702764,2025-10,Urban Public Transport,107.0,65.0,174.96,174.96
P-702764,2025-11,Urban Public Transport,108.0,65.0,174.96,174.96
P-702764,2025-12,Urban Public Transport,109.0,65.0,174.96,174.96
P-702793,2025-08,Urban Public Transport,93.0,99.0,287.17,287.17
P-702793,2025-09,Urban Public Transport,94.0,99.0,287.17,287.17
P-702793,2025-10,Urban Public Transport,106.0,99.0,287.17,287.17
P-702793,2025-11,Urban Public Transport,107.0,99.0,287.17,287.17
P-702793,2025-12,Urban Public Transport,108.0,99.0,287.17,287.17
P-702793,2026-01,Urban Public Transport,109.0,99.0,287.17,287.17
P-702798,2025-08,Urban Public Transport,92.0,93.0,362.31,362.31
P-702798,2025-09,Urban Public Transport,93.0,93.0,362.31,362.31
P-702798,2025-10,Urban Public Transport,84.0,93.0,362.31,362.31
P-702798,2025-11,Urban Public Transport,85.0,93.0,362.31,362.31
P-702798,2025-12,Urban Public Transport,86.0,96.0,362.31,362.31
P-702808,2025-08,Urban Public Transport,104.0,86.0,191.56,191.56
P-702808,2025-09,Urban Public Transport,105.0,86.0,191.56,191.56
P-702808,2025-10,Urban Public Transport,119.0,86.0,191.56,191.56
P-702808,2025-11,Urban Public Transport,120.0,86.0,191.56,215.89
P-702808,2025-12,Urban Public Transport,121.0,88.0,191.56,215.89
P-702808,2026-01,Urban Public Transport,122.0,90.0,191.56,215.89
P-702810,2025-08,Urban Public Transport,93.0,90.0,402.01,402.01
P-702810,2025-09,Urban Public Transport,94.0,90.0,402.01,402.01
P-702810,2025-10,Urban Public Transport,113.0,90.0,402.01,402.01
P-702810,2025-11,Urban Public Transport,114.0,90.0,402.01,402.01
P-702810,2025-12,Urban Public Transport,115.0,90.0,402.01,402.01
P-702810,2026-01,Urban Public Transport,116.0,90.0,402.01,438.1
P-702833,2025-08,Urban Public Transport,71.0,70.0,194.2,194.2
P-702833,2025-09,Urban Public Transport,72.0,70.0,194.2,194.2
P-702833,2025-10,Urban Public Transport,111.0,70.0,194.2,194.2
P-702833,2025-11,Urban Public Transport,112.0,70.0,194.2,194.2
P-702833,2025-12,Urban Public Transport,113.0,75.0,194.2,194.2
P-702833,2026-01,Urban Public Transport,114.0,75.0,194.2,194.2
P-702840,2025-08,Urban Public Transport,84.0,99.0,204.55,204.55
P-702840,2025-09,Urban Public Transport,85.0,99.0,204.55,204.55
P-702840,2025-10,Urban Public Transport,107.0,99.0,204.55,204.55
P-702840,2025-11,Urban Public Transport,108.0,99.0,204.55,204.55
P-702840,2025-12,Urban Public Transport,109.0,99.0,204.55,204.55
P-702840,2026-01,Urban Public Transport,110.0,99.0,204.55,204.55
P-702851,2025-08,Urban Public Transport,97.0,92.0,235.95,235.95
P-702851,2025-09,Urban Public Transport,98.0,92.0,235.95,235.95
P-702851,2025-10,Urban Public Transport,103.0,92.0,235.95,235.95
P-702851,2025-11,Urban Public Transport,104.0,92.0,235.95,235.95
P-702851,2025-12,Urban Public Transport,105.0,95.0,235.95,235.95
P-702851,2026-01,Urban Public Transport,106.0,95.0,235.95,235.95
P-702854,2025-08,Urban Public Transport,88.0,91.0,180.24,180.24
P-702854,2025-09,Urban Public Transport,89.0,91.0,180.24,180.24
P-702854,2025-10,Urban Public Transport,103.0,91.0,180.24,180.24
P-702854,2025-11,Urban Public Transport,104.0,91.0,180.24,180.24
P-702854,2025-12,Urban Public Transport,105.0,91.0,180.24,180.24
P-702854,2026-01,Urban Public Transport,106.0,98.0,180.24,180.24
P-702948,2025-08,Urban Public Transport,72.0,87.0,235.73,235.73
P-702948,2025-09,Urban Public Transport,73.0,87.0,235.73,235.73
P-702948,2025-10,Urban Public Transport,103.0,87.0,235.73,235.73
P-702949,2025-08,Urban Public Transport,74.0,100.0,561.74,561.74
P-702949,2025-09,Urban Public Transport,75.0,91.0,561.74,561.74
P-702949,2025-10,Urban Public Transport,103.0,91.0,561.74,561.74
P-702949,2025-11,Urban Public Transport,104.0,93.0,561.74,561.74
P-702949,2025-12,Urban Public Transport,105.0,93.0,561.74,561.74
P-702949,2026-01,Urban Public Transport,106.0,93.0,561.74,561.74
P-703021,2025-08,Urban Public Transport,60.0,58.0,258.53,258.53
P-703021,2025-09,Urban Public Transport,61.0,58.0,258.53,258.53
P-703021,2025-10,Urban Public Transport,107.0,58.0,258.53,258.53
P-703021,2025-11,Urban Public Transport,108.0,58.0,258.53,258.53
P-703021,2025-12,Urban Public Transport,109.0,58.0,258.53,258.53
P-703021,2026-01,Urban Public Transport,110.0,58.0,258.53,266.64
P-703057,2025-08,Urban Public Transport,60.0,74.0,287.0,287.0
P-703057,2025-09,Urban Public Transport,61.0,74.0,287.0,287.0
P-703057,2025-10,Urban Public Transport,107.0,74.0,287.0,287.0
P-703057,2025-11,Urban Public Transport,108.0,99.0,287.0,287.0
P-703057,2025-12,Urban Public Transport,109.0,99.0,287.0,287.0
P-703057,2026-01,Urban Public Transport,110.0,99.0,287.0,287.0
P-703585,2025-01,Railways,69.0,,169.65,169.65
P-703585,2025-02,Railways,70.0,,169.65,169.65
P-703585,2025-03,Railways,71.0,,169.65,169.65
P-703585,2025-10,Railways,78.0,53.0,314.1,683.57
P-703585,2025-11,Railways,79.0,53.0,314.1,683.57
P-703585,2025-12,Railways,80.0,55.0,314.1,683.57
P-703585,2026-01,Railways,81.0,55.0,314.1,683.57
P-703586,2025-01,Railways,,,375.67,375.67
P-703586,2025-02,Railways,70.0,,375.67,375.67
P-703586,2025-03,Railways,71.0,,375.67,375.67
P-703586,2025-08,Railways,76.0,97.0,499.0,499.0
P-703586,2025-09,Railways,77.0,86.0,498.7,748.7
P-703586,2025-10,Railways,78.0,86.0,498.7,748.7
P-703586,2025-11,Railways,79.0,86.0,498.7,748.7
P-703586,2025-12,Railways,80.0,86.0,498.7,748.7
P-703586,2026-01,Railways,81.0,87.0,498.7,748.7
P-704495,2025-07,Telecommunication,52.0,96.0,421.65,228.94
P-704495,2025-08,Telecommunication,53.0,96.0,421.65,228.94
P-704495,2025-09,Telecommunication,54.0,96.0,421.65,228.94
P-704495,2025-10,Telecommunication,55.0,96.0,421.65,228.94
P-704495,2025-11,Telecommunication,56.0,97.0,421.65,228.94
P-704495,2025-12,Telecommunication,57.0,97.0,421.65,228.94
P-704495,2026-01,Telecommunication,58.0,99.0,421.65,228.94
P-705237,2025-01,Railways,206.0,83.0,16592.0,51101.0
P-705237,2025-02,Railways,207.0,83.0,16592.0,51101.0
P-705237,2025-03,Railways,208.0,83.0,16592.0,51101.0
P-705237,2025-08,Railways,210.0,96.0,51101.0,124005.0
P-705237,2025-09,Railways,211.0,96.0,51101.0,124005.0
P-705237,2025-10,Railways,212.0,96.0,51101.0,124005.0
P-705237,2025-11,Railways,213.0,96.0,51101.0,124005.0
P-705237,2025-12,Railways,214.0,96.0,51101.0,124005.0
P-705237,2026-01,Railways,215.0,96.0,51101.0,124005.0
P-705244,2025-07,Railways,84.0,0.0,520.0,520.0
P-705244,2025-08,Railways,85.0,0.0,520.0,520.0
P-705244,2025-09,Railways,93.0,0.0,520.0,520.0
P-705244,2025-10,Railways,94.0,0.0,520.0,520.0
P-705244,2025-11,Railways,95.0,0.0,520.0,520.0
P-705244,2025-12,Railways,96.0,0.0,520.0,520.0
P-705244,2026-01,Railways,97.0,0.0,520.0,520.0
P-705252,2025-08,Railways,97.0,0.0,385.0,385.0
P-705252,2025-09,Railways,96.0,0.0,385.0,385.0
P-705252,2025-10,Railways,97.0,0.0,385.0,385.0
P-705252,2025-11,Railways,98.0,0.0,385.0,385.0
P-705252,2025-12,Railways,99.0,0.0,385.0,385.0
P-705252,2026-01,Railways,100.0,0.0,385.0,385.0
P-705253,2025-08,Railways,133.0,0.0,563.0,563.0
P-705253,2025-09,Railways,112.0,0.0,563.0,563.0
P-705253,2025-10,Railways,113.0,0.0,563.0,563.0
P-705253,2025-11,Railways,114.0,0.0,563.0,563.0
P-705253,2025-12,Railways,115.0,0.0,563.0,563.0
P-705298,2025-07,Railways,27.0,0.0,274.39,274.39
P-705298,2025-08,Railways,28.0,0.0,274.39,274.39
P-705298,2025-09,Railways,63.0,0.0,274.39,274.39
P-705298,2025-10,Railways,64.0,0.0,274.39,274.39
P-705298,2025-11,Railways,65.0,0.0,274.39,274.39
P-705298,2025-12,Railways,66.0,48.0,274.39,274.39
P-705298,2026-01,Railways,67.0,48.0,274.39,274.39
P-705300,2025-07,Railways,27.0,0.0,227.59,227.59
P-705300,2025-08,Railways,28.0,0.0,227.59,227.59
P-705356,2025-07,Railways,273.0,92.0,2539.0,4957.0
P-705356,2025-08,Railways,319.0,98.0,2538.67,4957.27
P-705356,2025-09,Railways,320.0,98.0,2538.67,4957.27
P-705356,2025-10,Railways,321.0,98.0,2538.67,4957.27
P-705356,2025-11,Railways,322.0,98.0,2538.67,4957.27
P-705356,2025-12,Railways,323.0,98.0,2538.67,4957.27
P-705356,2026-01,Railways,324.0,98.0,2538.67,4957.27
P-705357,2025-04,Railways,314.0,50.0,736.44,1843.9
P-705357,2025-05,Railways,315.0,50.0,736.44,1843.9
P-705357,2025-06,Railways,316.0,50.0,736.44,1843.9
P-705357,2025-07,Railways,316.0,50.0,736.0,1844.0
P-705357,2025-08,Railways,113.0,51.0,138.48,1843.9
P-705357,2025-09,Railways,114.0,51.0,138.48,1843.9
P-705357,2025-10,Railways,115.0,51.0,138.48,1843.9
P-705357,2025-11,Railways,116.0,51.0,138.48,1843.9
P-705357,2025-12,Railways,117.0,51.0,138.48,1843.9
P-705357,2026-01,Railways,118.0,60.0,138.48,1843.9
P-705358,2025-07,Railways,292.0,89.0,3792.0,5089.0
P-705358,2025-08,Railways,377.0,89.0,3792.0,5089.0
P-705358,2025-09,Railways,378.0,89.0,3792.0,5089.0
P-705358,2025-10,Railways,379.0,89.0,3792.0,5089.0
P-705358,2025-11,Railways,380.0,89.0,3792.0,5089.0
P-705358,2025-12,Railways,381.0,90.0,3792.0,5089.0
P-705358,2026-01,Railways,382.0,90.0,3792.0,5089.0
P-705359,2025-07,Railways,247.0,47.0,1928.0,1928.0
P-705359,2025-08,Railways,257.0,48.0,1928.0,1928.0
P-705359,2025-09,Railways,258.0,48.0,1928.0,1928.0
P-705359,2025-10,Railways,259.0,48.0,1928.0,1928.0
P-705359,2025-11,Railways,260.0,49.0,1928.0,1928.0
P-705359,2025-12,Railways,261.0,50.0,1928.0,1928.0
P-705359,2026-01,Railways,262.0,51.0,1928.0,1928.0
P-705362,2025-01,Railways,189.0,78.0,548.0,783.83
P-705362,2025-02,Railways,190.0,78.0,548.0,783.83
P-705362,2025-03,Railways,191.0,75.0,548.0,783.83
P-705362,2025-04,Railways,192.0,75.0,819.0,783.83
P-705362,2025-05,Railways,193.0,75.0,819.0,783.83
P-705362,2025-06,Railways,194.0,75.0,819.0,783.83
P-705362,2025-07,Railways,172.0,75.0,819.0,819.0
P-705362,2025-08,Railways,120.0,75.0,819.0,819.0
P-705362,2025-09,Railways,121.0,75.0,819.0,819.0
P-705362,2025-10,Railways,122.0,75.0,819.0,819.0
P-705362,2025-11,Railways,123.0,75.0,819.0,819.0
P-705362,2025-12,Railways,124.0,75.0,819.0,819.0
P-705362,2026-01,Railways,125.0,75.0,819.0,819.0
P-705364,2025-07,Railways,319.0,55.0,614.0,1384.0
P-705364,2025-08,Railways,76.0,55.0,614.0,1384.0
P-705364,2025-09,Railways,77.0,55.0,614.0,1384.0
P-705364,2025-10,Railways,78.0,55.0,614.0,1384.0
P-705364,2025-11,Railways,79.0,55.0,614.0,1384.16
P-705364,2025-12,Railways,80.0,55.0,614.0,1384.16
P-705364,2026-01,Railways,81.0,55.0,614.0,1384.16
P-705366,2025-07,Railways,249.0,74.0,2067.0,2087.0
P-705366,2025-08,Railways,214.0,74.0,2067.0,2087.0
P-705366,2025-09,Railways,215.0,74.0,2067.0,2087.0
P-705366,2025-10,Railways,216.0,74.0,2067.0,2087.0
P-705366,2025-11,Railways,217.0,74.0,2067.0,2087.0
P-705366,2025-12,Railways,218.0,74.0,2067.0,2087.0
P-705366,2026-01,Railways,219.0,74.0,2067.0,2087.0
P-705368,2025-01,Railways,,31.0,1605.17,1605.17
P-705368,2025-02,Railways,202.0,31.0,1605.17,1605.17
P-705368,2025-03,Railways,,32.0,1605.17,1605.17
P-705368,2025-08,Railways,86.0,35.0,1605.0,2514.0
P-705368,2025-09,Railways,87.0,35.0,1605.0,2514.0
P-705368,2025-10,Railways,88.0,35.0,1605.0,2514.0
P-705368,2025-11,Railways,89.0,40.0,1605.0,2514.0
P-705368,2025-12,Railways,90.0,42.0,1605.0,2514.0
P-705368,2026-01,Railways,91.0,45.0,1605.0,2514.0
P-705373,2025-01,Railways,405.0,90.0,329.39,2722.16
P-705373,2025-02,Railways,406.0,90.0,329.39,2722.16
P-705373,2025-03,Railways,407.0,90.0,329.39,2722.16
P-705373,2025-08,Railways,276.0,94.0,1473.0,2882.0
P-705373,2025-09,Railways,277.0,94.0,1473.0,2882.0
P-705373,2025-10,Railways,278.0,94.0,1473.0,2882.0
P-705373,2025-11,Railways,279.0,95.0,1473.0,2882.0
P-705373,2025-12,Railways,280.0,95.0,1473.0,2882.0
P-705373,2026-01,Railways,281.0,97.0,1473.0,2882.0
P-705375,2025-07,Railways,280.0,92.0,1626.0,2020.0
P-705375,2025-08,Railways,249.0,95.0,1626.0,2020.0
P-705375,2025-09,Railways,250.0,95.0,1626.0,2020.0
P-705375,2025-10,Railways,251.0,93.0,1626.0,2486.62
P-705375,2025-11,Railways,252.0,94.0,1626.0,2486.62
P-705375,2025-12,Railways,253.0,94.0,1626.0,2486.62
P-705375,2026-01,Railways,254.0,95.0,1626.0,2486.62
P-705385,2025-01,Railways,,45.0,915.98,2610.84
P-705385,2025-02,Railways,142.0,45.0,915.98,2610.84
P-705385,2025-03,Railways,,45.0,915.98,2610.84
P-705385,2025-04,Railways,144.0,45.0,2555.03,2610.84
P-705385,2025-05,Railways,145.0,45.0,2555.03,2610.84
P-705385,2025-06,Railways,146.0,45.0,2555.03,2610.84
P-705385,2025-07,Railways,40.0,48.0,2555.0,2555.0
P-705385,2025-08,Railways,137.0,48.0,2555.0,2555.0
P-705385,2025-09,Railways,138.0,48.0,2555.0,2555.0
P-705385,2025-10,Railways,139.0,49.0,2555.0,2555.0
P-705385,2025-11,Railways,140.0,49.0,2555.0,2555.0
P-705385,2025-12,Railways,141.0,49.0,2555.0,2555.0
P-705385,2026-01,Railways,142.0,61.0,2555.0,2555.0
P-705391,2025-08,Railways,149.0,69.0,14323.0,21885.9
P-705391,2025-09,Railways,150.0,69.0,14323.0,21885.9
P-705391,2025-10,Railways,151.0,69.0,14323.0,21885.9
P-705391,2025-11,Railways,152.0,72.0,14323.0,21885.9
P-705391,2025-12,Railways,153.0,72.0,14323.0,21885.9
P-705391,2026-01,Railways,154.0,72.0,14323.0,21885.9
P-705392,2025-01,RAILWAYS,225.0,65.0,2326.52,6663.2
P-705392,2025-02,RAILWAYS,226.0,66.0,2326.52,6663.2
P-705392,2025-03,RAILWAYS,227.0,66.0,2326.52,6663.2
P-705392,2025-08,RAILWAYS,120.0,80.0,6663.0,6663.0
P-705392,2025-09,RAILWAYS,121.0,81.0,6663.0,6663.0
P-705392,2025-10,RAILWAYS,122.0,81.0,6663.0,6663.0
P-705392,2025-11,RAILWAYS,123.0,81.0,6663.0,6663.0
P-705392,2025-12,RAILWAYS,124.0,81.0,6663.0,6663.0
P-705392,2026-01,RAILWAYS,125.0,40.0,6663.0,6663.0
P-705401,2025-01,Railways,,41.0,414.84,1252.49
P-705401,2025-02,Railways,166.0,43.0,414.84,1252.49
P-705401,2025-03,Railways,,51.5,414.84,1252.49
P-705401,2025-10,Railways,176.0,61.0,435.0,1250.0
P-705401,2025-11,Railways,177.0,62.0,435.0,1250.0
P-705401,2025-12,Railways,178.0,65.0,435.0,1250.0
P-705401,2026-01,Railways,179.0,66.0,435.0,1250.0
P-705410,2025-07,Railways,482.0,74.0,2018.0,2018.0
P-705410,2025-08,Railways,509.0,45.0,2018.0,2018.0
P-705410,2025-09,Railways,510.0,45.0,2018.0,2018.0
P-705410,2025-10,Railways,511.0,45.0,2018.0,2018.0
P-705419,2025-01,Railways,165.0,,2912.96,3845.6
P-705419,2025-02,Railways,166.0,,2912.96,3845.6
P-705419,2025-03,Railways,167.0,,2912.96,3845.6
P-705419,2025-08,Railways,173.0,78.0,2913.0,2913.0
P-705419,2025-09,Railways,174.0,78.0,2913.0,2913.0
P-705419,2025-10,Railways,175.0,84.0,2913.0,2913.0
P-705419,2025-11,Railways,176.0,85.0,2913.0,2913.0
P-705419,2025-12,Railways,177.0,86.0,2913.0,2913.0
P-705419,2026-01,Railways,178.0,87.0,2913.0,2913.0
P-705424,2025-04,Railways,216.0,28.0,1540.13,1540.14
P-705424,2025-05,Railways,217.0,29.0,1540.13,1540.14
P-705424,2025-06,Railways,218.0,30.0,1540.13,1540.14
P-705424,2025-07,Railways,89.0,31.0,1540.0,1540.0
P-705424,2025-08,Railways,90.0,31.0,1540.0,1540.13
P-705424,2025-09,Railways,91.0,31.0,1540.0,1540.13
P-705424,2025-10,Railways,92.0,34.0,1540.0,1540.13
P-705424,2025-11,Railways,93.0,35.0,1540.0,1540.13
P-705424,2025-12,Railways,94.0,37.0,1540.0,1540.13
P-705424,2026-01,Railways,95.0,39.0,1540.0,1540.13
P-705428,2025-01,RAILWAYS,,,2966.99,6753.42
P-705428,2025-02,RAILWAYS,202.0,,2966.99,6753.42
P-705428,2025-03,RAILWAYS,,,2966.99,6753.42
P-705428,2025-08,RAILWAYS,197.0,60.0,13447.0,13447.0
P-705428,2025-09,RAILWAYS,198.0,60.0,13447.0,13447.0
P-705428,2025-10,RAILWAYS,199.0,61.0,13447.0,13447.0
P-705428,2025-11,RAILWAYS,200.0,61.0,13447.0,13447.0
P-705428,2025-12,RAILWAYS,201.0,61.0,13447.0,13447.0
P-705428,2026-01,RAILWAYS,202.0,61.0,13447.0,13447.0
P-705429,2025-01,RAILWAYS,,,16216.0,24659.0
P-705429,2025-02,RAILWAYS,166.0,,16216.0,24659.0
P-705429,2025-03,RAILWAYS,167.0,,16216.0,24659.0
P-705429,2025-08,RAILWAYS,105.0,65.0,38953.0,38953.0
P-705429,2025-09,RAILWAYS,106.0,65.0,38953.0,38953.0
P-705429,2025-10,RAILWAYS,107.0,65.0,38953.0,38953.0
P-705429,2025-11,RAILWAYS,108.0,65.0,38953.0,38953.0
P-705429,2025-12,RAILWAYS,109.0,72.0,38953.0,38953.0
P-705429,2026-01,RAILWAYS,110.0,72.0,38953.0,38953.0
P-705432,2025-01,RAILWAYS,,70.0,1339.48,12132.95
P-705432,2025-02,RAILWAYS,,72.5,1339.48,11972.96
P-705432,2025-03,RAILWAYS,,73.5,1339.48,11963.43
P-705432,2025-04,RAILWAYS,204.0,76.5,7876.92,11963.43
P-705432,2025-05,RAILWAYS,205.0,80.0,7876.92,11963.43
P-705432,2025-06,RAILWAYS,206.0,79.5,7876.92,11963.43
P-705432,2025-07,RAILWAYS,182.0,80.0,7877.0,12133.0
P-705432,2025-08,RAILWAYS,190.0,84.0,7877.0,12133.0
P-705432,2025-09,RAILWAYS,191.0,84.0,7877.0,12133.0
P-705432,2025-10,RAILWAYS,192.0,84.0,7877.0,12133.0
P-705432,2025-11,RAILWAYS,193.0,89.0,7877.0,11775.0
P-705432,2025-12,RAILWAYS,194.0,90.0,7877.0,11775.0
P-705432,2026-01,RAILWAYS,195.0,90.0,7877.0,11775.0
P-705433,2025-07,Railways,187.0,82.0,1628.0,1628.0
P-705433,2025-08,Railways,193.0,82.0,1628.0,1628.0
P-705433,2025-09,Railways,194.0,82.0,1628.0,1628.0
P-705433,2025-10,Railways,195.0,82.0,1628.0,1628.0
P-705433,2025-11,Railways,196.0,82.0,1628.0,1628.0
P-705433,2025-12,Railways,197.0,82.0,1628.0,1628.0
P-705433,2026-01,Railways,198.0,82.0,1628.0,1628.0
P-705434,2025-07,Railways,194.0,66.0,2565.0,3034.98
P-705434,2025-08,Railways,209.0,66.0,2565.0,3034.98
P-705434,2025-09,Railways,210.0,66.0,2565.0,3034.98
P-705434,2025-10,Railways,211.0,66.0,2565.0,3034.98
P-705434,2025-11,Railways,212.0,66.0,2565.0,3034.98
P-705434,2025-12,Railways,213.0,66.0,2565.0,3034.98
P-705434,2026-01,Railways,214.0,66.0,2565.0,3034.98
P-705436,2025-07,Railways,142.0,29.0,2501.0,2501.0
P-705436,2025-08,Railways,197.0,29.0,2501.0,2501.0
P-705436,2025-09,Railways,198.0,29.0,2501.0,2501.0
P-705436,2025-10,Railways,199.0,29.0,2501.0,2501.0
P-705436,2025-11,Railways,200.0,29.0,2501.0,2501.0
P-705436,2025-12,Railways,201.0,29.0,2501.0,2501.0
P-705436,2026-01,Railways,202.0,29.0,2501.0,2501.0
P-705437,2025-01,RAILWAYS,225.0,,1160.48,3014.0
P-705437,2025-02,RAILWAYS,226.0,,1160.48,3014.0
P-705437,2025-03,RAILWAYS,227.0,,1160.48,3014.0
P-705437,2025-08,RAILWAYS,109.0,71.0,1160.0,2781.0
P-705437,2025-09,RAILWAYS,110.0,71.0,1160.0,2781.0
P-705437,2025-10,RAILWAYS,111.0,71.0,1160.0,2781.0
P-705437,2025-11,RAILWAYS,112.0,71.0,1160.0,2781.0
P-705437,2025-12,RAILWAYS,113.0,71.0,1160.0,2781.0
P-705437,2026-01,RAILWAYS,114.0,71.0,1160.0,2781.0
P-705444,2025-07,Railways,135.0,72.0,4970.0,4970.0
P-705444,2025-08,Railways,136.0,73.0,4970.0,4970.0
P-705444,2025-09,Railways,137.0,73.0,4970.0,4970.0
P-705444,2025-10,Railways,138.0,73.0,4970.0,4970.0
P-705444,2025-11,Railways,139.0,75.0,4970.0,7448.52
P-705444,2025-12,Railways,140.0,76.0,4970.0,7448.52
P-705444,2026-01,Railways,141.0,77.0,4970.0,7448.52
P-705450,2025-01,Railways,177.0,86.21,241.52,485.96
P-705450,2025-02,Railways,178.0,86.21,241.52,485.96
P-705450,2025-03,Railways,179.0,86.21,241.52,485.96
P-705450,2025-04,Railways,180.0,86.0,401.65,485.96
P-705450,2025-05,Railways,181.0,86.0,401.65,485.96
P-705450,2025-06,Railways,182.0,86.0,401.65,485.96
P-705450,2025-07,Railways,174.0,86.0,402.0,486.0
P-705450,2025-08,Railways,182.0,86.0,402.0,486.0
P-705450,2025-09,Railways,183.0,86.0,402.0,486.0
P-705450,2025-10,Railways,184.0,86.0,402.0,486.0
P-705450,2025-11,Railways,185.0,86.0,402.0,486.0
P-705450,2025-12,Railways,186.0,86.0,402.0,486.0
P-705450,2026-01,Railways,187.0,86.0,402.0,486.0
P-705453,2025-01,Railways,213.0,58.0,1640.04,2873.11
P-705453,2025-02,Railways,214.0,58.0,1640.04,2873.11
P-705453,2025-03,Railways,215.0,59.0,1640.04,2873.11
P-705453,2025-04,Railways,216.0,59.0,1942.0,2873.11
P-705453,2025-05,Railways,217.0,59.0,1942.0,2873.11
P-705453,2025-06,Railways,218.0,59.0,1942.0,2873.11
P-705453,2025-07,Railways,157.0,67.0,1942.0,2691.0
P-705453,2025-08,Railways,158.0,46.0,456.07,1873.1
P-705453,2025-09,Railways,159.0,48.0,456.07,3516.77
P-705453,2025-10,Railways,160.0,49.0,456.07,3516.77
P-705453,2025-11,Railways,161.0,50.0,456.07,3516.77
P-705453,2025-12,Railways,162.0,52.0,456.07,3516.77
P-705453,2026-01,Railways,163.0,52.0,456.07,3516.77
P-705454,2025-01,Railways,,58.0,1347.26,1793.63
P-705454,2025-02,Railways,214.0,58.0,1347.26,1793.63
P-705454,2025-03,Railways,,59.0,1347.26,1793.63
P-705454,2025-08,Railways,201.0,80.0,1794.0,1794.0
P-705454,2025-09,Railways,202.0,80.0,1794.0,1794.0
P-705454,2025-10,Railways,203.0,80.0,1794.0,1794.0
P-705454,2025-11,Railways,204.0,80.0,1794.0,1794.0
P-705454,2025-12,Railways,205.0,80.0,1794.0,1794.0
P-705454,2026-01,Railways,206.0,80.0,1794.0,1794.0
P-705457,2025-01,Railways,,80.0,3503.69,6203.51
P-705457,2025-02,Railways,202.0,80.0,3503.69,6203.51
P-705457,2025-03,Railways,203.0,80.0,3503.69,6203.51
P-705457,2025-08,Railways,208.0,80.0,1656.25,5735.88
P-705457,2025-09,Railways,209.0,80.0,1656.25,6499.86
P-705457,2025-10,Railways,210.0,81.0,1656.25,6499.86
P-705457,2025-11,Railways,211.0,81.0,1656.25,6499.86
P-705457,2025-12,Railways,212.0,82.0,1656.25,6499.86
P-705457,2026-01,Railways,213.0,82.0,1656.25,6499.86
P-705458,2025-01,Railways,165.0,41.0,844.1,844.1
P-705458,2025-02,Railways,166.0,41.0,844.1,844.1
P-705458,2025-03,Railways,167.0,41.0,844.1,844.1
P-705458,2025-08,Railways,103.0,41.0,483.88,844.1
P-705458,2025-09,Railways,104.0,41.0,483.88,1039.13
P-705458,2025-10,Railways,105.0,41.0,483.88,1039.13
P-705458,2025-11,Railways,106.0,41.0,483.88,1039.13
P-705458,2025-12,Railways,107.0,41.0,483.88,1039.13
P-705458,2026-01,Railways,108.0,42.0,483.88,1039.13
P-705479,2025-01,Railways,79.0,22.0,229.0,1886.05
P-705479,2025-02,Railways,80.0,22.0,229.0,1880.61
P-705479,2025-03,Railways,81.0,23.0,229.0,1880.61
P-705479,2025-08,Railways,99.0,50.0,1886.0,1886.0
P-705479,2025-09,Railways,100.0,52.0,1886.0,1886.0
P-705479,2025-10,Railways,101.0,53.0,1886.0,1886.0
P-705479,2025-11,Railways,102.0,53.0,1886.0,1886.0
P-705479,2025-12,Railways,103.0,53.0,1886.0,1886.0
P-705479,2026-01,Railways,104.0,53.0,1886.0,1886.0
P-705480,2025-07,Railways,328.0,70.0,8914.0,8914.0
P-705480,2025-08,Railways,223.0,72.0,8914.0,8914.0
P-705480,2025-09,Railways,224.0,72.0,8914.0,8914.0
P-705480,2025-10,Railways,225.0,72.0,8914.0,8914.0
P-705480,2025-11,Railways,226.0,73.0,8914.0,8914.0
P-705480,2025-12,Railways,227.0,73.0,8914.0,8914.0
P-705480,2026-01,Railways,228.0,74.0,8914.0,8914.0
P-705481,2025-07,Railways,249.0,70.0,3032.0,5073.0
P-705481,2025-08,Railways,293.0,70.0,3032.0,5073.0
P-705481,2025-09,Railways,294.0,70.0,3032.0,5073.0
P-705481,2025-10,Railways,295.0,70.0,3032.0,5073.0
P-705481,2025-11,Railways,296.0,70.0,3032.0,5073.0
P-705481,2025-12,Railways,297.0,78.0,3032.0,5073.0
P-705481,2026-01,Railways,298.0,79.0,3032.0,5073.0
P-705482,2025-01,Railways,177.0,30.0,2030.5,746.83
P-705482,2025-02,Railways,178.0,31.0,2030.5,746.83
P-705482,2025-03,Railways,179.0,31.0,2030.5,746.83
P-705482,2025-08,Railways,41.0,43.0,747.0,747.0
P-705482,2025-09,Railways,42.0,43.0,747.0,747.0
P-705482,2025-10,Railways,43.0,44.0,747.0,747.0
P-705482,2025-11,Railways,44.0,44.0,747.0,747.0
P-705482,2025-12,Railways,45.0,45.0,747.0,747.0
P-705482,2026-01,Railways,46.0,47.0,747.0,747.0
P-705490,2025-01,Railways,,28.0,2841.84,2841.84
P-705490,2025-02,Railways,142.0,28.0,2841.84,2841.84
P-705490,2025-03,Railways,,28.0,2841.84,2841.84
P-705490,2025-08,Railways,148.0,30.0,2842.0,6700.0
P-705490,2025-09,Railways,149.0,30.0,2842.0,6700.0
P-705490,2025-10,Railways,150.0,30.0,2842.0,6700.0
P-705490,2025-11,Railways,151.0,30.0,2842.0,6700.0
P-705490,2025-12,Railways,152.0,30.0,2842.0,6700.0
P-705490,2026-01,Railways,153.0,30.0,2842.0,6700.0
P-705491,2025-01,Railways,,14.0,279.54,296.72
P-705491,2025-02,Railways,154.0,14.0,279.54,296.72
P-705491,2025-03,Railways,,14.0,279.54,296.72
P-705491,2025-08,Railways,160.0,15.0,297.0,297.0
P-705491,2025-09,Railways,161.0,15.0,297.0,297.0
P-705491,2025-10,Railways,162.0,15.0,297.0,297.0
P-705491,2025-11,Railways,163.0,20.0,297.0,297.0
P-705491,2025-12,Railways,164.0,20.0,297.0,297.0
P-705491,2026-01,Railways,165.0,21.0,297.0,297.0
P-705492,2025-01,Railways,346.0,66.0,644.78,825.31
P-705492,2025-02,Railways,347.0,66.0,644.78,825.31
P-705492,2025-03,Railways,348.0,66.0,644.78,825.31
P-705492,2025-08,Railways,139.0,83.0,825.0,825.0
P-705492,2025-09,Railways,140.0,83.0,825.0,825.0
P-705492,2025-10,Railways,141.0,83.0,825.0,825.0
P-705492,2025-11,Railways,142.0,83.0,825.0,825.0
P-705492,2025-12,Railways,143.0,83.0,825.0,825.0
P-705492,2026-01,Railways,144.0,83.0,825.0,825.0
P-705494,2025-01,Railways,,60.0,2062.3,2495.59
P-705494,2025-02,Railways,214.0,60.0,2062.3,2495.59
P-705494,2025-03,Railways,,60.0,2062.3,2495.59
P-705494,2025-04,Railways,216.0,60.0,2495.59,2495.59
P-705494,2025-05,Railways,217.0,65.0,2495.59,2495.86
P-705494,2025-06,Railways,218.0,65.0,2495.59,2495.86
P-705494,2025-07,Railways,180.0,67.0,2496.0,2496.0
P-705494,2025-08,Railways,209.0,68.0,2496.0,2496.0
P-705494,2025-09,Railways,210.0,68.0,2496.0,2496.0
P-705494,2025-10,Railways,211.0,69.0,2496.0,2496.0
P-705494,2025-11,Railways,212.0,70.0,2496.0,2496.0
P-705494,2025-12,Railways,213.0,70.0,2496.0,2496.0
P-705494,2026-01,Railways,214.0,71.0,2496.0,2496.0
P-705495,2025-01,Railways,,34.0,986.3,1378.0
P-705495,2025-02,Railways,178.0,34.0,986.3,1378.0
P-705495,2025-03,Railways,,34.0,986.3,1378.0
P-705495,2025-08,Railways,45.0,35.0,1378.0,1649.0
P-705495,2025-09,Railways,143.0,35.0,1378.0,1649.0
P-705495,2025-10,Railways,144.0,35.0,1378.0,1649.0
P-705495,2025-11,Railways,145.0,35.0,1378.0,1649.0
P-705495,2025-12,Railways,146.0,35.0,1378.0,1649.0
P-705495,2026-01,Railways,147.0,35.0,1378.0,1649.0
P-705496,2025-01,Railways,165.0,12.0,1801.01,1801.01
P-705496,2025-02,Railways,166.0,12.0,1801.01,1801.01
P-705496,2025-03,Railways,167.0,12.0,1801.01,1801.01
P-705496,2025-04,Railways,168.0,12.0,1876.0,1801.01
P-705496,2025-05,Railways,169.0,12.0,1876.0,1801.01
P-705496,2025-06,Railways,170.0,12.0,1876.0,1801.01
P-705496,2025-07,Railways,102.0,13.0,1876.0,1876.0
P-705496,2025-08,Railways,142.0,13.0,1876.0,1876.0
P-705496,2025-09,Railways,143.0,13.0,1876.0,1876.0
P-705496,2025-10,Railways,144.0,13.0,1876.0,1876.0
P-705496,2025-11,Railways,145.0,14.0,1876.0,1876.0
P-705496,2025-12,Railways,146.0,14.0,1876.0,1876.0
P-705496,2026-01,Railways,147.0,14.0,1876.0,1876.0
P-705498,2025-04,Railways,168.0,50.0,792.89,1395.79
P-705498,2025-05,Railways,169.0,50.0,792.89,1395.79
P-705498,2025-06,Railways,170.0,50.0,792.89,1395.79
P-705498,2025-07,Railways,118.0,50.0,793.0,1432.0
P-705498,2025-08,Railways,119.0,51.0,792.89,1395.79
P-705498,2025-09,Railways,120.0,51.0,792.89,1395.79
P-705498,2025-10,Railways,121.0,51.0,792.89,1395.79
P-705498,2025-11,Railways,122.0,52.0,792.89,1395.79
P-705498,2025-12,Railways,123.0,68.0,792.89,1395.79
P-705498,2026-01,Railways,124.0,69.0,792.89,1395.79
P-705500,2025-01,Railways,,72.0,540.02,540.02
P-705500,2025-02,Railways,154.0,72.0,540.02,540.02
P-705500,2025-03,Railways,155.0,72.0,540.02,540.02
P-705500,2025-08,Railways,119.0,81.0,540.02,944.24
P-705500,2025-09,Railways,120.0,81.0,540.02,944.24
P-705500,2025-10,Railways,121.0,83.0,540.02,944.24
P-705500,2025-11,Railways,122.0,83.0,540.02,944.24
P-705500,2025-12,Railways,123.0,84.0,540.02,916.53
P-705500,2026-01,Railways,124.0,88.0,540.02,916.53
P-705502,2025-01,Railways,119.0,67.0,1272.19,1384.72
P-705502,2025-02,Railways,120.0,67.0,1272.19,1384.72
P-705502,2025-03,Railways,121.0,67.0,1272.19,1384.72
P-705502,2025-08,Railways,113.0,68.0,1384.72,2033.59
P-705502,2025-09,Railways,114.0,68.0,1384.72,2033.59
P-705502,2025-10,Railways,115.0,80.0,1384.72,2033.59
P-705502,2025-11,Railways,116.0,80.0,1384.72,2033.59
P-705502,2025-12,Railways,117.0,86.0,1384.72,2033.59
P-705502,2026-01,Railways,118.0,98.0,1384.72,2033.59
P-705503,2025-08,Railways,110.0,85.0,4027.53,4872.52
P-705503,2025-09,Railways,111.0,85.0,4027.53,4872.52
P-705503,2025-10,Railways,112.0,85.0,4027.53,4872.52
P-705503,2025-11,Railways,113.0,100.0,4027.53,4872.52
P-705503,2025-12,Railways,114.0,100.0,4027.53,4872.52
P-705504,2025-08,Railways,94.0,88.0,2081.27,3267.06
P-705504,2025-09,Railways,95.0,88.0,2081.27,3267.06
P-705504,2025-10,Railways,96.0,92.0,2081.27,3267.06
P-705504,2025-11,Railways,97.0,92.0,2081.27,3267.06
P-705504,2025-12,Railways,98.0,92.0,2081.27,3267.06
P-705504,2026-01,Railways,99.0,92.0,2081.27,3267.06
P-705505,2025-01,Railways,,70.0,637.95,637.95
P-705505,2025-02,Railways,108.0,70.0,637.95,637.95
P-705505,2025-03,Railways,109.0,70.0,637.95,637.95
P-705505,2025-04,Railways,110.0,80.0,638.0,637.95
P-705505,2025-05,Railways,111.0,80.0,638.0,637.95
P-705505,2025-06,Railways,112.0,80.0,638.0,637.95
P-705505,2025-07,Railways,86.0,80.0,638.0,1137.0
P-705505,2025-08,Railways,100.0,81.0,637.95,1341.28
P-705505,2025-09,Railways,101.0,81.0,637.95,1341.28
P-705505,2025-10,Railways,102.0,83.0,637.95,1341.28
P-705505,2025-11,Railways,103.0,83.0,637.95,1341.28
P-705505,2025-12,Railways,104.0,88.0,637.95,1214.69
P-705505,2026-01,Railways,105.0,88.0,637.95,1214.69
P-705506,2025-03,Railways,109.0,80.0,1035.16,1558.75
P-705506,2025-08,Railways,88.0,95.0,1035.16,1558.75
P-705506,2025-09,Railways,100.0,95.0,1035.16,1558.75
P-705506,2025-10,Railways,101.0,95.0,1035.16,1558.75
P-705506,2025-11,Railways,102.0,95.0,1035.16,1558.75
P-705506,2025-12,Railways,103.0,95.0,1035.16,1558.75
P-705506,2026-01,Railways,104.0,100.0,1035.16,1870.0
P-705507,2025-01,Railways,119.0,48.0,2449.91,2449.91
P-705507,2025-02,Railways,120.0,48.0,2449.91,2449.91
P-705507,2025-03,Railways,121.0,48.0,2449.91,2449.91
P-705507,2025-04,Railways,122.0,50.0,2449.91,2449.91
P-705507,2025-05,Railways,123.0,50.0,2449.91,2449.91
P-705507,2025-06,Railways,124.0,50.0,2449.91,2449.91
P-705507,2025-07,Railways,106.0,52.0,2450.0,2450.0
P-705507,2025-08,Railways,107.0,51.0,2449.91,2506.68
P-705507,2025-09,Railways,108.0,51.0,2449.91,2506.68
P-705507,2025-10,Railways,109.0,51.0,2449.91,2506.68
P-705507,2025-11,Railways,110.0,55.0,2449.91,2506.68
P-705507,2025-12,Railways,111.0,55.0,2449.91,2506.68
P-705507,2026-01,Railways,112.0,55.0,2449.91,2506.68
P-705510,2025-08,Railways,118.0,80.0,1284.0,1284.0
P-705510,2025-09,Railways,119.0,80.0,1284.0,1284.0
P-705510,2025-10,Railways,120.0,80.0,1284.0,1284.0
P-705510,2025-11,Railways,121.0,80.0,1284.0,1284.0
P-705510,2025-12,Railways,122.0,91.0,1284.0,1284.0
P-705510,2026-01,Railways,123.0,91.0,1284.0,1284.0
P-705511,2025-01,Railways,,91.0,1547.38,1547.38
P-705511,2025-02,Railways,118.0,92.0,1547.38,1547.38
P-705511,2025-03,Railways,119.0,93.0,1547.38,1547.38
P-705511,2025-08,Railways,116.0,90.0,1547.0,1547.0
P-705511,2025-09,Railways,117.0,90.0,1547.0,1547.0
P-705511,2025-10,Railways,118.0,90.0,1547.0,1547.0
P-705511,2025-11,Railways,119.0,91.0,1547.0,1547.0
P-705511,2025-12,Railways,120.0,92.0,1547.0,1547.0
P-705511,2026-01,Railways,121.0,93.0,1547.0,1547.0
P-705512,2025-01,Railways,,69.0,2499.71,2499.71
P-705512,2025-02,Railways,118.0,69.5,2499.71,2499.71
P-705512,2025-03,Railways,119.0,69.5,2499.71,2499.71
P-705512,2025-08,Railways,116.0,70.0,2500.0,2500.0
P-705512,2025-09,Railways,117.0,70.0,2500.0,2500.0
P-705512,2025-10,Railways,118.0,71.0,2500.0,2500.0
P-705512,2025-11,Railways,119.0,71.0,2500.0,2500.0
P-705512,2025-12,Railways,120.0,71.0,2500.0,2500.0
P-705512,2026-01,Railways,121.0,71.0,2500.0,2500.0
P-705513,2025-01,Railways,,74.0,2361.74,2361.74
P-705513,2025-02,Railways,118.0,75.0,2361.74,2361.74
P-705513,2025-03,Railways,119.0,77.0,2361.74,2361.74
P-705513,2025-08,Railways,116.0,68.0,2362.0,2362.0
P-705513,2025-09,Railways,117.0,68.0,2362.0,2362.0
P-705513,2025-10,Railways,118.0,70.0,2362.0,2362.0
P-705513,2025-11,Railways,119.0,70.0,2362.0,2362.0
P-705513,2025-12,Railways,120.0,71.0,2362.0,2362.0
P-705513,2026-01,Railways,121.0,72.0,2362.0,2362.0
P-705514,2025-01,Railways,117.0,,701.61,810.02
P-705514,2025-02,Railways,118.0,,701.61,810.02
P-705514,2025-03,Railways,119.0,,701.61,810.02
P-705514,2025-08,Railways,116.0,36.0,1000.0,810.02
P-705514,2025-09,Railways,118.0,37.0,1000.0,810.02
P-705514,2025-10,Railways,119.0,58.0,1000.0,810.02
P-705514,2025-11,Railways,120.0,58.0,1000.0,810.02
P-705514,2025-12,Railways,121.0,58.0,1000.0,810.02
P-705514,2026-01,Railways,122.0,58.0,1000.0,810.02
P-705515,2025-01,Railways,117.0,75.0,1172.92,2022.75
P-705515,2025-02,Railways,118.0,75.0,1172.92,2022.75
P-705515,2025-03,Railways,119.0,75.0,1172.92,2022.75
P-705515,2025-08,Railways,145.0,80.0,1173.0,2092.0
P-705515,2025-09,Railways,146.0,80.0,1173.0,2092.0
P-705515,2025-10,Railways,147.0,80.0,1173.0,2092.0
P-705515,2025-11,Railways,148.0,80.0,1173.0,2092.0
P-705515,2025-12,Railways,149.0,85.0,1173.0,2092.0
P-705515,2026-01,Railways,150.0,86.0,1173.0,2092.0
P-705520,2025-08,Railways,104.0,0.0,4803.16,4803.16
P-705526,2025-01,Railways,,64.0,380.0,519.33
P-705526,2025-02,Railways,117.0,64.0,380.0,519.33
P-705526,2025-03,Railways,,70.0,380.0,519.33
P-705526,2025-04,Railways,119.0,80.0,519.33,519.33
P-705526,2025-05,Railways,120.0,80.0,519.33,519.33
P-705526,2025-06,Railways,121.0,80.0,519.33,519.33
P-705526,2025-07,Railways,115.0,82.0,519.0,519.0
P-705526,2025-08,Railways,116.0,84.0,519.0,519.0
P-705526,2025-09,Railways,118.0,84.0,519.0,519.0
P-705526,2025-10,Railways,119.0,84.0,519.0,519.0
P-705526,2025-11,Railways,120.0,85.0,519.0,519.0
P-705526,2025-12,Railways,121.0,92.0,519.0,519.0
P-705526,2026-01,Railways,122.0,93.0,519.0,519.0
P-705527,2025-01,Railways,105.0,85.0,744.04,1215.54
P-705527,2025-02,Railways,106.0,85.0,744.04,1215.54
P-705527,2025-03,Railways,107.0,90.0,744.04,1215.54
P-705527,2025-08,Railways,89.0,91.0,1216.0,2222.0
P-705527,2025-09,Railways,90.0,91.0,1216.0,2222.0
P-705527,2025-10,Railways,91.0,91.0,1216.0,2222.0
P-705527,2025-11,Railways,92.0,92.0,1216.0,2222.0
P-705527,2025-12,Railways,93.0,92.0,1216.0,2222.0
P-705527,2026-01,Railways,94.0,92.0,1216.0,2222.0
P-705528,2025-01,Railways,105.0,80.0,731.64,1300.0
P-705528,2025-02,Railways,106.0,80.0,731.64,1300.0
P-705528,2025-03,Railways,107.0,96.0,731.64,1300.0
P-705528,2025-10,Railways,91.0,99.0,1586.0,1586.0
P-705528,2025-11,Railways,92.0,99.0,1586.0,1586.0
P-705528,2025-12,Railways,93.0,99.0,1586.0,1586.0
P-705528,2026-01,Railways,94.0,99.0,1586.0,1586.0
P-705562,2025-03,Railways,,95.5,295.0,1045.82
P-705562,2025-10,Railways,151.0,95.0,963.0,1046.0
P-705562,2025-11,Railways,152.0,95.0,963.0,1046.0
P-705562,2025-12,Railways,153.0,95.0,963.0,1046.0
P-705562,2026-01,Railways,154.0,95.0,963.0,1046.0
P-705567,2025-01,Railways,105.0,49.0,602.5,1069.29
P-705567,2025-02,Railways,106.0,50.0,602.5,1069.29
P-705567,2025-03,Railways,107.0,48.0,602.5,1117.8
P-705567,2025-04,Railways,108.0,48.0,1015.59,1117.8
P-705567,2025-05,Railways,109.0,50.0,1015.59,1250.0
P-705567,2025-10,Railways,95.0,88.0,1016.0,1118.0
P-705567,2025-11,Railways,96.0,88.0,1016.0,1118.0
P-705567,2025-12,Railways,97.0,88.0,1016.0,1118.0
P-705567,2026-01,Railways,98.0,88.0,1016.0,1118.0
P-705572,2025-01,RAILWAYS,117.0,92.25,2232.32,4983.94
P-705572,2025-02,RAILWAYS,118.0,92.3,2232.32,4983.94
P-705572,2025-03,RAILWAYS,119.0,92.3,2232.32,4983.94
P-705572,2025-08,RAILWAYS,107.0,93.0,4060.0,4961.0
P-705572,2025-09,RAILWAYS,108.0,93.0,4060.0,4961.0
P-705572,2025-10,RAILWAYS,109.0,93.0,4060.0,4961.0
P-705572,2025-11,RAILWAYS,110.0,93.0,4060.0,4961.0
P-705572,2025-12,RAILWAYS,111.0,93.0,4060.0,4961.0
P-705572,2026-01,RAILWAYS,112.0,93.0,4060.0,4961.0
P-705583,2025-03,RAILWAYS,155.0,45.0,295.68,699.0
P-705583,2025-08,RAILWAYS,149.0,62.0,667.0,667.0
P-705583,2025-09,RAILWAYS,150.0,62.0,667.0,667.0
P-705583,2025-10,RAILWAYS,151.0,62.0,667.0,667.0
P-705583,2025-11,RAILWAYS,152.0,63.0,667.0,667.0
P-705583,2025-12,RAILWAYS,153.0,63.0,667.0,667.0
P-705583,2026-01,RAILWAYS,154.0,64.0,667.0,667.0
P-705588,2025-01,Railways,86.0,,701.98,1100.0
P-705588,2025-02,Railways,87.0,60.0,701.98,1100.0
P-705588,2025-03,Railways,88.0,60.0,701.98,1100.0
P-705588,2025-08,Railways,93.0,70.0,722.0,1194.0
P-705588,2025-09,Railways,94.0,70.0,722.0,1194.0
P-705588,2025-10,Railways,95.0,70.0,722.0,1194.0
P-705588,2025-11,Railways,96.0,70.0,722.0,1194.0
P-705588,2025-12,Railways,97.0,70.0,722.0,1194.0
P-705588,2026-01,Railways,98.0,70.0,722.0,1194.0
P-705598,2025-01,Railways,,85.0,2001.0,2001.0
P-705598,2025-02,Railways,101.0,85.0,2001.0,2001.0
P-705598,2025-03,Railways,,85.0,2001.0,2001.0
P-705598,2025-08,Railways,107.0,93.0,2002.0,2002.0
P-705598,2025-09,Railways,108.0,93.0,2002.0,2002.0
P-705598,2025-10,Railways,109.0,93.0,2002.0,2002.0
P-705598,2025-11,Railways,110.0,93.0,2002.0,2002.0
P-705598,2025-12,Railways,111.0,93.0,2002.0,2002.0
P-705598,2026-01,Railways,112.0,93.0,2002.0,2002.0
P-705608,2025-01,Railways,82.0,32.0,4329.53,4329.53
P-705608,2025-02,Railways,83.0,35.0,4329.53,4329.53
P-705608,2025-03,Railways,84.0,35.0,4329.53,4329.53
P-705608,2025-08,Railways,89.0,55.0,4330.0,4330.0
P-705608,2025-09,Railways,90.0,60.0,4330.0,4330.0
P-705608,2025-10,Railways,91.0,60.0,4330.0,4330.0
P-705608,2025-11,Railways,92.0,62.0,4330.0,4330.0
P-705608,2025-12,Railways,93.0,62.0,4330.0,4330.0
P-705608,2026-01,Railways,94.0,63.0,4330.0,4330.0
P-705610,2025-01,Railways,,50.0,302.0,302.0
P-705610,2025-02,Railways,106.0,50.0,302.0,302.0
P-705610,2025-03,Railways,107.0,50.0,302.0,302.0
P-705610,2025-04,Railways,108.0,50.0,302.0,302.0
P-705610,2025-05,Railways,109.0,50.0,302.0,302.0
P-705610,2025-06,Railways,110.0,50.0,302.0,302.0
P-705610,2025-07,Railways,111.0,50.0,302.0,543.0
P-705610,2025-08,Railways,112.0,50.0,302.0,543.0
P-705610,2025-09,Railways,113.0,50.0,302.0,543.0
P-705610,2025-10,Railways,114.0,50.0,302.0,543.0
P-705610,2025-11,Railways,115.0,50.0,302.0,543.0
P-705610,2025-12,Railways,116.0,50.0,302.0,543.0
P-705610,2026-01,Railways,117.0,89.0,302.0,543.0
P-705612,2025-01,Railways,153.0,,1856.95,1952.68
P-705612,2025-02,Railways,154.0,,1856.95,1952.68
P-705612,2025-03,Railways,155.0,,1856.95,1952.68
P-705612,2025-08,Railways,149.0,91.0,1953.0,3363.0
P-705612,2025-09,Railways,150.0,92.0,1953.0,3363.0
P-705612,2025-10,Railways,151.0,94.0,1953.0,3363.0
P-705612,2025-11,Railways,152.0,94.0,1953.0,3363.0
P-705612,2025-12,Railways,153.0,94.0,1953.0,3363.0
P-705612,2026-01,Railways,154.0,94.0,1953.0,3363.0
P-705613,2025-01,Railways,,,2063.03,2909.0
P-705613,2025-02,Railways,118.0,,2063.03,2909.0
P-705613,2025-03,Railways,,,2063.03,2909.0
P-705613,2025-08,Railways,107.0,93.0,2595.0,3071.0
P-705613,2025-09,Railways,108.0,94.0,2595.0,3071.0
P-705613,2025-10,Railways,109.0,94.0,2595.0,3071.0
P-705613,2025-11,Railways,110.0,94.0,2595.0,3071.0
P-705613,2025-12,Railways,111.0,94.0,2595.0,3071.0
P-705613,2026-01,Railways,112.0,94.0,2595.0,3071.0
P-705616,2025-01,Railways,,88.0,1973.0,2135.34
P-705616,2025-02,Railways,118.0,88.0,1973.0,2135.34
P-705616,2025-03,Railways,119.0,88.0,1973.0,2135.34
P-705616,2025-04,Railways,120.0,88.0,2140.34,2135.34
P-705616,2025-05,Railways,121.0,88.0,2140.34,2135.34
P-705616,2025-06,Railways,122.0,88.0,2140.34,2135.34
P-705616,2025-07,Railways,106.0,88.0,2140.0,2979.0
P-705616,2025-08,Railways,107.0,89.0,2140.0,2979.0
P-705616,2025-09,Railways,108.0,92.0,2140.0,2979.0
P-705616,2025-10,Railways,109.0,93.0,2140.0,2979.0
P-705616,2025-11,Railways,110.0,93.0,2140.0,2979.0
P-705616,2025-12,Railways,111.0,93.0,2140.0,2979.0
P-705616,2026-01,Railways,112.0,94.0,2140.0,2979.0
P-705617,2025-01,Railways,100.0,90.0,1908.51,3544.25
P-705617,2025-02,Railways,101.0,90.0,1908.51,3544.25
P-705617,2025-03,Railways,102.0,90.0,1908.51,3544.25
P-705617,2025-08,Railways,107.0,95.0,3545.0,3545.0
P-705617,2025-09,Railways,108.0,96.0,3545.0,3545.0
P-705617,2025-10,Railways,109.0,96.0,3545.0,3545.0
P-705617,2025-11,Railways,110.0,96.0,3545.0,3545.0
P-705617,2025-12,Railways,111.0,96.0,3545.0,3545.0
P-705617,2026-01,Railways,112.0,96.0,3545.0,3545.0
P-705628,2025-01,Railways,,82.0,1724.2,3029.04
P-705628,2025-02,Railways,107.0,82.0,1724.2,3029.04
P-705628,2025-03,Railways,108.0,83.0,1724.2,3029.04
P-705628,2025-04,Railways,109.0,83.0,3029.04,3029.04
P-705628,2025-05,Railways,110.0,84.0,3029.04,3029.04
P-705628,2025-06,Railways,111.0,84.5,3029.04,3029.04
P-705628,2025-07,Railways,101.0,85.0,3029.0,3029.0
P-705628,2025-08,Railways,113.0,85.0,3029.0,3029.0
P-705628,2025-09,Railways,114.0,86.0,3029.0,3029.0
P-705628,2025-10,Railways,115.0,86.0,3029.0,3029.04
P-705628,2025-11,Railways,116.0,87.0,3029.0,3029.04
P-705628,2025-12,Railways,117.0,87.0,3029.0,3029.04
P-705628,2026-01,Railways,118.0,87.0,3029.0,3029.04
P-705629,2025-01,Railways,70.0,57.0,1866.31,1866.31
P-705629,2025-02,Railways,71.0,58.0,1866.31,1866.31
P-705629,2025-03,Railways,72.0,58.0,1866.31,1866.31
P-705629,2025-04,Railways,73.0,58.0,2400.0,1866.31
P-705629,2025-05,Railways,74.0,60.0,2400.0,1866.31
P-705629,2025-06,Railways,75.0,61.0,2400.0,1866.31
P-705629,2025-07,Railways,100.0,65.0,2400.0,2400.0
P-705629,2025-08,Railways,77.0,65.0,2400.0,2400.0
P-705629,2025-09,Railways,78.0,65.0,2400.0,2400.0
P-705629,2025-10,Railways,79.0,66.0,2400.0,2400.0
P-705629,2025-11,Railways,80.0,66.0,2400.0,3425.32
P-705629,2025-12,Railways,81.0,66.0,2400.0,3425.32
P-705629,2026-01,Railways,82.0,67.0,2400.0,3425.32
P-705632,2025-01,Railways,,55.0,226.72,226.72
P-705632,2025-02,Railways,106.0,,226.72,226.72
P-705632,2025-03,Railways,107.0,,226.72,226.72
P-705632,2025-04,Railways,108.0,,647.37,226.72
P-705632,2025-05,Railways,109.0,,647.37,226.72
P-705632,2025-06,Railways,110.0,,647.37,226.72
P-705632,2025-07,Railways,111.0,91.0,647.0,904.0
P-705632,2025-08,Railways,112.0,91.0,647.0,904.0
P-705632,2025-09,Railways,113.0,92.0,647.0,904.0
P-705632,2025-10,Railways,114.0,92.0,647.0,904.0
P-705632,2025-11,Railways,115.0,93.0,647.0,904.0
P-705632,2025-12,Railways,116.0,93.0,647.0,904.0
P-705632,2026-01,Railways,117.0,93.0,647.0,904.0
P-705633,2025-01,Railways,,,3631.0,3887.48
P-705633,2025-02,Railways,106.0,,3631.0,3887.48
P-705633,2025-03,Railways,,,3631.0,3887.48
P-705633,2025-08,Railways,101.0,92.0,3733.0,4295.0
P-705633,2025-09,Railways,102.0,93.0,3733.0,4295.0
P-705633,2025-10,Railways,103.0,93.0,3733.0,4295.0
P-705633,2025-11,Railways,104.0,93.0,3733.0,4295.0
P-705633,2025-12,Railways,105.0,93.0,3733.0,4295.0
P-705633,2026-01,Railways,106.0,93.0,3733.0,4295.0
P-705635,2025-01,RAILWAYS,,,1431.9,3785.45
P-705635,2025-02,RAILWAYS,120.0,42.1,1431.9,3785.45
P-705635,2025-03,RAILWAYS,121.0,42.1,1431.9,3785.45
P-705635,2025-04,RAILWAYS,122.0,42.1,1431.9,3785.45
P-705635,2025-05,RAILWAYS,123.0,42.1,1431.9,3785.45
P-705635,2025-06,RAILWAYS,124.0,42.1,1431.9,3785.45
P-705635,2025-07,RAILWAYS,112.0,46.0,1432.0,3785.0
P-705635,2025-08,RAILWAYS,96.0,46.0,1432.0,3785.0
P-705635,2025-09,RAILWAYS,97.0,46.0,1432.0,3785.0
P-705635,2025-10,RAILWAYS,98.0,50.0,1432.0,3785.45
P-705638,2025-01,Railways,157.0,,812.85,802.8
P-705638,2025-02,Railways,158.0,7.0,812.85,802.8
P-705638,2025-03,Railways,159.0,7.0,812.85,802.8
P-705638,2025-08,Railways,28.0,15.0,813.0,813.0
P-705638,2025-09,Railways,29.0,17.0,813.0,802.8
P-705638,2025-10,Railways,30.0,18.0,813.0,802.8
P-705638,2025-11,Railways,31.0,19.0,813.0,802.8
P-705638,2025-12,Railways,32.0,20.0,813.0,802.8
P-705638,2026-01,Railways,33.0,21.0,813.0,802.8
P-705639,2025-01,Railways,169.0,,600.82,595.39
P-705639,2025-02,Railways,170.0,8.0,600.82,595.39
P-705639,2025-03,Railways,171.0,8.0,600.82,595.39
P-705639,2025-10,Railways,30.0,19.0,601.0,595.39
P-705639,2025-11,Railways,31.0,20.0,601.0,595.39
P-705639,2025-12,Railways,32.0,21.0,601.0,595.39
P-705639,2026-01,Railways,33.0,22.0,601.0,595.39
P-705648,2025-01,Railways,,,3246.26,6238.67
P-705648,2025-02,Railways,118.0,,3246.26,6238.67
P-705648,2025-03,Railways,,,3246.26,6238.67
P-705648,2025-08,Railways,108.0,90.0,6654.0,6654.0
P-705648,2025-09,Railways,109.0,90.0,6654.0,6654.0
P-705648,2025-10,Railways,110.0,90.0,6654.0,6654.0
P-705648,2025-11,Railways,111.0,90.0,6654.0,6654.0
P-705648,2025-12,Railways,112.0,94.0,6654.0,6654.0
P-705648,2026-01,Railways,113.0,95.0,6654.0,6654.0
P-705650,2025-01,Railways,177.0,,2127.0,3692.6
P-705650,2025-02,Railways,178.0,,2127.0,3692.6
P-705650,2025-03,Railways,179.0,,2127.0,3692.6
P-705650,2025-08,Railways,185.0,86.0,5060.0,5060.0
P-705650,2025-09,Railways,186.0,86.0,5060.0,5060.0
P-705650,2025-10,Railways,187.0,86.0,5060.0,5060.0
P-705650,2025-11,Railways,188.0,86.0,5060.0,5060.0
P-705650,2025-12,Railways,189.0,86.0,5060.0,5060.0
P-705650,2026-01,Railways,190.0,86.0,5060.0,5060.0
P-705651,2025-07,Railways,102.0,90.0,2478.23,4127.23
P-705651,2025-08,Railways,110.0,90.0,2478.23,4127.23
P-705651,2025-09,Railways,111.0,90.0,2478.23,4127.23
P-705651,2025-10,Railways,112.0,92.0,2478.23,4127.23
P-705651,2025-11,Railways,113.0,95.0,2478.23,4127.23
P-705659,2025-01,Railways,,80.0,500.0,500.0
P-705659,2025-02,Railways,111.0,80.0,500.0,500.0
P-705659,2025-03,Railways,,80.0,500.0,500.0
P-705659,2025-04,Railways,113.0,80.0,500.0,500.0
P-705659,2025-05,Railways,114.0,80.0,500.0,500.0
P-705659,2025-06,Railways,115.0,80.0,500.0,500.0
P-705659,2025-07,Railways,95.0,80.0,500.0,584.0
P-705659,2025-08,Railways,117.0,80.0,500.0,584.0
P-705659,2025-09,Railways,118.0,80.0,500.0,584.0
P-705659,2025-10,Railways,119.0,80.0,500.0,584.0
P-705659,2025-11,Railways,120.0,82.0,500.0,584.0
P-705659,2025-12,Railways,121.0,85.0,500.0,584.0
P-705659,2026-01,Railways,122.0,85.0,500.0,584.0
P-705660,2025-01,Railways,,86.0,1763.93,4353.5
P-705660,2025-02,Railways,110.0,86.0,1763.93,4353.5
P-705660,2025-03,Railways,111.0,88.0,1763.93,4353.5
P-705660,2025-04,Railways,112.0,90.0,2445.29,4353.5
P-705660,2025-05,Railways,113.0,91.0,2445.29,4353.5
P-705660,2025-06,Railways,114.0,92.0,2445.29,4353.5
P-705660,2025-07,Railways,100.0,100.0,2445.0,4377.0
P-705660,2025-08,Railways,113.0,100.0,2445.0,4377.0
P-705660,2025-09,Railways,114.0,100.0,2445.0,4377.0
P-705660,2025-10,Railways,115.0,100.0,2445.0,4377.0
P-705660,2025-11,Railways,116.0,100.0,2445.0,4377.0
P-705660,2025-12,Railways,117.0,100.0,2445.0,4377.0
P-705660,2026-01,Railways,118.0,100.0,2445.0,4377.0
P-705661,2025-01,Railways,,,582.13,1247.64
P-705661,2025-02,Railways,102.0,,582.13,2300.0
P-705661,2025-03,Railways,103.0,89.0,582.13,2300.0
P-705661,2025-08,Railways,113.0,94.0,1248.0,1248.0
P-705661,2025-09,Railways,114.0,94.0,1248.0,1248.0
P-705661,2025-10,Railways,115.0,95.0,1248.0,1248.0
P-705661,2025-11,Railways,116.0,95.0,1248.0,1248.0
P-705661,2025-12,Railways,117.0,95.0,1248.0,1248.0
P-705661,2026-01,Railways,118.0,95.0,1248.0,1248.0
P-705662,2025-01,Railways,,89.0,1614.59,2458.87
P-705662,2025-02,Railways,119.0,89.0,1614.59,2458.87
P-705662,2025-03,Railways,,89.0,1614.59,2458.87
P-705662,2025-08,Railways,136.0,92.0,1878.0,2459.0
P-705662,2025-09,Railways,137.0,92.0,1878.0,2459.0
P-705662,2025-10,Railways,138.0,92.0,1878.0,2459.0
P-705662,2025-11,Railways,139.0,92.0,1878.0,2459.0
P-705663,2025-01,Railways,82.0,46.0,492.87,492.87
P-705663,2025-02,Railways,83.0,46.0,492.87,492.87
P-705663,2025-03,Railways,84.0,75.0,492.87,492.87
P-705663,2025-04,Railways,85.0,75.0,492.87,492.87
P-705663,2025-05,Railways,86.0,75.0,492.87,492.87
P-705663,2025-06,Railways,87.0,75.0,492.87,492.87
P-705663,2025-07,Railways,37.0,82.0,493.0,493.0
P-705663,2025-08,Railways,90.0,82.0,493.0,493.0
P-705663,2025-09,Railways,91.0,82.0,493.0,493.0
P-705663,2025-10,Railways,92.0,82.0,493.0,493.0
P-705663,2025-11,Railways,93.0,82.0,493.0,493.0
P-705663,2025-12,Railways,94.0,84.0,493.0,493.0
P-705663,2026-01,Railways,95.0,84.0,493.0,493.0
P-705667,2025-01,Railways,,,3677.76,5190.26
P-705667,2025-02,Railways,104.0,,3677.76,5190.26
P-705667,2025-03,Railways,105.0,,3677.76,5190.26
P-705667,2025-08,Railways,116.0,94.0,5961.0,5961.0
P-705667,2025-09,Railways,117.0,94.0,5961.0,5961.0
P-705667,2025-10,Railways,118.0,94.0,5961.0,5961.0
P-705667,2025-11,Railways,119.0,94.0,5961.0,5961.0
P-705667,2025-12,Railways,120.0,94.0,5961.0,5961.0
P-705667,2026-01,Railways,121.0,94.0,5961.0,5961.0
P-705668,2025-01,Railways,109.0,,1116.0,3270.07
P-705668,2025-02,Railways,110.0,,1116.0,3270.07
P-705668,2025-03,Railways,111.0,,1116.0,3270.07
P-705668,2025-08,Railways,107.0,97.0,3250.0,3250.0
P-705668,2025-09,Railways,108.0,97.0,3250.0,3250.0
P-705668,2025-10,Railways,109.0,97.0,3250.0,3250.0
P-705668,2025-11,Railways,110.0,97.0,3250.0,3250.0
P-705668,2025-12,Railways,111.0,97.0,3250.0,3250.0
P-705668,2026-01,Railways,112.0,97.0,3250.0,3250.0
P-705694,2025-07,Railways,114.0,100.0,187.72,187.72
P-705694,2025-08,Railways,115.0,100.0,187.72,187.72
P-705708,2025-07,Railways,85.0,0.0,176.0,176.0
P-705708,2025-08,Railways,86.0,0.0,176.0,176.0
P-705710,2025-07,Railways,75.0,81.25,336.0,336.0
P-705710,2025-08,Railways,76.0,85.0,336.0,336.0
P-705712,2025-07,Railways,69.0,3.75,480.0,480.0
P-705712,2025-08,Railways,70.0,7.0,480.0,480.0
P-705717,2025-07,Railways,69.0,75.0,440.0,440.0
P-705717,2025-08,Railways,70.0,90.0,440.0,440.0
P-705720,2025-07,Railways,67.0,0.0,384.0,384.0
P-705720,2025-08,Railways,68.0,0.0,384.0,384.0
P-705721,2025-07,Railways,67.0,0.0,447.6,447.6
P-705721,2025-08,Railways,68.0,0.0,447.6,447.6
P-705722,2025-07,Railways,70.0,0.0,210.0,210.0
P-705722,2025-08,Railways,71.0,0.0,210.0,210.0
P-705726,2025-07,Railways,63.0,41.0,6339.0,6339.0
P-705726,2025-08,Railways,64.0,41.0,6339.0,6339.0
P-705728,2025-01,Railways,109.0,49.0,108000.0,108000.0
P-705728,2025-02,Railways,110.0,49.8,108000.0,108000.0
P-705728,2025-03,Railways,111.0,50.0,108000.0,108000.0
P-705728,2025-08,Railways,125.0,53.0,108000.0,108000.0
P-705728,2025-09,Railways,126.0,54.0,108000.0,108000.0
P-705728,2025-10,Railways,127.0,55.0,108000.0,108000.0
P-705728,2025-11,Railways,128.0,55.0,108000.0,108000.0
P-705728,2025-12,Railways,129.0,56.0,108000.0,108000.0
P-705728,2026-01,Railways,130.0,57.0,108000.0,108000.0
P-705730,2025-01,Railways,177.0,,2913.51,4834.54
P-705730,2025-02,Railways,178.0,,2913.51,4834.54
P-705730,2025-03,Railways,179.0,,2913.51,4834.54
P-705730,2025-08,Railways,185.0,60.0,4835.0,10362.0
P-705730,2025-09,Railways,186.0,59.0,4835.0,10362.0
P-705730,2025-10,Railways,187.0,59.0,4835.0,10362.0
P-705730,2025-11,Railways,188.0,51.0,4835.0,10362.0
P-705730,2025-12,Railways,189.0,51.0,4835.0,10362.0
P-705730,2026-01,Railways,190.0,51.0,4835.0,10362.0
P-705735,2025-01,Railways,72.0,5.0,904.92,3295.74
P-705735,2025-02,Railways,73.0,5.0,904.92,3295.74
P-705735,2025-03,Railways,74.0,7.0,904.92,2933.01
P-705735,2025-08,Railways,20.0,12.0,904.92,3295.74
P-705735,2025-09,Railways,85.0,12.0,904.92,3295.74
P-705735,2025-10,Railways,86.0,12.0,904.92,3295.74
P-705735,2025-11,Railways,87.0,12.0,904.92,3295.74
P-705735,2025-12,Railways,88.0,12.0,904.92,3295.74
P-705735,2026-01,Railways,89.0,12.0,904.92,3295.74
P-705741,2025-01,Railways,,,499.99,747.91
P-705741,2025-02,Railways,91.0,,499.99,747.91
P-705741,2025-03,Railways,92.0,,499.99,747.91
P-705741,2025-04,Railways,93.0,,748.0,747.91
P-705741,2025-05,Railways,94.0,,748.0,747.91
P-705741,2025-06,Railways,95.0,,748.0,747.91
P-705741,2025-07,Railways,27.0,1.0,748.0,748.0
P-705741,2025-08,Railways,97.0,1.0,748.0,748.0
P-705741,2025-09,Railways,98.0,1.0,748.0,748.0
P-705741,2025-10,Railways,99.0,1.0,748.0,748.0
P-705741,2025-11,Railways,100.0,1.0,748.0,748.0
P-705741,2025-12,Railways,101.0,1.0,748.0,748.0
P-705741,2026-01,Railways,102.0,1.0,748.0,748.0
P-705742,2025-01,Railways,,0.1,642.69,642.69
P-705742,2025-02,Railways,84.0,0.1,642.69,642.69
P-705742,2025-03,Railways,,0.1,642.69,642.69
P-705742,2025-04,Railways,86.0,90.0,2344.0,642.69
P-705742,2025-05,Railways,87.0,90.1,2344.0,642.69
P-705742,2025-10,Railways,92.0,20.0,2344.0,2344.0
P-705742,2025-11,Railways,93.0,20.0,2344.0,2344.0
P-705742,2025-12,Railways,94.0,20.0,2344.0,2344.0
P-705742,2026-01,Railways,95.0,20.0,2344.0,2344.0
P-705752,2025-01,Railways,69.0,73.0,528.48,500.85
P-705752,2025-02,Railways,70.0,73.0,528.48,500.85
P-705752,2025-03,Railways,71.0,75.0,528.48,500.85
P-705752,2025-08,Railways,76.0,98.0,819.48,967.06
P-705752,2025-09,Railways,77.0,99.0,819.48,967.06
P-705752,2025-10,Railways,78.0,99.0,819.48,967.06
P-705752,2025-11,Railways,79.0,99.0,819.48,967.06
P-705752,2025-12,Railways,80.0,99.0,819.48,967.06
P-705752,2026-01,Railways,81.0,99.0,819.48,967.06
P-705761,2025-01,Railways,64.0,7.0,1453.73,994.47
P-705761,2025-02,Railways,65.0,7.0,1453.73,994.47
P-705761,2025-03,Railways,66.0,7.0,1453.73,994.47
P-705761,2025-08,Railways,30.0,11.0,1454.0,1454.0
P-705761,2025-09,Railways,72.0,11.0,1454.0,1454.0
P-705761,2025-10,Railways,73.0,11.0,1454.0,1454.0
P-705761,2025-11,Railways,74.0,11.0,1454.0,1454.0
P-705761,2025-12,Railways,75.0,11.0,1454.0,1454.0
P-705761,2026-01,Railways,76.0,12.0,1454.0,1454.0
P-705763,2025-01,Railways,,,4340.0,7393.75
P-705763,2025-02,Railways,77.0,,4340.0,7393.75
P-705763,2025-03,Railways,78.0,,4340.0,7393.75
P-705763,2025-04,Railways,79.0,,7474.01,7393.75
P-705763,2025-05,Railways,80.0,,7474.01,7393.75
P-705763,2025-06,Railways,81.0,,7474.01,7393.75
P-705763,2025-07,Railways,57.0,22.0,7474.0,7474.0
P-705763,2025-08,Railways,72.0,23.0,7474.0,7474.0
P-705763,2025-09,Railways,73.0,23.0,7474.0,7474.0
P-705763,2025-10,Railways,74.0,25.0,7474.0,7474.0
P-705763,2025-11,Railways,75.0,25.0,7474.0,7474.0
P-705763,2025-12,Railways,76.0,27.0,7474.0,7474.0
P-705763,2026-01,Railways,77.0,29.0,7474.0,7474.0
P-705764,2025-01,Railways,,17.0,495.18,495.18
P-705764,2025-02,Railways,94.0,17.0,495.18,495.18
P-705764,2025-03,Railways,95.0,18.0,495.18,495.18
P-705764,2025-08,Railways,100.0,53.0,495.0,825.0
P-705764,2025-09,Railways,101.0,55.0,495.0,825.0
P-705764,2025-10,Railways,102.0,57.0,495.0,825.0
P-705764,2025-11,Railways,103.0,57.0,495.0,825.0
P-705764,2025-12,Railways,104.0,58.0,495.0,825.0
P-705764,2026-01,Railways,105.0,60.0,495.0,825.0
P-705765,2025-01,Railways,,16.0,487.73,487.73
P-705765,2025-02,Railways,85.0,16.0,487.73,487.73
P-705765,2025-03,Railways,86.0,45.0,487.73,487.73
P-705765,2025-04,Railways,87.0,45.0,686.03,487.73
P-705765,2025-05,Railways,88.0,45.0,686.03,487.73
P-705765,2025-06,Railways,89.0,45.0,686.03,487.73
P-705765,2025-07,Railways,90.0,59.0,686.0,686.0
P-705765,2025-08,Railways,91.0,59.0,686.0,686.0
P-705765,2025-09,Railways,92.0,59.0,686.0,686.0
P-705765,2025-10,Railways,93.0,59.0,686.0,686.0
P-705765,2025-11,Railways,94.0,59.0,686.0,686.0
P-705765,2025-12,Railways,95.0,65.0,686.0,686.0
P-705765,2026-01,Railways,96.0,65.0,686.0,686.0
P-705766,2025-01,Railways,94.0,52.0,260.0,356.0
P-705766,2025-02,Railways,95.0,55.0,260.0,356.0
P-705766,2025-03,Railways,96.0,55.0,260.0,356.0
P-705766,2025-04,Railways,97.0,65.0,356.09,356.0
P-705766,2025-05,Railways,98.0,65.0,356.09,356.0
P-705766,2025-10,Railways,103.0,78.0,304.44,356.0
P-705766,2025-11,Railways,104.0,80.0,304.44,356.0
P-705766,2025-12,Railways,105.0,80.0,304.44,356.0
P-705766,2026-01,Railways,106.0,82.0,304.44,356.0
P-705771,2025-01,Railways,69.0,42.0,494.11,494.11
P-705771,2025-02,Railways,70.0,42.0,494.11,494.11
P-705771,2025-03,Railways,71.0,42.0,494.11,494.11
P-705771,2025-08,Railways,76.0,70.0,494.0,494.0
P-705771,2025-09,Railways,77.0,70.0,494.0,494.0
P-705771,2025-10,Railways,78.0,70.0,494.0,494.0
P-705771,2025-11,Railways,79.0,70.0,494.0,494.0
P-705771,2025-12,Railways,80.0,67.0,494.0,494.0
P-705771,2026-01,Railways,81.0,70.0,494.0,494.0
P-705772,2025-01,Railways,,55.0,2390.0,2390.0
P-705772,2025-02,Railways,66.0,55.0,2390.0,2390.0
P-705772,2025-03,Railways,67.0,55.0,2390.0,2390.0
P-705772,2025-08,Railways,116.0,62.0,2649.0,2649.44
P-705772,2025-09,Railways,117.0,62.0,2649.0,2649.44
P-705772,2025-10,Railways,118.0,62.0,2649.0,2649.44
P-705772,2025-11,Railways,119.0,65.0,2649.0,2649.44
P-705772,2025-12,Railways,120.0,66.0,2649.0,2649.44
P-705772,2026-01,Railways,121.0,67.0,2649.0,2649.44
P-705774,2025-01,Railways,69.0,32.0,451.99,779.49
P-705774,2025-02,Railways,70.0,37.0,451.99,779.49
P-705774,2025-03,Railways,71.0,38.0,451.99,779.49
P-705774,2025-08,Railways,76.0,55.0,758.0,779.49
P-705774,2025-09,Railways,77.0,55.0,758.0,779.49
P-705774,2025-10,Railways,78.0,69.0,758.0,779.49
P-705774,2025-11,Railways,79.0,73.0,758.0,779.49
P-705774,2025-12,Railways,80.0,73.0,758.0,779.49
P-705774,2026-01,Railways,81.0,73.0,758.0,779.49
P-705777,2025-01,Railways,69.0,8.0,187.21,250.17
P-705777,2025-02,Railways,70.0,8.0,187.21,250.17
P-705777,2025-03,Railways,71.0,8.0,187.21,250.17
P-705777,2025-08,Railways,61.0,3.0,250.18,250.18
P-705777,2025-09,Railways,62.0,3.0,250.18,250.18
P-705777,2025-10,Railways,63.0,8.0,250.18,250.18
P-705777,2025-11,Railways,64.0,8.0,250.18,250.18
P-705777,2025-12,Railways,65.0,8.0,250.18,250.18
P-705777,2026-01,Railways,66.0,8.0,250.18,250.18
P-705779,2025-07,Railways,100.0,85.0,1178.0,1777.0
P-705779,2025-08,Railways,99.0,85.0,1178.0,1777.0
P-705780,2025-01,Railways,80.0,,1177.96,2529.46
P-705780,2025-02,Railways,81.0,,1177.96,2529.46
P-705780,2025-03,Railways,82.0,,1177.96,2529.46
P-705780,2025-08,Railways,89.0,94.0,2529.0,2529.46
P-705780,2025-09,Railways,90.0,94.0,2529.0,2529.46
P-705780,2025-10,Railways,91.0,94.0,2529.0,2529.46
P-705780,2025-11,Railways,92.0,94.0,2529.0,2529.46
P-705780,2025-12,Railways,93.0,94.0,2529.0,2529.46
P-705780,2026-01,Railways,94.0,94.0,2529.0,2529.46
P-705782,2025-01,Railways,72.0,,323.85,323.85
P-705782,2025-02,Railways,73.0,55.0,323.85,407.0
P-705782,2025-03,Railways,74.0,56.0,323.85,407.0
P-705782,2025-08,Railways,79.0,75.0,407.0,407.0
P-705782,2025-09,Railways,80.0,75.0,407.0,407.0
P-705782,2025-10,Railways,81.0,75.0,407.0,407.0
P-705782,2025-11,Railways,82.0,75.0,407.0,407.0
P-705782,2025-12,Railways,83.0,75.0,407.0,407.0
P-705782,2026-01,Railways,84.0,77.0,407.0,407.0
P-705783,2025-06,RAILWAYS,75.0,55.0,235.72,235.72
P-705783,2025-07,RAILWAYS,31.0,55.0,237.64,237.64
P-705783,2025-08,RAILWAYS,77.0,55.0,237.64,237.64
P-705783,2025-09,RAILWAYS,78.0,50.0,237.64,238.0
P-705783,2025-10,RAILWAYS,79.0,50.0,237.64,238.0
P-705783,2025-11,RAILWAYS,80.0,50.0,237.64,238.0
P-705783,2025-12,RAILWAYS,81.0,56.0,237.64,238.0
P-705783,2026-01,RAILWAYS,82.0,56.0,237.64,238.0
P-705784,2025-07,Railways,64.0,95.0,357.0,978.77
P-705784,2025-08,Railways,81.0,95.0,357.0,978.77
P-705785,2025-01,Railways,81.0,2.0,428.65,472.5
P-705785,2025-02,Railways,82.0,2.0,428.65,472.5
P-705785,2025-03,Railways,83.0,2.0,428.65,472.5
P-705785,2025-08,Railways,48.0,4.0,473.0,473.0
P-705785,2025-09,Railways,49.0,5.0,473.0,473.0
P-705785,2025-10,Railways,50.0,5.0,473.0,473.0
P-705785,2025-11,Railways,51.0,5.0,473.0,473.0
P-705785,2025-12,Railways,52.0,5.0,473.0,473.0
P-705785,2026-01,Railways,53.0,5.0,473.0,473.0
P-705789,2025-07,Railways,79.0,60.0,307.66,307.66
P-705789,2025-08,Railways,76.0,61.0,307.66,307.66
P-705789,2025-09,Railways,87.0,61.0,307.66,307.66
P-705789,2025-10,Railways,88.0,65.0,307.66,307.66
P-705793,2025-07,Railways,70.0,0.0,6806.44,6806.44
P-705793,2025-08,Railways,71.0,0.0,6806.44,6806.44
P-705793,2025-09,Railways,72.0,0.0,6806.44,6806.44
P-705794,2025-07,Railways,70.0,0.0,6684.81,6684.81
P-705794,2025-08,Railways,71.0,0.0,6684.81,6684.81
P-705794,2025-09,Railways,72.0,0.0,6684.81,6684.81
P-705794,2025-10,Railways,73.0,0.0,6684.81,6684.81
P-705794,2025-11,Railways,74.0,0.0,6684.81,6684.81
P-705794,2025-12,Railways,75.0,0.0,6684.81,6684.81
P-705794,2026-01,Railways,76.0,0.0,6684.81,6684.81
P-705799,2025-01,Railways,63.0,78.0,1400.0,1400.0
P-705799,2025-02,Railways,64.0,78.0,1400.0,1400.0
P-705799,2025-03,Railways,65.0,85.0,1400.0,2383.0
P-705799,2025-08,Railways,70.0,80.0,1400.0,1400.0
P-705799,2025-09,Railways,71.0,80.0,1400.0,1400.0
P-705799,2025-10,Railways,72.0,80.0,1400.0,1400.0
P-705799,2025-11,Railways,73.0,80.0,1400.0,1400.0
P-705799,2025-12,Railways,74.0,80.0,1400.0,1400.0
P-705799,2026-01,Railways,75.0,80.0,1400.0,1400.0
P-705912,2025-07,Railways,27.0,9.0,1203.89,1203.89
P-705912,2025-08,Railways,28.0,7.0,1203.89,1203.89
P-705912,2025-09,Railways,19.0,7.0,1203.89,1203.89
P-705912,2025-10,Railways,20.0,12.0,1203.89,1203.89
P-705912,2025-11,Railways,21.0,13.0,1203.89,1203.89
P-705912,2025-12,Railways,22.0,13.0,1203.89,1203.89
P-705912,2026-01,Railways,23.0,14.0,1203.89,1203.89
P-705918,2025-01,Railways,57.0,8.0,1456.89,1456.89
P-705918,2025-02,Railways,58.0,8.0,1456.89,1456.89
P-705918,2025-03,Railways,59.0,8.0,1456.89,1456.89
P-705918,2026-01,Railways,69.0,34.0,1457.0,1457.0
P-705919,2025-01,RAILWAYS,,12.0,1389.81,987.83
P-705919,2025-02,RAILWAYS,32.0,12.0,1389.81,987.83
P-705919,2025-03,RAILWAYS,,12.0,1389.81,987.83
P-705919,2025-08,RAILWAYS,38.0,25.0,1390.0,1390.0
P-705919,2025-09,RAILWAYS,39.0,25.0,1390.0,1390.0
P-705919,2025-10,RAILWAYS,40.0,25.0,1390.0,1390.0
P-705919,2025-11,RAILWAYS,41.0,25.0,1390.0,1390.0
P-705919,2025-12,RAILWAYS,42.0,57.0,1390.0,1390.0
P-705919,2026-01,RAILWAYS,43.0,61.0,1390.0,1390.0
P-705933,2025-01,Railways,,71.0,910.0,1095.88
P-705933,2025-08,Railways,46.0,89.0,1095.88,1095.88
P-705933,2025-09,Railways,47.0,89.0,1095.88,1095.88
P-705933,2025-10,Railways,48.0,89.0,1095.88,1095.88
P-705933,2025-11,Railways,49.0,89.0,1095.88,1095.88
P-705933,2025-12,Railways,50.0,89.0,1095.88,1095.88
P-705933,2026-01,Railways,51.0,89.0,1095.88,1095.88
P-705941,2025-12,Railways,62.0,19.0,15767.0,15767.0
P-705941,2026-01,Railways,63.0,19.0,15767.0,15767.0
P-706718,2025-01,CIVIL AVIATION,38.0,38.12,499.0,499.0
P-706718,2025-02,CIVIL AVIATION,39.0,38.16,499.0,499.0
P-706718,2025-03,CIVIL AVIATION,40.0,38.36,499.0,499.0
P-706718,2025-08,CIVIL AVIATION,45.0,41.0,499.0,499.0
P-706718,2025-09,CIVIL AVIATION,46.0,41.0,499.0,499.0
P-706718,2025-10,CIVIL AVIATION,47.0,41.0,499.0,499.0
P-706718,2025-11,CIVIL AVIATION,48.0,42.0,499.0,499.0
P-706718,2025-12,CIVIL AVIATION,49.0,42.0,499.0,499.0
P-706718,2026-01,CIVIL AVIATION,50.0,43.0,499.0,499.0
P-706724,2025-01,CIVIL AVIATION,97.0,76.92,1142.0,2333.0
P-706724,2025-02,CIVIL AVIATION,98.0,80.61,1142.0,2333.0
P-706724,2025-03,CIVIL AVIATION,99.0,83.87,1142.0,2333.0
P-706724,2025-09,CIVIL AVIATION,105.0,91.0,1712.0,1712.0
P-706724,2025-10,CIVIL AVIATION,106.0,91.0,1712.0,1712.0
P-706724,2025-11,CIVIL AVIATION,107.0,94.0,1712.0,1712.0
P-706724,2025-12,CIVIL AVIATION,108.0,96.0,1712.0,2520.0
P-706724,2026-01,CIVIL AVIATION,109.0,96.0,1712.0,2520.0
P-706757,2025-01,Railways,148.0,45.0,261.68,261.68
P-706757,2025-02,Railways,149.0,45.0,261.68,261.68
P-706757,2025-03,Railways,150.0,45.0,261.68,261.68
P-706757,2025-08,Railways,155.0,58.0,262.0,262.0
P-706757,2025-09,Railways,156.0,58.0,262.0,262.0
P-706757,2025-10,Railways,157.0,62.0,262.0,262.0
P-706757,2025-11,Railways,158.0,63.0,262.0,262.0
P-706757,2025-12,Railways,159.0,63.0,262.0,262.0
P-706757,2026-01,Railways,160.0,63.0,262.0,262.0
P-706759,2025-01,Railways,109.0,77.0,1491.47,1600.0
P-706759,2025-02,Railways,110.0,77.0,1491.47,1600.0
P-706759,2025-03,Railways,111.0,77.0,1491.47,1600.0
P-706759,2025-04,Railways,112.0,77.0,2373.64,1600.0
P-706759,2025-05,Railways,113.0,77.0,2373.64,1600.0
P-706759,2025-06,Railways,114.0,77.0,2373.64,1600.0
P-706759,2025-07,Railways,98.0,85.0,2374.0,2374.0
P-706759,2025-08,Railways,113.0,95.0,2373.64,1700.24
P-706759,2025-09,Railways,114.0,96.0,2373.64,1700.24
P-706759,2025-10,Railways,115.0,97.0,2373.64,1700.24
P-706759,2025-11,Railways,116.0,97.0,2373.64,1700.24
P-706759,2025-12,Railways,117.0,98.0,2373.64,1700.24
P-706759,2026-01,Railways,118.0,98.0,2373.64,1700.24
P-706763,2025-08,Railways,46.0,76.0,1080.58,1080.58
P-706763,2025-09,Railways,47.0,76.0,1080.58,1080.58
P-706763,2025-10,Railways,48.0,77.0,1080.58,1080.58
P-706763,2025-11,Railways,49.0,80.0,1080.58,1080.58
P-706763,2025-12,Railways,50.0,78.0,1080.58,1080.58
P-706763,2026-01,Railways,51.0,79.0,1080.58,1080.58
P-706775,2025-07,Telecommunication,165.0,80.52,61109.0,188000.0
P-706775,2025-08,Telecommunication,97.0,81.0,61109.0,188000.0
P-706775,2025-09,Telecommunication,98.0,81.0,61109.0,188000.0
P-706775,2025-10,Telecommunication,99.0,81.0,61109.0,188000.0
P-706775,2025-11,Telecommunication,100.0,81.0,61109.0,188000.0
P-706775,2025-12,Telecommunication,101.0,81.0,61109.0,188000.0
P-706775,2026-01,Telecommunication,102.0,81.0,61109.0,188000.0
P-706776,2025-01,Railways,177.0,17.0,2397.72,2397.72
P-706776,2025-02,Railways,178.0,17.0,2397.72,2397.72
P-706776,2025-03,Railways,179.0,17.0,2397.72,2397.72
P-706776,2025-08,Railways,177.0,32.0,4830.0,4830.0
P-706776,2025-09,Railways,178.0,32.0,4830.0,4830.0
P-706776,2025-10,Railways,179.0,32.0,4830.0,4830.0
P-706776,2025-11,Railways,180.0,32.0,4830.0,4830.0
P-706776,2025-12,Railways,181.0,32.0,4830.0,4830.0
P-706776,2026-01,Railways,182.0,32.0,4830.0,4830.0
P-706777,2025-01,Railways,177.0,,2298.42,2733.86
P-706777,2025-02,Railways,178.0,,2298.42,2733.86
P-706777,2025-03,Railways,179.0,,2298.42,2733.86
P-706777,2025-04,Railways,180.0,,2298.42,2733.86
P-706777,2025-05,Railways,181.0,,2298.42,2733.86
P-706777,2025-06,Railways,182.0,,2298.42,2733.86
P-706777,2025-07,Railways,184.0,17.0,2298.0,2734.0
P-706777,2025-08,Railways,185.0,17.0,2298.0,2734.0
P-706777,2025-09,Railways,186.0,17.0,2298.0,2734.0
P-706777,2025-10,Railways,187.0,17.0,2298.0,2734.0
P-706777,2025-11,Railways,188.0,17.0,2298.0,2734.0
P-706777,2025-12,Railways,189.0,17.0,2298.0,2734.0
P-706777,2026-01,Railways,190.0,17.0,2298.0,2734.0
P-706779,2025-01,Railways,201.0,77.3,5300.0,918.53
P-706779,2025-02,Railways,202.0,77.3,5300.0,918.53
P-706779,2025-03,Railways,203.0,,5300.0,918.53
P-706779,2025-08,Railways,207.0,87.0,8087.0,8087.0
P-706779,2025-09,Railways,208.0,87.0,8087.0,8087.0
P-706779,2025-10,Railways,209.0,87.0,8087.0,8087.0
P-706779,2025-11,Railways,210.0,87.0,8087.0,8087.0
P-706779,2025-12,Railways,211.0,87.0,8087.0,8087.0
P-706779,2026-01,Railways,212.0,88.0,8087.0,8087.0
P-706780,2025-01,Railways,69.0,,33690.0,33690.0
P-706780,2025-02,Railways,70.0,,33690.0,33690.0
P-706780,2025-03,Railways,71.0,,33690.0,33690.0
P-706780,2025-04,Railways,72.0,,33690.0,33690.0
P-706780,2025-05,Railways,73.0,,33690.0,33690.0
P-706780,2025-06,Railways,74.0,,33690.0,33690.0
P-706780,2025-07,Railways,75.0,16.0,33690.0,33690.0
P-706780,2025-08,Railways,76.0,16.0,33690.0,33690.0
P-706780,2025-09,Railways,77.0,16.0,33690.0,33690.0
P-706780,2025-10,Railways,78.0,16.0,33690.0,33690.0
P-706780,2025-11,Railways,79.0,16.0,33690.0,33690.0
P-706780,2025-12,Railways,80.0,20.0,33690.0,33690.0
P-706780,2026-01,Railways,81.0,20.0,33690.0,33690.0
P-706781,2025-07,Railways,103.0,60.0,10947.0,10947.0
P-706781,2025-08,Railways,105.0,60.0,10947.0,10947.0
P-706781,2025-09,Railways,106.0,65.0,10947.0,10947.0
P-706781,2025-10,Railways,107.0,65.0,10947.0,10947.0
P-706781,2025-11,Railways,108.0,65.0,10947.0,10947.0
P-706781,2025-12,Railways,109.0,70.0,10947.0,10947.0
P-706781,2026-01,Railways,110.0,70.0,10947.0,10947.0
P-706811,2025-01,STEEL,110.0,67.4,2907.0,5427.06
P-706811,2025-02,STEEL,111.0,71.2,2907.0,5427.06
P-706811,2025-03,STEEL,112.0,73.8,2907.0,5427.06
P-706811,2025-04,STEEL,113.0,75.2,2907.0,5427.06
P-706811,2025-05,STEEL,114.0,79.2,2907.0,5427.06
P-706811,2025-06,STEEL,115.0,80.7,2907.0,5427.06
P-706811,2025-07,STEEL,58.0,84.0,2907.0,5427.0
P-706811,2025-08,STEEL,117.0,85.0,2907.0,5427.0
P-706811,2025-09,STEEL,118.0,87.0,2907.0,5427.0
P-706811,2025-10,STEEL,119.0,88.0,2907.0,5427.0
P-706811,2025-11,STEEL,120.0,90.0,2907.0,5427.0
P-706811,2025-12,STEEL,121.0,90.0,2907.0,5427.0
P-706811,2026-01,STEEL,122.0,91.0,2907.0,5427.0
P-706835,2025-01,Railways,52.0,,1590.8,927.42
P-706835,2025-02,Railways,53.0,,1590.8,927.42
P-706835,2025-03,Railways,54.0,,1590.8,927.42
P-706835,2025-04,Railways,55.0,,1590.8,927.42
P-706835,2025-05,Railways,56.0,,1590.8,927.42
P-706835,2025-10,Railways,61.0,0.0,1591.0,1591.0
P-706835,2025-11,Railways,62.0,0.0,1591.0,1591.0
P-706835,2025-12,Railways,63.0,0.0,1591.0,1591.0
P-706835,2026-01,Railways,64.0,0.0,1591.0,1591.0
P-706837,2025-01,Railways,26.0,,202.0,349.22
P-706837,2025-02,Railways,27.0,,202.0,349.22
P-706837,2025-03,Railways,28.0,2.0,202.0,349.22
P-706837,2025-09,Railways,34.0,62.0,349.22,349.22
P-706837,2025-10,Railways,35.0,62.0,349.22,349.22
P-706837,2025-11,Railways,36.0,62.0,349.22,349.22
P-706837,2025-12,Railways,37.0,62.0,349.22,349.22
P-706837,2026-01,Railways,38.0,71.0,349.22,349.22
P-706844,2025-08,Railways,36.0,45.0,942.0,942.0
P-706854,2025-01,Railways,31.0,10.0,1376.2,1242.94
P-706854,2025-02,Railways,32.0,10.0,1376.2,1242.94
P-706854,2025-03,Railways,33.0,10.0,1376.2,1242.94
P-706854,2025-08,Railways,38.0,18.0,1376.0,1576.23
P-706854,2025-09,Railways,39.0,18.0,1376.0,1576.23
P-706854,2025-10,Railways,40.0,21.0,1376.0,1576.23
P-706854,2025-11,Railways,41.0,21.0,1376.0,1576.72
P-706854,2025-12,Railways,42.0,22.0,1376.0,1576.72
P-706854,2026-01,Railways,43.0,24.0,1376.0,1576.72
P-706860,2025-01,Railways,30.0,30.0,486.0,486.0
P-706860,2025-02,Railways,31.0,30.0,486.0,486.0
P-706860,2025-03,Railways,32.0,33.0,486.0,486.0
P-706860,2025-09,Railways,35.0,55.0,645.0,645.0
P-706860,2025-10,Railways,36.0,55.0,645.0,645.0
P-706860,2025-11,Railways,37.0,55.0,645.0,645.0
P-706860,2025-12,Railways,38.0,55.0,645.0,645.0
P-706860,2026-01,Railways,39.0,56.0,645.0,645.0
P-706866,2025-01,Railways,25.0,20.0,304.0,239.54
P-706866,2025-02,Railways,26.0,21.0,304.0,239.54
P-706866,2025-03,Railways,27.0,25.0,304.0,239.54
P-706866,2025-04,Railways,28.0,25.0,304.0,239.54
P-706866,2025-05,Railways,29.0,30.0,304.0,239.54
P-706866,2025-06,Railways,30.0,35.0,304.0,239.54
P-706866,2025-07,Railways,30.0,35.0,304.0,304.0
P-706866,2025-08,Railways,32.0,44.0,304.0,304.0
P-706866,2025-09,Railways,33.0,45.0,304.0,304.0
P-706866,2025-10,Railways,34.0,45.0,304.0,304.0
P-706866,2025-11,Railways,35.0,46.0,304.0,304.0
P-706866,2025-12,Railways,36.0,65.0,304.0,304.0
P-706866,2026-01,Railways,37.0,72.0,304.0,304.0
P-706898,2025-07,Railways,70.0,0.0,267.61,267.61
P-706898,2025-08,Railways,71.0,0.0,267.61,267.61
P-706898,2025-09,Railways,84.0,0.0,267.61,267.61
P-706898,2025-10,Railways,85.0,0.0,267.61,267.61
P-706898,2025-11,Railways,86.0,0.0,267.61,267.61
P-706898,2025-12,Railways,87.0,0.0,267.61,267.61
P-706898,2026-01,Railways,88.0,0.0,267.61,267.61
P-706922,2025-07,Railways,82.0,89.0,890.36,889.36
P-706922,2025-08,Railways,59.0,89.0,890.36,889.36
P-706922,2025-09,Railways,60.0,89.0,890.36,889.36
P-706922,2025-10,Railways,61.0,89.0,890.36,889.36
P-706922,2025-11,Railways,62.0,89.0,890.36,889.36
P-706922,2025-12,Railways,63.0,89.0,890.36,889.36
P-706922,2026-01,Railways,64.0,89.0,890.36,889.36
P-706940,2025-08,Railways,43.0,0.0,183.99,183.99
P-706940,2025-09,Railways,84.0,0.0,183.99,183.99
P-706940,2025-10,Railways,85.0,0.0,183.99,183.99
P-706940,2025-11,Railways,86.0,0.0,183.99,183.99
P-706940,2025-12,Railways,87.0,0.0,183.99,183.99
P-706940,2026-01,Railways,88.0,0.0,183.99,183.99
P-706942,2025-08,Railways,43.0,0.0,237.52,237.52
P-706942,2025-09,Railways,84.0,0.0,237.52,237.52
P-706942,2025-10,Railways,85.0,0.0,237.52,237.52
P-706942,2025-11,Railways,86.0,0.0,237.52,237.52
P-706942,2025-12,Railways,87.0,0.0,237.52,237.52
P-706942,2026-01,Railways,88.0,0.0,237.52,237.52
P-706950,2025-07,Railways,86.0,95.0,744.49,1122.62
P-706950,2025-08,Railways,87.0,95.0,744.49,1122.62
P-706950,2025-09,Railways,122.0,95.0,744.49,1122.62
P-706950,2025-10,Railways,123.0,95.0,744.49,1122.62
P-706950,2025-11,Railways,124.0,95.0,744.49,1122.62
P-706950,2025-12,Railways,125.0,99.0,744.49,1122.62
P-706950,2026-01,Railways,126.0,99.0,744.49,1122.62
P-707020,2026-01,Healthcare,82.0,29.0,250.0,500.0
P-707021,2026-01,Healthcare,28.0,26.0,250.0,504.8
P-707022,2026-01,Healthcare,91.0,42.0,250.0,454.1
P-707039,2026-01,Healthcare,87.0,88.0,250.0,635.21
P-707044,2026-01,Healthcare,35.0,45.0,325.0,322.85
P-707045,2026-01,Healthcare,27.0,75.0,325.0,325.0
P-707046,2026-01,Healthcare,71.0,48.0,325.0,325.0
P-707049,2026-01,Healthcare,40.0,33.0,325.0,663.5
P-707050,2026-01,Healthcare,45.0,62.0,325.0,618.98
P-707058,2026-01,Healthcare,49.0,62.0,325.0,325.0
P-707059,2026-01,Healthcare,29.0,35.0,325.0,325.0
P-707069,2026-01,Healthcare,74.0,0.0,325.0,550.0
P-707070,2026-01,Healthcare,72.0,0.0,325.0,374.75
P-707086,2026-01,Healthcare,39.0,30.0,325.0,325.0
P-707087,2026-01,Healthcare,53.0,70.0,325.0,768.89
P-707215,2025-07,"Tourism, Hospitality & Wellness",42.0,66.0,573.0,1238.05
P-707215,2025-08,"Tourism, Hospitality & Wellness",78.0,66.0,573.0,1238.05
P-707215,2025-09,"Tourism, Hospitality & Wellness",79.0,66.0,573.0,1238.05
P-707215,2025-10,"Tourism, Hospitality & Wellness",80.0,66.0,573.0,1238.05
P-707215,2025-11,"Tourism, Hospitality & Wellness",81.0,70.0,573.0,1238.05
P-707215,2025-12,"Tourism, Hospitality & Wellness",82.0,73.0,573.0,1238.05
P-707215,2026-01,"Tourism, Hospitality & Wellness",83.0,73.0,573.0,1238.05
P-707229,2025-07,Real Estate,44.0,0.0,209.88,209.88
P-707229,2025-08,Real Estate,49.0,70.0,209.88,209.88
P-707229,2025-09,Real Estate,50.0,70.0,209.88,209.88
P-707229,2025-10,Real Estate,51.0,70.0,209.88,209.88
P-707229,2025-11,Real Estate,52.0,70.0,209.88,209.88
P-707229,2025-12,Real Estate,53.0,70.0,209.88,209.88
P-707229,2026-01,Real Estate,54.0,70.0,209.88,209.88
P-707267,2025-07,Urban Public Transport,52.0,10.0,200.0,200.0
P-707267,2025-08,Urban Public Transport,53.0,10.0,200.0,200.0
P-707267,2025-09,Urban Public Transport,54.0,10.0,200.0,200.0
P-707267,2025-10,Urban Public Transport,63.0,10.0,200.0,200.0
P-707267,2025-11,Urban Public Transport,64.0,10.0,200.0,200.0
P-707267,2025-12,Urban Public Transport,65.0,10.0,200.0,200.0
P-707410,2026-01,Logistics Infrastructure,92.0,60.0,763.0,763.0
P-708662,2025-07,Healthcare,42.0,0.0,693.0,693.0
P-708662,2025-08,Healthcare,72.0,0.0,693.0,693.0
P-708662,2025-09,Healthcare,73.0,0.0,693.0,693.0
P-708662,2025-10,Healthcare,74.0,0.0,693.0,693.0
P-708662,2025-11,Healthcare,75.0,11.0,693.0,693.0
P-708662,2025-12,Healthcare,76.0,11.0,693.0,693.0
P-709747,2025-03,Electricity Generation,,51.22,339.35,339.35
P-709747,2025-04,Electricity Generation,47.0,51.22,339.35,339.35
P-709747,2025-05,Electricity Generation,48.0,51.22,339.35,339.35
P-709747,2025-06,Electricity Generation,49.0,51.86,339.35,339.35
P-709747,2025-07,Electricity Generation,50.0,51.0,339.35,339.35
P-709747,2025-08,Electricity Generation,53.0,51.0,339.35,339.35
P-709747,2025-09,Electricity Generation,54.0,51.0,339.35,339.35
P-709747,2025-10,Electricity Generation,55.0,51.0,339.35,339.35
P-709747,2025-11,Electricity Generation,56.0,51.0,339.35,339.35
P-709747,2025-12,Electricity Generation,57.0,51.0,339.35,339.35
P-709747,2026-01,Electricity Generation,58.0,51.0,339.35,339.35
P-709748,2025-07,Electricity Generation,38.0,82.0,5491.89,5491.89
P-709748,2025-08,Electricity Generation,46.0,84.0,5491.89,5491.89
P-709749,2025-01,Telecommunication,58.0,81.0,461.42,461.42
P-709749,2025-06,Telecommunication,63.0,81.0,461.42,461.42
P-709749,2025-07,Telecommunication,64.0,81.0,461.42,461.42
P-709749,2025-08,Telecommunication,65.0,81.0,461.42,461.42
P-709749,2025-09,Telecommunication,66.0,81.0,461.42,461.42
P-709749,2025-10,Telecommunication,67.0,81.0,461.42,461.42
P-709749,2025-11,Telecommunication,68.0,81.0,461.42,461.42
P-709750,2025-07,Energy Storage,18.0,39.0,205.0,205.0
P-709750,2025-08,Energy Storage,19.0,42.0,205.0,205.0
P-709750,2025-09,Energy Storage,20.0,48.0,205.0,205.0
P-709750,2025-10,Energy Storage,21.0,51.0,205.0,205.0
P-709750,2025-11,Energy Storage,22.0,52.0,205.0,205.0
P-709750,2025-12,Energy Storage,23.0,53.0,205.0,205.0
P-709750,2026-01,Energy Storage,24.0,56.0,205.0,205.0
P-709752,2025-01,Energy Storage,40.0,47.0,160.0,220.0
P-709752,2025-02,Energy Storage,41.0,53.0,160.0,220.0
P-709752,2025-03,Energy Storage,42.0,54.9,160.0,220.0
P-709752,2025-04,Energy Storage,43.0,56.0,160.0,220.0
P-709752,2025-05,Energy Storage,44.0,58.3,160.0,220.0
P-709752,2025-06,Energy Storage,45.0,59.4,160.0,220.0
P-709752,2025-07,Energy Storage,46.0,64.0,160.0,220.0
P-709752,2025-08,Energy Storage,47.0,69.0,160.0,220.0
P-709752,2025-09,Energy Storage,48.0,72.0,160.0,220.0
P-709752,2025-10,Energy Storage,49.0,76.0,160.0,220.0
P-709752,2025-11,Energy Storage,50.0,79.0,160.0,220.0
P-709752,2025-12,Energy Storage,51.0,80.0,160.0,220.0
P-709752,2026-01,Energy Storage,52.0,82.0,160.0,220.0
P-709753,2025-01,Energy Storage,,66.59,1010.0,1010.0
P-709753,2025-02,Energy Storage,27.0,70.8,1010.0,1010.0
P-709753,2025-03,Energy Storage,28.0,74.78,1010.0,1010.0
P-709753,2025-04,Energy Storage,29.0,76.78,1010.0,1010.0
P-709753,2025-05,Energy Storage,30.0,79.09,1010.0,1010.0
P-709753,2025-06,Energy Storage,31.0,80.09,1010.0,1010.0
P-709753,2025-07,Energy Storage,32.0,81.0,1010.0,1010.0
P-709753,2025-08,Energy Storage,33.0,82.0,1010.0,1010.0
P-709753,2025-09,Energy Storage,34.0,82.0,1010.0,1010.0
P-709753,2025-10,Energy Storage,35.0,84.0,1010.0,1010.0
P-709753,2025-11,Energy Storage,36.0,87.0,1010.0,1010.0
P-709753,2025-12,Energy Storage,37.0,89.0,1010.0,1107.0
P-709753,2026-01,Energy Storage,38.0,92.0,1010.0,1107.0
P-709754,2025-01,Energy Storage,22.0,20.0,156.36,156.36
P-709754,2025-02,Energy Storage,23.0,23.0,156.36,156.36
P-709754,2025-03,Energy Storage,24.0,26.5,156.36,156.36
P-709754,2025-04,Energy Storage,25.0,28.5,156.36,156.36
P-709754,2025-05,Energy Storage,26.0,31.5,156.36,156.36
P-709754,2025-06,Energy Storage,27.0,35.4,156.36,156.36
P-709754,2025-07,Energy Storage,28.0,39.0,156.36,156.36
P-709754,2025-08,Energy Storage,29.0,46.0,156.36,156.36
P-709754,2025-09,Energy Storage,30.0,48.0,156.36,156.36
P-709754,2025-10,Energy Storage,31.0,50.0,156.36,156.36
P-709754,2025-11,Energy Storage,32.0,53.0,156.36,156.36
P-709754,2025-12,Energy Storage,33.0,55.0,156.36,156.36
P-709754,2026-01,Energy Storage,34.0,59.0,156.36,156.36
P-709755,2025-01,Energy Storage,22.0,16.6,384.04,384.04
P-709755,2025-02,Energy Storage,23.0,21.2,384.04,384.04
P-709755,2025-03,Energy Storage,24.0,26.2,384.04,384.04
P-709755,2025-04,Energy Storage,25.0,30.7,384.04,384.04
P-709755,2025-05,Energy Storage,26.0,34.4,384.04,384.04
P-709755,2025-06,Energy Storage,27.0,44.0,384.04,384.04
P-709755,2025-07,Energy Storage,28.0,48.0,384.04,384.04
P-709755,2025-08,Energy Storage,29.0,52.0,384.04,384.04
P-709755,2025-09,Energy Storage,30.0,55.0,384.04,384.04
P-709755,2025-10,Energy Storage,31.0,57.0,384.04,384.04
P-709755,2025-11,Energy Storage,32.0,62.0,384.04,384.04
P-709755,2025-12,Energy Storage,33.0,67.0,384.04,384.04
P-709755,2026-01,Energy Storage,34.0,71.0,384.04,384.04
P-709757,2025-01,Energy Storage,,19.0,1377.0,1377.0
P-709757,2025-02,Energy Storage,32.0,20.9,1377.0,1377.0
P-709757,2025-03,Energy Storage,33.0,21.5,1377.0,1377.0
P-709757,2025-04,Energy Storage,34.0,22.0,1377.0,1377.0
P-709757,2025-05,Energy Storage,35.0,22.6,1377.0,1377.0
P-709757,2025-06,Energy Storage,36.0,24.15,1377.0,1377.0
P-709757,2025-07,Energy Storage,37.0,26.0,1377.0,1377.0
P-709757,2025-08,Energy Storage,38.0,27.0,1377.0,1377.0
P-709757,2025-09,Energy Storage,39.0,27.0,1377.0,1377.0
P-709757,2025-10,Energy Storage,40.0,29.0,1377.0,1377.0
P-709757,2025-11,Energy Storage,41.0,31.0,1377.0,1377.0
P-709757,2025-12,Energy Storage,42.0,32.0,1377.0,1377.0
P-709757,2026-01,Energy Storage,43.0,33.0,1377.0,1377.0
P-709758,2025-01,Energy Storage,31.0,19.9,2628.0,2628.0
P-709758,2025-02,Energy Storage,32.0,20.5,2628.0,2628.0
P-709758,2025-03,Energy Storage,33.0,21.2,2628.0,2628.0
P-709758,2025-04,Energy Storage,34.0,21.7,2628.0,2628.0
P-709758,2025-05,Energy Storage,35.0,22.0,2628.0,2628.0
P-709758,2025-06,Energy Storage,36.0,24.1,2628.0,2628.0
P-709758,2025-07,Energy Storage,37.0,26.0,2628.0,2628.0
P-709758,2025-08,Energy Storage,38.0,27.0,2628.0,2628.0
P-709758,2025-09,Energy Storage,39.0,28.0,2628.0,2628.0
P-709758,2025-10,Energy Storage,40.0,29.0,2628.0,2628.0
P-709758,2025-11,Energy Storage,41.0,30.0,2628.0,2628.0
P-709758,2025-12,Energy Storage,42.0,31.0,2628.0,2628.0
P-709758,2026-01,Energy Storage,43.0,32.0,2628.0,2628.0
P-709759,2025-01,Energy Storage,13.0,30.8,461.05,461.05
P-709759,2025-02,Energy Storage,14.0,34.3,461.05,461.05
P-709759,2025-03,Energy Storage,15.0,37.5,461.05,461.05
P-709759,2025-04,Energy Storage,16.0,40.6,461.05,461.05
P-709759,2025-05,Energy Storage,17.0,44.3,461.05,461.05
P-709759,2025-06,Energy Storage,18.0,47.5,461.05,461.05
P-709759,2025-07,Energy Storage,19.0,51.0,461.05,461.05
P-709759,2025-08,Energy Storage,20.0,54.0,461.05,461.05
P-709759,2025-09,Energy Storage,21.0,60.0,461.05,461.05
P-709759,2025-10,Energy Storage,22.0,64.0,461.05,461.05
P-709759,2025-11,Energy Storage,23.0,67.0,461.05,461.05
P-709759,2025-12,Energy Storage,24.0,72.0,461.05,461.05
P-709759,2026-01,Energy Storage,25.0,76.0,461.05,461.05
P-709760,2025-01,Energy Storage,,17.2,240.0,240.0
P-709760,2025-02,Energy Storage,8.0,19.8,240.0,240.0
P-709760,2025-03,Energy Storage,9.0,22.6,240.0,240.0
P-709760,2025-04,Energy Storage,10.0,25.7,240.0,240.0
P-709760,2025-05,Energy Storage,11.0,26.3,240.0,240.0
P-709760,2025-06,Energy Storage,12.0,33.6,240.0,240.0
P-709760,2025-07,Energy Storage,13.0,37.0,240.0,240.0
P-709760,2025-08,Energy Storage,14.0,40.0,240.0,240.0
P-709760,2025-09,Energy Storage,15.0,45.0,240.0,240.0
P-709760,2025-10,Energy Storage,16.0,54.0,240.0,240.0
P-709760,2025-11,Energy Storage,17.0,62.0,240.0,240.0
P-709760,2025-12,Energy Storage,18.0,70.0,240.0,240.0
P-709760,2026-01,Energy Storage,19.0,72.0,240.0,240.0
P-709766,2025-01,Energy Storage,34.0,5.1,1420.0,1420.0
P-709766,2025-02,Energy Storage,35.0,5.1,1420.0,1420.0
P-709766,2025-03,Energy Storage,36.0,6.1,1420.0,1420.0
P-709766,2025-04,Energy Storage,37.0,6.1,1420.0,1420.0
P-709766,2025-05,Energy Storage,38.0,6.1,1420.0,1420.0
P-709766,2025-06,Energy Storage,39.0,6.2,1420.0,1420.0
P-709766,2025-07,Energy Storage,40.0,6.0,1420.0,1420.0
P-709766,2025-08,Energy Storage,41.0,6.0,1420.0,1420.0
P-709766,2025-09,Energy Storage,42.0,6.0,1420.0,1420.0
P-709766,2025-10,Energy Storage,43.0,6.0,1420.0,1420.0
P-709766,2025-11,Energy Storage,44.0,6.0,1420.0,1420.0
P-709770,2025-01,Energy Storage,34.0,1.5,151.0,151.0
P-709770,2025-02,Energy Storage,35.0,1.5,151.0,151.0
P-709770,2025-03,Energy Storage,36.0,2.0,151.0,151.0
P-709770,2025-04,Energy Storage,37.0,2.0,151.0,151.0
P-709770,2025-05,Energy Storage,38.0,2.0,151.0,151.0
P-709770,2025-06,Energy Storage,39.0,2.0,151.0,151.0
P-709770,2025-07,Energy Storage,40.0,2.0,151.0,151.0
P-709770,2025-08,Energy Storage,41.0,2.0,151.0,151.0
P-709770,2025-09,Energy Storage,42.0,2.0,151.0,151.0
P-709770,2025-10,Energy Storage,43.0,2.0,151.0,151.0
P-709770,2025-11,Energy Storage,44.0,2.0,151.0,151.0
P-709770,2025-12,Energy Storage,45.0,2.0,151.0,151.0
P-709770,2026-01,Energy Storage,46.0,2.0,151.0,151.0
P-709771,2025-01,Energy Storage,34.0,1.9,865.0,865.0
P-709771,2025-02,Energy Storage,35.0,1.9,865.0,865.0
P-709771,2025-03,Energy Storage,36.0,2.8,865.0,865.0
P-709771,2025-04,Energy Storage,37.0,2.8,865.0,865.0
P-709771,2025-05,Energy Storage,38.0,2.8,865.0,865.0
P-709771,2025-06,Energy Storage,39.0,2.8,865.0,865.0
P-709771,2025-07,Energy Storage,40.0,2.0,865.0,865.0
P-709771,2025-08,Energy Storage,41.0,2.0,865.0,865.0
P-709771,2025-09,Energy Storage,42.0,2.0,865.0,865.0
P-709771,2025-10,Energy Storage,43.0,3.0,865.0,865.0
P-709771,2025-11,Energy Storage,44.0,3.0,865.0,865.0
P-709771,2025-12,Energy Storage,45.0,3.0,865.0,865.0
P-709771,2026-01,Energy Storage,46.0,3.0,865.0,865.0
P-709772,2025-01,Energy Storage,34.0,1.5,609.0,609.0
P-709772,2025-02,Energy Storage,35.0,1.6,609.0,609.0
P-709772,2025-03,Energy Storage,36.0,2.0,609.0,609.0
P-709772,2025-04,Energy Storage,37.0,2.1,609.0,609.0
P-709772,2025-05,Energy Storage,38.0,2.1,609.0,609.0
P-709772,2025-06,Energy Storage,39.0,2.1,609.0,609.0
P-709772,2025-07,Energy Storage,40.0,2.0,609.0,609.0
P-709772,2025-08,Energy Storage,41.0,2.0,609.0,609.0
P-709772,2025-09,Energy Storage,42.0,2.0,609.0,609.0
P-709772,2025-10,Energy Storage,43.0,2.0,609.0,609.0
P-709772,2025-11,Energy Storage,44.0,2.0,609.0,609.0
P-709772,2025-12,Energy Storage,45.0,2.0,609.0,609.0
P-709772,2026-01,Energy Storage,46.0,2.0,609.0,609.0
P-709773,2025-01,Energy Storage,,0.4,538.0,538.0
P-709773,2025-02,Energy Storage,35.0,0.4,538.0,538.0
P-709773,2025-03,Energy Storage,36.0,0.6,538.0,538.0
P-709773,2025-08,Energy Storage,41.0,0.0,538.0,538.0
P-709773,2025-09,Energy Storage,42.0,0.0,538.0,538.0
P-709773,2025-10,Energy Storage,43.0,0.0,538.0,538.0
P-709773,2025-11,Energy Storage,44.0,0.0,538.0,538.0
P-709773,2025-12,Energy Storage,45.0,0.0,538.0,538.0
P-709773,2026-01,Energy Storage,46.0,0.0,538.0,538.0
P-709774,2025-01,Energy Storage,36.0,64.5,463.0,500.62
P-709774,2025-02,Energy Storage,37.0,66.0,463.0,500.62
P-709774,2025-03,Energy Storage,38.0,70.14,463.0,500.62
P-709774,2025-04,Energy Storage,39.0,70.72,463.0,500.62
P-709774,2025-05,Energy Storage,40.0,71.1,463.0,500.62
P-709774,2025-06,Energy Storage,41.0,71.1,463.0,500.62
P-709774,2025-07,Energy Storage,42.0,82.0,463.0,500.62
P-709774,2025-08,Energy Storage,43.0,82.0,463.0,500.62
P-709774,2025-09,Energy Storage,44.0,82.0,463.0,500.62
P-709774,2025-10,Energy Storage,45.0,74.0,463.0,500.62
P-709774,2025-11,Energy Storage,46.0,75.0,463.0,500.62
P-709774,2025-12,Energy Storage,47.0,76.0,463.0,500.62
P-709774,2026-01,Energy Storage,48.0,79.0,463.0,500.62
P-709776,2025-01,Energy Storage,34.0,59.1,277.0,277.0
P-709776,2025-02,Energy Storage,35.0,61.6,277.0,277.0
P-709776,2025-03,Energy Storage,36.0,65.11,277.0,277.0
P-709776,2025-04,Energy Storage,37.0,66.02,277.0,277.0
P-709776,2025-05,Energy Storage,38.0,66.4,277.0,277.0
P-709776,2025-06,Energy Storage,39.0,67.67,277.0,277.0
P-709776,2025-07,Energy Storage,39.0,67.0,277.0,323.09
P-709776,2025-08,Energy Storage,40.0,68.0,277.0,323.09
P-709776,2025-09,Energy Storage,41.0,68.0,277.0,323.09
P-709776,2025-10,Energy Storage,42.0,68.0,277.0,323.09
P-709776,2025-11,Energy Storage,43.0,70.0,277.0,323.09
P-709776,2025-12,Energy Storage,44.0,74.0,277.0,323.09
P-709776,2026-01,Energy Storage,45.0,76.0,277.0,323.09
P-709777,2025-01,Energy Storage,36.0,23.9,389.0,389.0
P-709777,2025-02,Energy Storage,37.0,26.1,389.0,389.0
P-709777,2025-03,Energy Storage,38.0,28.6,389.0,389.0
P-709777,2025-08,Energy Storage,43.0,40.0,389.35,340.0
P-709777,2025-09,Energy Storage,44.0,42.0,389.35,340.0
P-709777,2025-10,Energy Storage,45.0,47.0,389.35,340.0
P-709777,2025-11,Energy Storage,46.0,50.0,389.35,340.0
P-709777,2025-12,Energy Storage,47.0,52.0,389.35,340.0
P-709777,2026-01,Energy Storage,48.0,54.0,389.35,340.0
P-709778,2025-01,Energy Storage,36.0,32.8,328.0,328.0
P-709778,2025-02,Energy Storage,37.0,36.1,328.0,328.0
P-709778,2025-03,Energy Storage,38.0,40.0,328.0,328.0
P-709778,2025-08,Energy Storage,43.0,58.0,328.29,287.0
P-709778,2025-09,Energy Storage,44.0,62.0,328.29,287.0
P-709778,2025-10,Energy Storage,45.0,65.0,328.29,287.0
P-709778,2025-11,Energy Storage,46.0,67.0,328.29,287.0
P-709778,2025-12,Energy Storage,47.0,72.0,328.29,287.0
P-709778,2026-01,Energy Storage,48.0,76.0,328.29,287.0
P-709779,2025-01,Energy Storage,31.0,24.6,768.0,768.0
P-709779,2025-02,Energy Storage,32.0,27.0,768.0,768.0
P-709779,2025-03,Energy Storage,33.0,29.0,768.0,768.0
P-709779,2025-04,Energy Storage,34.0,31.4,768.0,768.0
P-709779,2025-05,Energy Storage,35.0,33.1,768.0,768.0
P-709779,2025-10,Energy Storage,40.0,44.0,768.0,740.0
P-709779,2025-11,Energy Storage,41.0,46.0,768.0,740.0
P-709779,2025-12,Energy Storage,42.0,49.0,768.0,740.0
P-709779,2026-01,Energy Storage,43.0,50.0,768.0,740.0
P-709780,2025-01,Energy Storage,33.0,37.7,341.43,436.14
P-709780,2025-02,Energy Storage,34.0,40.9,341.43,436.14
P-709780,2025-03,Energy Storage,35.0,45.1,341.43,436.14
P-709780,2025-04,Energy Storage,36.0,45.8,341.43,436.14
P-709780,2025-05,Energy Storage,37.0,47.52,341.43,436.14
P-709780,2025-06,Energy Storage,38.0,49.5,341.43,436.14
P-709780,2025-07,Energy Storage,39.0,50.0,341.43,436.14
P-709780,2025-08,Energy Storage,40.0,51.0,341.43,436.14
P-709780,2025-09,Energy Storage,41.0,51.0,341.43,436.14
P-709780,2025-10,Energy Storage,42.0,52.0,341.43,436.14
P-709780,2025-11,Energy Storage,43.0,55.0,341.43,436.14
P-709780,2025-12,Energy Storage,44.0,55.0,341.43,436.14
P-709780,2026-01,Energy Storage,45.0,57.0,341.43,436.14
P-709781,2025-01,Energy Storage,33.0,22.8,260.12,260.12
P-709781,2025-02,Energy Storage,34.0,22.8,260.12,260.12
P-709781,2025-03,Energy Storage,35.0,25.0,260.12,260.12
P-709781,2025-04,Energy Storage,36.0,25.0,260.12,260.12
P-709781,2025-05,Energy Storage,37.0,25.0,260.12,260.12
P-709781,2025-06,Energy Storage,38.0,25.0,260.12,260.12
P-709781,2025-07,Energy Storage,39.0,25.0,260.12,260.12
P-709781,2025-08,Energy Storage,40.0,26.0,260.12,260.12
P-709781,2025-09,Energy Storage,41.0,28.0,260.12,260.12
P-709781,2025-10,Energy Storage,42.0,30.0,260.12,260.12
P-709781,2025-11,Energy Storage,43.0,33.0,260.12,260.12
P-709781,2025-12,Energy Storage,44.0,36.0,260.12,260.12
P-709781,2026-01,Energy Storage,45.0,39.0,260.12,260.12
P-709782,2025-01,Energy Storage,28.0,57.62,165.0,165.0
P-709782,2025-02,Energy Storage,29.0,59.59,165.0,165.0
P-709782,2025-03,Energy Storage,30.0,60.58,165.0,165.0
P-709782,2025-04,Energy Storage,31.0,64.01,165.0,165.0
P-709782,2025-05,Energy Storage,32.0,65.93,165.0,165.0
P-709782,2025-06,Energy Storage,33.0,69.8,165.0,165.0
P-709782,2025-07,Energy Storage,35.0,72.0,165.0,165.0
P-709782,2025-08,Energy Storage,36.0,74.0,165.0,165.0
P-709782,2025-09,Energy Storage,37.0,75.0,165.0,165.0
P-709782,2025-10,Energy Storage,38.0,78.0,165.0,165.0
P-709782,2025-11,Energy Storage,39.0,79.0,165.0,165.0
P-709782,2025-12,Energy Storage,40.0,83.0,165.0,165.0
P-709782,2026-01,Energy Storage,41.0,88.0,165.0,165.0
P-709783,2025-07,Energy Storage,55.0,70.0,165.13,247.69
P-709783,2025-08,Energy Storage,56.0,72.0,165.13,247.69
P-709783,2025-09,Energy Storage,57.0,74.0,165.13,247.69
P-709783,2025-10,Energy Storage,58.0,76.0,165.13,247.69
P-709783,2025-11,Energy Storage,59.0,77.0,165.13,247.69
P-709783,2025-12,Energy Storage,60.0,79.0,165.13,247.69
P-709783,2026-01,Energy Storage,61.0,81.0,165.13,247.69
P-709785,2025-01,Energy Storage,22.0,37.48,202.07,202.07
P-709785,2025-02,Energy Storage,23.0,38.68,202.07,202.07
P-709785,2025-03,Energy Storage,24.0,40.57,202.07,202.07
P-709785,2025-04,Energy Storage,25.0,42.06,202.07,202.07
P-709785,2025-05,Energy Storage,26.0,42.91,202.07,202.07
P-709785,2025-06,Energy Storage,27.0,42.95,202.07,202.07
P-709785,2025-07,Energy Storage,29.0,45.0,202.07,202.07
P-709785,2025-08,Energy Storage,30.0,45.0,202.07,202.07
P-709785,2025-09,Energy Storage,31.0,47.0,202.07,202.07
P-709785,2025-10,Energy Storage,32.0,48.0,202.07,202.07
P-709785,2025-11,Energy Storage,33.0,50.0,202.07,202.07
P-709785,2025-12,Energy Storage,34.0,50.0,202.07,202.07
P-709785,2026-01,Energy Storage,35.0,50.0,202.07,202.07
P-709786,2025-01,Energy Storage,17.0,13.9,227.62,227.62
P-709786,2025-02,Energy Storage,18.0,15.5,227.62,227.62
P-709786,2025-03,Energy Storage,19.0,17.0,227.62,227.62
P-709786,2025-04,Energy Storage,20.0,17.5,227.62,227.62
P-709786,2025-05,Energy Storage,21.0,18.0,227.62,227.62
P-709786,2025-06,Energy Storage,22.0,19.0,227.62,227.62
P-709786,2025-07,Energy Storage,23.0,20.0,227.62,227.62
P-709786,2025-08,Energy Storage,24.0,22.0,227.62,227.62
P-709786,2025-09,Energy Storage,25.0,23.0,227.62,227.62
P-709786,2025-10,Energy Storage,26.0,25.0,227.62,227.62
P-709786,2025-11,Energy Storage,27.0,26.0,227.62,227.62
P-709786,2025-12,Energy Storage,28.0,28.0,227.62,227.62
P-709786,2026-01,Energy Storage,29.0,31.0,227.62,227.62
P-709789,2025-07,Energy Storage,28.0,84.0,405.0,343.0
P-709789,2025-08,Energy Storage,29.0,86.0,405.0,343.0
P-709789,2025-09,Energy Storage,30.0,89.0,405.0,343.0
P-709789,2025-10,Energy Storage,31.0,92.0,405.0,343.0
P-709790,2025-07,Energy Storage,28.0,83.0,621.87,621.87
P-709790,2025-08,Energy Storage,29.0,85.0,621.87,621.87
P-709790,2025-09,Energy Storage,30.0,87.0,621.87,621.87
P-709790,2025-10,Energy Storage,31.0,88.0,621.87,621.87
P-709791,2025-01,Energy Storage,25.0,22.9,1017.0,1017.0
P-709791,2025-02,Energy Storage,26.0,25.2,1017.0,1017.0
P-709791,2025-03,Energy Storage,27.0,27.8,1017.0,1017.0
P-709791,2025-04,Energy Storage,28.0,29.8,1017.0,1017.0
P-709791,2025-05,Energy Storage,29.0,30.6,1017.0,1017.0
P-709791,2025-06,Energy Storage,30.0,31.9,1017.0,1017.0
P-709791,2025-07,Energy Storage,31.0,32.0,1017.0,1017.0
P-709791,2025-08,Energy Storage,32.0,39.0,1017.0,1017.0
P-709791,2025-09,Energy Storage,33.0,39.0,1017.0,1017.0
P-709791,2025-10,Energy Storage,34.0,40.0,1017.0,1017.0
P-709791,2025-11,Energy Storage,35.0,40.0,1017.0,1017.0
P-709791,2025-12,Energy Storage,36.0,40.0,1017.0,1017.0
P-709791,2026-01,Energy Storage,37.0,42.0,1017.0,1017.0
P-709792,2025-01,Energy Storage,25.0,14.7,3638.0,3638.0
P-709792,2025-02,Energy Storage,26.0,17.2,3638.0,3638.0
P-709792,2025-03,Energy Storage,27.0,18.2,3638.0,3638.0
P-709792,2025-04,Energy Storage,28.0,19.0,3638.0,3638.0
P-709792,2025-05,Energy Storage,29.0,19.7,3638.0,3638.0
P-709792,2025-06,Energy Storage,30.0,20.8,3638.0,3638.0
P-709792,2025-07,Energy Storage,31.0,21.0,3638.0,3638.0
P-709792,2025-08,Energy Storage,32.0,29.0,3638.0,3638.0
P-709792,2025-09,Energy Storage,33.0,29.0,3638.0,3638.0
P-709792,2025-10,Energy Storage,34.0,29.0,3638.0,3638.0
P-709792,2025-11,Energy Storage,35.0,29.0,3638.0,3638.0
P-709792,2025-12,Energy Storage,36.0,30.0,3638.0,3638.0
P-709792,2026-01,Energy Storage,37.0,31.0,3638.0,3638.0
P-709793,2025-01,Energy Storage,25.0,12.7,3919.0,3919.0
P-709793,2025-02,Energy Storage,26.0,12.8,3919.0,3919.0
P-709793,2025-03,Energy Storage,27.0,12.9,3919.0,3919.0
P-709793,2025-04,Energy Storage,28.0,13.0,3919.0,3919.0
P-709793,2025-05,Energy Storage,29.0,13.3,3919.0,3919.0
P-709793,2025-06,Energy Storage,30.0,13.6,3919.0,3919.0
P-709793,2025-07,Energy Storage,31.0,14.0,3919.0,3919.0
P-709793,2025-08,Energy Storage,32.0,18.0,3919.0,3919.0
P-709793,2025-09,Energy Storage,33.0,19.0,3919.0,3919.0
P-709793,2025-10,Energy Storage,34.0,20.0,3919.0,3919.0
P-709793,2025-11,Energy Storage,35.0,21.0,3919.0,3919.0
P-709793,2025-12,Energy Storage,36.0,23.0,3919.0,3919.0
P-709793,2026-01,Energy Storage,37.0,26.0,3919.0,3919.0
P-709794,2025-01,Energy Storage,25.0,17.1,3207.0,3207.0
P-709794,2025-02,Energy Storage,26.0,17.9,3207.0,3207.0
P-709794,2025-03,Energy Storage,27.0,19.7,3207.0,3207.0
P-709794,2025-04,Energy Storage,28.0,19.8,3207.0,3207.0
P-709794,2025-05,Energy Storage,29.0,20.6,3207.0,3207.0
P-709794,2025-06,Energy Storage,30.0,21.9,3207.0,3207.0
P-709794,2025-07,Energy Storage,31.0,22.0,3207.0,3207.0
P-709794,2025-08,Energy Storage,32.0,24.0,3207.0,3207.0
P-709794,2025-09,Energy Storage,33.0,24.0,3207.0,3207.0
P-709794,2025-10,Energy Storage,34.0,25.0,3207.0,3207.0
P-709794,2025-11,Energy Storage,35.0,26.0,3207.0,3207.0
P-709794,2025-12,Energy Storage,36.0,27.0,3207.0,3207.0
P-709794,2026-01,Energy Storage,37.0,28.0,3207.0,3207.0
P-709795,2025-01,Energy Storage,25.0,6.4,16654.0,16654.0
P-709795,2025-02,Energy Storage,26.0,7.2,16654.0,16654.0
P-709795,2025-03,Energy Storage,27.0,9.3,16654.0,16654.0
P-709795,2025-04,Energy Storage,28.0,9.4,16654.0,16654.0
P-709795,2025-05,Energy Storage,29.0,9.5,16654.0,16654.0
P-709795,2025-06,Energy Storage,30.0,9.7,16654.0,16654.0
P-709795,2025-07,Energy Storage,31.0,9.0,16654.0,16654.0
P-709795,2025-08,Energy Storage,32.0,11.0,16654.0,16654.0
P-709795,2025-09,Energy Storage,33.0,11.0,16654.0,16654.0
P-709795,2025-10,Energy Storage,34.0,12.0,16654.0,16654.0
P-709795,2025-11,Energy Storage,35.0,12.0,16654.0,16654.0
P-709795,2025-12,Energy Storage,36.0,13.0,16654.0,16654.0
P-709795,2026-01,Energy Storage,37.0,14.0,16654.0,16654.0
P-709796,2025-01,Energy Storage,25.0,7.2,3685.0,3685.0
P-709796,2025-02,Energy Storage,26.0,8.2,3685.0,3685.0
P-709796,2025-03,Energy Storage,27.0,10.0,3685.0,3685.0
P-709796,2025-04,Energy Storage,28.0,10.4,3685.0,3685.0
P-709796,2025-05,Energy Storage,29.0,10.8,3685.0,3685.0
P-709796,2025-06,Energy Storage,30.0,11.2,3685.0,3685.0
P-709796,2025-07,Energy Storage,31.0,11.0,3685.0,3685.0
P-709796,2025-08,Energy Storage,32.0,17.0,3685.0,3685.0
P-709796,2025-09,Energy Storage,33.0,18.0,3685.0,3685.0
P-709796,2025-10,Energy Storage,34.0,20.0,3685.0,3685.0
P-709796,2025-11,Energy Storage,35.0,21.0,3685.0,3685.0
P-709796,2025-12,Energy Storage,36.0,22.0,3685.0,3685.0
P-709796,2026-01,Energy Storage,37.0,23.0,3685.0,3685.0
P-709797,2025-01,Energy Storage,20.0,45.8,2585.0,2585.0
P-709797,2025-02,Energy Storage,21.0,48.0,2585.0,2585.0
P-709797,2025-03,Energy Storage,22.0,51.0,2585.0,2585.0
P-709797,2025-04,Energy Storage,23.0,53.0,2585.0,2585.0
P-709797,2025-05,Energy Storage,24.0,53.8,2585.0,2585.0
P-709797,2025-06,Energy Storage,25.0,56.5,2585.0,2585.0
P-709797,2025-07,Energy Storage,26.0,58.0,2585.0,2585.0
P-709797,2025-08,Energy Storage,27.0,61.0,2585.0,2585.0
P-709797,2025-09,Energy Storage,28.0,63.0,2585.0,2585.0
P-709797,2025-10,Energy Storage,29.0,65.0,2585.0,2585.0
P-709797,2025-11,Energy Storage,30.0,67.0,2585.0,2585.0
P-709797,2025-12,Energy Storage,31.0,80.0,2585.0,2585.0
P-709797,2026-01,Energy Storage,32.0,74.0,2585.0,2585.0
P-709798,2025-01,Energy Storage,20.0,8.9,43367.0,43367.0
P-709798,2025-02,Energy Storage,21.0,9.9,43367.0,43367.0
P-709798,2025-03,Energy Storage,22.0,11.0,43367.0,43367.0
P-709798,2025-04,Energy Storage,23.0,11.5,43367.0,43367.0
P-709798,2025-05,Energy Storage,24.0,12.2,43367.0,43367.0
P-709798,2025-06,Energy Storage,25.0,13.0,43367.0,43367.0
P-709798,2025-07,Energy Storage,26.0,13.0,43367.0,43367.0
P-709798,2025-08,Energy Storage,27.0,14.0,43367.0,43367.0
P-709798,2025-09,Energy Storage,28.0,15.0,43367.0,43367.0
P-709798,2025-10,Energy Storage,29.0,16.0,43367.0,43367.0
P-709798,2025-11,Energy Storage,30.0,17.0,43367.0,43367.0
P-709798,2025-12,Energy Storage,31.0,18.0,43367.0,43367.0
P-709798,2026-01,Energy Storage,32.0,19.0,43367.0,43367.0
P-709799,2025-01,Energy Storage,13.0,6.9,4460.0,4460.0
P-709799,2025-02,Energy Storage,14.0,8.2,4460.0,4460.0
P-709799,2025-03,Energy Storage,15.0,8.7,4460.0,4460.0
P-709799,2025-04,Energy Storage,16.0,9.6,4460.0,4460.0
P-709799,2025-05,Energy Storage,17.0,10.1,4460.0,4460.0
P-709799,2025-06,Energy Storage,18.0,11.1,4460.0,4460.0
P-709799,2025-07,Energy Storage,19.0,12.0,4460.0,4460.0
P-709799,2025-08,Energy Storage,20.0,13.0,4460.0,4460.0
P-709799,2025-09,Energy Storage,21.0,15.0,4460.0,4460.0
P-709799,2025-10,Energy Storage,22.0,17.0,4460.0,4460.0
P-709799,2025-11,Energy Storage,23.0,18.0,4460.0,4460.0
P-709799,2025-12,Energy Storage,24.0,20.0,4460.0,4460.0
P-709799,2026-01,Energy Storage,25.0,22.0,4460.0,4460.0
P-709800,2025-07,Energy Storage,51.0,43.0,393.54,393.54
P-709800,2025-08,Energy Storage,52.0,44.0,393.54,393.54
P-709800,2025-09,Energy Storage,53.0,45.0,393.54,393.54
P-709800,2025-10,Energy Storage,54.0,48.0,393.54,393.54
P-709800,2025-11,Energy Storage,55.0,52.0,393.54,393.54
P-709800,2025-12,Energy Storage,56.0,54.0,393.54,393.54
P-709800,2026-01,Energy Storage,57.0,64.0,393.54,393.54
P-709808,2025-07,Railways,42.0,2.0,955.0,2094.0
P-709808,2025-08,Railways,43.0,11.0,955.39,2093.82
P-709811,2025-01,Railways,28.0,,189.93,189.93
P-709811,2025-02,Railways,29.0,,189.93,189.93
P-709811,2025-03,Railways,30.0,,189.93,189.93
P-709811,2025-11,Railways,38.0,0.0,190.0,189.93
P-709811,2025-12,Railways,39.0,0.0,190.0,189.93
P-709811,2026-01,Railways,40.0,0.0,190.0,189.93
P-709812,2025-01,Railways,,7.0,335.34,461.91
P-709812,2025-02,Railways,33.0,7.0,335.34,461.91
P-709812,2025-03,Railways,,7.0,335.34,461.91
P-709812,2025-08,Railways,,7.0,461.91,461.91
P-709812,2025-09,Railways,40.0,7.0,461.91,461.91
P-709812,2025-10,Railways,41.0,7.0,461.91,461.91
P-709812,2025-11,Railways,42.0,8.0,461.91,461.91
P-709812,2025-12,Railways,43.0,8.0,461.91,461.91
P-709812,2026-01,Railways,44.0,8.0,461.91,461.91
P-709813,2025-01,Railways,27.0,,437.21,437.21
P-709813,2025-02,Railways,28.0,,437.21,437.21
P-709813,2025-03,Railways,29.0,,437.21,437.21
P-709813,2025-04,Railways,30.0,,437.21,437.21
P-709813,2025-05,Railways,31.0,,437.21,437.21
P-709813,2025-06,Railways,32.0,9.0,437.21,437.21
P-709813,2025-07,Railways,,15.0,437.21,437.21
P-709813,2025-08,Railways,,15.0,437.21,437.21
P-709813,2025-09,Railways,35.0,15.0,437.21,437.21
P-709813,2025-10,Railways,36.0,17.0,437.21,437.21
P-709813,2025-11,Railways,37.0,18.0,437.21,437.21
P-709813,2025-12,Railways,38.0,19.0,437.21,437.21
P-709813,2026-01,Railways,39.0,20.0,437.21,437.21
P-709815,2025-01,Railways,25.0,,177.03,177.03
P-709815,2025-02,Railways,26.0,,177.03,177.03
P-709815,2025-03,Railways,27.0,,177.03,177.03
P-709815,2025-08,Railways,15.0,2.0,177.03,177.03
P-709815,2025-09,Railways,36.0,2.0,177.03,177.03
P-709815,2025-10,Railways,37.0,3.0,177.03,177.03
P-709815,2025-11,Railways,38.0,3.0,177.03,177.03
P-709815,2025-12,Railways,39.0,4.0,177.03,177.03
P-709815,2026-01,Railways,40.0,4.0,177.03,177.03
P-709816,2025-01,Railways,28.0,,169.06,177.34
P-709816,2025-02,Railways,29.0,,169.06,177.34
P-709816,2025-03,Railways,30.0,,169.06,177.34
P-709816,2025-08,Railways,15.0,2.0,177.34,177.34
P-709816,2025-09,Railways,36.0,4.0,177.34,177.34
P-709816,2025-10,Railways,37.0,5.0,177.34,177.34
P-709816,2025-11,Railways,38.0,6.0,177.34,177.34
P-709816,2025-12,Railways,39.0,6.0,177.34,177.34
P-709816,2026-01,Railways,40.0,7.0,177.34,177.34
P-709817,2025-01,Railways,28.0,,169.06,169.06
P-709817,2025-02,Railways,29.0,5.0,169.06,169.06
P-709817,2025-03,Railways,30.0,20.0,169.06,169.06
P-709817,2025-08,Railways,15.0,60.0,169.06,169.06
P-709817,2025-09,Railways,36.0,60.0,169.06,169.06
P-709817,2025-10,Railways,37.0,60.0,169.06,169.06
P-709817,2025-11,Railways,38.0,60.0,169.06,169.06
P-709817,2025-12,Railways,39.0,62.0,169.06,169.06
P-709817,2026-01,Railways,40.0,63.0,169.06,169.06
P-709818,2025-01,Railways,28.0,5.0,328.34,328.34
P-709818,2025-02,Railways,29.0,5.0,328.34,328.34
P-709818,2025-03,Railways,30.0,15.0,328.34,328.34
P-709818,2025-08,Railways,15.0,25.0,328.34,328.34
P-709818,2025-09,Railways,36.0,25.0,328.34,328.34
P-709818,2025-10,Railways,37.0,26.0,328.34,328.34
P-709818,2025-11,Railways,38.0,27.0,328.34,328.34
P-709818,2025-12,Railways,39.0,28.0,328.34,328.34
P-709818,2026-01,Railways,40.0,30.0,328.34,328.34
P-709819,2025-01,Railways,28.0,,167.64,167.64
P-709819,2025-02,Railways,29.0,,167.64,167.64
P-709819,2025-03,Railways,30.0,,167.64,167.64
P-709819,2025-08,Railways,35.0,2.0,167.64,167.64
P-709819,2025-09,Railways,36.0,3.0,167.64,167.64
P-709819,2025-10,Railways,37.0,4.0,167.64,167.64
P-709819,2025-11,Railways,38.0,4.0,167.64,167.64
P-709819,2025-12,Railways,39.0,5.0,167.64,167.64
P-709819,2026-01,Railways,40.0,6.0,167.64,167.64
P-709826,2025-01,Steel,,68.02,2092.97,2718.84
P-709826,2025-02,Steel,47.0,68.92,2092.97,2718.84
P-709826,2025-03,Steel,48.0,69.93,2092.97,2718.84
P-709826,2025-04,Steel,49.0,70.31,2092.97,2718.84
P-709826,2025-05,Steel,50.0,70.81,2092.97,2718.84
P-709826,2025-06,Steel,51.0,71.31,2092.97,2718.84
P-709826,2025-07,Steel,45.0,72.0,2718.84,2718.84
P-709826,2025-08,Steel,46.0,72.0,2718.84,2718.84
P-709826,2025-09,Steel,47.0,73.0,2718.84,2718.84
P-709827,2025-01,Steel,42.0,63.56,282.44,349.75
P-709827,2025-02,Steel,43.0,68.5,282.44,349.75
P-709827,2025-03,Steel,44.0,74.0,282.44,349.75
P-709827,2025-04,Steel,45.0,78.0,282.44,349.75
P-709827,2025-05,Steel,46.0,80.66,282.44,349.75
P-709827,2025-06,Steel,47.0,81.86,282.44,349.75
P-709827,2025-07,Steel,33.0,85.0,349.75,349.75
P-709827,2025-08,Steel,34.0,88.0,349.75,349.75
P-709827,2025-09,Steel,35.0,91.0,349.75,349.75
P-709829,2025-07,Urban Public Transport,113.0,0.0,1021.97,1021.97
P-709830,2025-01,Urban Public Transport,109.0,12.6,355.0,581.0
P-709830,2025-02,Urban Public Transport,110.0,12.6,355.0,581.0
P-709830,2025-03,Urban Public Transport,111.0,12.6,355.0,581.0
P-709830,2025-08,Urban Public Transport,100.0,0.0,355.0,581.0
P-709830,2025-09,Urban Public Transport,101.0,0.0,355.0,581.0
P-709830,2025-10,Urban Public Transport,102.0,0.0,355.0,581.0
P-709830,2025-11,Urban Public Transport,103.0,12.0,355.0,581.0
P-709831,2025-01,Urban Public Transport,86.0,87.62,483.0,483.0
P-709831,2025-08,Urban Public Transport,93.0,90.0,483.0,483.0
P-709831,2025-09,Urban Public Transport,94.0,90.0,483.0,483.0
P-709831,2025-10,Urban Public Transport,95.0,90.0,483.0,483.0
P-709831,2025-11,Urban Public Transport,96.0,91.0,483.0,483.0
P-709831,2025-12,Urban Public Transport,97.0,91.0,483.0,483.0
P-709831,2026-01,Urban Public Transport,98.0,91.0,483.0,483.0
P-709832,2025-01,Urban Public Transport,88.0,65.0,166.62,163.17
P-709832,2025-02,Urban Public Transport,89.0,65.0,166.62,163.17
P-709832,2025-03,Urban Public Transport,90.0,65.0,166.62,163.17
P-709832,2025-08,Urban Public Transport,95.0,65.0,166.0,166.0
P-709832,2025-09,Urban Public Transport,96.0,65.0,166.0,166.0
P-709832,2025-10,Urban Public Transport,97.0,65.0,166.0,166.0
P-709832,2025-11,Urban Public Transport,98.0,65.0,166.0,166.0
P-709832,2025-12,Urban Public Transport,99.0,66.0,166.0,166.0
P-709832,2026-01,Urban Public Transport,100.0,66.0,166.0,166.0
P-709837,2025-07,Energy Storage,40.0,62.0,209.33,131.51
P-709837,2025-08,Energy Storage,41.0,62.0,209.33,131.51
P-709837,2025-09,Energy Storage,42.0,63.0,209.33,131.51
P-709837,2025-10,Energy Storage,43.0,66.0,209.33,131.51
P-709837,2025-11,Energy Storage,44.0,66.0,209.33,131.51
P-709837,2025-12,Energy Storage,45.0,66.0,209.33,131.51
P-709837,2026-01,Energy Storage,46.0,66.0,209.33,131.51
P-709838,2025-01,Energy Storage,36.0,21.4,621.4,621.4
P-709838,2025-02,Energy Storage,37.0,21.4,621.4,621.4
P-709838,2025-03,Energy Storage,38.0,21.4,621.4,621.4
P-709838,2025-04,Energy Storage,39.0,21.4,621.4,621.4
P-709838,2025-05,Energy Storage,40.0,21.4,621.4,621.4
P-709838,2025-06,Energy Storage,41.0,21.4,621.4,621.4
P-709838,2025-07,Energy Storage,42.0,21.0,621.4,621.4
P-709838,2025-08,Energy Storage,43.0,21.0,621.4,621.4
P-709838,2025-09,Energy Storage,44.0,21.0,621.4,621.4
P-709838,2025-10,Energy Storage,45.0,24.0,621.4,739.02
P-709838,2025-11,Energy Storage,46.0,24.0,621.4,739.02
P-709838,2025-12,Energy Storage,47.0,25.0,621.4,739.02
P-709838,2026-01,Energy Storage,48.0,28.0,621.4,739.02
P-709839,2025-01,Energy Storage,31.0,23.7,4144.41,6406.9
P-709839,2025-02,Energy Storage,32.0,58.2,4144.41,6406.9
P-709839,2025-03,Energy Storage,33.0,69.4,4144.41,6406.9
P-709839,2025-04,Energy Storage,34.0,77.1,4144.41,6406.9
P-709839,2025-05,Energy Storage,35.0,80.5,4144.41,6406.9
P-709839,2025-06,Energy Storage,36.0,80.5,4144.41,6406.9
P-709839,2025-07,Energy Storage,37.0,83.0,4144.41,6406.9
P-709839,2025-08,Energy Storage,38.0,85.0,4144.41,6406.9
P-709839,2025-09,Energy Storage,39.0,87.0,4144.41,6406.9
P-709839,2025-10,Energy Storage,40.0,88.0,4144.41,6406.9
P-709839,2025-11,Energy Storage,41.0,90.0,4144.41,6406.9
P-709839,2025-12,Energy Storage,42.0,93.0,4144.41,6406.9
P-709839,2026-01,Energy Storage,43.0,94.0,4144.41,6406.9
P-709840,2025-01,Energy Storage,32.0,88.2,249.43,249.43
P-709840,2025-02,Energy Storage,33.0,90.2,249.43,249.43
P-709840,2025-03,Energy Storage,34.0,91.1,249.43,249.43
P-709840,2025-08,Energy Storage,39.0,94.0,249.43,249.43
P-709840,2025-09,Energy Storage,40.0,94.0,249.43,249.43
P-709840,2025-10,Energy Storage,41.0,95.0,249.43,249.43
P-709840,2025-11,Energy Storage,42.0,95.0,249.43,249.43
P-709840,2025-12,Energy Storage,43.0,95.0,249.43,249.43
P-709840,2026-01,Energy Storage,44.0,96.0,249.43,249.43
P-709841,2025-01,Energy Storage,42.0,81.6,173.03,169.84
P-709841,2025-02,Energy Storage,43.0,82.5,173.03,169.84
P-709841,2025-03,Energy Storage,44.0,83.3,173.03,169.84
P-709841,2025-08,Energy Storage,49.0,87.0,173.03,169.84
P-709841,2025-09,Energy Storage,50.0,88.0,173.03,169.84
P-709841,2025-10,Energy Storage,51.0,89.0,173.03,169.84
P-709841,2025-11,Energy Storage,52.0,89.0,173.03,169.84
P-709841,2025-12,Energy Storage,53.0,89.0,173.03,169.84
P-709841,2026-01,Energy Storage,54.0,90.0,173.03,169.84
P-709842,2025-01,Energy Storage,,56.8,1487.41,1487.41
P-709842,2025-02,Energy Storage,30.0,56.8,1487.41,1487.41
P-709842,2025-03,Energy Storage,31.0,59.0,1487.41,1487.41
P-709842,2025-04,Energy Storage,32.0,60.0,1487.41,1487.41
P-709842,2025-05,Energy Storage,33.0,60.0,1487.41,1487.41
P-709842,2025-06,Energy Storage,34.0,60.0,1487.41,1487.41
P-709842,2025-07,Energy Storage,35.0,61.0,1487.41,1487.41
P-709842,2025-08,Energy Storage,36.0,62.0,1487.41,1487.41
P-709842,2025-09,Energy Storage,37.0,62.0,1487.41,1487.41
P-709842,2025-10,Energy Storage,38.0,62.0,1487.41,1487.41
P-709842,2025-11,Energy Storage,39.0,62.0,1487.41,1487.41
P-709842,2025-12,Energy Storage,40.0,63.0,1487.41,1487.41
P-709842,2026-01,Energy Storage,41.0,63.0,1487.41,1487.41
P-709845,2025-01,Energy Storage,26.0,32.9,837.34,837.34
P-709845,2025-02,Energy Storage,27.0,37.2,837.34,837.34
P-709845,2025-03,Energy Storage,28.0,39.5,837.34,837.34
P-709845,2025-04,Energy Storage,29.0,42.1,837.34,837.34
P-709845,2025-05,Energy Storage,30.0,45.1,837.34,837.34
P-709845,2025-06,Energy Storage,31.0,46.7,837.34,837.34
P-709845,2025-07,Energy Storage,32.0,49.0,837.34,837.34
P-709845,2025-08,Energy Storage,33.0,52.0,837.34,837.34
P-709845,2025-09,Energy Storage,34.0,54.0,837.34,837.34
P-709845,2025-10,Energy Storage,35.0,56.0,837.34,837.34
P-709845,2025-11,Energy Storage,36.0,57.0,837.34,837.34
P-709845,2025-12,Energy Storage,37.0,59.0,837.34,837.34
P-709845,2026-01,Energy Storage,38.0,60.0,837.34,837.34
P-709846,2025-01,Energy Storage,26.0,65.4,1219.48,1145.1
P-709846,2025-06,Energy Storage,31.0,87.0,1219.48,1145.1
P-709846,2025-07,Energy Storage,32.0,90.0,1219.48,1145.1
P-709846,2025-08,Energy Storage,33.0,90.0,1219.48,1145.1
P-709846,2025-09,Energy Storage,34.0,90.0,1219.48,1145.1
P-709846,2025-10,Energy Storage,35.0,90.0,1219.48,1145.1
P-709846,2025-11,Energy Storage,36.0,90.0,1219.48,1145.1
P-709847,2025-01,Energy Storage,24.0,41.6,344.99,344.99
P-709847,2025-02,Energy Storage,25.0,42.0,344.99,344.99
P-709847,2025-03,Energy Storage,26.0,42.8,344.99,344.99
P-709847,2025-04,Energy Storage,27.0,44.1,344.99,344.99
P-709847,2025-05,Energy Storage,28.0,45.3,344.99,344.99
P-709847,2025-06,Energy Storage,29.0,46.3,344.99,344.99
P-709847,2025-07,Energy Storage,30.0,46.0,344.99,344.99
P-709847,2025-08,Energy Storage,31.0,47.0,344.99,344.99
P-709847,2025-09,Energy Storage,32.0,48.0,344.99,344.99
P-709847,2025-10,Energy Storage,33.0,48.0,344.99,344.99
P-709847,2025-11,Energy Storage,34.0,48.0,344.99,344.99
P-709847,2025-12,Energy Storage,35.0,50.0,344.99,344.99
P-709847,2026-01,Energy Storage,36.0,51.0,481.03,481.03
P-709848,2025-01,Energy Storage,,23.4,2329.45,2354.23
P-709848,2025-02,Energy Storage,12.0,23.4,2329.45,2354.23
P-709848,2025-03,Energy Storage,13.0,33.4,2329.45,2354.23
P-709848,2025-04,Energy Storage,14.0,37.0,2329.45,2354.23
P-709848,2025-05,Energy Storage,15.0,40.5,2329.45,2354.23
P-709848,2025-06,Energy Storage,16.0,45.9,2329.45,2354.23
P-709848,2025-07,Energy Storage,37.0,48.0,2329.45,2354.23
P-709848,2025-08,Energy Storage,38.0,53.0,2329.45,2354.23
P-709848,2025-09,Energy Storage,39.0,56.0,2329.45,2354.23
P-709848,2025-10,Energy Storage,40.0,59.0,2329.45,2354.23
P-709848,2025-11,Energy Storage,41.0,61.0,2329.45,2354.23
P-709848,2025-12,Energy Storage,42.0,66.0,2329.45,2354.23
P-709848,2026-01,Energy Storage,43.0,69.0,2329.45,2354.23
P-709849,2025-01,Energy Storage,,20.7,2379.84,2379.84
P-709849,2025-02,Energy Storage,8.0,24.4,2379.84,2379.84
P-709849,2025-03,Energy Storage,9.0,35.81,2379.84,2379.84
P-709849,2025-04,Energy Storage,10.0,47.9,2379.84,2379.84
P-709849,2025-05,Energy Storage,11.0,57.8,2379.84,2379.84
P-709849,2025-06,Energy Storage,12.0,57.8,2379.84,2379.84
P-709849,2025-07,Energy Storage,13.0,61.0,2379.84,3165.53
P-709849,2025-08,Energy Storage,14.0,62.0,2379.84,3165.53
P-709849,2025-09,Energy Storage,15.0,63.0,2379.84,3165.53
P-709849,2025-10,Energy Storage,16.0,64.0,2379.84,3165.53
P-709849,2025-11,Energy Storage,17.0,70.0,2379.84,3165.53
P-709849,2025-12,Energy Storage,18.0,77.0,2379.84,3165.53
P-709849,2026-01,Energy Storage,19.0,87.0,2379.84,3165.53
P-709850,2025-01,Energy Storage,,6.4,198.7,198.7
P-709850,2025-02,Energy Storage,,11.1,198.7,198.7
P-709850,2025-03,Energy Storage,,14.98,198.7,198.7
P-709850,2025-04,Energy Storage,19.0,20.1,198.7,198.7
P-709850,2025-05,Energy Storage,20.0,23.8,198.7,198.7
P-709850,2025-06,Energy Storage,21.0,27.3,198.7,198.7
P-709850,2025-07,Energy Storage,22.0,29.0,198.7,198.7
P-709850,2025-08,Energy Storage,23.0,30.0,198.7,198.7
P-709850,2025-09,Energy Storage,24.0,36.0,198.7,198.7
P-709850,2025-10,Energy Storage,25.0,40.0,198.7,198.7
P-709850,2025-11,Energy Storage,26.0,40.0,198.7,198.7
P-709850,2025-12,Energy Storage,27.0,45.0,198.7,198.7
P-709850,2026-01,Energy Storage,28.0,49.0,198.7,198.7
P-709851,2025-01,Energy Storage,20.0,3.6,6183.79,6183.79
P-709851,2025-02,Energy Storage,21.0,8.6,6183.79,6183.79
P-709851,2025-03,Energy Storage,22.0,10.0,6183.79,6183.79
P-709851,2025-04,Energy Storage,23.0,11.2,6183.79,6183.79
P-709851,2025-05,Energy Storage,24.0,12.6,6183.79,6183.79
P-709851,2025-06,Energy Storage,25.0,12.6,6183.79,6183.79
P-709851,2025-07,Energy Storage,26.0,17.0,6183.79,6183.79
P-709851,2025-08,Energy Storage,27.0,20.0,6183.79,6183.79
P-709851,2025-09,Energy Storage,28.0,21.0,6183.79,6183.79
P-709851,2025-10,Energy Storage,29.0,23.0,6183.79,6183.79
P-709851,2025-11,Energy Storage,30.0,24.0,6183.79,6183.79
P-709851,2025-12,Energy Storage,31.0,28.0,6183.79,6183.79
P-709851,2026-01,Energy Storage,32.0,31.0,6183.79,6183.79
P-709856,2025-08,Telecommunication,27.0,91.0,645.13,645.13
P-709856,2025-09,Telecommunication,28.0,92.0,645.13,645.13
P-709856,2025-10,Telecommunication,29.0,92.0,645.13,645.13
P-709856,2025-11,Telecommunication,30.0,92.0,645.13,645.13
P-709856,2025-12,Telecommunication,31.0,92.0,645.13,645.13
P-709856,2026-01,Telecommunication,32.0,92.0,645.13,645.13
P-709857,2025-01,Telecommunication,19.0,78.16,24556.35,24544.55
P-709857,2025-02,Telecommunication,20.0,82.92,24556.35,24544.55
P-709857,2025-03,Telecommunication,21.0,87.36,24556.35,24544.55
P-709857,2025-08,Telecommunication,26.0,96.0,24544.55,24544.5
P-709857,2025-09,Telecommunication,28.0,96.0,24544.55,24544.5
P-709857,2025-10,Telecommunication,29.0,97.0,24544.55,24544.5
P-709857,2025-11,Telecommunication,30.0,97.0,24544.55,24544.5
P-709857,2025-12,Telecommunication,31.0,97.0,24544.55,24544.5
P-709857,2026-01,Telecommunication,32.0,97.0,24544.55,24544.5
P-709859,2025-01,Telecommunication,123.0,98.0,248.2,248.2
P-709859,2025-02,Telecommunication,124.0,98.0,248.2,248.2
P-709859,2025-03,Telecommunication,125.0,98.0,248.2,248.2
P-709859,2025-04,Telecommunication,126.0,98.0,248.2,248.2
P-709859,2025-05,Telecommunication,127.0,98.0,248.2,248.2
P-709859,2025-06,Telecommunication,128.0,98.0,248.2,248.2
P-709859,2025-07,Telecommunication,87.0,98.0,248.2,248.2
P-709859,2025-08,Telecommunication,130.0,98.0,248.2,248.2
P-709859,2025-09,Telecommunication,131.0,98.0,248.2,248.2
P-709859,2025-10,Telecommunication,132.0,98.0,248.2,248.2
P-709859,2025-11,Telecommunication,133.0,98.0,248.2,248.2
P-709859,2025-12,Telecommunication,134.0,98.0,248.2,248.2
P-709859,2026-01,Telecommunication,135.0,98.0,248.2,248.2
P-709864,2025-01,Energy Storage,,42.7,370.0,370.0
P-709864,2025-02,Energy Storage,,45.2,370.0,370.0
P-709864,2025-03,Energy Storage,,55.2,370.0,370.0
P-709864,2025-04,Energy Storage,44.0,55.2,370.0,370.0
P-709864,2025-05,Energy Storage,45.0,56.1,370.0,370.0
P-709864,2025-06,Energy Storage,46.0,55.0,370.0,370.0
P-709864,2025-07,Energy Storage,47.0,57.0,370.0,370.0
P-709864,2025-08,Energy Storage,48.0,60.0,370.0,370.0
P-709864,2025-09,Energy Storage,49.0,61.0,370.0,370.0
P-709864,2025-10,Energy Storage,50.0,64.0,370.0,370.0
P-709864,2025-11,Energy Storage,51.0,66.0,370.0,370.0
P-709864,2025-12,Energy Storage,52.0,68.0,370.0,370.0
P-709864,2026-01,Energy Storage,53.0,70.0,370.0,370.0
P-709865,2025-01,Energy Storage,,87.0,293.5,293.5
P-709865,2025-02,Energy Storage,,88.0,293.5,293.5
P-709865,2025-03,Energy Storage,,89.0,293.5,293.5
P-709865,2025-08,Energy Storage,28.0,94.0,293.5,293.5
P-709865,2025-09,Energy Storage,29.0,95.0,293.5,293.5
P-709865,2025-10,Energy Storage,30.0,96.0,293.5,293.5
P-709865,2025-11,Energy Storage,31.0,97.0,293.5,293.5
P-709865,2025-12,Energy Storage,32.0,98.0,293.5,293.5
P-709865,2026-01,Energy Storage,33.0,99.0,293.5,293.5
P-900808,2025-01,Electricity Generation,22.0,80.0,3546.94,3546.94
P-900808,2025-02,Electricity Generation,23.0,84.0,3546.94,3546.94
P-900808,2025-03,Electricity Generation,24.0,87.0,3546.94,3546.94
P-900808,2025-08,Electricity Generation,33.0,95.0,3546.94,3546.94
P-900808,2025-09,Electricity Generation,34.0,96.0,3546.94,3546.94
P-900808,2025-10,Electricity Generation,35.0,97.0,3546.94,3546.94
P-900808,2025-11,Electricity Generation,36.0,98.0,3546.94,3546.94
P-900808,2025-12,Electricity Generation,37.0,98.0,3546.94,3546.94
P-900808,2026-01,Electricity Generation,38.0,99.0,3546.94,3546.94
P-900874,2025-09,Railways,30.0,0.0,588.18,588.18
P-900874,2025-10,Railways,31.0,0.0,588.18,588.18
P-900874,2025-11,Railways,32.0,0.0,588.18,588.18
P-900874,2025-12,Railways,33.0,0.0,588.18,588.18
P-900874,2026-01,Railways,34.0,0.0,588.18,588.18
